timestamp_ms,angle_rad,velocity,wheel_vel,pwm,is_valid
166057.19047619047,-0.2345095238095238,0.0810047619047619,-2417.666176190476,-255.0,0
171150.88662131518,-0.23490861678004535,0.07110907029478458,-6454.810321315193,-255.0,0
178063.7599611273,-0.2354502429543246,0.05767920310981536,-11933.791661127307,-255.0,0
185964.1866351983,-0.236069244296358,0.04233078346985053,-18195.484620912583,-255.0,0
193958.66600777014,-0.23669561470198705,0.026799644548457548,-24531.721544504824,-255.0,0
201267.9042912644,-0.23726829621570503,0.012599746106041107,-30324.852446074874,-255.0,0
207358.93619417626,-0.23774553081047,0.000766497404027405,-35152.46153071658,-255.0,0
211999.72240591864,-0.23810913812076714,-0.008249311130840176,-38830.639880919785,-255.0,0
215231.6985176678,-0.23836236464043836,-0.014528177789051529,-41392.228374811304,-255.0,0
217283.7468425879,-0.23852314338308675,-0.018514759794265086,-43018.6337677583,-255.0,0
218466.11754408947,-0.23861578256337465,-0.02081179037822147,-43955.753065599194,-255.0,0
219080.33609032407,-0.23866390681287486,-0.022005053019237775,-44442.5682852568,-255.0,0
219365.5089867901,-0.23868625021442852,-0.022559067816852487,-44668.589637240686,-255.0,0
219482.5029955967,-0.23869541673814285,-0.022786355938950828,-44761.3163457469,-255.0,0
219524.2865701705,-0.23869869049661224,-0.022867530268271666,-44794.43302735626,-255.0,0
219537.02061194537,-0.2386996882134791,-0.022892269111493255,-44804.52573032292,-255.0,0
219540.24202132292,-0.23869994061209124,-0.022898527449808238,-44807.078943871034,-255.0,0
219540.89171733183,-0.23869999151601304,-0.022899789635686892,-44807.593877695865,-255.0,0
219540.98968736493,-0.23869999919200124,-0.022899979965303515,-44807.67152644722,-255.0,0
219540.99950892213,-0.23869999996152386,-0.022899999045966835,-44807.6793107832,-255.0,0
219541.0,-0.2387,-0.0229,-44807.6797,-255.0,0
219551.0,-0.2387,0.0055,-81603.1562,-255.0,0
219561.0,-0.2387,0.0316,-67508.0,-255.0,0
219571.0,-0.2376,0.0338,-55847.4766,-255.0,0
219582.0,-0.2376,0.0415,-46201.0469,-255.0,0
219592.0,-0.2376,0.0535,-38220.8281,-255.0,0
219601.0,-0.2365,0.0447,-31619.0195,-255.0,0
219611.0,-0.2365,0.0425,-26157.5293,-255.0,0
219621.0,-0.2354,0.0295,-21639.3887,-255.0,0
219631.0,-0.2354,0.0273,-17901.6582,-255.0,0
219642.0,-0.2354,-0.0033,-14809.5391,-255.0,0
219651.0,-0.2354,0.0022,-12251.5156,-255.0,0
219662.0,-0.2354,-0.0153,-10135.335,-255.0,0
219672.0,-0.2354,-0.0371,-8384.6787,-255.0,0
219682.0,-0.2365,-0.0338,-6936.4097,-255.0,0
219693.0,-0.2365,-0.0425,-5738.2969,-255.0,0
219702.0,-0.2365,-0.048,-4747.1323,-255.0,0
219712.0,-0.2376,-0.0393,-3927.1692,-255.0,0
219722.0,-0.2376,-0.0316,-3248.8369,-255.0,0
219733.0,-0.2376,-0.0207,-2687.6716,-255.0,0
219743.0,-0.2376,-0.0207,-2223.4353,-255.0,0
219752.0,-0.2376,0.0087,-1839.3856,-255.0,0
219762.0,-0.2376,0.0218,-1521.6721,-255.0,0
219773.0,-0.2365,0.0502,-1258.8367,-255.0,0
219783.0,-0.2365,0.0807,-1041.4003,-255.0,0
219793.0,-0.2354,0.1004,-861.5212,-255.0,0
219802.0,-0.2343,0.1254,-712.7123,-255.0,0
219812.0,-0.2332,0.12,-589.6069,-255.0,0
219822.0,-0.231,0.1276,-487.7653,-255.0,0
219833.0,-0.2299,0.1287,-403.5145,-255.0,0
219843.0,-0.2289,0.0905,-333.8163,-255.0,0
219852.0,-0.2289,0.0633,-276.1568,-255.0,0
219862.0,-0.2289,0.0,-228.4568,-255.0,0
219874.0,-0.2289,-0.06,-188.9959,-255.0,0
219884.0,-0.2299,-0.108,-156.351,-255.0,0
219894.0,-0.231,-0.1494,-129.3448,-255.0,0
219903.0,-0.2332,-0.1734,-107.0033,-255.0,0
219913.0,-0.2354,-0.2094,-88.5208,-255.0,0
219924.0,-0.2376,-0.2094,-73.2308,-255.0,0
219934.0,-0.2387,-0.1963,-60.5818,-255.0,0
219944.0,-0.2409,-0.1691,-50.1176,-255.0,0
219953.0,-0.2419,-0.1385,-41.4609,-255.0,0
219963.0,-0.243,-0.0698,-34.2994,-255.0,0
219974.0,-0.243,-0.0153,-28.375,-255.0,0
219984.0,-0.2419,0.0371,-23.4738,-255.0,0
219994.0,-0.2419,0.0938,-19.4192,-255.0,0
220003.0,-0.2398,0.1364,-16.065,-255.0,0
220013.0,-0.2387,0.1582,-13.2901,-255.0,0
220024.0,-0.2365,0.1734,-10.9945,-255.0,0
220035.0,-0.2354,0.1724,-9.0955,-255.0,0
220045.0,-0.2343,0.1571,-7.5244,-255.0,0
220053.0,-0.2321,0.1364,-6.2247,-255.0,0
220063.0,-0.2321,0.0774,-5.1496,-255.0,0
220075.0,-0.231,0.0404,-4.2601,-255.0,0
220085.0,-0.231,-0.0011,-3.5242,-255.0,0
220095.0,-0.2321,-0.0633,-2.9155,-255.0,0
220103.0,-0.2332,-0.1058,-2.4119,-255.0,0
220113.0,-0.2343,-0.1364,-1.9953,-255.0,0
220125.0,-0.2354,-0.1494,-1.6507,-255.0,0
220135.0,-0.2365,-0.1244,-1.3656,-255.0,0
220145.0,-0.2376,-0.0731,-1.1297,-255.0,0
220154.0,-0.2376,-0.0327,-0.9346,-255.0,0
220164.0,-0.2376,0.0458,-0.7731,-255.0,0
220175.0,-0.2365,0.1102,-0.6396,-255.0,0
220185.0,-0.2354,0.168,-0.5291,-255.0,0
220196.0,-0.2332,0.1974,-0.4377,-255.0,0
220204.0,-0.231,0.1833,-0.3621,-255.0,0
220214.0,-0.2299,0.1473,-0.2996,-255.0,0
220226.0,-0.2289,0.1113,-0.2478,-255.0,0
220236.0,-0.2278,0.0698,-0.205,-255.0,0
220245.0,-0.2278,0.0371,-0.1696,-255.0,0
220254.0,-0.2267,0.0327,-0.1403,-255.0,0
220264.0,-0.2267,0.0458,-0.1161,-255.0,0
220275.0,-0.2256,0.0938,-0.096,-255.0,0
220286.0,-0.2245,0.1189,-0.0794,-255.0,0
220296.0,-0.2234,0.1385,-0.0657,-255.0,0
220304.0,-0.2212,0.1658,-0.0544,-255.0,0
220314.0,-0.2201,0.1854,-0.045,-255.0,0
220325.0,-0.2179,0.1931,-0.0372,-255.0,0
220336.0,-0.2158,0.2116,-0.0308,-255.0,0
220346.0,-0.2136,0.2116,-0.0255,-255.0,0
220354.0,-0.2114,0.1996,-0.0211,-255.0,0
220364.0,-0.2103,0.1669,-0.0174,-255.0,0
220375.0,-0.2081,0.1713,-0.0144,-255.0,0
220387.0,-0.207,0.1571,-0.0119,-255.0,0
220397.0,-0.2059,0.1418,-0.0099,-255.0,0
220404.0,-0.2038,0.1604,-0.0082,-255.0,0
220415.0,-0.2027,0.1734,-0.0068,-255.0,0
220426.0,-0.2005,0.1833,-0.0056,-255.0,0
220437.0,-0.1983,0.2236,-0.0046,-255.0,0
220447.0,-0.1961,0.2585,-0.0038,-255.0,0
220455.0,-0.1929,0.3022,-0.0032,-255.0,0
220465.0,-0.1896,0.3523,-0.0026,-255.0,0
220475.0,-0.1863,0.372,-0.0022,-255.0,0
220488.0,-0.182,0.3949,-0.0018,-255.0,0
220498.0,-0.1776,0.3971,-0.0015,-255.0,0
220505.0,-0.1743,0.3752,-0.0012,-255.0,1
220515.0,-0.171,0.3403,-0.001,-255.0,1
220528.0,-0.1678,0.3033,-0.0008,-255.0,1
220538.0,-0.1656,0.2858,-1.1312,-255.0,1
220548.0,-0.1623,0.3327,-2.0663,-255.0,1
220555.0,-0.159,0.3687,-2.8399,-255.0,1
220565.0,-0.1558,0.3196,-3.4799,-255.0,1
220578.0,-0.1525,0.3556,-4.0093,-255.0,1
220588.0,-0.1481,0.3829,-5.5778,-255.0,1
220598.0,-0.1449,0.3469,-6.8754,-255.0,1
220605.0,-0.1416,0.3502,-9.0793,-255.0,1
220615.0,-0.1383,0.3698,-10.9026,-255.0,1
220628.0,-0.135,0.3447,-11.2804,-255.0,1
220637.0,-0.1307,0.3774,-12.7234,-255.0,1
220647.0,-0.1274,0.4145,-15.0478,-255.0,1
220655.0,-0.123,0.4058,-16.9706,-255.0,1
220665.0,-0.1198,0.4167,-18.5613,-255.0,1
220678.0,-0.1154,0.4112,-19.8773,-255.0,1
220689.0,-0.111,0.4134,-22.0964,-255.0,1
220699.0,-0.1078,0.3447,-25.0628,-255.0,1
220706.0,-0.1045,0.3087,-26.3862,-255.0,1
220716.0,-0.1023,0.2738,-27.4811,-255.0,1
220729.0,-0.1001,0.264,-29.5174,-255.0,1
220738.0,-0.098,0.2138,-31.2019,-255.0,1
220749.0,-0.0958,0.1854,-32.5955,-255.0,1
220756.0,-0.0936,0.2062,-34.8788,-255.0,1
220766.0,-0.0925,0.1516,-36.7678,-255.0,1
220779.0,-0.0903,0.1571,-38.3305,-255.0,1
220789.0,-0.0892,0.1898,-40.7538,-255.0,1
220799.0,-0.087,0.1538,-41.628,-255.0,1
220806.0,-0.086,0.192,-42.3512,-255.0,1
220816.0,-0.0838,0.1974,-45.2105,-255.0,1
220828.0,-0.0816,0.2138,-47.5759,-255.0,1
220838.0,-0.0794,0.216,-49.5327,-255.0,1
220848.0,-0.0772,0.2149,-51.1515,-255.0,1
220856.0,-0.075,0.2083,-52.4908,-247.34,1
220866.0,-0.0729,0.1963,-54.7292,-254.6,1
220878.0,-0.0707,0.1996,-56.5809,-234.01,1
220889.0,-0.0696,0.1887,-58.1128,-235.73,1
220899.0,-0.0674,0.1582,-59.3801,-255.0,1
220906.0,-0.0663,0.1418,-61.559,-245.12,1
220916.0,-0.0652,0.0894,-63.3616,-255.0,1
220928.0,-0.0652,0.0382,-64.8528,-255.0,1
220939.0,-0.0641,0.0175,-67.2169,-255.0,1
220949.0,-0.0652,-0.0502,-69.1727,-255.0,1
220956.0,-0.0652,-0.0524,-70.7907,-255.0,1
220966.0,-0.0663,-0.0436,-72.1292,-255.0,1
220979.0,-0.0663,-0.0524,-73.2365,-255.0,1
220990.0,-0.0674,-0.0469,-75.283,-255.0,1
221000.0,-0.0674,-0.0371,-78.1065,-255.0,1
221007.0,-0.0674,-0.0578,-79.3119,-255.0,1
221017.0,-0.0685,-0.0698,-81.4395,-255.0,1
221029.0,-0.0696,-0.0818,-84.3302,-255.0,1
221039.0,-0.0696,-0.0873,-85.591,-255.0,1
221049.0,-0.0707,-0.0971,-86.6341,-255.0,1
221057.0,-0.0718,-0.0949,-87.497,-255.0,1
221067.0,-0.0718,-0.0884,-89.3413,-255.0,1
221078.0,-0.0729,-0.12,-91.9976,-255.0,1
221090.0,-0.074,-0.1178,-93.0646,-255.0,1
221100.0,-0.0761,-0.1745,-93.9473,-255.0,1
221107.0,-0.0772,-0.1571,-95.808,-255.0,1
221117.0,-0.0794,-0.1745,-98.4778,-255.0,1
221130.0,-0.0805,-0.1724,-100.6865,-255.0,1
221140.0,-0.0827,-0.1647,-101.3831,-255.0,1
221150.0,-0.0838,-0.1898,-103.09,-255.0,1
221157.0,-0.086,-0.1887,-105.6325,-255.0,1
221167.0,-0.087,-0.1505,-106.6053,-255.0,1
221180.0,-0.0892,-0.1549,-107.4101,-255.0,1
221190.0,-0.0903,-0.1385,-110.3369,-255.0,1
221200.0,-0.0914,-0.1658,-112.7582,-255.0,1
221207.0,-0.0936,-0.1974,-113.6307,-255.0,1
221217.0,-0.0958,-0.2062,-115.4831,-255.0,1
221230.0,-0.0969,-0.1734,-117.0154,-255.0,1
221240.0,-0.099,-0.1833,-118.2831,-255.0,1
221251.0,-0.1001,-0.1625,-121.5929,-255.0,1
221257.0,-0.1023,-0.1898,-124.3309,-255.0,1
221267.0,-0.1045,-0.1713,-125.4655,-255.0,1
221281.0,-0.1045,-0.0753,-126.4042,-255.0,1
221291.0,-0.1056,-0.0371,-128.3112,-255.0,1
221301.0,-0.1056,-0.012,-131.0193,-255.0,1
221307.0,-0.1056,-0.0185,-132.1292,-255.0,1
221318.0,-0.1056,-0.0076,-133.0473,-255.0,1
221331.0,-0.1045,0.1233,-136.0678,-255.0,1
221341.0,-0.1034,0.1233,-138.5667,-255.0,1
221351.0,-0.1023,0.0916,-140.6339,-255.0,1
221358.0,-0.1012,0.0927,-142.344,-255.0,1
221368.0,-0.1001,0.1702,-143.7587,-255.0,1
221381.0,-0.0969,0.252,-146.0596,-255.0,1
221391.0,-0.0947,0.2182,-147.9631,-255.0,1
221401.0,-0.0936,0.2051,-149.5378,-255.0,1
221408.0,-0.0903,0.2563,-150.8405,-255.0,1
221418.0,-0.087,0.324,-153.0487,-255.0,1
221431.0,-0.0838,0.3556,-154.8754,-212.77,1
221441.0,-0.0816,0.2967,-156.3867,-255.0,1
221451.0,-0.075,0.3,-158.7674,-204.59,1
221458.0,-0.0718,0.36,-160.7368,-165.44,1
221468.0,-0.0674,0.4134,-161.2357,-120.27,1
221481.0,-0.0641,0.3414,-161.6483,-144.34,1
221491.0,-0.0609,0.3578,-164.2507,-126.32,1
221501.0,-0.0576,0.36,-166.4035,-124.31,1
221508.0,-0.0543,0.312,-167.054,-120.49,1
221518.0,-0.0511,0.3022,-167.5922,-113.24,1
221531.0,-0.0489,0.2662,-168.0374,-130.59,1
221541.0,-0.0467,0.1963,-168.4057,-152.2,1
221551.0,-0.0456,0.1571,-168.7104,-164.59,1
221558.0,-0.0445,0.0894,-168.9624,-194.68,1
221568.0,-0.0445,0.0447,-170.3014,-240.7,1
221581.0,-0.0434,0.0338,-171.4091,-216.19,1
221591.0,-0.0434,0.0,-171.1951,-234.0,1
221602.0,-0.0445,-0.0851,-172.1484,-255.0,1
221608.0,-0.0445,-0.0305,-172.9371,-255.0,1
221618.0,-0.0445,0.0109,-173.5896,-234.99,1
221631.0,-0.0456,-0.0644,-174.1294,-255.0,1
221642.0,-0.0456,-0.036,-174.5759,-255.0,1
221652.0,-0.0456,0.0469,-176.0758,-216.85,1
221659.0,-0.0456,0.0284,-177.3167,-237.03,1
221669.0,-0.0456,-0.0044,-179.4737,-246.12,1
221682.0,-0.0445,0.0731,-181.2581,-201.97,1
221692.0,-0.0434,0.1036,-181.6038,-183.33,1
221702.0,-0.0423,0.0556,-183.0203,-203.89,1
221709.0,-0.0423,0.0851,-184.1922,-224.46,1
221719.0,-0.0412,0.0949,-185.1616,-201.76,1
221732.0,-0.0401,0.0535,-185.9635,-191.05,1
221742.0,-0.0401,0.0578,-186.627,-238.84,1
221752.0,-0.0391,0.0687,-188.3063,-176.0,1
221759.0,-0.038,0.0949,-189.6956,-161.1,1
221769.0,-0.038,0.0709,-190.8449,-210.75,1
221782.0,-0.0369,0.0371,-191.7958,-184.59,1
221792.0,-0.0369,0.0818,-191.4518,-164.37,1
221802.0,-0.0358,0.1331,-192.2978,-159.25,1
221809.0,-0.0347,0.0644,-194.1281,-164.76,1
221819.0,-0.0347,0.0196,-194.5118,-188.9,1
221832.0,-0.0336,0.0971,-194.8293,-147.24,1
221842.0,-0.0325,0.1276,-195.0919,-128.75,1
221852.0,-0.0325,0.0131,-195.3091,-186.93,1
221859.0,-0.0314,0.0327,-195.4888,-173.49,1
221869.0,-0.0303,0.1549,-196.768,-138.09,1
221882.0,-0.0292,0.0687,-196.6957,-144.03,1
221892.0,-0.0292,0.0131,-196.6359,-172.99,1
221902.0,-0.0281,0.1429,-197.7169,-145.62,1
221909.0,-0.0271,0.1516,-197.4808,-96.55,1
221919.0,-0.026,0.0262,-197.2854,-150.63,1
221932.0,-0.0249,0.1494,-198.2542,-118.7,1
221942.0,-0.0238,0.1724,-199.0557,-70.52,1
221953.0,-0.0227,0.0349,-198.5883,-133.08,1
221960.0,-0.0216,0.1244,-199.3321,-113.9,1
221970.0,-0.0216,0.0622,-199.9474,-116.35,1
221982.0,-0.0205,0.0622,-199.326,-111.27,1
221992.0,-0.0194,0.1342,-199.9424,-112.23,1
222003.0,-0.0172,0.2509,-200.4523,119.19,1
222010.0,-0.0161,0.1113,-199.7436,-68.9,1
222020.0,-0.0129,0.2607,-200.2879,173.35,1
222033.0,-0.0107,0.2607,-200.7381,150.75,1
222043.0,-0.0096,0.0851,-201.1106,-65.39,1
222053.0,-0.0096,0.0196,-201.4187,-97.8,1
222060.0,-0.0085,0.1494,-200.5431,90.25,1
222070.0,-0.0107,-0.2105,-199.8188,-229.11,1
222083.0,-0.0118,-0.2105,-199.2195,-218.98,1
222093.0,-0.0129,-0.0556,-199.8543,-221.58,1
222103.0,-0.0161,-0.2869,-200.3794,-255.0,1
222110.0,-0.0161,-0.0491,-199.6834,-148.22,1
222120.0,-0.0151,0.0949,-200.238,-142.75,1
222133.0,-0.0161,-0.144,-200.6969,-189.66,1
222143.0,-0.0172,-0.0644,-199.946,-157.05,1
222153.0,-0.0172,0.0207,-200.4553,-157.77,1
222160.0,-0.0183,-0.1124,-200.8766,-184.32,1
222170.0,-0.0183,-0.0524,-201.2251,-156.96,1
222183.0,-0.0183,0.036,-202.644,-162.16,1
222193.0,-0.0194,-0.1494,-202.6873,-207.5,1
222203.0,-0.0205,-0.096,-202.7231,-187.73,1
222210.0,-0.0205,0.0218,-203.8832,-140.47,1
222220.0,-0.0216,-0.144,-203.7124,-218.69,1
222233.0,-0.0238,-0.1702,-202.4407,-241.93,1
222243.0,-0.0227,0.0425,-203.6496,-156.71,1
222253.0,-0.0238,-0.1069,-204.6496,-255.0,1
222261.0,-0.0249,-0.1069,-204.3465,-206.34,1
222271.0,-0.0238,0.1745,-206.3567,-120.0,1
222283.0,-0.0227,0.0633,-206.8892,-185.17,1
222293.0,-0.0227,-0.0262,-206.1992,-148.93,1
222304.0,-0.0205,0.2902,-207.8894,133.38,1
222311.0,-0.0183,0.228,-209.2876,107.46,1
222321.0,-0.0172,0.0938,-209.3139,-78.97,1
222333.0,-0.014,0.3611,-209.3356,186.05,1
222344.0,-0.0107,0.2563,-209.3535,144.86,1
222354.0,-0.0107,0.0338,-209.3684,-88.66,1
222361.0,-0.0074,0.3371,-209.3806,255.0,1
222371.0,-0.0052,0.252,-209.3908,148.24,1
222384.0,-0.0063,-0.0829,-209.3992,-142.57,1
222394.0,-0.0041,0.2138,-209.4062,189.01,1
222404.0,-0.002,0.1582,-208.2814,111.52,1
222411.0,-0.0041,-0.1538,-207.351,-171.22,1
222421.0,-0.002,0.1822,-207.7117,129.64,1
222434.0,-0.0009,0.1287,-206.8797,106.25,1
222444.0,-0.002,-0.1713,-205.0608,-166.7,1
222454.0,-0.0009,0.1658,-204.6866,126.69,1
222461.0,0.0013,0.2051,-205.5076,155.95,1
222471.0,0.0002,-0.132,-205.0562,-135.95,1
222484.0,0.0013,0.1407,-204.6828,124.79,1
222494.0,0.0035,0.2291,-204.3739,178.05,1
222504.0,0.0024,-0.1167,-202.9879,-118.1,1
222511.0,0.0035,0.1167,-202.9718,196.65,1
222521.0,0.0057,0.204,-202.9584,164.95,1
222534.0,0.0035,-0.1756,-201.8169,-150.31,1
222544.0,0.0035,0.0218,-200.8725,142.05,1
222554.0,0.0057,0.1931,-201.2218,154.76,1
222562.0,0.0035,-0.2083,-200.3802,-170.09,1
222572.0,0.0035,0.0196,-198.5535,129.4,1
222584.0,0.0068,0.2334,-199.3033,177.87,1
222594.0,0.0057,-0.0774,-198.7931,-136.46,1
222604.0,0.0057,0.0087,-197.2406,162.19,1
222612.0,0.0079,0.2858,-197.0867,208.41,1
222622.0,0.0089,0.0884,-196.9593,117.28,1
222634.0,0.01,0.0753,-195.7235,199.21,1
222644.0,0.0133,0.4058,-194.7011,255.0,1
222655.0,0.0155,0.1833,-194.9859,188.27,1
222662.0,0.0166,0.096,-194.0909,216.89,1
222672.0,0.0209,0.4265,-192.22,255.0,1
222684.0,0.022,0.2651,-191.8028,255.0,1
222695.0,0.0231,0.1004,-190.3272,204.6,1
222705.0,0.0275,0.4156,-187.9759,255.0,1
222712.0,0.0308,0.3403,-187.1613,255.0,1
222722.0,0.0319,0.1113,-185.3568,246.08,1
222735.0,0.0384,0.3011,-182.7336,255.0,1
222745.0,0.0395,0.4058,-180.5634,255.0,1
222755.0,0.0417,0.156,-178.7681,255.0,1
222762.0,0.0417,0.1974,-177.2829,255.0,1
222772.0,0.0449,0.2934,-174.9237,255.0,1
222785.0,0.0471,0.1767,-172.972,255.0,1
222795.0,0.0482,0.1004,-172.488,255.0,1
222805.0,0.0504,0.1385,-169.8265,255.0,1
222812.0,0.0504,0.12,-166.4943,255.0,1
222822.0,0.0504,0.0916,-164.8681,255.0,1
222835.0,0.0526,0.048,-163.5228,255.0,1
222845.0,0.0526,0.0873,-161.2794,255.0,1
222855.0,0.0537,0.0884,-158.293,255.0,1
222863.0,0.0537,0.0349,-156.9529,255.0,1
222873.0,0.0537,0.06,-155.8443,255.0,1
222885.0,0.0548,0.0524,-153.7966,255.0,1
222895.0,0.0537,0.0065,-150.9722,252.19,1
222905.0,0.0537,-0.0273,-147.5051,247.65,1
222913.0,0.0537,-0.0327,-145.7674,233.64,1
222923.0,0.0526,-0.0491,-144.3298,234.34,1
222935.0,0.0504,-0.1058,-142.0101,239.91,1
222945.0,0.0493,-0.1178,-138.9605,169.04,1
222955.0,0.0471,-0.1702,-136.4377,172.15,1
222963.0,0.0471,-0.1614,-135.4811,138.2,1
222973.0,0.0449,-0.2018,-134.6898,111.87,1
222985.0,0.0428,-0.1505,-132.9046,175.77,1
222995.0,0.0406,-0.1658,-130.2973,109.82,1
223006.0,0.0395,-0.1407,-128.1403,124.56,1
223013.0,0.0395,-0.1571,-126.356,120.85,1
223023.0,0.0384,-0.1287,-126.0103,124.08,1
223035.0,0.0362,-0.12,-125.7243,151.66,1
223046.0,0.0351,-0.1156,-124.3572,141.36,1
223056.0,0.034,-0.0905,-122.0958,122.68,1
223063.0,0.034,-0.1254,-121.3555,107.31,1
223073.0,0.0329,-0.1145,-121.8735,122.73,1
223086.0,0.0308,-0.0818,-121.1716,128.95,1
223096.0,0.0297,-0.1134,-119.4604,103.28,1
223106.0,0.0286,-0.084,-118.0448,107.86,1
223113.0,0.0286,-0.0916,-118.0042,105.37,1
223124.0,0.0286,-0.0633,-117.9706,125.86,1
223136.0,0.0275,-0.0676,-117.9428,133.08,1
223146.0,0.0275,-0.0447,-116.7893,132.28,1
223156.0,0.0264,-0.0153,-114.7046,134.12,1
223164.0,0.0264,-0.0218,-114.1104,136.15,1
223174.0,0.0264,-0.0065,-114.7494,145.26,1
223186.0,0.0275,-0.0033,-114.1475,160.79,1
223196.0,0.0275,0.012,-113.6496,158.87,1
223206.0,0.0275,0.0142,-113.2376,162.24,1
223216.0,0.0275,0.0131,-111.7663,153.08,1
223226.0,0.0275,0.0055,-111.6797,152.38,1
223236.0,0.0275,-0.0055,-111.608,145.38,1
223246.0,0.0275,0.0076,-110.4182,159.87,1
223256.0,0.0275,-0.0087,-109.4339,153.3,1
223266.0,0.0275,-0.0033,-108.6197,161.65,1
223276.0,0.0275,-0.0153,-107.946,149.04,1
223286.0,0.0264,-0.0185,-107.3888,136.36,1
223296.0,0.0264,-0.0164,-106.9277,137.97,1
223306.0,0.0264,-0.012,-106.5464,136.38,1
223314.0,0.0264,-0.0229,-105.1004,149.53,1
223324.0,0.0264,-0.0251,-103.9041,128.89,1
223336.0,0.0264,0.0131,-102.9145,158.39,1
223346.0,0.0264,-0.036,-102.0958,123.95,1
223357.0,0.0264,-0.024,-102.549,135.12,1
223364.0,0.0264,-0.0196,-101.7935,146.85,1
223374.0,0.0253,-0.0415,-101.1684,125.19,1
223386.0,0.0253,-0.0436,-100.6513,124.92,1
223396.0,0.0253,-0.012,-99.0931,133.0,1
223407.0,0.0253,-0.0273,-97.804,124.96,1
223414.0,0.0253,-0.0273,-97.868,124.66,1
223425.0,0.0253,0.0011,-97.921,139.59,1
223437.0,0.0242,-0.024,-97.9648,126.41,1
223447.0,0.0242,-0.0469,-98.0011,120.25,1
223457.0,0.0242,0.0011,-96.9006,145.6,1
223466.0,0.0242,-0.0349,-95.9902,119.4,1
223477.0,0.0242,-0.0196,-95.237,128.36,1
223487.0,0.0231,-0.0207,-94.614,122.49,1
223497.0,0.0231,-0.0185,-94.0985,120.64,1
223507.0,0.0231,-0.024,-93.6721,131.07,1
223515.0,0.0231,-0.0076,-93.3193,133.85,1
223525.0,0.0231,-0.0185,-93.0275,121.71,1
223537.0,0.0231,-0.0295,-91.6556,121.91,1
223547.0,0.0231,0.0011,-90.5206,129.49,1
223557.0,0.0231,-0.0251,-90.7122,124.51,1
223565.0,0.0231,0.0,-89.7402,131.38,1
223575.0,0.022,-0.0295,-88.9361,116.82,1
223587.0,0.022,-0.0425,-89.4014,109.03,1
223597.0,0.022,-0.0316,-88.6558,111.24,1
223607.0,0.022,-0.0087,-88.039,124.08,1
223617.0,0.022,-0.0175,-87.5287,120.9,1
223627.0,0.022,-0.0087,-87.1066,131.51,1
223637.0,0.022,0.0044,-86.7574,128.81,1
223647.0,0.0209,-0.0185,-86.4685,124.94,1
223657.0,0.0209,-0.0142,-86.2295,118.59,1
223665.0,0.0209,-0.0087,-84.9013,114.97,1
223675.0,0.0209,-0.0229,-84.933,108.75,1
223687.0,0.0209,0.0033,-84.9592,122.54,1
223697.0,0.022,-0.0109,-83.8504,123.43,1
223708.0,0.022,-0.0033,-82.9331,127.21,1
223716.0,0.022,-0.0109,-83.3048,132.87,1
223726.0,0.0209,-0.0284,-83.6122,111.24,1
223738.0,0.0209,-0.0164,-82.7361,116.11,1
223748.0,0.0209,-0.0284,-82.0113,106.0,1
223758.0,0.0209,-0.0109,-81.4116,115.35,1
223768.0,0.0209,-0.0175,-80.9156,115.72,1
223778.0,0.0209,-0.0087,-80.5052,125.29,1
223788.0,0.0209,0.0022,-80.1658,124.8,1
223798.0,0.0209,-0.0142,-78.7544,122.94,1
223808.0,0.0209,0.0044,-77.5868,124.08,1
223817.0,0.0209,-0.0131,-77.7514,118.91,1
223828.0,0.0209,-0.0218,-77.8876,109.23,1
223838.0,0.0209,-0.0098,-78.0003,121.1,1
223848.0,0.0209,-0.0164,-76.963,119.65,1
223858.0,0.0209,-0.0153,-76.1048,115.5,1
223867.0,0.0209,0.0011,-76.5254,126.02,1
223878.0,0.0209,-0.0196,-75.7429,118.63,1
223888.0,0.0209,-0.0109,-75.0955,114.07,1
223898.0,0.0209,-0.0164,-75.6904,116.29,1
223908.0,0.0209,-0.0142,-75.0521,116.3,1
223918.0,0.0209,-0.0218,-73.3935,116.7,1
223928.0,0.0209,0.0,-73.1519,119.83,1
223938.0,0.0209,-0.0087,-72.9521,123.41,1
223948.0,0.0209,-0.0251,-71.6562,112.57,1
223958.0,0.0209,-0.0065,-71.7147,124.89,1
223966.0,0.0209,-0.0207,-71.7631,114.17,1
223976.0,0.0209,-0.0273,-70.6726,105.6,1
223988.0,0.0209,-0.0273,-70.901,110.53,1
223998.0,0.0209,-0.0273,-71.0899,108.47,1
224008.0,0.0209,-0.0338,-70.1157,110.65,1
224017.0,0.0209,-0.0065,-69.3098,116.44,1
224027.0,0.0209,-0.0273,-68.6431,116.06,1
224038.0,0.0199,-0.0175,-68.0915,106.38,1
224048.0,0.0199,-0.0098,-67.6352,112.9,1
224059.0,0.0199,-0.036,-67.2577,104.21,1
224067.0,0.0199,-0.0251,-66.9455,107.18,1
224077.0,0.0199,-0.0273,-66.6871,107.1,1
224088.0,0.0188,-0.0382,-66.4734,96.08,1
224099.0,0.0188,-0.0491,-66.2966,93.77,1
224109.0,0.0188,-0.0305,-66.1504,98.44,1
224117.0,0.0188,-0.0404,-66.0294,99.0,1
224127.0,0.0188,-0.0273,-64.7988,96.58,1
224139.0,0.0177,-0.0229,-63.7807,98.18,1
224149.0,0.0177,-0.0273,-64.069,100.36,1
224159.0,0.0177,0.0033,-64.3075,108.93,1
224167.0,0.0177,-0.0327,-64.5048,93.53,1
224177.0,0.0177,-0.0447,-63.5376,87.58,1
224189.0,0.0166,-0.036,-62.7374,84.47,1
224199.0,0.0166,-0.0327,-63.2059,86.64,1
224209.0,0.0155,-0.0382,-62.463,84.08,1
224219.0,0.0155,-0.0404,-61.8484,81.66,1
224229.0,0.0155,-0.0153,-61.34,96.21,1
224239.0,0.0155,-0.0316,-60.9194,85.58,1
224249.0,0.0155,-0.0273,-60.5714,84.63,1
224259.0,0.0144,-0.0251,-60.2835,82.82,1
224268.0,0.0144,-0.0469,-60.0454,71.06,1
224278.0,0.0144,-0.0469,-59.8484,76.59,1
224289.0,0.0133,-0.0371,-60.8159,74.66,1
224299.0,0.0133,-0.0556,-60.4858,68.43,1
224309.0,0.0133,-0.0447,-59.0823,68.07,1
224318.0,0.0133,-0.0382,-57.9211,70.53,1
224328.0,0.0122,-0.0393,-58.091,71.26,1
224339.0,0.0122,-0.036,-58.2316,73.57,1
224349.0,0.0111,-0.0316,-58.3479,67.81,1
224360.0,0.0111,-0.0567,-58.4441,55.33,1
224368.0,0.0111,-0.0447,-57.3932,61.31,1
224378.0,0.0111,-0.0502,-57.6543,56.55,1
224390.0,0.01,-0.0633,-57.8703,44.92,1
224399.0,0.0089,-0.0578,-56.9185,-48.73,1
224410.0,0.0089,-0.0535,-57.2616,46.12,1
224418.0,0.0089,-0.0567,-57.5454,-47.66,1
224428.0,0.0079,-0.048,-56.6497,-47.41,1
224440.0,0.0079,-0.0545,-55.9088,-50.48,1
224450.0,0.0068,-0.0513,-55.2958,-53.05,1
224460.0,0.0068,-0.0458,-54.7887,-50.19,1
224468.0,0.0068,-0.048,-55.4996,-51.24,1
224478.0,0.0068,-0.0349,-56.0878,47.57,1
224490.0,0.0057,-0.0545,-56.5744,-58.82,1
224500.0,0.0046,-0.0513,-56.9769,-61.52,1
224510.0,0.0046,-0.0491,-56.1794,-60.36,1
224519.0,0.0046,-0.0513,-55.5197,-61.38,1
224529.0,0.0035,-0.0447,-56.1044,-62.48,1
224540.0,0.0035,-0.0535,-56.5881,-66.86,1
224550.0,0.0024,-0.0262,-55.8578,-57.53,1
224560.0,0.0024,-0.0415,-55.2536,-65.12,1
224569.0,0.0024,-0.0415,-54.7538,-65.08,1
224579.0,0.0024,-0.0251,-55.4708,-56.93,1
224590.0,0.0013,-0.0349,-56.0639,-66.23,1
224600.0,0.0013,-0.0436,-56.5547,-70.62,1
224610.0,0.0013,-0.0447,-56.9606,-71.18,1
224619.0,0.0013,-0.0447,-56.1659,-71.13,1
224629.0,0.0002,-0.0524,-56.639,-79.34,1
224640.0,0.0002,-0.036,-57.0304,-72.22,1
224650.0,-0.0009,-0.0393,-56.2237,-76.99,1
224661.0,-0.0009,-0.0371,-55.5563,-75.89,1
224669.0,-0.0009,-0.0371,-56.1347,-75.94,1
224679.0,-0.0009,-0.0229,-56.6132,-68.89,1
224690.0,-0.002,-0.0327,-55.8785,-78.14,1
224700.0,-0.002,-0.0425,-56.4012,-83.08,1
224711.0,-0.002,-0.0491,-56.8337,-86.39,1
224719.0,-0.0031,-0.0491,-57.1914,-90.78,1
224729.0,-0.0031,-0.0415,-57.4874,-86.98,1
224741.0,-0.0031,-0.0545,-56.6017,-93.48,1
224751.0,-0.0041,-0.0458,-56.9995,-93.5,1
224761.0,-0.0041,-0.0371,-57.3286,-89.16,1
224770.0,-0.0041,-0.0371,-56.4704,-89.12,1
224780.0,-0.0041,-0.0371,-56.8909,-91.24,1
224791.0,-0.0052,-0.0393,-57.2388,-94.34,1
224801.0,-0.0052,-0.0458,-57.5266,-97.68,1
224811.0,-0.0063,-0.0338,-57.7646,-96.1,1
224820.0,-0.0063,-0.0338,-57.9616,-97.2,1
224830.0,-0.0063,-0.0567,-59.255,-107.56,1
224841.0,-0.0074,-0.0644,-59.1945,-115.79,1
224851.0,-0.0085,-0.0644,-58.014,-120.13,1
224861.0,-0.0085,-0.0524,-58.1679,-114.17,1
224870.0,-0.0096,-0.0524,-58.2952,-118.57,1
224880.0,-0.0096,-0.0654,-58.4005,-125.14,1
224891.0,-0.0107,-0.0589,-58.4876,-129.4,1
224901.0,-0.0107,-0.0611,-58.5597,-130.09,1
224911.0,-0.0118,-0.0731,-59.7498,-137.05,1
224920.0,-0.0118,-0.0731,-60.7344,-137.27,1
224930.0,-0.0129,-0.0665,-61.5489,-138.54,1
224941.0,-0.014,-0.0884,-61.0922,-153.89,1
224951.0,-0.0151,-0.0807,-60.7144,-154.5,1
224961.0,-0.0151,-0.0894,-61.5323,-158.98,1
224970.0,-0.0161,-0.0894,-61.0785,-165.47,1
224980.0,-0.0172,-0.0818,-60.703,-163.66,1
224991.0,-0.0183,-0.0753,-61.5229,-164.9,1
225001.0,-0.0183,-0.084,-62.2012,-169.37,1
225012.0,-0.0194,-0.0851,-62.7624,-174.38,1
225021.0,-0.0205,-0.0851,-63.2266,-178.82,1
225031.0,-0.0216,-0.0993,-63.6106,-190.33,1
225041.0,-0.0227,-0.0993,-63.9283,-198.94,1
225052.0,-0.0238,-0.1145,-64.1911,-206.24,1
225062.0,-0.0238,-0.1036,-64.4085,-203.03,1
225071.0,-0.0249,-0.1036,-64.5884,-205.14,1
225081.0,-0.026,-0.0709,-65.8677,-193.36,1
225092.0,-0.026,-0.0644,-66.926,-192.36,1
225102.0,-0.0271,-0.0611,-67.8015,-200.2,1
225112.0,-0.0281,-0.072,-69.6563,-201.95,1
225121.0,-0.0281,-0.072,-70.0603,-202.28,1
225131.0,-0.0281,-0.0611,-70.3944,-203.38,1
225142.0,-0.0292,-0.0284,-71.8014,-184.54,1
225152.0,-0.0292,-0.0164,-72.9653,-193.6,1
225162.0,-0.0292,-0.0196,-73.9282,-178.95,1
225172.0,-0.0292,0.0033,-74.7247,-178.62,1
225182.0,-0.0292,-0.0131,-75.3837,-175.46,1
225192.0,-0.0292,-0.0098,-75.9289,-179.76,1
225202.0,-0.0292,0.0033,-77.5103,-174.2,1
225212.0,-0.0303,-0.0469,-78.8187,-197.18,1
225221.0,-0.0303,-0.0469,-78.7705,-204.09,1
225232.0,-0.0303,-0.0185,-78.7307,-183.29,1
225242.0,-0.0303,-0.0513,-79.8282,-203.43,1
225252.0,-0.0314,-0.024,-80.7362,-191.12,1
225262.0,-0.0314,0.0011,-81.4873,-179.07,1
225272.0,-0.0314,0.0011,-83.2392,-185.83,1
225282.0,-0.0314,-0.0316,-83.558,-195.38,1
225292.0,-0.0314,-0.012,-83.8217,-193.32,1
225302.0,-0.0325,-0.0622,-85.1704,-214.88,1
225313.0,-0.0325,-0.0382,-85.1556,-209.62,1
225323.0,-0.0325,-0.0011,-85.1434,-187.46,1
225332.0,-0.0336,-0.0415,-87.3943,-213.25,1
225343.0,-0.0336,-0.0371,-89.2563,-206.89,1
225352.0,-0.0336,0.0,-89.6663,-188.85,1
225363.0,-0.0347,-0.0611,-90.0055,-224.17,1
225372.0,-0.0347,-0.0611,-91.4165,-224.57,1
225382.0,-0.0336,0.0491,-92.5839,-165.45,1
225393.0,-0.0347,-0.0502,-93.5496,-219.71,1
225403.0,-0.0347,-0.0109,-94.3485,-200.29,1
225413.0,-0.0347,0.0458,-95.0094,-192.01,1
225422.0,-0.0347,0.0458,-96.6866,-171.78,1
225433.0,-0.0347,-0.0284,-98.0742,-207.21,1
225443.0,-0.0347,0.0251,-98.0916,-181.04,1
225453.0,-0.0347,-0.0229,-99.2364,-226.51,1
225463.0,-0.0347,-0.0229,-101.3141,-203.28,1
225472.0,-0.0347,-0.0207,-101.9023,-215.64,1
225483.0,-0.0358,-0.0207,-102.389,-206.48,1
225493.0,-0.0358,-0.0349,-102.7915,-214.48,1
225503.0,-0.0358,0.0022,-103.1246,-196.66,1
225513.0,-0.0358,-0.0305,-104.5306,-222.07,1
225523.0,-0.0358,-0.0305,-106.8243,-227.87,1
225533.0,-0.0358,-0.012,-107.5913,-202.62,1
225543.0,-0.0369,-0.024,-108.2258,-214.94,1
225553.0,-0.0369,-0.0098,-108.7507,-207.4,1
225563.0,-0.0369,-0.0065,-109.185,-206.38,1
225573.0,-0.0369,-0.0229,-110.6747,-235.05,1
225583.0,-0.0369,-0.0229,-113.0376,-213.05,1
225593.0,-0.0369,-0.0044,-114.9924,-207.9,1
225603.0,-0.0369,0.0164,-115.479,-203.07,1
225614.0,-0.0358,0.0393,-115.8816,-178.41,1
225623.0,-0.0358,0.0022,-117.3452,-236.55,1
225634.0,-0.0369,-0.0131,-118.5559,-206.36,1
225644.0,-0.0358,0.0229,-119.5575,-184.38,1
225654.0,-0.0358,0.0142,-120.3861,-197.37,1
225664.0,-0.0358,0.0513,-121.0716,-171.56,1
225674.0,-0.0358,-0.0153,-122.7692,-210.14,1
225684.0,-0.0358,-0.0415,-124.1736,-221.48,1
225694.0,-0.0358,0.0327,-124.2049,-182.77,1
225704.0,-0.0358,0.024,-124.2307,-187.79,1
225714.0,-0.0358,0.0087,-125.3827,-196.04,1
225723.0,-0.0358,0.0087,-126.3356,-196.54,1
225734.0,-0.0369,-0.0753,-128.2545,-250.73,1
225744.0,-0.0369,0.0109,-129.8419,-199.73,1
225754.0,-0.0369,0.0218,-130.0246,-194.71,1
225764.0,-0.0369,-0.0425,-130.1758,-239.81,1
225774.0,-0.038,-0.0851,-130.3008,-255.0,1
225784.0,-0.0391,-0.0807,-131.5347,-252.52,1
225794.0,-0.0391,0.0065,-133.6861,-207.92,1
225804.0,-0.038,0.0698,-134.3353,-173.02,1
225814.0,-0.038,0.0284,-134.8724,-194.62,1
225824.0,-0.0391,-0.1309,-136.4472,-255.0,1
225834.0,-0.0391,-0.0665,-137.75,-255.0,1
225844.0,-0.0391,0.0556,-138.8277,-179.32,1
225854.0,-0.038,0.0633,-139.7193,-173.17,1
225864.0,-0.038,0.0458,-141.5874,-192.01,1
225874.0,-0.0391,-0.1069,-143.1329,-255.0,1
225884.0,-0.0401,-0.0654,-143.2809,-248.81,1
225894.0,-0.0391,0.0305,-143.4033,-197.59,1
225904.0,-0.0391,0.0785,-144.6351,-191.36,1
225915.0,-0.038,0.0229,-146.7846,-196.74,1
225924.0,-0.0391,-0.0905,-148.5629,-255.0,1
225934.0,-0.0401,-0.0567,-148.9034,-247.32,1
225945.0,-0.0391,0.0284,-150.3157,-203.3,1
225955.0,-0.0391,0.0185,-152.6145,-219.15,1
225965.0,-0.0391,-0.024,-152.2553,-226.63,1
225975.0,-0.0401,-0.024,-151.9581,-231.69,1
225985.0,-0.0401,-0.0153,-153.9732,-228.1,1
225995.0,-0.0391,0.048,-155.6403,-216.81,1
226005.0,-0.0412,-0.0087,-157.0194,-227.11,1
226015.0,-0.0412,-0.0065,-158.1603,-227.07,1
226025.0,-0.0412,0.0469,-159.1041,-201.2,1
226035.0,-0.0412,0.0262,-161.0155,-231.2,1
226045.0,-0.0412,-0.0153,-161.4661,-231.1,1
226055.0,-0.0412,0.0196,-161.839,-214.58,1
226065.0,-0.0401,0.0415,-164.4084,-200.28,1
226075.0,-0.0423,0.0273,-165.4035,-216.78,1
226085.0,-0.0445,-0.0207,-165.0963,-249.94,1
226095.0,-0.0445,0.0065,-167.1031,-236.88,1
226105.0,-0.0434,0.0458,-168.7632,-238.49,1
226115.0,-0.0434,0.0196,-169.0062,-223.36,1
226125.0,-0.0434,0.0131,-170.3376,-227.64,1
226135.0,-0.0434,0.0218,-172.5696,-224.2,1
226145.0,-0.0423,0.0535,-173.2856,-230.84,1
226155.0,-0.0423,0.024,-173.8779,-216.41,1
226165.0,-0.0423,0.0436,-175.4984,-207.82,1
226175.0,-0.0412,0.072,-176.8389,-190.27,1
226185.0,-0.0401,0.0567,-177.948,-194.34,1
226195.0,-0.0401,0.0316,-178.8654,-216.96,1
226205.0,-0.0401,0.0404,-179.6244,-243.28,1
226216.0,-0.0391,0.0513,-180.2523,-192.04,1
226226.0,-0.0391,0.0425,-180.7718,-197.48,1
226236.0,-0.0391,0.0415,-182.332,-194.82,1
226246.0,-0.038,0.0382,-184.7532,-197.76,1
226256.0,-0.038,-0.0055,-185.6257,-215.9,1
226266.0,-0.038,0.0273,-185.217,-200.39,1
226276.0,-0.038,0.0153,-186.0094,-255.0,1
226286.0,-0.038,0.0033,-186.6649,-206.3,1
226296.0,-0.038,0.0022,-187.2072,-219.35,1
226306.0,-0.038,-0.0055,-188.7864,-255.0,1
226316.0,-0.038,-0.0011,-190.0928,-206.01,1
226326.0,-0.038,0.0055,-190.043,-219.94,1
226336.0,-0.038,0.0338,-191.1323,-222.73,1
226346.0,-0.0369,0.0251,-193.164,-189.38,1
226356.0,-0.0369,-0.0196,-193.7142,-214.27,1
226366.0,-0.0369,0.0545,-194.1694,-205.39,1
226376.0,-0.0369,0.0131,-195.6765,-198.2,1
226386.0,-0.0369,-0.0502,-196.9233,-235.09,1
226396.0,-0.0369,0.0884,-196.8242,-163.82,1
226406.0,-0.0369,0.0055,-197.8727,-206.74,1
226416.0,-0.0369,-0.0785,-198.7401,-249.92,1
226426.0,-0.0369,0.0611,-199.4577,-181.06,1
226437.0,-0.0369,0.0044,-200.0513,-210.18,1
226447.0,-0.0369,-0.0905,-200.5424,-255.0,1
226457.0,-0.0369,0.0447,-202.0792,-191.26,1
226467.0,-0.0369,0.0338,-203.3505,-255.0,1
226477.0,-0.038,-0.1102,-203.2718,-255.0,1
226487.0,-0.038,0.0295,-203.2066,-199.91,1
226497.0,-0.0369,0.108,-205.4137,-251.17,1
226507.0,-0.0369,-0.084,-207.2396,-237.66,1
226517.0,-0.0369,0.0065,-207.6196,-238.42,1
226527.0,-0.0358,0.12,-209.0644,-224.42,1
226537.0,-0.0369,-0.06,-210.2597,-219.42,1
226547.0,-0.0369,0.0131,-210.118,-188.28,1
226557.0,-0.0347,0.1844,-212.2618,-207.45,1
226567.0,-0.0358,-0.0829,-214.0354,-225.72,1
226577.0,-0.0358,0.0,-214.372,-189.99,1
226587.0,-0.0336,0.1931,-215.7811,-142.87,1
226597.0,-0.0347,-0.0665,-215.8162,-220.16,1
226607.0,-0.0336,0.0196,-215.8453,-177.05,1
226617.0,-0.0325,0.1364,-216.9998,-255.0,1
226627.0,-0.0336,-0.1134,-217.955,-226.81,1
226637.0,-0.0336,0.0207,-218.7451,-205.47,1
226648.0,-0.0325,0.12,-219.3988,-251.39,1
226658.0,-0.0336,-0.096,-219.9395,-212.61,1
226668.0,-0.0325,0.0415,-221.5174,-255.0,1
226678.0,-0.0325,0.0556,-222.8227,-149.61,1
226688.0,-0.0325,-0.0327,-222.7721,-177.95,1
226698.0,-0.0325,0.0796,-223.8607,-129.78,1
226708.0,-0.0314,0.0491,-224.7613,-147.11,1
226718.0,-0.0325,-0.0829,-225.5063,-222.6,1
226728.0,-0.0314,0.0894,-227.2531,-255.0,1
226738.0,-0.0314,-0.0022,-227.5677,-167.97,1
226748.0,-0.0314,-0.036,-227.828,-190.98,1
226758.0,-0.0314,0.0753,-229.1738,-255.0,1
226768.0,-0.0314,-0.0524,-229.1566,-188.42,1
226778.0,-0.0314,-0.012,-230.2729,-255.0,1
226788.0,-0.0314,0.0087,-231.1964,-147.4,1
226798.0,-0.0325,-0.024,-230.8299,-177.28,1
226809.0,-0.0314,0.0611,-231.6572,-189.18,1
226818.0,-0.0314,-0.0305,-232.3416,-182.83,1
226828.0,-0.0325,-0.0971,-234.0383,-226.8,1
226839.0,-0.0314,0.0698,-235.4419,-255.0,1
226849.0,-0.0325,-0.0524,-235.4726,-187.03,1
226859.0,-0.0325,-0.0338,-235.498,-255.0,1
226868.0,-0.0325,0.0305,-235.5189,-181.44,1
226879.0,-0.0336,-0.0753,-236.6668,-205.9,1
226889.0,-0.0325,0.036,-238.7469,-172.89,1
226899.0,-0.0336,-0.0338,-239.3372,-197.16,1
226909.0,-0.0347,-0.1178,-239.8256,-249.11,1
226919.0,-0.0347,0.012,-240.2295,-255.0,1
226929.0,-0.0358,-0.108,-240.5638,-226.46,1
226940.0,-0.0358,-0.024,-241.9707,-255.0,1
226949.0,-0.0358,0.0131,-242.0042,-177.28,1
226960.0,-0.0369,-0.0982,-242.0319,-229.26,1
226969.0,-0.0358,0.0196,-243.1853,-255.0,1
226979.0,-0.0369,-0.0938,-244.1395,-227.16,1
226990.0,-0.038,-0.0731,-246.0593,-229.76,1
227000.0,-0.0369,0.0425,-246.5171,-255.0,1
227010.0,-0.038,-0.0556,-246.8958,-206.31,1
227019.0,-0.038,0.0447,-248.3395,-255.0,1
227029.0,-0.038,-0.06,-249.5339,-192.99,1
227040.0,-0.0391,-0.0862,-251.6525,-223.58,1
227050.0,-0.038,0.1309,-252.2747,-121.03,1
227060.0,-0.0391,-0.1047,-252.7893,-251.48,1
227069.0,-0.038,0.0229,-253.2151,-255.0,1
227079.0,-0.0391,-0.0382,-253.5674,-207.95,1
227090.0,-0.0391,-0.0633,-254.9892,-255.0,1
227100.0,-0.0391,0.0916,-255.035,-204.92,1
227111.0,-0.0391,-0.0873,-256.2034,-236.15,1
227120.0,-0.0391,-0.0131,-258.3005,-255.0,1
227130.0,-0.0401,-0.0251,-258.9049,-210.6,1
227141.0,-0.0401,-0.0611,-259.4048,-243.88,1
227151.0,-0.0391,0.1004,-259.8184,-255.0,1
227161.0,-0.0401,-0.1298,-261.2911,-255.0,1
227170.0,-0.0401,0.0185,-262.5094,-255.0,1
227180.0,-0.0412,-0.0425,-263.5172,-221.51,1
227191.0,-0.0412,-0.0065,-264.351,-212.12,1
227201.0,-0.0401,0.1124,-265.0408,-155.2,1
227211.0,-0.0412,-0.1484,-266.7419,-255.0,1
227220.0,-0.0412,0.0284,-267.0187,-255.0,1
227230.0,-0.0412,-0.0425,-267.2477,-238.63,1
227242.0,-0.0412,0.0262,-268.5676,-255.0,1
227251.0,-0.0412,-0.0207,-269.6596,-224.35,1
227261.0,-0.0423,-0.0589,-270.5629,-255.0,1
227270.0,-0.0412,0.0873,-272.4407,-172.21,1
227280.0,-0.0423,-0.12,-273.9941,-255.0,1
227292.0,-0.0423,0.0393,-274.1488,-199.38,1
227302.0,-0.0423,-0.0185,-275.4072,-234.5,1
227311.0,-0.0412,0.0229,-276.4483,-214.39,1
227320.0,-0.0423,-0.0382,-277.3095,-253.29,1
227330.0,-0.0423,-0.0371,-278.022,-255.0,1
227342.0,-0.0423,-0.0011,-278.6114,-214.96,1
227352.0,-0.0434,-0.072,-279.0991,-255.0,1
227362.0,-0.0423,0.0349,-279.5024,-186.14,1
227371.0,-0.0434,-0.0371,-280.9666,-236.06,1
227381.0,-0.0434,-0.0229,-282.1779,-236.62,1
227392.0,-0.0445,-0.0676,-283.18,-255.0,1
227402.0,-0.0445,-0.0185,-284.009,-255.0,1
227412.0,-0.0445,-0.0327,-284.6948,-255.0,1
227421.0,-0.0445,-0.0349,-285.2621,-255.0,1
227431.0,-0.0445,-0.0055,-286.862,-249.71,1
227442.0,-0.0456,-0.0545,-288.1855,-255.0,1
227452.0,-0.0456,0.0044,-289.2804,-229.68,1
227462.0,-0.0456,-0.0665,-290.1862,-255.0,1
227471.0,-0.0456,0.0022,-290.9355,-227.14,1
227481.0,-0.0467,-0.048,-292.6859,-255.0,1
227493.0,-0.0467,-0.0044,-294.1339,-237.91,1
227503.0,-0.0467,-0.0469,-295.3318,-255.0,1
227513.0,-0.0467,-0.0055,-296.3228,-231.01,1
227521.0,-0.0478,-0.0447,-297.1427,-255.0,1
227531.0,-0.0467,0.0622,-297.8209,-255.0,1
227543.0,-0.0478,-0.084,-298.382,-255.0,1
227553.0,-0.0478,0.0098,-299.9767,-224.44,1
227563.0,-0.0489,-0.0676,-301.2959,-255.0,1
227571.0,-0.0478,0.0262,-301.2568,-233.35,1
227581.0,-0.0489,-0.0447,-302.3549,-255.0,1
227593.0,-0.0489,-0.012,-304.3939,-255.0,1
227603.0,-0.0489,-0.0622,-304.9501,-255.0,1
227613.0,-0.0489,-0.0065,-305.4103,-255.0,1
227622.0,-0.05,-0.0425,-306.9215,-255.0,1
227632.0,-0.05,-0.0578,-308.1716,-255.0,1
227643.0,-0.0511,-0.0447,-309.2058,-255.0,1
227653.0,-0.0511,-0.0415,-310.0614,-255.0,1
227663.0,-0.0511,-0.0284,-310.7692,-255.0,1
227672.0,-0.0521,-0.0382,-312.4853,-255.0,1
227682.0,-0.0521,-0.0567,-313.9049,-255.0,1
227694.0,-0.0532,-0.0436,-315.0794,-255.0,1
227704.0,-0.0532,-0.0578,-316.051,-255.0,1
227714.0,-0.0532,-0.0196,-316.8547,-255.0,1
227722.0,-0.0543,-0.0654,-318.6501,-255.0,1
227732.0,-0.0543,-0.06,-320.1355,-255.0,1
227744.0,-0.0554,-0.0764,-321.3642,-255.0,1
227754.0,-0.0554,-0.0371,-322.3807,-255.0,1
227764.0,-0.0565,-0.0873,-323.2216,-255.0,1
227772.0,-0.0576,-0.048,-323.9173,-246.5,1
227782.0,-0.0576,-0.1004,-324.4928,-255.0,1
227794.0,-0.0587,-0.0415,-326.0995,-255.0,1
227805.0,-0.0598,-0.1233,-327.4286,-255.0,1
227814.0,-0.0598,-0.0513,-328.5281,-246.06,1
227822.0,-0.062,-0.1571,-329.4377,-255.0,1
227832.0,-0.062,-0.0382,-330.1902,-255.0,1
227844.0,-0.0641,-0.1931,-331.9432,-255.0,1
227854.0,-0.0641,-0.0676,-333.3934,-255.0,1
227865.0,-0.0674,-0.2367,-333.4626,-255.0,1
227872.0,-0.0674,-0.0709,-333.5199,-255.0,1
227883.0,-0.0696,-0.2487,-335.8283,-255.0,1
227895.0,-0.0707,-0.108,-337.7379,-255.0,1
227905.0,-0.074,-0.3022,-338.1873,-255.0,1
227915.0,-0.075,-0.1374,-338.559,-255.0,1
227923.0,-0.0783,-0.2945,-339.997,-255.0,1
227933.0,-0.0805,-0.2051,-341.1866,-255.0,1
227945.0,-0.0827,-0.3065,-342.1707,-255.0,1
227955.0,-0.086,-0.2923,-342.9849,-255.0,1
227965.0,-0.0892,-0.3163,-343.6584,-255.0,1
227973.0,-0.0925,-0.3949,-345.3461,-255.0,1
227983.0,-0.0969,-0.3545,-346.7422,-255.0,1
227995.0,-0.1012,-0.5029,-347.8973,-255.0,1
228005.0,-0.1056,-0.4145,-348.8528,-255.0,1
228015.0,-0.111,-0.5912,-349.6432,-255.0,1
228023.0,-0.1154,-0.5051,-350.2972,-255.0,1
228033.0,-0.123,-0.6927,-350.8382,-255.0,1
228045.0,-0.1296,-0.6785,-352.4162,-255.0,1
228055.0,-0.1361,-0.7549,-353.7217,-255.0,1
228065.0,-0.1449,-0.8465,-354.8017,-255.0,1
228073.0,-0.1536,-0.8825,-355.6951,-255.0,1
228083.0,-0.1634,-1.0265,-356.4342,-255.0,1
228096.0,-0.1732,-1.0417,-357.0457,-255.0,1
228106.0,-0.1852,-1.2446,-357.5515,-255.0,0
228116.0,-0.1972,-1.2359,-359.1005,-255.0,0
228123.0,-0.2114,-1.4573,-359.2514,-255.0,0
228133.0,-0.2256,-1.4279,-359.3763,-255.0,0
228146.0,-0.2387,-1.417,-360.61,-255.0,0
228156.0,-0.2518,-1.2806,-361.6307,-255.0,0
228166.0,-0.2638,-1.2894,-361.3446,-255.0,0
228174.0,-0.2736,-1.0308,-361.1079,-255.0,0
228184.0,-0.2801,-0.7069,-362.0426,-255.0,0
228196.0,-0.2856,-0.4865,-362.8158,-255.0,0
228206.0,-0.2845,0.036,-363.4555,-255.0,0
228216.0,-0.2845,-0.0011,-363.9847,-255.0,0
228224.0,-0.2823,0.2651,-364.4225,-255.0,0
228234.0,-0.279,0.3589,-363.6541,-255.0,0
228246.0,-0.2769,0.2018,-363.0185,-255.0,0
228256.0,-0.2725,0.4821,-363.6232,-255.0,0
228266.0,-0.2692,0.3022,-362.9929,-255.0,0
228274.0,-0.2638,0.5792,-363.602,-255.0,0
228284.0,-0.2594,0.4854,-364.1058,-255.0,0
228297.0,-0.2539,0.576,-363.3922,-255.0,0
228307.0,-0.2474,0.5814,-363.9323,-255.0,0
228317.0,-0.243,0.528,-363.2486,-255.0,0
228324.0,-0.2376,0.5465,-362.683,-255.0,0
228334.0,-0.2343,0.3643,-363.3456,-255.0,0
228347.0,-0.2299,0.384,-363.8938,-255.0,0
228357.0,-0.2278,0.2585,-363.2168,-255.0,0
228367.0,-0.2256,0.1931,-362.6567,-255.0,0
228374.0,-0.2245,0.1374,-363.3238,-255.0,0
228384.0,-0.2256,-0.0764,-362.7453,-255.0,0
228397.0,-0.2256,-0.0676,-362.2666,-255.0,0
228407.0,-0.2278,-0.1996,-361.8707,-255.0,0
228417.0,-0.2299,-0.2073,-361.5431,-255.0,0
228424.0,-0.2321,-0.2607,-361.2721,-255.0,0
228434.0,-0.2354,-0.3327,-361.0479,-255.0,0
228447.0,-0.2376,-0.2443,-360.8625,-255.0,0
228457.0,-0.2419,-0.3774,-360.709,-255.0,0
228467.0,-0.2441,-0.2509,-360.5821,-255.0,0
228475.0,-0.2474,-0.3447,-359.3466,-255.0,0
228485.0,-0.2496,-0.2487,-359.455,-255.0,0
228497.0,-0.2518,-0.1974,-360.6751,-255.0,0
228507.0,-0.2539,-0.1822,-360.5541,-255.0,0
228517.0,-0.2529,0.0316,-360.4539,-255.0,0
228525.0,-0.2539,-0.036,-360.371,-255.0,0
228535.0,-0.2518,0.1636,-360.3025,-255.0,0
228548.0,-0.2507,0.0905,-360.2458,-255.0,0
228558.0,-0.2485,0.2149,-360.1989,-255.0,0
228568.0,-0.2474,0.1756,-360.1601,-255.0,0
228575.0,-0.2452,0.1865,-358.9974,-255.0,0
228585.0,-0.243,0.2422,-359.1661,-255.0,0
228598.0,-0.2419,0.1451,-359.3057,-255.0,0
228608.0,-0.2398,0.2051,-359.4212,-255.0,0
228618.0,-0.2387,0.0633,-359.5167,-255.0,0
228625.0,-0.2376,0.1527,-358.4652,-255.0,0
228635.0,-0.2365,0.0829,-357.5953,-255.0,0
228648.0,-0.2365,0.0284,-358.0062,-255.0,0
228658.0,-0.2365,0.0251,-358.3462,-255.0,0
228668.0,-0.2376,-0.0971,-357.4969,-255.0,0
228675.0,-0.2376,-0.0393,-357.9248,-255.0,0
228685.0,-0.2398,-0.1811,-358.2787,-255.0,0
228698.0,-0.2398,-0.1036,-357.4411,-255.0,0
228708.0,-0.2419,-0.1887,-356.7481,-255.0,0
228718.0,-0.2441,-0.1625,-357.3054,-255.0,0
228725.0,-0.2452,-0.1102,-357.7664,-255.0,0
228735.0,-0.2463,-0.1505,-357.0172,-255.0,0
228748.0,-0.2463,-0.0044,-357.5279,-255.0,0
228758.0,-0.2474,-0.0807,-356.82,-255.0,0
228769.0,-0.2463,0.0404,-356.2343,-255.0,0
228776.0,-0.2463,-0.0131,-356.8803,-255.0,0
228786.0,-0.2463,0.0535,-356.2842,-255.0,0
228799.0,-0.2452,0.0676,-355.791,-255.0,0
228809.0,-0.2452,0.0316,-355.3831,-255.0,0
228819.0,-0.2441,0.108,-356.1761,-255.0,0
228826.0,-0.2441,0.012,-355.7016,-255.0,0
228836.0,-0.243,0.1047,-355.3091,-255.0,0
228849.0,-0.243,0.0,-354.9843,-255.0,0
228859.0,-0.2419,0.072,-354.7157,-255.0,0
228869.0,-0.2419,0.0207,-355.624,-255.0,0
228876.0,-0.2419,0.0382,-355.2449,-255.0,0
228886.0,-0.2409,0.0709,-354.9312,-255.0,0
228899.0,-0.2409,-0.0196,-354.6718,-255.0,0
228909.0,-0.2409,0.0796,-354.4571,-255.0,0
228919.0,-0.2409,-0.0665,-354.2796,-255.0,0
228926.0,-0.2409,0.0491,-354.1327,-255.0,0
228936.0,-0.2419,-0.0785,-354.0112,-255.0,0
228949.0,-0.2419,-0.0338,-353.9106,-255.0,0
228959.0,-0.2419,-0.0535,-353.8275,-255.0,0
228969.0,-0.243,-0.0676,-353.7587,-255.0,0
228976.0,-0.243,-0.0327,-353.7018,-255.0,0
228986.0,-0.243,0.0142,-352.5242,-255.0,0
228999.0,-0.243,0.0142,-352.6805,-255.0,0
229009.0,-0.2441,-0.0862,-352.8098,-255.0,0
229019.0,-0.2441,-0.0011,-351.7863,-255.0,0
229026.0,-0.243,0.036,-352.07,-255.0,0
229036.0,-0.243,0.06,-352.3048,-255.0,0
229049.0,-0.2419,0.06,-352.499,-255.0,0
229059.0,-0.2419,0.0829,-352.6597,-255.0,0
229069.0,-0.2419,-0.036,-352.7926,-255.0,0
229076.0,-0.2409,0.0971,-351.772,-255.0,0
229086.0,-0.2409,-0.0371,-352.0582,-255.0,0
229100.0,-0.2409,0.06,-352.295,-255.0,0
229110.0,-0.2409,-0.0164,-351.3605,-255.0,0
229120.0,-0.2409,0.0131,-351.7178,-255.0,0
229127.0,-0.2409,0.0185,-350.8829,-255.0,0
229137.0,-0.2409,-0.0371,-350.1922,-255.0,0
229150.0,-0.2409,0.048,-350.7513,-255.0,0
229160.0,-0.2409,-0.0873,-351.2138,-255.0,0
229170.0,-0.2409,0.0491,-350.466,-255.0,0
229177.0,-0.2419,-0.0818,-349.8473,-255.0,0
229187.0,-0.2419,0.0131,-350.466,-255.0,0
229200.0,-0.2419,-0.0436,-350.9778,-255.0,0
229210.0,-0.2419,-0.0196,-350.2707,-255.0,0
229220.0,-0.2419,-0.012,-349.6858,-255.0,0
229227.0,-0.243,-0.06,-350.3323,-255.0,0
229237.0,-0.2419,0.0415,-349.7368,-255.0,0
229250.0,-0.243,-0.072,-349.244,-255.0,0
229260.0,-0.243,0.0644,-348.8364,-255.0,0
229270.0,-0.243,-0.0458,-348.4992,-255.0,0
229277.0,-0.2419,0.0513,-349.3508,-255.0,0
229287.0,-0.243,-0.0109,-348.9247,-255.0,0
229300.0,-0.2419,0.0196,-348.5723,-255.0,0
229310.0,-0.2419,0.0207,-348.2807,-255.0,0
229320.0,-0.2419,-0.0273,-348.0395,-255.0,0
229327.0,-0.2419,0.0567,-348.9704,-255.0,0
229337.0,-0.243,-0.0687,-348.61,-255.0,0
229350.0,-0.2419,0.0796,-348.312,-255.0,0
229360.0,-0.2419,-0.06,-348.0654,-255.0,0
229370.0,-0.2419,0.0654,-347.8613,-255.0,0
229377.0,-0.2419,-0.0338,-347.6925,-255.0,0
229387.0,-0.2419,0.0436,-347.5529,-255.0,0
229400.0,-0.2419,0.0033,-347.4374,-255.0,0
229411.0,-0.2419,-0.0142,-347.3419,-255.0,0
229421.0,-0.2419,0.0349,-347.2628,-255.0,0
229428.0,-0.2419,-0.0578,-347.1974,-255.0,0
229438.0,-0.2409,0.072,-347.1433,-255.0,0
229451.0,-0.2419,-0.0829,-347.0986,-255.0,0
229461.0,-0.2419,0.0578,-347.0616,-255.0,0
229471.0,-0.2419,-0.0807,-345.9004,-255.0,0
229478.0,-0.2419,0.0327,-344.9399,-255.0,0
229488.0,-0.2419,-0.0382,-345.2757,-255.0,0
229501.0,-0.2419,0.0011,-346.684,-255.0,0
229511.0,-0.2419,0.0109,-346.7186,-255.0,0
229521.0,-0.243,-0.0425,-345.6167,-255.0,0
229528.0,-0.2419,0.0513,-344.7051,-255.0,0
229538.0,-0.243,-0.06,-345.0815,-255.0,0
229551.0,-0.2419,0.0785,-345.3929,-255.0,0
229561.0,-0.243,-0.0764,-345.6505,-255.0,0
229571.0,-0.2419,0.0676,-345.8636,-255.0,0
229578.0,-0.243,-0.0491,-344.9094,-255.0,0
229588.0,-0.2419,0.0556,-344.12,-255.0,0
229601.0,-0.2419,-0.0229,-344.5975,-255.0,0
229611.0,-0.2419,0.0076,-344.9925,-255.0,0
229621.0,-0.2419,0.024,-344.1887,-255.0,0
229628.0,-0.2419,-0.0382,-344.6543,-255.0,0
229638.0,-0.2419,0.0644,-343.909,-255.0,0
229651.0,-0.2419,-0.0622,-343.2924,-255.0,0
229661.0,-0.2419,0.0665,-343.9128,-255.0,0
229672.0,-0.2419,-0.0785,-343.2955,-255.0,0
229678.0,-0.2419,0.0698,-342.7849,-255.0,0
229688.0,-0.2419,-0.0676,-343.493,-255.0,0
229701.0,-0.2419,0.0382,-344.0787,-255.0,0
229711.0,-0.2419,-0.0273,-343.4328,-255.0,0
229722.0,-0.2419,-0.0033,-342.8985,-255.0,0
229728.0,-0.2419,0.0098,-342.4565,-255.0,0
229739.0,-0.243,-0.0305,-342.0908,-255.0,0
229752.0,-0.2419,0.0578,-341.7882,-255.0,0
229762.0,-0.243,-0.0785,-342.6684,-255.0,0
229772.0,-0.2419,0.0622,-342.2661,-255.0,0
229779.0,-0.243,-0.1025,-341.9333,-255.0,0
229789.0,-0.2419,0.0785,-342.7885,-255.0,0
229802.0,-0.243,-0.0611,-342.3654,-255.0,0
229812.0,-0.243,0.0502,-342.0154,-255.0,0
229822.0,-0.243,-0.0371,-341.7259,-255.0,0
229829.0,-0.243,0.0251,-341.4864,-255.0,0
229839.0,-0.243,0.0164,-341.2882,-255.0,0
229852.0,-0.243,-0.0142,-341.1243,-255.0,0
229862.0,-0.2419,0.0425,-340.9887,-255.0,0
229872.0,-0.243,-0.0491,-340.8766,-255.0,0
229879.0,-0.2419,0.0687,-340.7838,-255.0,0
229889.0,-0.243,-0.0687,-340.707,-255.0,0
229902.0,-0.2419,0.0753,-340.6434,-255.0,0
229912.0,-0.243,-0.0753,-340.5909,-255.0,0
229922.0,-0.2419,0.0676,-340.5475,-255.0,0
229929.0,-0.243,-0.0665,-340.5115,-255.0,0
229939.0,-0.2419,0.0404,-339.3512,-255.0,0
229952.0,-0.243,-0.0305,-338.3914,-255.0,0
229962.0,-0.243,0.012,-338.7278,-255.0,0
229972.0,-0.243,0.0087,-339.0062,-255.0,0
229979.0,-0.243,-0.0371,-339.2364,-255.0,0
229989.0,-0.243,0.0218,-339.4269,-255.0,0
230002.0,-0.243,-0.0589,-339.5845,-255.0,0
230012.0,-0.243,0.0676,-338.5844,-255.0,0
230022.0,-0.243,-0.0785,-337.757,-255.0,0
230029.0,-0.243,0.072,-338.203,-255.0,0
230039.0,-0.243,-0.0774,-338.572,-255.0,0
230052.0,-0.243,0.0753,-338.8773,-255.0,0
230062.0,-0.243,-0.0654,-339.1298,-255.0,0
230073.0,-0.243,0.0469,-338.2082,-255.0,0
230080.0,-0.243,-0.0371,-337.4458,-255.0,0
230090.0,-0.243,0.0415,-337.9456,-255.0,0
230103.0,-0.243,0.0011,-338.359,-255.0,0
230113.0,-0.243,-0.0131,-337.5706,-255.0,0
230123.0,-0.243,0.0305,-336.9183,-255.0,0
230130.0,-0.243,-0.0447,-337.5092,-255.0,0
230140.0,-0.2419,0.0589,-337.998,-255.0,0
230153.0,-0.243,-0.0633,-338.4024,-255.0,0
230163.0,-0.2419,0.072,-337.6064,-255.0,0
230173.0,-0.243,-0.0753,-336.948,-255.0,0
230180.0,-0.2419,0.0687,-336.4032,-255.0,0
230190.0,-0.243,-0.0971,-335.9526,-255.0,0
230203.0,-0.243,0.0665,-336.7103,-255.0,0
230213.0,-0.243,-0.0578,-336.2066,-255.0,0
230223.0,-0.243,0.0436,-335.7899,-255.0,0
230230.0,-0.243,-0.0316,-335.4452,-255.0,0
230240.0,-0.243,0.0087,-335.16,-255.0,0
230253.0,-0.243,-0.0011,-336.0546,-255.0,0
230263.0,-0.243,-0.0109,-336.7947,-255.0,0
230273.0,-0.243,0.0327,-336.2765,-255.0,0
230280.0,-0.243,-0.0436,-335.8477,-255.0,0
230290.0,-0.243,0.0753,-335.493,-255.0,0
230303.0,-0.243,-0.0698,-335.1996,-255.0,0
230313.0,-0.243,0.0676,-334.9568,-255.0,0
230323.0,-0.243,-0.084,-334.756,-255.0,0
230330.0,-0.243,0.0774,-334.5899,-255.0,0
230340.0,-0.243,-0.0785,-334.4525,-255.0,0
230353.0,-0.243,0.0764,-334.3387,-255.0,0
230363.0,-0.243,-0.0687,-334.2447,-255.0,0
230373.0,-0.243,0.0556,-334.1669,-255.0,0
230381.0,-0.243,-0.0458,-334.1025,-255.0,0
230391.0,-0.243,0.0436,-334.0493,-255.0,0
230403.0,-0.243,-0.0098,-332.8747,-255.0,0
230413.0,-0.243,-0.0055,-333.0335,-255.0,0
230424.0,-0.243,0.0142,-333.1649,-255.0,0
230431.0,-0.243,-0.0229,-333.2736,-255.0,0
230441.0,-0.243,0.0316,-333.3635,-255.0,0
230454.0,-0.243,-0.0513,-333.4379,-255.0,0
230464.0,-0.243,0.048,-333.4995,-255.0,0
230474.0,-0.243,-0.0709,-332.4199,-255.0,0
230481.0,-0.243,0.072,-332.6573,-255.0,0
230491.0,-0.243,-0.0764,-332.8536,-255.0,0
230504.0,-0.243,0.0567,-331.8856,-255.0,0
230514.0,-0.2441,-0.0709,-332.2153,-255.0,0
230524.0,-0.243,0.0687,-332.488,-255.0,0
230531.0,-0.2441,-0.0796,-331.5831,-255.0,0
230541.0,-0.243,0.0764,-331.9651,-255.0,0
230554.0,-0.2441,-0.0622,-332.281,-255.0,0
230564.0,-0.243,0.0491,-331.4119,-255.0,0
230574.0,-0.243,-0.0349,-331.8233,-255.0,0
230581.0,-0.243,0.0305,-332.1638,-255.0,0
230591.0,-0.243,-0.0109,-331.3148,-255.0,0
230604.0,-0.243,-0.0207,-331.7431,-255.0,0
230614.0,-0.243,0.0055,-332.0974,-255.0,0
230624.0,-0.2441,-0.0207,-331.26,-255.0,0
230631.0,-0.243,0.0273,-330.5672,-255.0,0
230641.0,-0.2441,-0.0469,-329.9941,-255.0,0
230654.0,-0.243,0.0524,-329.52,-255.0,0
230664.0,-0.2441,-0.0567,-330.2583,-255.0,0
230674.0,-0.243,0.0731,-330.869,-255.0,0
230682.0,-0.2441,-0.0894,-330.2437,-255.0,0
230692.0,-0.243,0.0764,-329.7265,-255.0,0
230704.0,-0.2441,-0.0873,-330.4291,-255.0,0
230714.0,-0.243,0.072,-329.8799,-255.0,0
230724.0,-0.2441,-0.0851,-329.4255,-255.0,0
230732.0,-0.243,0.0742,-330.1801,-255.0,0
230742.0,-0.2441,-0.0796,-329.6738,-255.0,0
230754.0,-0.2441,0.0633,-329.255,-255.0,0
230764.0,-0.2441,-0.0589,-328.9086,-255.0,0
230775.0,-0.2441,0.0556,-328.6219,-255.0,0
230782.0,-0.2441,-0.0415,-328.3848,-255.0,0
230792.0,-0.2441,0.0295,-328.1886,-255.0,0
230804.0,-0.2441,-0.0229,-328.0264,-255.0,0
230814.0,-0.2441,0.0153,-329.0226,-255.0,0
230825.0,-0.2441,-0.012,-328.7163,-255.0,0
230832.0,-0.2441,-0.0109,-328.4629,-255.0,0
230842.0,-0.2441,0.0284,-328.2532,-255.0,0
230855.0,-0.2441,-0.0338,-328.0798,-255.0,0
230865.0,-0.2441,0.0382,-327.9363,-255.0,0
230875.0,-0.2441,-0.0556,-327.8176,-255.0,0
230882.0,-0.2441,0.0535,-327.7195,-255.0,0
230892.0,-0.2441,-0.0654,-327.6382,-255.0,0
230905.0,-0.2441,0.0731,-327.571,-255.0,0
230915.0,-0.2441,-0.0785,-326.3849,-255.0,0
230925.0,-0.2441,0.0818,-326.5342,-255.0,0
230932.0,-0.2441,-0.0829,-326.6577,-255.0,0
230942.0,-0.2441,0.0873,-326.7599,-255.0,0
230955.0,-0.2441,-0.084,-326.8444,-255.0,0
230965.0,-0.2441,0.0829,-326.9143,-255.0,0
230975.0,-0.2441,-0.0916,-326.9722,-255.0,0
230983.0,-0.2441,0.0774,-327.02,-255.0,0
230993.0,-0.2452,-0.0818,-327.0596,-255.0,0
231005.0,-0.2441,0.0764,-327.0923,-255.0,0
231015.0,-0.2441,-0.0654,-325.989,-255.0,0
231025.0,-0.2441,0.0633,-325.0762,-255.0,0
231033.0,-0.2441,-0.0545,-325.4515,-255.0,0
231043.0,-0.2441,0.0556,-325.762,-255.0,0
231055.0,-0.2441,-0.0447,-326.0189,-255.0,0
231065.0,-0.2441,0.0349,-326.2314,-255.0,0
231075.0,-0.2441,-0.0327,-325.2767,-255.0,0
231083.0,-0.2441,0.0185,-324.4869,-255.0,0
231093.0,-0.2441,-0.0164,-324.9641,-255.0,0
231105.0,-0.2441,0.0,-325.3588,-255.0,0
231115.0,-0.2441,-0.0022,-324.5548,-255.0,0
231125.0,-0.2441,-0.0142,-323.8897,-255.0,0
231133.0,-0.2441,0.0109,-324.47,-255.0,0
231143.0,-0.2441,-0.0229,-324.95,-255.0,0
231155.0,-0.2452,0.0338,-324.2167,-255.0,0
231165.0,-0.2441,-0.0447,-323.61,-255.0,0
231176.0,-0.2452,0.0425,-324.2386,-255.0,0
231183.0,-0.2452,-0.0567,-324.7586,-255.0,0
231193.0,-0.2441,0.0513,-324.0583,-255.0,0
231206.0,-0.2441,-0.0622,-323.479,-255.0,0
231216.0,-0.2452,0.0774,-324.1302,-255.0,0
231226.0,-0.2441,-0.0753,-323.5385,-255.0,0
231233.0,-0.2441,0.0742,-323.049,-255.0,0
231243.0,-0.2452,-0.0807,-323.7744,-255.0,0
231256.0,-0.2452,0.0753,-323.2441,-255.0,0
231266.0,-0.2441,-0.0894,-322.8054,-255.0,0
231276.0,-0.2452,0.0785,-322.4425,-255.0,0
231284.0,-0.2452,-0.0905,-322.1423,-255.0,0
231294.0,-0.2441,0.0938,-321.8939,-255.0,0
231306.0,-0.2441,-0.0982,-321.6884,-255.0,0
231316.0,-0.2452,0.0862,-322.6489,-255.0,0
231326.0,-0.2463,-0.1134,-322.313,-255.0,0
231334.0,-0.2463,0.0916,-322.0351,-255.0,0
231344.0,-0.2452,-0.096,-321.8053,-255.0,0
231356.0,-0.2452,0.0807,-321.6151,-255.0,0
231366.0,-0.2441,-0.0785,-321.4578,-255.0,0
231376.0,-0.243,0.0829,-321.3276,-255.0,0
231384.0,-0.243,-0.084,-321.2199,-255.0,0
231394.0,-0.243,0.0753,-321.1309,-255.0,0
231406.0,-0.243,-0.0796,-321.0572,-255.0,0
231416.0,-0.2441,0.0731,-320.9962,-255.0,0
231426.0,-0.243,-0.0927,-320.9458,-255.0,0
231434.0,-0.243,0.0796,-320.9041,-255.0,0
231444.0,-0.2441,-0.0676,-320.8696,-255.0,0
231456.0,-0.2441,0.0556,-320.841,-255.0,0
231466.0,-0.243,-0.0654,-320.8174,-255.0,0
231477.0,-0.2441,0.0545,-320.7979,-255.0,0
231484.0,-0.2441,-0.0502,-320.7817,-255.0,0
231494.0,-0.2463,0.0404,-320.7683,-255.0,0
231506.0,-0.2496,-0.0458,-320.7573,-255.0,0
231516.0,-0.2485,0.0382,-319.6176,-255.0,0
231527.0,-0.2507,-0.0545,-318.6748,-255.0,0
231534.0,-0.2507,0.0251,-319.0253,-255.0,0
231545.0,-0.2539,-0.048,-319.3153,-255.0,0
231557.0,-0.2539,0.0284,-319.5552,-255.0,0
231567.0,-0.2539,-0.0295,-319.7537,-255.0,0
231577.0,-0.2539,0.0142,-318.7874,-255.0,0
231585.0,-0.2539,-0.0164,-319.1185,-255.0,0
231595.0,-0.2539,0.0185,-319.3924,-255.0,0
231607.0,-0.2539,-0.0142,-318.4885,-255.0,0
231617.0,-0.2539,0.0153,-318.8712,-255.0,0
231627.0,-0.2539,-0.0185,-319.1878,-255.0,0
231635.0,-0.2539,-0.0055,-318.3192,-255.0,0
231645.0,-0.2507,-0.0011,-317.6007,-255.0,0
231657.0,-0.2496,0.0022,-318.1367,-255.0,0
231667.0,-0.2485,0.0033,-318.5802,-255.0,0
231677.0,-0.2463,-0.0131,-317.8166,-255.0,0
231685.0,-0.2463,0.0022,-317.1848,-255.0,0
231695.0,-0.2463,-0.0087,-317.7928,-255.0,0
231707.0,-0.2441,0.012,-317.1652,-255.0,0
231717.0,-0.2409,-0.0142,-316.646,-255.0,0
231727.0,-0.2409,0.024,-317.347,-255.0,0
231735.0,-0.2409,-0.0382,-317.9268,-255.0,0
231745.0,-0.2398,0.0207,-317.2761,-255.0,0
231757.0,-0.2398,-0.0382,-316.7377,-255.0,0
231767.0,-0.2398,0.0153,-317.4229,-255.0,0
231777.0,-0.2398,-0.0175,-316.8591,-255.0,0
231785.0,-0.2398,0.0175,-316.3928,-255.0,0
231795.0,-0.2398,-0.0382,-316.007,-255.0,0
231807.0,-0.2398,0.0175,-315.6879,-255.0,0
231817.0,-0.2398,-0.024,-316.5544,-255.0,0
231827.0,-0.2398,0.0316,-316.1407,-255.0,0
231836.0,-0.2398,-0.0382,-315.7984,-255.0,0
231846.0,-0.2441,0.0262,-315.5153,-255.0,0
231857.0,-0.243,-0.0316,-315.2811,-255.0,0
231867.0,-0.2452,0.0229,-316.2178,-255.0,0
231878.0,-0.2452,-0.0371,-315.8623,-255.0,0
231886.0,-0.2452,0.0273,-315.5681,-255.0,0
231896.0,-0.2452,-0.0393,-315.3248,-255.0,0
231908.0,-0.2452,0.0218,-315.1234,-255.0,0
231918.0,-0.2452,-0.0382,-314.9569,-255.0,0
231928.0,-0.2452,0.0164,-314.8191,-255.0,0
231936.0,-0.2452,-0.0316,-314.7052,-255.0,0
231947.0,-0.2452,0.0207,-314.6109,-255.0,0
231958.0,-0.2452,-0.0251,-314.5329,-255.0,0
231968.0,-0.2452,0.0218,-314.4684,-255.0,0
231978.0,-0.2452,-0.024,-314.415,-255.0,0
231986.0,-0.2452,0.012,-313.2403,-255.0,0
231997.0,-0.2452,-0.0185,-313.399,-255.0,0
232008.0,-0.2452,0.0175,-313.5304,-255.0,0
232018.0,-0.2452,-0.024,-313.639,-255.0,0
232028.0,-0.2452,0.0109,-313.7289,-255.0,0
232037.0,-0.2452,-0.0175,-313.8032,-255.0,0
232047.0,-0.2452,0.0175,-313.8647,-255.0,0
232058.0,-0.2452,-0.0076,-312.7851,-255.0,0
232068.0,-0.2452,0.0065,-313.0225,-255.0,0
232078.0,-0.2452,-0.0055,-313.2188,-255.0,0
232087.0,-0.2452,-0.0044,-313.3813,-255.0,0
232097.0,-0.2452,0.0109,-313.5156,-255.0,0
232108.0,-0.2452,-0.0175,-312.4963,-255.0,0
232118.0,-0.2452,0.0076,-312.7835,-255.0,0
232128.0,-0.2452,-0.0131,-313.0212,-255.0,0
232137.0,-0.2452,0.0131,-312.0873,-255.0,0
232147.0,-0.2463,-0.0349,-311.3147,-255.0,0
232158.0,-0.2463,0.0273,-311.806,-255.0,0
232168.0,-0.2452,-0.0295,-312.2125,-255.0,0
232179.0,-0.2463,0.0218,-311.4182,-255.0,0
232187.0,-0.2463,-0.0338,-311.8917,-255.0,0
232197.0,-0.2452,0.0371,-312.2834,-255.0,0
232208.0,-0.2452,-0.0349,-311.4769,-255.0,0
232218.0,-0.2463,0.0393,-310.8097,-255.0,0
232229.0,-0.2452,0.0447,-311.3882,-255.0,0
232237.0,-0.2452,0.0447,-311.8669,-255.0,0
232248.0,-0.2452,-0.0676,-311.1323,-255.0,0
232259.0,-0.2463,-0.0578,-310.5247,-255.0,0
232269.0,-0.2452,0.0567,-311.1525,-255.0,0
232279.0,-0.2463,-0.06,-310.5414,-255.0,0
232288.0,-0.2463,-0.06,-310.0358,-255.0,0
232298.0,-0.2463,0.0491,-310.748,-255.0,0
232309.0,-0.2463,0.0676,-310.2067,-255.0,0
232319.0,-0.2463,-0.0807,-309.7589,-255.0,0
232329.0,-0.2463,0.0633,-309.3885,-255.0,0
232338.0,-0.2463,0.0633,-309.082,-255.0,0
232348.0,-0.2463,-0.0622,-309.959,-255.0,0
232359.0,-0.2463,-0.0829,-310.6845,-255.0,0
232369.0,-0.2463,0.0884,-310.1542,-255.0,0
232379.0,-0.2463,-0.0938,-309.7155,-255.0,0
232388.0,-0.2463,-0.0938,-309.3526,-255.0,0
232398.0,-0.2463,0.0862,-309.0523,-255.0,0
232409.0,-0.2463,0.0698,-308.804,-255.0,0
232419.0,-0.2474,-0.096,-308.5984,-255.0,0
232429.0,-0.2463,0.0753,-308.4285,-255.0,0
232438.0,-0.2474,0.0753,-308.2878,-255.0,0
232449.0,-0.2463,-0.0796,-309.302,-255.0,0
232459.0,-0.2474,-0.0851,-309.0105,-255.0,0
232469.0,-0.2463,0.0796,-308.7693,-255.0,0
232479.0,-0.2474,-0.0742,-308.5698,-255.0,0
232488.0,-0.2474,-0.0742,-308.4048,-255.0,0
232498.0,-0.2474,0.0807,-308.2682,-255.0,0
232509.0,-0.2463,0.0709,-308.1553,-255.0,0
232519.0,-0.2474,-0.0665,-308.0618,-255.0,0
232530.0,-0.2463,0.0622,-306.854,-255.0,0
232539.0,-0.2474,0.0622,-306.9853,-255.0,0
232549.0,-0.2463,-0.0676,-307.0939,-255.0,0
232559.0,-0.2474,-0.0567,-307.1838,-255.0,0
232569.0,-0.2463,0.036,-307.2582,-255.0,0
232580.0,-0.2474,-0.0415,-307.3197,-255.0,0
232589.0,-0.2474,-0.0415,-307.3706,-255.0,0
232599.0,-0.2474,0.0305,-306.2821,-255.0,0
232610.0,-0.2474,0.0131,-306.5122,-255.0,0
232620.0,-0.2474,-0.0055,-306.7026,-255.0,0
232630.0,-0.2474,0.0,-306.8601,-255.0,0
232639.0,-0.2474,0.0,-306.9903,-255.0,0
232649.0,-0.2474,-0.0153,-305.9676,-255.0,0
232660.0,-0.2474,0.0087,-305.1216,-255.0,0
232670.0,-0.2474,-0.0273,-305.5521,-255.0,0
232680.0,-0.2474,0.0295,-305.9083,-255.0,0
232689.0,-0.2474,0.0295,-306.203,-255.0,0
232699.0,-0.2474,-0.0458,-306.4467,-255.0,0
232710.0,-0.2474,-0.0567,-306.6484,-255.0,0
232720.0,-0.2474,0.0676,-305.6847,-255.0,0
232730.0,-0.2474,-0.0676,-304.8875,-255.0,0
232739.0,-0.2485,-0.0676,-305.3585,-255.0,0
232750.0,-0.2496,-0.0949,-305.7481,-255.0,0
232760.0,-0.2485,0.0807,-306.0705,-255.0,0
232770.0,-0.2485,0.0785,-305.2066,-255.0,0
232780.0,-0.2485,-0.0818,-304.492,-255.0,0
232790.0,-0.2485,-0.0818,-305.0313,-255.0,0
232800.0,-0.2474,0.084,-304.347,-255.0,0
232810.0,-0.2463,0.0731,-303.7808,-255.0,0
232820.0,-0.2474,-0.0807,-304.4429,-255.0,0
232831.0,-0.2463,0.0796,-303.8602,-255.0,0
232840.0,-0.2474,0.0796,-303.3781,-255.0,0
232850.0,-0.2463,0.084,-304.1098,-255.0,0
232861.0,-0.2474,-0.0873,-304.7151,-255.0,0
232871.0,-0.2463,0.06,-304.0854,-255.0,0
232881.0,-0.2474,-0.072,-303.5645,-255.0,0
232890.0,-0.2463,-0.072,-303.1335,-255.0,0
232900.0,-0.2474,0.0654,-302.7769,-255.0,0
232911.0,-0.2463,0.0644,-302.482,-255.0,0
232921.0,-0.2474,-0.0404,-303.3684,-255.0,0
232931.0,-0.2463,0.0349,-304.1018,-255.0,0
232940.0,-0.2463,0.0349,-303.578,-255.0,0
232951.0,-0.2463,0.0033,-303.1447,-255.0,0
232961.0,-0.2463,0.0087,-302.7862,-255.0,0
232971.0,-0.2474,-0.036,-302.4896,-255.0,0
232981.0,-0.2463,0.0393,-302.2443,-255.0,0
232990.0,-0.2474,-0.06,-302.0414,-255.0,0
233001.0,-0.2463,0.0589,-303.004,-255.0,0
233011.0,-0.2474,-0.0807,-302.6698,-255.0,0
233021.0,-0.2474,0.0687,-302.3934,-255.0,0
233031.0,-0.2474,-0.084,-302.1647,-255.0,0
233041.0,-0.2463,-0.084,-301.9755,-255.0,0
233051.0,-0.2474,-0.1014,-301.819,-255.0,0
233061.0,-0.2463,0.1025,-301.6895,-255.0,0
233071.0,-0.2474,-0.1004,-301.5823,-255.0,0
233081.0,-0.2463,0.1036,-300.3632,-255.0,0
233091.0,-0.2474,-0.1124,-300.4852,-255.0,0
233101.0,-0.2474,0.1025,-300.5861,-255.0,0
233111.0,-0.2474,-0.0938,-300.6695,-255.0,0
233121.0,-0.2474,0.0884,-300.7386,-255.0,0
233132.0,-0.2474,-0.0873,-300.7957,-255.0,0
233141.0,-0.2474,0.0578,-300.843,-255.0,0
233151.0,-0.2474,-0.0382,-300.882,-255.0,0
233162.0,-0.2474,0.024,-300.9144,-255.0,0
233172.0,-0.2474,-0.0109,-300.9411,-255.0,0
233182.0,-0.2474,-0.0109,-300.9633,-255.0,0
233191.0,-0.2474,-0.0109,-300.9816,-255.0,0
233201.0,-0.2474,-0.048,-299.8662,-255.0,0
233212.0,-0.2474,0.0502,-300.074,-255.0,0
233222.0,-0.2474,-0.0676,-300.2459,-255.0,0
233232.0,-0.2474,0.0829,-299.2576,-255.0,0
233241.0,-0.2485,-0.0884,-299.5706,-255.0,0
233252.0,-0.2474,0.0916,-299.8295,-255.0,0
233262.0,-0.2485,-0.1036,-298.9131,-255.0,0
233272.0,-0.2474,0.1047,-299.2855,-255.0,0
233282.0,-0.2485,-0.1091,-299.5936,-255.0,0
233292.0,-0.2474,0.0971,-298.718,-255.0,0
233302.0,-0.2485,-0.108,-299.1241,-255.0,0
233312.0,-0.2474,0.1004,-299.4601,-255.0,0
233322.0,-0.2485,-0.0818,-298.6076,-255.0,0
233332.0,-0.2474,0.0742,-297.9023,-255.0,0
233342.0,-0.2474,-0.0545,-298.4493,-255.0,0
233352.0,-0.2474,0.0305,-297.7714,-255.0,0
233362.0,-0.2474,-0.0251,-297.2105,-255.0,0
233372.0,-0.2474,-0.0022,-297.877,-255.0,0
233383.0,-0.2474,0.0316,-298.4284,-255.0,0
233392.0,-0.2485,-0.0513,-298.8846,-255.0,0
233402.0,-0.2474,0.0589,-298.1314,-255.0,0
233412.0,-0.2485,-0.0731,-297.5084,-255.0,0
233422.0,-0.2474,0.0873,-298.1234,-255.0,0
233433.0,-0.2485,-0.0905,-297.5018,-255.0,0
233442.0,-0.2474,0.096,-296.9875,-255.0,0
233452.0,-0.2485,-0.1058,-296.562,-255.0,0
233463.0,-0.2474,0.0884,-297.3405,-255.0,0
233473.0,-0.2485,-0.1036,-297.9846,-255.0,0
233483.0,-0.2474,0.1047,-297.3869,-255.0,0
233492.0,-0.2485,-0.1145,-296.8925,-255.0,0
233503.0,-0.2474,0.0894,-296.4834,-255.0,0
233513.0,-0.2485,-0.0774,-296.145,-255.0,0
233523.0,-0.2474,0.0545,-295.8651,-255.0,0
233533.0,-0.2485,-0.0382,-296.7639,-255.0,0
233543.0,-0.2485,0.0131,-296.3771,-255.0,0
233553.0,-0.2485,-0.0011,-296.0571,-255.0,0
233563.0,-0.2485,-0.0305,-295.7923,-255.0,0
233573.0,-0.2474,0.0524,-295.5733,-255.0,0
233583.0,-0.2485,-0.0633,-295.3921,-255.0,0
233593.0,-0.2474,0.072,-295.2422,-255.0,0
233603.0,-0.2485,-0.1058,-295.1182,-255.0,0
233613.0,-0.2485,0.0545,-295.0156,-255.0,0
233623.0,-0.2496,-0.1451,-296.0613,-255.0,0
233633.0,-0.2485,0.0862,-295.7958,-255.0,0
233643.0,-0.2496,-0.0916,-294.4456,-255.0,0
233653.0,-0.2485,0.1418,-294.4593,-255.0,0
233663.0,-0.2485,-0.0175,-295.601,-255.0,0
233673.0,-0.2474,0.1571,-295.415,-255.0,0
233684.0,-0.2463,0.0316,-295.2612,-255.0,0
233693.0,-0.2463,0.0916,-295.1339,-255.0,0
233703.0,-0.2452,0.0229,-295.0286,-255.0,0
233713.0,-0.2463,-0.0164,-294.9415,-255.0,0
233723.0,-0.2463,-0.0338,-293.7389,-255.0,0
233734.0,-0.2474,-0.1189,-293.8746,-255.0,0
233743.0,-0.2474,-0.0502,-295.1173,-255.0,0
233753.0,-0.2496,-0.1669,-293.8844,-255.0,0
233764.0,-0.2496,-0.0175,-292.8644,-255.0,0
233774.0,-0.2507,-0.1374,-293.1511,-255.0,0
233784.0,-0.2507,0.06,-293.3883,-255.0,0
233794.0,-0.2518,-0.1167,-293.5845,-255.0,0
233804.0,-0.2507,0.0742,-293.7468,-255.0,0
233814.0,-0.2518,-0.0884,-293.8811,-255.0,0
233824.0,-0.2507,0.0971,-292.8617,-255.0,0
233834.0,-0.2507,0.0349,-293.1489,-255.0,0
233844.0,-0.2496,0.1167,-293.3865,-255.0,0
233854.0,-0.2474,0.1724,-293.583,-255.0,0
233864.0,-0.2463,0.1276,-293.7456,-255.0,0
233874.0,-0.2441,0.1789,-292.7496,-255.0,0
233884.0,-0.2441,0.0764,-291.9257,-255.0,0
233894.0,-0.243,0.1222,-292.3745,-255.0,0
233904.0,-0.243,-0.0524,-292.7458,-255.0,0
233914.0,-0.243,-0.0087,-291.9225,-255.0,0
233924.0,-0.2452,-0.2051,-291.2414,-255.0,0
233934.0,-0.2463,-0.0971,-291.8085,-255.0,0
233944.0,-0.2485,-0.2422,-292.2776,-255.0,0
233954.0,-0.2496,-0.1036,-291.5352,-255.0,0
233964.0,-0.2507,-0.1811,-290.921,-255.0,0
233974.0,-0.2518,-0.0785,-291.5434,-255.0,0
233984.0,-0.2529,-0.06,-292.0583,-255.0,0
233995.0,-0.2529,0.0011,-291.3537,-255.0,0
234005.0,-0.2518,0.0709,-290.7708,-255.0,0
234015.0,-0.2518,0.0044,-291.4192,-255.0,0
234025.0,-0.2507,0.1636,-291.9555,-255.0,0
234035.0,-0.2507,-0.0142,-291.2687,-255.0,0
234045.0,-0.2485,0.1756,-290.7005,-255.0,0
234055.0,-0.2496,-0.0415,-290.2305,-255.0,0
234065.0,-0.2474,0.1331,-290.9722,-255.0,0
234075.0,-0.2485,-0.0545,-290.4552,-255.0,0
234085.0,-0.2474,0.0807,-290.0276,-255.0,0
234095.0,-0.2474,-0.0142,-290.8043,-255.0,0
234105.0,-0.2474,0.0415,-290.3163,-255.0,0
234115.0,-0.2474,0.0218,-289.9127,-255.0,0
234125.0,-0.2474,-0.0055,-289.5787,-255.0,0
234135.0,-0.2463,0.0425,-289.3025,-255.0,0
234145.0,-0.2474,-0.0469,-289.0739,-255.0,0
234155.0,-0.2474,0.0196,-290.0154,-255.0,0
234165.0,-0.2474,-0.1036,-289.6637,-255.0,0
234175.0,-0.2474,0.0131,-289.3727,-255.0,0
234185.0,-0.2496,-0.1516,-289.1321,-255.0,0
234195.0,-0.2496,-0.0065,-288.933,-255.0,0
234205.0,-0.2507,-0.12,-289.8987,-255.0,0
234216.0,-0.2507,-0.0229,-289.5672,-255.0,0
234226.0,-0.2507,-0.0535,-289.293,-255.0,0
234236.0,-0.2518,-0.0207,-289.0661,-255.0,0
234246.0,-0.2507,0.0316,-288.8784,-255.0,0
234256.0,-0.2518,-0.0218,-288.7231,-255.0,0
234266.0,-0.2507,0.096,-288.5946,-255.0,0
234276.0,-0.2507,-0.0425,-288.4883,-255.0,0
234286.0,-0.2496,0.1582,-288.4004,-255.0,0
234296.0,-0.2496,-0.0611,-288.3277,-255.0,0
234306.0,-0.2485,0.1353,-288.2675,-255.0,0
234316.0,-0.2485,-0.0305,-288.2177,-255.0,0
234326.0,-0.2485,0.0731,-288.1766,-255.0,0
234336.0,-0.2485,0.0033,-288.1425,-255.0,0
234346.0,-0.2474,0.0185,-288.1143,-255.0,0
234356.0,-0.2474,0.0295,-286.9605,-255.0,0
234367.0,-0.2474,-0.0316,-286.006,-255.0,0
234376.0,-0.2474,0.0415,-286.3469,-255.0,0
234386.0,-0.2485,-0.0589,-286.6288,-255.0,0
234396.0,-0.2474,0.0425,-286.8621,-255.0,0
234406.0,-0.2485,-0.1036,-287.0551,-255.0,0
234416.0,-0.2485,0.0338,-287.2147,-255.0,0
234427.0,-0.2496,-0.1189,-286.2163,-255.0,0
234437.0,-0.2496,0.0033,-285.3904,-255.0,0
234447.0,-0.2496,-0.0589,-285.8375,-255.0,0
234457.0,-0.2507,-0.0284,-286.2075,-255.0,0
234467.0,-0.2507,-0.0065,-286.5135,-255.0,0
234477.0,-0.2507,-0.0436,-286.7667,-255.0,0
234487.0,-0.2507,0.06,-286.9762,-255.0,0
234497.0,-0.2507,-0.0556,-286.019,-255.0,0
234507.0,-0.2496,0.1113,-285.2271,-255.0,0
234517.0,-0.2507,-0.0578,-285.7025,-255.0,0
234527.0,-0.2496,0.1102,-286.0958,-255.0,0
234537.0,-0.2496,-0.0371,-285.2906,-255.0,0
234547.0,-0.2485,0.0654,-284.6245,-255.0,0
234558.0,-0.2485,0.0109,-285.204,-255.0,0
234567.0,-0.2485,0.0131,-285.6834,-255.0,0
234578.0,-0.2485,0.0513,-284.9495,-255.0,0
234587.0,-0.2485,-0.036,-284.3423,-255.0,0
234597.0,-0.2485,0.0545,-284.9706,-255.0,0
234608.0,-0.2485,-0.0622,-284.3598,-255.0,0
234618.0,-0.2485,0.0644,-283.8545,-255.0,0
234628.0,-0.2485,-0.0807,-284.5669,-255.0,0
234637.0,-0.2485,0.0295,-285.1563,-255.0,0
234648.0,-0.2485,-0.0567,-284.5135,-255.0,0
234658.0,-0.2485,-0.0098,-283.9816,-255.0,0
234668.0,-0.2496,-0.0229,-284.6721,-255.0,0
234679.0,-0.2496,-0.0415,-284.1129,-255.0,0
234688.0,-0.2496,0.0251,-283.6502,-255.0,0
234698.0,-0.2507,-0.0753,-283.2675,-255.0,0
234709.0,-0.2496,0.0513,-282.9508,-255.0,0
234718.0,-0.2507,-0.0851,-282.6889,-255.0,0
234729.0,-0.2496,0.0742,-282.4722,-255.0,0
234738.0,-0.2507,-0.0545,-283.4234,-255.0,0
234748.0,-0.2496,0.0447,-284.2104,-255.0,0
234759.0,-0.2496,0.0055,-283.7309,-255.0,0
234769.0,-0.2496,0.0142,-283.3342,-255.0,0
234779.0,-0.2496,0.0513,-283.006,-255.0,0
234788.0,-0.2496,-0.0284,-282.7346,-255.0,0
234798.0,-0.2485,0.0709,-283.6405,-255.0,0
234809.0,-0.2496,-0.0676,-283.2594,-255.0,0
234819.0,-0.2485,0.0818,-282.9442,-255.0,0
234829.0,-0.2496,-0.0567,-282.6834,-255.0,0
234838.0,-0.2485,0.048,-282.4677,-255.0,0
234848.0,-0.2485,-0.0262,-282.2892,-255.0,0
234859.0,-0.2485,-0.0098,-281.011,-255.0,0
234870.0,-0.2485,0.0142,-281.0841,-255.0,0
234880.0,-0.2496,-0.0578,-281.1446,-255.0,0
234889.0,-0.2496,0.0251,-281.1947,-255.0,0
234899.0,-0.2496,-0.0796,-281.2361,-255.0,0
234910.0,-0.2496,0.0545,-281.2703,-255.0,0
234920.0,-0.2507,-0.0851,-281.2986,-255.0,0
234930.0,-0.2496,0.0349,-281.3221,-255.0,0
234939.0,-0.2507,-0.0415,-281.3415,-255.0,0
234949.0,-0.2507,-0.0044,-281.3575,-255.0,0
234960.0,-0.2507,0.0109,-281.3708,-255.0,0
234970.0,-0.2507,-0.0316,-280.2513,-255.0,0
234980.0,-0.2496,0.0611,-280.4557,-255.0,0
234989.0,-0.2507,-0.0687,-280.6247,-255.0,0
234999.0,-0.2496,0.0829,-280.7646,-255.0,0
235010.0,-0.2507,-0.0764,-280.8802,-255.0,0
235020.0,-0.2496,0.0709,-279.8455,-255.0,0
235031.0,-0.2496,-0.0196,-278.9894,-255.0,0
235039.0,-0.2496,0.0142,-279.4117,-255.0,0
235049.0,-0.2496,0.0153,-279.7611,-255.0,0
235061.0,-0.2496,-0.036,-280.0501,-255.0,0
235071.0,-0.2496,0.0556,-280.2892,-255.0,0
235081.0,-0.2507,-0.0709,-279.3565,-255.0,0
235089.0,-0.2496,0.0796,-279.7155,-255.0,0
235099.0,-0.2507,-0.0851,-280.0123,-255.0,0
235111.0,-0.2496,0.0382,-279.1275,-255.0,0
235121.0,-0.2507,-0.0273,-278.3954,-255.0,0
235131.0,-0.2507,-0.0175,-278.9203,-255.0,0
235140.0,-0.2507,0.012,-279.3546,-255.0,0
235150.0,-0.2507,-0.06,-278.5833,-255.0,0
235161.0,-0.2507,0.0567,-279.0758,-255.0,0
235171.0,-0.2507,-0.0851,-279.4832,-255.0,0
235181.0,-0.2507,0.0753,-278.6897,-255.0,0
235190.0,-0.2507,-0.0633,-278.0333,-255.0,0
235200.0,-0.2507,0.0415,-277.4903,-255.0,0
235212.0,-0.2507,-0.0425,-278.1715,-255.0,0
235222.0,-0.2507,-0.0022,-278.7351,-255.0,0
235232.0,-0.2507,0.0295,-278.0708,-255.0,0
235240.0,-0.2507,-0.036,-277.5213,-255.0,0
235250.0,-0.2507,0.0785,-277.0667,-255.0,0
235262.0,-0.2507,-0.0753,-277.8211,-255.0,0
235272.0,-0.2507,0.0884,-278.4452,-255.0,0
235282.0,-0.2507,-0.0415,-277.831,-255.0,0
235290.0,-0.2507,0.0295,-277.3229,-255.0,0
235300.0,-0.2507,0.0055,-276.9026,-255.0,0
235312.0,-0.2507,-0.0229,-276.5548,-255.0,0
235322.0,-0.2496,0.0502,-276.2672,-255.0,0
235332.0,-0.2507,-0.0709,-276.0292,-255.0,0
235340.0,-0.2496,0.0774,-275.8323,-255.0,0
235350.0,-0.2507,-0.0829,-275.6695,-255.0,0
235362.0,-0.2507,0.0524,-276.6652,-255.0,0
235372.0,-0.2507,-0.0415,-277.489,-255.0,0
235382.0,-0.2507,-0.0033,-277.0399,-255.0,0
235390.0,-0.2507,0.0098,-276.6685,-255.0,0
235400.0,-0.2507,-0.0535,-276.3611,-255.0,0
235413.0,-0.2507,0.0796,-276.1069,-255.0,0
235423.0,-0.2507,-0.0829,-275.8966,-255.0,0
235433.0,-0.2507,0.0873,-275.7226,-255.0,0
235441.0,-0.2507,-0.0753,-275.5787,-255.0,0
235451.0,-0.2507,0.0436,-275.4596,-255.0,0
235463.0,-0.2507,0.0011,-275.3611,-255.0,0
235473.0,-0.2507,-0.024,-275.2796,-255.0,0
235483.0,-0.2507,0.06,-275.2122,-255.0,0
235491.0,-0.2507,-0.072,-275.1565,-255.0,0
235501.0,-0.2496,0.0938,-275.1103,-255.0,0
235513.0,-0.2507,-0.0862,-275.0721,-255.0,0
235523.0,-0.2507,0.0654,-275.0406,-255.0,0
235533.0,-0.2507,-0.0371,-275.0145,-255.0,0
235541.0,-0.2507,0.0022,-274.9929,-255.0,0
235551.0,-0.2507,0.0218,-274.975,-255.0,0
235563.0,-0.2507,-0.06,-274.9602,-255.0,0
235573.0,-0.2507,0.0764,-274.948,-255.0,0
235583.0,-0.2507,-0.0916,-273.8073,-255.0,0
235591.0,-0.2507,0.0829,-273.9942,-255.0,0
235601.0,-0.2507,-0.0513,-274.1488,-255.0,0
235614.0,-0.2507,0.0218,-273.1462,-255.0,0
235624.0,-0.2507,0.0044,-273.4473,-255.0,0
235633.0,-0.2507,-0.0469,-273.6964,-255.0,0
235641.0,-0.2507,0.0578,-273.9025,-255.0,0
235651.0,-0.2518,-0.0894,-272.9424,-255.0,0
235664.0,-0.2507,0.0884,-272.1482,-255.0,0
235673.0,-0.2518,-0.0698,-272.6217,-255.0,0
235684.0,-0.2507,0.0404,-273.0134,-255.0,0
235692.0,-0.2507,-0.0076,-273.3374,-255.0,0
235702.0,-0.2507,-0.0218,-273.6055,-255.0,0
235714.0,-0.2507,0.0458,-272.6967,-255.0,0
235724.0,-0.2518,-0.0753,-271.9449,-255.0,0
235734.0,-0.2507,0.0884,-272.4535,-255.0,0
235742.0,-0.2518,-0.0774,-272.8742,-255.0,0
235752.0,-0.2507,0.0545,-273.2223,-255.0,0
235764.0,-0.2507,-0.0175,-272.3798,-255.0,0
235774.0,-0.2507,-0.0175,-271.6828,-255.0,0
235784.0,-0.2507,0.0349,-272.2366,-255.0,0
235792.0,-0.2518,-0.0774,-271.5643,-255.0,0
235802.0,-0.2507,0.0829,-271.0081,-255.0,0
235815.0,-0.2518,-0.0873,-271.6786,-255.0,0
235824.0,-0.2507,0.0665,-272.2332,-255.0,0
235834.0,-0.2518,-0.06,-271.5615,-255.0,0
235842.0,-0.2518,-0.0131,-271.0058,-255.0,0
235852.0,-0.2518,0.0349,-271.6766,-255.0,0
235865.0,-0.2518,-0.06,-271.101,-255.0,0
235875.0,-0.2507,0.0796,-270.6248,-255.0,0
235885.0,-0.2518,-0.0829,-271.3615,-255.0,0
235892.0,-0.2518,0.0567,-270.8403,-255.0,0
235902.0,-0.2518,-0.0338,-270.4092,-255.0,0
235915.0,-0.2518,-0.0087,-271.1831,-255.0,0
235925.0,-0.2518,0.036,-270.6928,-255.0,0
235935.0,-0.2518,-0.0796,-270.2872,-255.0,0
235942.0,-0.2507,0.0851,-271.0821,-255.0,0
235952.0,-0.2518,-0.0829,-270.6092,-255.0,0
235965.0,-0.2518,0.0676,-270.218,-255.0,0
235975.0,-0.2518,-0.0284,-269.8944,-255.0,0
235985.0,-0.2518,-0.0065,-269.6266,-255.0,0
235993.0,-0.2518,0.0305,-269.4052,-255.0,0
236003.0,-0.2518,-0.0654,-269.2219,-255.0,0
236015.0,-0.2518,0.0753,-270.2009,-255.0,0
236025.0,-0.2518,-0.0894,-269.8802,-255.0,0
236035.0,-0.2518,0.0273,-269.6149,-255.0,0
236043.0,-0.2518,-0.0251,-269.3955,-255.0,0
236053.0,-0.2518,-0.0185,-269.2139,-255.0,0
236066.0,-0.2518,0.0327,-269.0638,-255.0,0
236076.0,-0.2529,-0.0764,-268.9395,-255.0,0
236085.0,-0.2518,0.0774,-268.8367,-255.0,0
236093.0,-0.2529,-0.0818,-268.7517,-255.0,0
236103.0,-0.2529,-0.0218,-268.6813,-255.0,0
236116.0,-0.2529,-0.0218,-268.6231,-255.0,0
236126.0,-0.2539,-0.0229,-269.7055,-255.0,0
236136.0,-0.2529,0.0436,-269.4704,-255.0,0
236143.0,-0.2518,0.0862,-268.1454,-255.0,0
236153.0,-0.2529,-0.0676,-268.1797,-255.0,0
236166.0,-0.2539,-0.0676,-268.2082,-255.0,0
236176.0,-0.2539,-0.0087,-268.2317,-255.0,0
236186.0,-0.2539,-0.0185,-268.2512,-255.0,0
236193.0,-0.2529,0.0491,-267.1367,-255.0,0
236203.0,-0.2539,-0.0818,-267.3453,-255.0,0
236216.0,-0.2529,0.0884,-267.5179,-255.0,0
236226.0,-0.2539,-0.0687,-267.6606,-255.0,0
236236.0,-0.2539,0.0185,-267.7787,-255.0,0
236243.0,-0.2539,0.012,-266.7459,-255.0,0
236253.0,-0.2539,-0.0382,-265.8915,-255.0,0
236266.0,-0.2529,0.0644,-266.3152,-255.0,0
236276.0,-0.2539,-0.0785,-266.6657,-255.0,0
236286.0,-0.2529,0.0818,-266.9557,-255.0,0
236294.0,-0.2539,-0.0415,-267.1955,-255.0,0
236304.0,-0.2539,-0.0022,-266.2635,-255.0,0
236316.0,-0.2529,0.0207,-266.6229,-255.0,0
236326.0,-0.2539,-0.0589,-266.9203,-255.0,0
236337.0,-0.2529,0.0687,-266.0357,-255.0,0
236344.0,-0.2539,-0.0807,-266.4345,-255.0,0
236354.0,-0.2539,0.0611,-266.7644,-255.0,0
236367.0,-0.2539,-0.0153,-265.9068,-255.0,0
236377.0,-0.2539,-0.0109,-265.1973,-255.0,0
236387.0,-0.2529,0.048,-265.7409,-255.0,0
236394.0,-0.2539,-0.0644,-266.1906,-255.0,0
236404.0,-0.2529,0.0905,-265.4321,-255.0,0
236417.0,-0.2539,-0.0633,-265.9352,-255.0,0
236427.0,-0.2529,0.0273,-266.3513,-255.0,0
236437.0,-0.2539,-0.0153,-265.5651,-255.0,0
236444.0,-0.2539,-0.0382,-264.9146,-255.0,0
236454.0,-0.2529,0.0589,-264.3765,-255.0,0
236467.0,-0.2539,-0.0829,-265.0619,-255.0,0
236477.0,-0.2529,0.084,-265.6289,-255.0,0
236487.0,-0.2539,-0.0491,-264.9674,-255.0,0
236494.0,-0.2539,0.0,-264.4202,-255.0,0
236504.0,-0.2539,0.0262,-265.098,-255.0,0
236517.0,-0.2539,-0.0698,-265.6588,-255.0,0
236527.0,-0.2539,0.0731,-264.9921,-255.0,0
236537.0,-0.2539,-0.0774,-264.4406,-255.0,0
236544.0,-0.2539,0.0458,-263.9844,-255.0,0
236554.0,-0.2539,-0.0175,-263.607,-255.0,0
236567.0,-0.2539,-0.0284,-263.2948,-255.0,0
236577.0,-0.2539,0.0589,-264.167,-255.0,0
236587.0,-0.2539,-0.0753,-263.758,-255.0,0
236594.0,-0.2539,0.0851,-262.2892,-255.0,0
236605.0,-0.2539,-0.0687,-263.3351,-255.0,0
236618.0,-0.2539,0.0098,-264.2003,-255.0,0
236628.0,-0.2539,0.0196,-263.7856,-255.0,0
236638.0,-0.255,-0.0556,-263.4426,-255.0,0
236645.0,-0.2539,0.072,-263.1588,-255.0,0
236655.0,-0.255,-0.0851,-262.924,-255.0,0
236668.0,-0.2539,0.0654,-262.7297,-255.0,0
236678.0,-0.2539,-0.0196,-262.569,-255.0,0
236688.0,-0.2539,-0.0142,-262.4361,-255.0,0
236695.0,-0.2539,0.0556,-262.3261,-255.0,0
236705.0,-0.255,-0.0829,-262.2351,-255.0,0
236718.0,-0.2539,0.0851,-262.1599,-255.0,0
236728.0,-0.255,-0.0665,-262.0976,-255.0,0
236738.0,-0.255,0.0065,-262.0461,-255.0,0
236745.0,-0.255,0.0055,-263.134,-255.0,0
236755.0,-0.255,-0.0611,-262.9035,-255.0,0
236768.0,-0.2539,0.0774,-261.5823,-255.0,0
236778.0,-0.255,-0.0873,-261.6198,-255.0,0
236788.0,-0.255,0.0589,-261.6508,-255.0,0
236795.0,-0.255,-0.0284,-261.6765,-255.0,0
236805.0,-0.255,-0.0196,-261.6977,-255.0,0
236818.0,-0.255,0.0458,-261.7152,-255.0,0
236828.0,-0.255,-0.0884,-261.7298,-255.0,0
236838.0,-0.255,0.0829,-261.7418,-255.0,0
236845.0,-0.255,-0.0862,-261.7517,-255.0,0
236855.0,-0.255,0.0098,-260.6295,-255.0,0
236868.0,-0.255,0.0284,-260.8315,-255.0,0
236878.0,-0.2561,-0.0644,-260.9987,-255.0,0
236888.0,-0.255,0.0862,-260.0065,-255.0,0
236895.0,-0.2561,-0.072,-260.3162,-255.0,0
236905.0,-0.255,0.0469,-260.5724,-255.0,0
236919.0,-0.255,0.0033,-260.7843,-255.0,0
236929.0,-0.2561,-0.0327,-260.9596,-255.0,0
236939.0,-0.255,0.0644,-261.1047,-255.0,0
236946.0,-0.2561,-0.0971,-260.0942,-255.0,0
236956.0,-0.255,0.072,-259.2582,-255.0,0
236969.0,-0.2561,-0.0393,-259.6971,-255.0,0
236979.0,-0.2561,-0.0087,-260.0602,-255.0,0
236989.0,-0.255,0.0436,-260.3607,-255.0,0
236996.0,-0.2561,-0.0796,-259.4786,-255.0,0
237006.0,-0.255,0.0949,-258.749,-255.0,0
237019.0,-0.2561,-0.0654,-259.2759,-255.0,0
237029.0,-0.255,0.0142,-259.7118,-255.0,0
237039.0,-0.255,0.0175,-260.0724,-255.0,0
237046.0,-0.2561,-0.0578,-259.2401,-255.0,0
237056.0,-0.255,0.0796,-258.5517,-255.0,0
237069.0,-0.2561,-0.0851,-259.1126,-255.0,0
237079.0,-0.2561,0.0404,-259.5767,-255.0,0
237089.0,-0.2561,-0.0033,-259.9606,-255.0,0
237096.0,-0.2561,-0.0251,-259.1477,-255.0,0
237106.0,-0.255,0.0578,-258.4753,-255.0,0
237119.0,-0.2561,-0.084,-259.0494,-255.0,0
237129.0,-0.255,0.0785,-258.3939,-255.0,0
237139.0,-0.255,-0.024,-257.8516,-255.0,0
237146.0,-0.2561,-0.0284,-257.403,-255.0,0
237156.0,-0.255,0.0327,-258.1624,-255.0,0
237169.0,-0.2561,-0.0796,-258.7906,-255.0,0
237179.0,-0.255,0.0829,-258.1798,-255.0,0
237189.0,-0.2561,-0.0535,-258.805,-255.0,0
237196.0,-0.2561,0.0011,-258.1917,-255.0,0
237206.0,-0.2561,0.0404,-257.6843,-255.0,0
237219.0,-0.2561,-0.0774,-257.2646,-255.0,0
237229.0,-0.255,0.0938,-256.9174,-255.0,0
237239.0,-0.2561,-0.0665,-257.7607,-255.0,0
237246.0,-0.2561,0.0273,-257.3277,-255.0,0
237257.0,-0.2561,-0.0164,-256.9696,-255.0,0
237270.0,-0.2561,-0.0622,-256.6733,-255.0,0
237280.0,-0.2561,0.084,-256.4283,-255.0,0
237290.0,-0.2561,-0.0764,-257.356,-255.0,0
237297.0,-0.2561,0.0415,-256.993,-255.0,0
237307.0,-0.2561,0.0076,-256.6927,-255.0,0
237320.0,-0.2561,-0.0535,-256.4442,-255.0,0
237330.0,-0.2561,0.0829,-256.2387,-255.0,0
237340.0,-0.2561,-0.0818,-256.0687,-255.0,0
237347.0,-0.2561,0.0578,-255.928,-255.0,0
237357.0,-0.2561,-0.024,-255.8117,-255.0,0
237370.0,-0.2561,-0.0349,-255.7154,-255.0,0
237380.0,-0.2561,0.0654,-256.7663,-255.0,0
237390.0,-0.2572,-0.0829,-256.5052,-255.0,0
237397.0,-0.2561,0.0829,-255.1586,-255.0,0
237407.0,-0.2561,-0.0262,-255.1752,-255.0,0
237420.0,-0.2561,-0.0185,-255.1888,-255.0,0
237430.0,-0.2561,0.06,-255.2002,-255.0,0
237440.0,-0.2572,-0.0971,-255.2095,-255.0,0
237447.0,-0.2561,0.084,-255.2173,-255.0,0
237457.0,-0.2561,-0.0513,-256.3542,-255.0,0
237470.0,-0.2572,-0.0207,-256.1642,-255.0,0
237480.0,-0.2561,0.0535,-254.8766,-255.0,0
237491.0,-0.2572,-0.096,-254.9418,-255.0,0
237497.0,-0.2561,0.0894,-254.9958,-255.0,0
237507.0,-0.2572,-0.0469,-255.0405,-255.0,0
237520.0,-0.2572,0.0,-255.0774,-255.0,0
237530.0,-0.2561,0.0305,-255.108,-255.0,0
237541.0,-0.2572,-0.0884,-255.1333,-255.0,0
237547.0,-0.2561,0.0927,-254.0237,-255.0,0
237557.0,-0.2572,-0.0709,-253.1058,-255.0,0
237571.0,-0.2572,-0.0065,-253.4769,-255.0,0
237581.0,-0.2572,0.0284,-253.7839,-255.0,0
237591.0,-0.2572,-0.0829,-252.9074,-255.0,0
237598.0,-0.2561,0.0993,-253.3128,-255.0,0
237608.0,-0.2572,-0.0698,-253.6482,-255.0,0
237621.0,-0.2572,0.0196,-253.9256,-255.0,0
237631.0,-0.2572,0.0153,-254.1551,-255.0,0
237641.0,-0.2572,-0.0774,-253.2145,-255.0,0
237648.0,-0.2572,0.096,-253.5668,-255.0,0
237658.0,-0.2572,-0.0764,-253.8583,-255.0,0
237671.0,-0.2572,-0.0076,-252.969,-255.0,0
237681.0,-0.2572,0.0207,-253.3637,-255.0,0
237691.0,-0.2583,-0.0731,-253.6903,-255.0,0
237698.0,-0.2572,0.1004,-252.83,-255.0,0
237708.0,-0.2583,-0.0796,-252.1182,-255.0,0
237721.0,-0.2572,0.0371,-251.5294,-255.0,0
237731.0,-0.2572,0.0164,-252.1728,-255.0,0
237741.0,-0.2583,-0.0807,-252.7051,-255.0,0
237748.0,-0.2572,0.096,-252.015,-255.0,0
237758.0,-0.2583,-0.0785,-252.5745,-255.0,0
237771.0,-0.2572,0.0327,-253.0374,-255.0,0
237781.0,-0.2572,0.012,-252.2898,-255.0,0
237791.0,-0.2583,-0.0774,-251.6714,-255.0,0
237798.0,-0.2572,0.108,-251.1598,-255.0,0
237808.0,-0.2583,-0.0829,-251.867,-255.0,0
237821.0,-0.2572,0.0338,-252.4521,-255.0,0
237831.0,-0.2572,0.0131,-251.8057,-255.0,0
237841.0,-0.2583,-0.0753,-251.2709,-255.0,0
237848.0,-0.2572,0.0982,-250.8284,-255.0,0
237858.0,-0.2583,-0.084,-250.4624,-255.0,0
237871.0,-0.2572,0.0436,-250.1596,-255.0,0
237881.0,-0.2572,0.0207,-251.0396,-255.0,0
237892.0,-0.2583,-0.0807,-251.7677,-255.0,0
237899.0,-0.2572,0.0938,-251.2394,-255.0,0
237909.0,-0.2583,-0.0764,-250.8024,-255.0,0
237922.0,-0.2583,0.0284,-250.4409,-255.0,0
237932.0,-0.2572,0.0207,-251.2723,-255.0,0
237942.0,-0.2583,-0.0905,-250.8296,-255.0,0
237949.0,-0.2572,0.1047,-250.4634,-255.0,0
237959.0,-0.2583,-0.0862,-251.291,-255.0,0
237972.0,-0.2583,0.0338,-250.8451,-255.0,0
237982.0,-0.2572,0.0382,-250.4762,-255.0,0
237992.0,-0.2583,-0.0884,-250.171,-255.0,0
237999.0,-0.2572,0.1134,-249.9186,-255.0,0
238009.0,-0.2583,-0.0742,-249.7097,-255.0,0
238022.0,-0.2583,0.012,-249.5369,-255.0,0
238032.0,-0.2572,0.0436,-249.394,-255.0,0
238042.0,-0.2583,-0.1058,-249.2758,-255.0,0
238049.0,-0.2572,0.108,-249.1779,-255.0,0
238059.0,-0.2583,-0.0764,-249.097,-255.0,0
238072.0,-0.2583,0.0087,-249.0301,-255.0,0
238082.0,-0.2583,0.0502,-248.9747,-255.0,0
238092.0,-0.2594,-0.1145,-248.9289,-255.0,0
238099.0,-0.2583,0.1025,-248.891,-255.0,0
238109.0,-0.2583,-0.0633,-248.8596,-255.0,0
238122.0,-0.2583,-0.0109,-248.8337,-255.0,0
238132.0,-0.2583,0.0742,-248.8122,-255.0,0
238142.0,-0.2594,-0.1058,-248.7945,-255.0,0
238149.0,-0.2583,0.0971,-248.7798,-255.0,0
238159.0,-0.2583,-0.0458,-248.7676,-255.0,0
238172.0,-0.2583,-0.0207,-247.6271,-255.0,0
238182.0,-0.2583,0.072,-247.8141,-255.0,0
238192.0,-0.2594,-0.1167,-247.9687,-255.0,0
238199.0,-0.2583,0.0818,-246.9661,-255.0,0
238210.0,-0.2583,-0.036,-247.2673,-255.0,0
238222.0,-0.2594,-0.0382,-247.5164,-255.0,0
238232.0,-0.2583,0.0971,-247.7224,-255.0,0
238243.0,-0.2594,-0.1014,-247.8929,-255.0,0
238250.0,-0.2583,0.0709,-248.034,-255.0,0
238260.0,-0.2583,-0.0109,-248.1506,-255.0,0
238273.0,-0.2594,-0.0524,-247.1167,-255.0,0
238283.0,-0.2583,0.1047,-247.3918,-255.0,0
238293.0,-0.2594,-0.0982,-247.6194,-255.0,0
238300.0,-0.2583,0.0545,-246.6772,-255.0,0
238310.0,-0.2583,0.0185,-247.0282,-255.0,0
238323.0,-0.2594,-0.0851,-247.3186,-255.0,0
238333.0,-0.2583,0.0993,-247.5588,-255.0,0
238343.0,-0.2594,-0.0905,-246.6271,-255.0,0
238350.0,-0.2583,0.0196,-245.8562,-255.0,0
238360.0,-0.2583,0.0469,-246.3491,-255.0,0
238373.0,-0.2594,-0.1036,-246.7568,-255.0,0
238383.0,-0.2583,0.1113,-247.0941,-255.0,0
238393.0,-0.2594,-0.0796,-246.2426,-255.0,0
238400.0,-0.2594,-0.0011,-245.5382,-255.0,0
238410.0,-0.2583,0.0731,-246.0859,-255.0,0
238423.0,-0.2594,-0.1102,-245.4086,-255.0,0
238433.0,-0.2583,0.0927,-244.8482,-255.0,0
238443.0,-0.2594,-0.0393,-245.5152,-255.0,0
238450.0,-0.2594,-0.0164,-244.9364,-255.0,0
238460.0,-0.2583,0.0829,-245.5881,-255.0,0
238473.0,-0.2594,-0.1036,-246.1273,-255.0,0
238483.0,-0.2583,0.072,-245.4428,-255.0,0
238493.0,-0.2594,-0.0382,-246.007,-255.0,0
238500.0,-0.2594,-0.0654,-245.3433,-255.0,0
238510.0,-0.2583,0.1036,-244.7942,-255.0,0
238523.0,-0.2594,-0.0916,-245.4705,-255.0,0
238533.0,-0.2594,0.0316,-244.8994,-255.0,0
238544.0,-0.2594,0.0251,-244.427,-255.0,0
238551.0,-0.2594,-0.0993,-244.0362,-255.0,0
238561.0,-0.2583,0.1069,-243.7129,-255.0,0
238573.0,-0.2594,-0.0742,-244.5759,-255.0,0
238583.0,-0.2594,0.0076,-245.2899,-255.0,0
238594.0,-0.2594,0.0502,-244.7501,-255.0,0
238601.0,-0.2605,-0.1091,-244.3034,-255.0,0
238611.0,-0.2594,0.0905,-245.0645,-255.0,0
238624.0,-0.2594,-0.048,-244.5636,-255.0,0
238634.0,-0.2594,-0.0273,-243.0187,-255.0,0
238644.0,-0.2594,0.0884,-242.8711,-255.0,0
238651.0,-0.2605,-0.0982,-243.8796,-255.0,0
238661.0,-0.2594,0.0589,-243.5833,-255.0,0
238674.0,-0.2594,0.0033,-243.3382,-255.0,0
238684.0,-0.2605,-0.0742,-243.1355,-255.0,0
238694.0,-0.2594,0.1058,-242.9678,-255.0,0
238701.0,-0.2605,-0.0829,-242.829,-255.0,0
238711.0,-0.2594,0.0218,-242.7142,-255.0,0
238724.0,-0.2594,0.0502,-243.7498,-255.0,0
238734.0,-0.2605,-0.1124,-243.476,-255.0,0
238744.0,-0.2594,0.1069,-243.2494,-255.0,0
238751.0,-0.2594,-0.0633,-243.062,-255.0,0
238761.0,-0.2605,-0.0196,-241.7765,-255.0,0
238774.0,-0.2594,0.0807,-241.8435,-255.0,0
238784.0,-0.2605,-0.1004,-243.0294,-255.0,0
238794.0,-0.2594,0.0611,-242.88,-255.0,0
238801.0,-0.2594,-0.0033,-242.7564,-255.0,0
238811.0,-0.2605,-0.072,-242.6542,-255.0,0
238824.0,-0.2594,0.1036,-242.5696,-255.0,0
238834.0,-0.2605,-0.0916,-242.4996,-255.0,0
238844.0,-0.2605,0.0251,-241.3112,-255.0,0
238852.0,-0.2594,0.0338,-241.4586,-255.0,0
238862.0,-0.2605,-0.1047,-241.5805,-255.0,0
238874.0,-0.2594,0.1091,-241.6814,-255.0,0
238884.0,-0.2605,-0.06,-241.7648,-255.0,0
238895.0,-0.2605,-0.0044,-240.7033,-255.0,0
238902.0,-0.2594,0.048,-240.9557,-255.0,0
238912.0,-0.2605,-0.0938,-241.1645,-255.0,0
238925.0,-0.2605,0.0698,-241.3372,-255.0,0
238935.0,-0.2605,0.0,-241.4801,-255.0,0
238945.0,-0.2605,-0.0785,-240.4678,-255.0,0
238952.0,-0.2594,0.1069,-240.7609,-255.0,0
238962.0,-0.2605,-0.0884,-241.0033,-255.0,0
238975.0,-0.2605,0.024,-241.2039,-255.0,0
238985.0,-0.2594,0.0513,-241.3698,-255.0,0
238995.0,-0.2616,-0.1178,-240.3765,-255.0,0
239002.0,-0.2605,0.0709,-240.6854,-255.0,0
239012.0,-0.2605,-0.0556,-240.9408,-255.0,0
239025.0,-0.2616,-0.0251,-240.0217,-255.0,0
239035.0,-0.2605,0.0938,-240.3918,-255.0,0
239045.0,-0.2616,-0.0905,-240.698,-255.0,0
239052.0,-0.2605,0.048,-239.8208,-255.0,0
239062.0,-0.2605,0.0251,-240.2256,-255.0,0
239075.0,-0.2616,-0.0938,-240.5605,-255.0,0
239085.0,-0.2605,0.1156,-239.707,-255.0,0
239095.0,-0.2605,-0.0829,-239.001,-255.0,0
239102.0,-0.2605,0.0109,-238.4169,-255.0,0
239112.0,-0.2605,0.0785,-239.0642,-255.0,0
239125.0,-0.2616,-0.1004,-239.5997,-255.0,0
239135.0,-0.2605,0.0654,-238.9122,-255.0,0
239145.0,-0.2605,-0.0022,-239.474,-255.0,0
239153.0,-0.2616,-0.0676,-239.9387,-255.0,0
239163.0,-0.2605,0.1113,-239.1926,-255.0,0
239175.0,-0.2605,-0.0905,-238.5754,-255.0,0
239185.0,-0.2605,0.0273,-238.0649,-255.0,0
239195.0,-0.2616,0.0513,-238.773,-255.0,0
239203.0,-0.2616,-0.1124,-238.2283,-255.0,0
239213.0,-0.2605,0.0884,-237.7777,-255.0,0
239225.0,-0.2616,-0.0295,-238.5354,-255.0,0
239235.0,-0.2605,-0.0491,-238.0317,-255.0,0
239245.0,-0.2616,0.1036,-238.7456,-255.0,0
239253.0,-0.2616,-0.0971,-239.3361,-255.0,0
239263.0,-0.2605,0.0513,-238.6942,-255.0,0
239275.0,-0.2616,0.0491,-238.1631,-255.0,0
239285.0,-0.2605,-0.1047,-237.7237,-255.0,0
239296.0,-0.2605,0.1036,-237.3602,-255.0,0
239303.0,-0.2605,-0.048,-237.0596,-255.0,0
239313.0,-0.2605,-0.0207,-236.8108,-255.0,0
239326.0,-0.2605,0.0884,-237.7355,-255.0,0
239336.0,-0.2605,-0.1004,-237.37,-255.0,0
239346.0,-0.2605,0.048,-235.9372,-255.0,0
239353.0,-0.2605,0.0295,-237.0128,-255.0,0
239363.0,-0.2616,-0.1047,-237.9026,-255.0,0
239376.0,-0.2605,0.1113,-237.5083,-255.0,0
239386.0,-0.2605,-0.0578,-237.182,-255.0,0
239396.0,-0.2594,-0.0164,-236.9121,-255.0,0
239403.0,-0.2594,0.0916,-236.6888,-255.0,0
239414.0,-0.2605,-0.0807,-236.5041,-255.0,0
239426.0,-0.2594,0.0676,-236.3513,-255.0,0
239436.0,-0.2605,0.048,-236.2249,-255.0,0
239446.0,-0.2583,-0.0589,-236.1203,-255.0,0
239454.0,-0.2583,0.1484,-236.0338,-255.0,0
239464.0,-0.2594,-0.0404,-235.9622,-255.0,0
239476.0,-0.2583,0.0065,-235.903,-255.0,0
239486.0,-0.2594,0.0851,-235.8541,-255.0,0
239496.0,-0.2583,-0.0938,-235.8136,-255.0,0
239504.0,-0.2583,0.0589,-235.78,-255.0,0
239514.0,-0.2583,0.0098,-235.7523,-255.0,0
239526.0,-0.2594,-0.1058,-235.7293,-255.0,0
239536.0,-0.2605,0.0687,-235.7104,-255.0,0
239546.0,-0.2605,-0.1069,-235.6946,-255.0,0
239554.0,-0.2605,-0.0654,-235.6817,-255.0,0
239564.0,-0.2627,-0.156,-235.6709,-255.0,0
239576.0,-0.2638,-0.156,-235.662,-255.0,0
239586.0,-0.2638,0.012,-235.6547,-255.0,0
239597.0,-0.2627,-0.0185,-235.6486,-255.0,0
239604.0,-0.2627,0.1025,-234.5131,-255.0,0
239614.0,-0.2638,-0.0567,-233.5737,-255.0,0
239626.0,-0.2638,-0.0567,-233.927,-255.0,0
239636.0,-0.2649,-0.0087,-234.2194,-255.0,0
239647.0,-0.2638,-0.0785,-234.4612,-255.0,0
239654.0,-0.2638,0.084,-234.6613,-255.0,0
239664.0,-0.2627,0.0796,-234.8268,-255.0,0
239677.0,-0.2627,-0.0807,-234.9637,-255.0,0
239687.0,-0.2627,0.1353,-233.9465,-255.0,0
239697.0,-0.2638,-0.036,-234.2354,-255.0,0
239705.0,-0.2638,-0.0622,-234.4745,-255.0,0
239715.0,-0.2627,0.0665,-233.5418,-255.0,0
239727.0,-0.2649,-0.1724,-233.9006,-255.0,0
239737.0,-0.2659,-0.0567,-234.1975,-255.0,0
239747.0,-0.2681,-0.0753,-233.3126,-255.0,0
239755.0,-0.2681,-0.2258,-232.5806,-255.0,0
239765.0,-0.2681,-0.0196,-233.1055,-255.0,0
239777.0,-0.2703,-0.0862,-233.5397,-255.0,0
239787.0,-0.2681,-0.084,-233.8989,-255.0,0
239797.0,-0.2692,0.1265,-233.0656,-255.0,0
239805.0,-0.2692,-0.0153,-232.3762,-255.0,0
239815.0,-0.267,0.1549,-232.9364,-255.0,0
239827.0,-0.2659,0.1614,-233.3999,-255.0,0
239837.0,-0.2638,0.0142,-233.7832,-255.0,0
239847.0,-0.2638,0.1658,-232.9699,-255.0,0
239855.0,-0.2638,0.0218,-232.2971,-255.0,0
239865.0,-0.2649,-0.0644,-232.8709,-255.0,0
239877.0,-0.2649,0.0665,-232.2152,-255.0,0
239887.0,-0.2659,-0.1484,-231.6727,-255.0,0
239897.0,-0.2659,-0.0873,-232.3544,-255.0,0
239905.0,-0.2659,-0.0404,-231.7879,-255.0,0
239915.0,-0.2681,-0.204,-231.3192,-255.0,0
239927.0,-0.2692,-0.0742,-232.062,-255.0,0
239937.0,-0.2703,-0.0349,-232.6764,-255.0,0
239948.0,-0.2703,-0.1396,-233.1848,-255.0,0
239955.0,-0.2703,0.0764,-232.4748,-255.0,0
239965.0,-0.2703,-0.0284,-231.8875,-255.0,0
239978.0,-0.2681,0.0055,-231.4016,-255.0,0
239988.0,-0.2692,0.1756,-230.9996,-255.0,0
239998.0,-0.2681,-0.0382,-231.7976,-255.0,0
240006.0,-0.2681,0.1407,-231.3272,-255.0,0
240016.0,-0.2659,0.1429,-230.9381,-255.0,0
240028.0,-0.2638,0.0153,-231.7467,-255.0,0
240038.0,-0.2627,0.2105,-231.2852,-255.0,0
240048.0,-0.2627,0.0905,-230.9033,-255.0,0
240056.0,-0.2627,0.0469,-231.7179,-255.0,0
240066.0,-0.2594,0.288,-231.2613,-255.0,0
240078.0,-0.2572,0.0774,-230.8836,-255.0,0
240088.0,-0.2539,0.1887,-230.5711,-255.0,0
240098.0,-0.2529,0.3131,-230.3126,-255.0,0
240106.0,-0.2529,0.1265,-231.2292,-255.0,0
240116.0,-0.2496,0.3131,-230.857,-255.0,0
240128.0,-0.2452,0.276,-230.5491,-255.0,0
240138.0,-0.2419,0.1844,-230.2944,-255.0,0
240148.0,-0.2398,0.3818,-230.0837,-255.0,0
240156.0,-0.2398,0.2683,-229.9094,-255.0,0
240167.0,-0.2365,0.2509,-229.7651,-255.0,0
240178.0,-0.2299,0.4134,-229.6458,-255.0,0
240188.0,-0.2256,0.2836,-229.5471,-255.0,0
240198.0,-0.2212,0.4211,-230.596,-255.0,0
240206.0,-0.2212,0.5083,-230.3332,-255.0,0
240216.0,-0.2169,0.4603,-230.1158,-255.0,0
240228.0,-0.2059,0.5781,-229.9359,-255.0,0
240238.0,-0.2005,0.5465,-228.6566,-255.0,0
240248.0,-0.195,0.5149,-228.7288,-255.0,0
240257.0,-0.195,0.6054,-228.7885,-255.0,0
240267.0,-0.1896,0.5509,-228.8379,-255.0,0
240278.0,-0.1776,0.5825,-230.0092,-255.0,0
240288.0,-0.1721,0.6763,-229.8478,-255.0,1
240299.0,-0.1656,0.5531,-229.7142,-255.0,1
240307.0,-0.1656,0.6632,-229.6037,-255.0,1
240317.0,-0.159,0.6687,-229.5123,-255.0,1
240329.0,-0.1449,0.6054,-230.5672,-255.0,1
240339.0,-0.1394,0.8236,-230.3094,-255.0,1
240349.0,-0.134,0.6458,-230.0961,-255.0,1
240357.0,-0.134,0.5192,-232.1806,-255.0,1
240368.0,-0.1274,0.6774,-233.9051,-255.0,1
240379.0,-0.1154,0.6054,-234.2012,-255.0,1
240389.0,-0.1078,0.673,-235.5767,-228.31,1
240399.0,-0.1034,0.697,-236.7146,-255.0,1
240407.0,-0.1034,0.5334,-237.6559,-255.0,1
240417.0,-0.0969,0.6556,-238.4347,-255.0,1
240429.0,-0.086,0.5803,-240.2094,-237.43,1
240439.0,-0.0816,0.4789,-241.6776,-214.44,1
240449.0,-0.0772,0.5411,-241.7617,-255.0,1
240457.0,-0.0772,0.3534,-244.0923,-253.43,1
240468.0,-0.074,0.36,-244.8898,-245.14,1
240479.0,-0.0707,0.2378,-245.5495,-255.0,1
240489.0,-0.0685,0.1102,-247.2258,-255.0,1
240499.0,-0.0685,0.2105,-248.6126,-255.0,1
240508.0,-0.0685,0.0469,-249.7598,-255.0,1
240518.0,-0.0674,0.0491,-250.7089,-255.0,1
240529.0,-0.0685,-0.0131,-252.6245,-255.0,1
240539.0,-0.0685,-0.0949,-254.2093,-255.0,1
240549.0,-0.0707,0.0164,-255.5203,-255.0,1
240558.0,-0.0707,-0.1647,-256.6049,-255.0,1
240568.0,-0.0718,-0.1189,-257.5021,-255.0,1
240579.0,-0.075,-0.1102,-259.3749,-255.0,1
240589.0,-0.075,-0.2127,-260.9242,-255.0,1
240600.0,-0.0772,-0.0513,-261.0753,-255.0,1
240608.0,-0.0772,-0.2214,-262.3309,-255.0,1
240618.0,-0.0783,-0.0938,-264.5001,-255.0,1
240630.0,-0.0805,-0.0884,-266.2946,-255.0,1
240640.0,-0.0805,-0.1189,-266.6487,-255.0,1
240650.0,-0.0816,0.0087,-268.0721,-255.0,1
240658.0,-0.0816,-0.0774,-269.2496,-255.0,1
240669.0,-0.0805,0.0371,-270.2238,-255.0,1
240680.0,-0.0805,0.0207,-272.1602,-255.0,1
240690.0,-0.0794,0.0458,-273.7621,-255.0,1
240700.0,-0.0783,0.1047,-275.0873,-255.0,1
240708.0,-0.0783,0.0862,-276.1836,-255.0,1
240718.0,-0.0761,0.1789,-278.2211,-255.0,1
240730.0,-0.0729,0.1734,-278.7761,-255.0,1
240740.0,-0.0707,0.228,-280.3657,-255.0,1
240750.0,-0.0674,0.2389,-281.6808,-255.0,1
240759.0,-0.0674,0.2814,-282.7688,-255.0,1
240769.0,-0.062,0.264,-284.7993,-235.09,1
240780.0,-0.0598,0.3109,-286.4791,-216.2,1
240790.0,-0.0565,0.276,-287.8687,-225.13,1
240800.0,-0.0532,0.3262,-287.8878,-255.0,1
240809.0,-0.0532,0.2683,-289.0341,-205.64,1
240819.0,-0.0511,0.2869,-289.9824,-255.0,1
240830.0,-0.0456,0.2945,-290.7669,-154.4,1
240840.0,-0.0423,0.3196,-292.5464,-196.77,1
240850.0,-0.0401,0.2323,-294.0186,-237.57,1
240859.0,-0.0401,0.2323,-294.1059,-255.0,1
240869.0,-0.0358,0.2956,-295.3087,-113.02,1
240880.0,-0.0336,0.2171,-296.3037,-154.31,1
240890.0,-0.0325,0.12,-295.9964,-255.0,1
240900.0,-0.0303,0.1876,-296.8726,-227.03,1
240909.0,-0.0303,0.1876,-297.5974,-219.32,1
240919.0,-0.0303,-0.0829,-298.1971,-255.0,1
240930.0,-0.0303,0.0218,-299.8237,-241.97,1
240940.0,-0.0303,0.0665,-300.0389,-227.61,1
240951.0,-0.0314,-0.1451,-300.2169,-255.0,1
240959.0,-0.0314,-0.1451,-301.4946,-255.0,1
240970.0,-0.0314,0.0087,-302.5516,-255.0,1
240981.0,-0.0314,-0.0098,-303.4261,-255.0,1
240991.0,-0.0314,-0.0371,-304.1495,-255.0,1
241001.0,-0.0314,0.0131,-304.748,-239.07,1
241010.0,-0.0314,0.0131,-305.2431,-255.0,1
241020.0,-0.0314,0.0251,-306.7832,-234.08,1
241031.0,-0.0303,0.0567,-308.0572,-255.0,1
241041.0,-0.0303,0.0415,-309.1112,-210.4,1
241051.0,-0.0292,0.0905,-309.9832,-255.0,1
241060.0,-0.0292,0.0905,-310.7045,-178.01,1
241070.0,-0.0281,0.0491,-312.4317,-255.0,1
241081.0,-0.0271,0.0349,-313.8606,-198.56,1
241091.0,-0.0271,0.0993,-313.9122,-255.0,1
241101.0,-0.026,0.0491,-313.9549,-174.29,1
241110.0,-0.0249,0.0491,-315.1207,-255.0,1
241120.0,-0.0249,0.1091,-317.2156,-139.06,1
241131.0,-0.0238,0.1025,-317.8182,-255.0,1
241141.0,-0.0238,0.0316,-318.3167,-164.54,1
241151.0,-0.0216,0.1331,-319.8596,-255.0,1
241160.0,-0.0216,0.1331,-320.0055,-105.77,1
241171.0,-0.0205,0.0349,-320.1262,-255.0,1
241181.0,-0.0161,0.0731,-321.3566,-109.42,1
241191.0,-0.0151,0.1134,-321.2439,-255.0,1
241201.0,-0.0151,0.036,-321.1507,-120.31,1
241210.0,-0.014,0.036,-322.2041,-255.0,1
241220.0,-0.0129,0.0829,-323.0755,-88.45,1
241231.0,-0.0129,0.0371,-323.7964,-255.0,1
241241.0,-0.0129,0.0469,-324.3928,-99.83,1
241252.0,-0.0118,0.0349,-324.8862,-255.0,1
241261.0,-0.0118,0.0349,-325.2943,-113.15,1
241271.0,-0.0118,0.0796,-325.632,-109.53,1
241281.0,-0.0107,0.0818,-325.9113,-226.93,1
241292.0,-0.0107,-0.0164,-326.1424,-255.0,1
241302.0,-0.0096,0.1047,-327.4641,-98.8,1
241311.0,-0.0107,0.1047,-328.5575,-116.32,1
241321.0,-0.0096,-0.0753,-328.3315,-255.0,1
241332.0,-0.0096,0.0098,-328.1446,-147.3,1
241342.0,-0.0085,0.0796,-329.1204,-120.98,1
241352.0,-0.0096,-0.1091,-329.9277,-230.06,1
241361.0,-0.0085,-0.1091,-330.5956,-255.0,1
241371.0,-0.0074,0.1549,-331.148,-59.87,1
241382.0,-0.0074,0.0425,-331.6051,-172.12,1
241392.0,-0.0074,-0.0382,-331.9832,-176.37,1
241402.0,-0.0063,0.2007,-332.296,-255.0,1
241411.0,-0.0063,0.2007,-332.5548,-19.4,1
241421.0,-0.0052,0.0044,-332.7689,-130.04,1
241432.0,-0.0041,0.0425,-332.946,-120.05,1
241442.0,-0.002,0.2203,-333.0925,133.89,1
241452.0,-0.0009,0.1113,-333.2137,-91.99,1
241461.0,-0.0009,0.1113,-333.314,-98.88,1
241472.0,0.0013,0.1745,-333.3969,-64.03,1
241482.0,0.0024,0.1244,-333.4656,-173.99,1
241492.0,0.0046,0.2247,-334.6528,255.0,1
241502.0,0.0057,0.1113,-334.5045,-112.28,1
241512.0,0.0079,0.1113,-333.2513,-255.0,1
241522.0,0.0089,0.2454,-333.3451,255.0,1
241532.0,0.0111,0.1974,-334.5532,174.16,1
241542.0,0.0122,0.0993,-333.2916,87.54,1
241553.0,0.0166,0.4265,-332.2479,255.0,1
241562.0,0.0166,-0.0033,-332.515,-113.32,1
241572.0,0.0166,0.0731,-331.6054,120.76,1
241582.0,0.0199,0.2858,-329.7225,255.0,1
241592.0,0.0209,0.2836,-329.2953,184.84,1
241603.0,0.0209,-0.0185,-328.9419,-125.62,1
241612.0,0.0231,-0.0185,-327.519,-111.94,1
241622.0,0.0242,0.0676,-326.3419,133.66,1
241633.0,0.0253,0.1233,-325.3682,134.14,1
241643.0,0.0275,0.2749,-324.5626,255.0,1
241653.0,0.0297,0.1953,-323.8962,255.0,1
241662.0,0.0297,0.0295,-323.3448,70.25,1
241673.0,0.0308,0.1396,-321.7582,131.48,1
241683.0,0.0329,0.2073,-320.4457,255.0,1
241693.0,0.034,0.1134,-319.3598,232.51,1
241703.0,0.0362,0.2487,-318.4616,243.24,1
241712.0,0.0384,0.1505,-316.588,149.05,1
241723.0,0.0384,0.0513,-315.038,255.0,1
241733.0,0.0395,0.0927,-313.7557,114.66,1
241743.0,0.0417,0.2683,-311.5644,255.0,1
241753.0,0.0428,0.1156,-310.8821,136.92,1
241763.0,0.0439,0.1156,-309.1871,156.08,1
241773.0,0.0439,0.0927,-306.6544,156.21,1
241783.0,0.0471,0.2269,-305.6897,255.0,1
241793.0,0.0482,0.1167,-304.8917,165.23,1
241803.0,0.0482,0.084,-303.1009,232.38,1
241813.0,0.0493,0.1265,-301.6195,189.17,1
241823.0,0.0515,0.1418,-299.2635,255.0,1
241833.0,0.0526,0.1582,-297.3144,215.28,1
241843.0,0.0537,0.1145,-296.8325,255.0,1
241854.0,0.0548,0.1527,-294.1728,206.59,1
241863.0,0.0559,0.06,-291.9725,178.0,1
241873.0,0.058,0.1985,-290.1523,255.0,1
241884.0,0.058,0.06,-288.6464,216.7,1
241894.0,0.0602,0.1974,-286.2702,255.0,1
241904.0,0.0613,0.0927,-284.3044,211.93,1
241913.0,0.0624,0.1734,-282.6781,255.0,1
241923.0,0.0635,0.0949,-280.2023,240.93,1
241934.0,0.0657,0.1669,-278.1541,255.0,1
241944.0,0.0678,0.1963,-275.3292,255.0,1
241954.0,0.0678,0.0556,-272.9922,255.0,1
241963.0,0.07,0.2029,-271.0589,255.0,1
241974.0,0.0711,0.0949,-269.4595,255.0,1
241984.0,0.0733,0.2585,-267.0059,255.0,1
241994.0,0.0744,0.0927,-263.8456,255.0,1
242004.0,0.0755,0.1811,-262.3617,255.0,1
242014.0,0.0777,0.2269,-261.134,255.0,1
242024.0,0.0798,0.1538,-258.9879,255.0,1
242034.0,0.082,0.2727,-256.0821,255.0,1
242044.0,0.0842,0.1549,-253.6781,255.0,1
242054.0,0.0864,0.2716,-251.6893,255.0,1
242064.0,0.0886,0.2291,-248.9136,255.0,1
242074.0,0.0897,0.1342,-246.6173,255.0,1
242084.0,0.0929,0.2618,-244.7177,255.0,1
242094.0,0.0929,0.0982,-243.1462,255.0,1
242104.0,0.0951,0.132,-241.8461,255.0,1
242114.0,0.0962,0.1614,-239.6401,255.0,1
242124.0,0.0962,-0.0229,-236.6846,255.0,1
242134.0,0.0973,0.1396,-234.2396,255.0,1
242144.0,0.0984,0.0524,-232.2169,255.0,1
242155.0,0.0984,0.0033,-229.4131,255.0,1
242164.0,0.0995,0.1658,-227.0936,255.0,1
242174.0,0.0995,0.0142,-225.1748,255.0,1
242184.0,0.1006,0.0502,-222.4568,255.0,1
242194.0,0.1017,0.1909,-220.2084,255.0,1
242205.0,0.1017,0.0087,-218.3483,255.0,1
242214.0,0.1028,0.0513,-216.8095,255.0,1
242225.0,0.1038,0.1713,-214.406,255.0,1
242235.0,0.1038,-0.0065,-212.4176,255.0,1
242245.0,0.1049,0.0229,-210.7727,255.0,1
242255.0,0.106,0.1167,-208.2814,255.0,1
242265.0,0.1049,-0.0829,-205.09,255.0,1
242275.0,0.1049,-0.0153,-202.4498,255.0,1
242285.0,0.106,0.0982,-201.3961,255.0,1
242295.0,0.1049,-0.0993,-199.3939,255.0,1
242305.0,0.1038,-0.0774,-196.6071,255.0,1
242315.0,0.1049,0.0916,-194.3016,255.0,1
242325.0,0.1049,-0.1004,-192.3943,255.0,1
242335.0,0.1038,-0.1189,-190.8165,255.0,1
242345.0,0.1038,0.0622,-188.3807,255.0,1
242355.0,0.1038,-0.0556,-186.3656,255.0,1
242365.0,0.1028,-0.0807,-184.6986,255.0,1
242375.0,0.1028,0.0044,-182.1891,255.0,1
242385.0,0.1028,0.0065,-180.113,255.0,1
242395.0,0.1017,-0.0818,-178.3955,255.0,1
242405.0,0.1017,-0.024,-175.8441,255.0,1
242415.0,0.1028,-0.0196,-173.7335,255.0,1
242425.0,0.1017,-0.0502,-171.9874,255.0,1
242435.0,0.1006,-0.1069,-169.4124,255.0,1
242445.0,0.0995,-0.0938,-167.2822,255.0,1
242455.0,0.0995,-0.0818,-164.3894,255.0,1
242465.0,0.1006,-0.1593,-161.9963,255.0,1
242476.0,0.0984,-0.1636,-161.147,255.0,1
242486.0,0.0973,-0.1102,-159.314,255.0,1
242496.0,0.0973,-0.1625,-156.6671,255.0,1
242506.0,0.0995,-0.1778,-154.4773,255.0,1
242516.0,0.0973,-0.1494,-152.6658,255.0,1
242526.0,0.0962,-0.1025,-150.0367,255.0,1
242536.0,0.094,-0.1418,-147.8617,255.0,1
242546.0,0.0929,-0.1549,-146.0624,255.0,1
242556.0,0.0918,-0.1178,-143.4434,255.0,1
242566.0,0.0908,-0.096,-141.2767,255.0,1
242576.0,0.0897,-0.1189,-139.4843,250.17,1
242586.0,0.0886,-0.1047,-136.871,255.0,1
242596.0,0.0875,-0.1036,-134.7091,251.28,1
242606.0,0.0875,-0.0447,-132.9206,255.0,1
242616.0,0.0864,-0.0502,-131.441,255.0,1
242626.0,0.0864,-0.0764,-129.0865,255.0,1
242636.0,0.0853,-0.06,-126.0082,255.0,1
242646.0,0.0853,-0.0567,-124.5921,255.0,1
242656.0,0.0853,0.0044,-122.2901,255.0,1
242666.0,0.0842,-0.0327,-120.3857,255.0,1
242676.0,0.0864,-0.0349,-119.9408,255.0,1
242687.0,0.0864,-0.0076,-118.4422,255.0,1
242697.0,0.0864,-0.0327,-114.9414,255.0,1
242707.0,0.0864,0.0065,-112.0453,255.0,1
242717.0,0.0864,-0.0087,-110.78,255.0,1
242727.0,0.0864,-0.0087,-108.6027,255.0,1
242737.0,0.0864,0.0055,-106.8015,255.0,1
242747.0,0.0864,-0.0022,-105.3115,255.0,1
242757.0,0.0864,-0.0175,-102.9483,255.0,1
242767.0,0.0853,-0.0535,-99.8627,255.0,1
242777.0,0.0853,-0.036,-97.3102,255.0,1
242787.0,0.0842,-0.0709,-96.329,255.0,1
242797.0,0.0842,-0.0567,-94.3868,255.0,1
242807.0,0.0831,-0.0829,-91.6496,243.8,1
242817.0,0.0831,-0.0873,-89.3852,250.54,1
242827.0,0.082,-0.1025,-87.5119,229.5,1
242837.0,0.0809,-0.1244,-85.9622,229.47,1
242847.0,0.0798,-0.12,-83.5496,211.05,1
242857.0,0.0798,-0.1374,-80.4233,205.04,1
242867.0,0.0788,-0.1254,-78.9674,204.88,1
242877.0,0.0777,-0.1374,-77.7631,201.32,1
242887.0,0.0755,-0.1604,-75.6362,186.92,1
242898.0,0.0744,-0.1265,-73.8768,185.67,1
242908.0,0.0733,-0.1298,-72.4212,191.88,1
242918.0,0.0722,-0.1309,-71.217,174.47,1
242928.0,0.0711,-0.084,-69.0904,194.23,1
242938.0,0.0711,-0.0622,-66.2006,210.84,1
242948.0,0.07,-0.0633,-64.9404,200.44,1
242958.0,0.07,-0.0087,-63.8979,228.22,1
242968.0,0.07,0.0218,-61.9049,243.82,1
242978.0,0.07,-0.0229,-60.2562,221.72,1
242989.0,0.07,0.0273,-58.8923,247.02,1
242999.0,0.07,0.0316,-57.764,249.38,1
243008.0,0.07,-0.0338,-56.8305,225.18,1
243018.0,0.07,0.0262,-54.9278,245.73,1
243029.0,0.0711,0.0502,-52.2233,255.0,1
243039.0,0.07,-0.0458,-49.9859,221.58,1
243049.0,0.07,0.0055,-48.1349,234.28,1
243058.0,0.07,-0.0065,-45.4732,228.62,1
243069.0,0.07,-0.012,-43.2712,226.16,1
243079.0,0.07,-0.0098,-41.4496,227.47,1
243089.0,0.07,-0.0109,-38.8121,227.02,1
243099.0,0.07,0.0229,-36.6301,244.02,1
243108.0,0.07,-0.0415,-34.8251,211.91,1
243119.0,0.07,0.0033,-33.3318,234.33,1
243129.0,0.07,0.0033,-32.0965,234.38,1
243139.0,0.07,-0.0524,-29.944,211.78,1
243149.0,0.0689,-0.0535,-28.1634,200.92,1
243159.0,0.0678,-0.1014,-26.6903,172.68,1
243169.0,0.0678,-0.0436,-24.3411,201.62,1
243179.0,0.0668,-0.0436,-22.3977,199.39,1
243190.0,0.0668,-0.0698,-20.79,183.95,1
243200.0,0.0668,-0.0011,-18.3295,218.32,1
243209.0,0.0668,-0.0218,-16.294,207.97,1
243219.0,0.0668,-0.0055,-15.7406,216.23,1
243230.0,0.0668,0.0305,-14.1522,234.23,1
243240.0,0.0657,-0.0447,-11.7077,192.17,1
243250.0,0.0668,0.0207,-10.816,229.28,1
243259.0,0.0668,0.0055,-10.0783,221.66,1
243269.0,0.0657,-0.0273,-8.3375,204.03,1
243280.0,0.0668,0.0371,-6.8974,236.97,1
243290.0,0.0668,-0.0011,-4.5755,217.87,1
243300.0,0.0668,-0.0055,-2.6547,215.69,1
243309.0,0.0668,0.0556,-2.1961,246.3,1
243319.0,0.0668,-0.0196,-0.6863,208.66,1
243331.0,0.0668,0.0033,1.6933,220.22,1
243340.0,0.0668,0.0196,3.6618,228.55,1
243351.0,0.0668,-0.0644,5.2903,186.68,1
243359.0,0.0668,0.0153,6.6375,226.61,1
243371.0,0.0668,-0.0218,7.752,208.17,1
243381.0,0.0657,-0.0502,9.8046,189.76,1
243391.0,0.0657,0.024,12.633,227.02,1
243401.0,0.0657,-0.0404,13.8425,194.94,1
243410.0,0.0657,-0.0251,14.843,202.66,1
243420.0,0.0657,0.0545,16.8012,242.6,1
243431.0,0.0657,-0.0382,17.2907,196.29,1
243441.0,0.0657,-0.0207,17.6956,205.07,1
243451.0,0.0657,0.0316,19.1611,231.35,1
243460.0,0.0657,-0.0491,21.5039,191.14,1
243471.0,0.0657,0.0109,23.4421,221.26,1
243481.0,0.0657,0.0218,23.915,226.77,1
243491.0,0.0657,-0.0327,25.4367,199.6,1
243501.0,0.0646,-0.0207,26.6956,201.33,1
243510.0,0.0646,0.0065,27.737,215.04,1
243520.0,0.0646,-0.0196,29.7291,202.08,1
243532.0,0.0646,0.024,31.3771,224.01,1
243542.0,0.0646,-0.0218,32.7404,201.2,1
243552.0,0.0646,-0.0196,33.8682,202.37,1
243560.0,0.0646,0.0175,35.9317,221.05,1
243570.0,0.0646,-0.0284,37.6388,198.26,1
243582.0,0.0646,-0.0087,39.0511,208.18,1
243592.0,0.0646,-0.0022,40.2194,211.54,1
243602.0,0.0646,-0.0316,41.1859,196.89,1
243610.0,0.0646,-0.0033,41.9854,211.14,1
243622.0,0.0646,-0.0098,42.6469,207.93,1
243632.0,0.0646,-0.0196,44.3246,203.14,1
243643.0,0.0646,0.0207,45.7125,223.42,1
243652.0,0.0635,-0.0262,46.8607,195.69,1
243661.0,0.0635,-0.0425,47.8106,187.59,1
243673.0,0.0635,0.0109,48.5964,215.43,1
243682.0,0.0635,-0.0491,50.3769,184.37,1
243693.0,0.0635,0.0044,52.9804,211.29,1
243703.0,0.0635,0.0055,54.0037,211.94,1
243711.0,0.0624,-0.0676,54.8503,171.13,1
243721.0,0.0624,0.0065,55.5506,208.3,1
243733.0,0.0624,0.0131,56.13,211.64,1
243743.0,0.0624,-0.0676,57.7398,181.88,1
243753.0,0.0624,0.0218,59.0716,214.84,1
243761.0,0.0624,-0.0196,60.1733,194.49,1
243771.0,0.0613,-0.0382,61.0847,181.16,1
243783.0,0.0624,0.0447,61.8387,227.23,1
243793.0,0.0624,-0.0076,62.4624,208.59,1
243803.0,0.0624,-0.0131,64.1089,197.79,1
243811.0,0.0624,0.0753,65.471,242.37,1
243821.0,0.0624,-0.0262,66.5979,198.25,1
243833.0,0.0624,-0.0251,67.5301,191.94,1
243843.0,0.0624,0.0415,68.3013,225.6,1
243853.0,0.0624,-0.0578,68.9393,176.28,1
243861.0,0.0613,-0.024,69.467,195.37,1
243871.0,0.0624,0.0305,72.1647,220.23,1
243884.0,0.0613,-0.0382,74.3963,181.97,1
243893.0,0.0613,-0.0109,75.112,210.57,1
243904.0,0.0624,0.0316,75.7041,219.84,1
243912.0,0.0613,-0.0611,76.1939,169.72,1
243922.0,0.0613,-0.0284,76.5991,186.57,1
243934.0,0.0613,0.0033,76.9343,203.83,1
243944.0,0.0602,-0.0556,78.3421,169.22,1
243954.0,0.0613,0.0371,80.6373,220.36,1
243962.0,0.0613,0.0284,81.4055,216.27,1
243974.0,0.0613,0.0087,82.041,215.06,1
243984.0,0.0613,0.0578,83.6973,247.12,1
243994.0,0.0624,0.0513,83.9369,233.78,1
244004.0,0.0624,-0.0185,84.1352,194.87,1
244012.0,0.0624,0.0436,86.5602,226.82,1
244022.0,0.0624,0.0284,88.5664,219.89,1
244034.0,0.0624,-0.0033,90.226,210.92,1
244044.0,0.0635,0.06,91.599,254.92,1
244054.0,0.0635,-0.0065,91.6043,205.51,1
244062.0,0.0635,-0.0349,92.7392,197.42,1
244075.0,0.0635,0.0044,93.6781,211.81,1
244085.0,0.0624,-0.0262,94.4548,192.87,1
244094.0,0.0624,-0.036,96.2279,188.6,1
244104.0,0.0624,0.0273,97.6946,220.76,1
244112.0,0.0624,-0.0262,98.9081,194.46,1
244122.0,0.0624,-0.0371,99.9119,198.78,1
244134.0,0.0624,0.0087,100.7424,211.29,1
244145.0,0.0613,-0.0349,101.4294,186.65,1
244155.0,0.0613,0.0,103.1282,203.39,1
244162.0,0.0624,0.0382,104.5336,227.26,1
244174.0,0.0624,-0.0164,104.5658,200.25,1
244185.0,0.0624,0.0076,104.5924,212.47,1
244194.0,0.0624,0.0469,105.7449,232.36,1
244205.0,0.0624,-0.0447,107.8288,186.85,1
244213.0,0.0624,0.0065,109.5528,212.73,1
244223.0,0.0624,0.0415,109.8485,246.01,1
244235.0,0.0624,-0.0295,110.0931,192.87,1
244245.0,0.0624,-0.0196,111.426,203.61,1
244255.0,0.0624,0.0284,112.5286,222.15,1
244263.0,0.0613,-0.0894,114.5713,162.64,1
244273.0,0.0613,0.0022,116.2612,208.55,1
244285.0,0.0613,0.0262,116.5287,217.4,1
244295.0,0.0613,-0.0709,116.75,170.32,1
244305.0,0.0602,-0.0589,118.0635,171.2,1
244313.0,0.0602,0.0142,119.1502,208.12,1
244323.0,0.0602,-0.048,120.0491,177.34,1
244335.0,0.0602,-0.0175,120.7928,192.87,1
244345.0,0.0602,0.0153,121.4081,227.25,1
244356.0,0.0591,-0.0589,121.917,165.79,1
244363.0,0.0591,-0.0338,122.3381,178.96,1
244373.0,0.0591,0.0273,123.8169,210.1,1
244386.0,0.0591,-0.0371,125.0403,194.11,1
244395.0,0.0591,-0.0273,124.9219,181.52,1
244405.0,0.058,-0.012,125.9544,185.55,1
244413.0,0.058,-0.0851,127.9391,149.71,1
244423.0,0.0569,-0.0916,128.4505,142.56,1
244436.0,0.0569,-0.0273,128.8735,206.55,1
244446.0,0.0559,-0.0818,129.2235,139.63,1
244685.38095238095,0.05226190476190476,-0.08008571428571429,180.3252380952381,120.83809523809524,1
245141.3446712018,0.045332199546485256,-0.07682040816326531,277.6618820861678,85.04399092970522,1
245760.15257531582,0.03592759961127308,-0.07238892128279883,409.7616132167152,36.46627793974733,1
246467.361608589,0.025179485399602016,-0.06732436484798,560.7327345087695,-19.05110833449025,1
247182.9897970202,0.014303417447315822,-0.062199516074651434,713.5011310543005,-75.22941587389732,1
247837.278426443,0.004359583890939872,-0.05751394005332246,853.1750936102146,-126.59243990992665,1
248382.518950962,-0.003926944072706752,-0.053609293368881636,969.5700624068097,-169.3949599399511,1
248797.94030297647,-0.010240489187866086,-0.05063432446645054,1058.2519433946916,-202.00640377235067,1
249087.25160170085,-0.014637422393066334,-0.04856247112368602,1120.0125390826809,-224.7179450127718,1
249270.94131517663,-0.0174291260154157,-0.04724700868383554,1159.2256157099757,-239.13797119716617,1
249376.78157865553,-0.019037679054959858,-0.0464890517542074,1181.8198170047503,-247.4466529510315,1
249431.7635337095,-0.019873291023554226,-0.04609530789466031,1193.5570644306072,-251.76285126472777,1
249457.29086998457,-0.020261253723258755,-0.04591249824558488,1199.0065007354694,-253.76680048180106,1
249467.76362332818,-0.020420417907752918,-0.04583749941519496,1201.242166911823,-254.5889334939337,1
249471.5038923795,-0.020477262259357976,-0.04581071411862713,1202.0406191176637,-254.8825524268382,1
249472.64378389987,-0.02049458625222809,-0.04580255098062551,1202.283956932777,-254.97203629210432,1
249472.93214931426,-0.02049896880994821,-0.045800485901071525,1202.3455156062432,-254.99467357944843,1
249472.9903070449,-0.02049985268713546,-0.04580006941443879,1202.3579308008918,-254.99923908277836,1
249472.99907686142,-0.020499985970203378,-0.04580000661089893,1202.3598029334182,-254.99992753169317,1
249472.99995604102,-0.02049999933191445,-0.04580000031480471,1202.359990615877,-254.99999654912824,1
249473.0,-0.0205,-0.0458,1202.36,-255.0,1
249483.0,-0.0216,-0.0665,2078.8306,-255.0,1
249493.0,-0.0216,-0.0644,1719.7582,-255.0,1
249503.0,-0.0227,-0.0742,1421.577,-255.0,1
249513.0,-0.0227,-0.012,1174.9003,-255.0,1
249523.0,-0.0227,0.0349,971.962,-255.0,1
249533.0,-0.0227,-0.0011,802.9465,-255.0,1
249543.0,-0.0216,0.0535,661.9941,-255.0,1
249553.0,-0.0205,0.108,545.3881,-212.22,1
249563.0,-0.0194,0.1134,448.9232,-139.9,1
249573.0,-0.0183,0.156,369.1206,99.72,1
249583.0,-0.0161,0.2051,303.1021,115.99,1
249593.0,-0.014,0.2127,247.3564,122.87,1
249603.0,-0.0118,0.2018,201.2395,113.17,1
249613.0,-0.0107,0.1647,164.2188,101.89,1
249623.0,-0.0096,0.1451,133.5926,85.07,1
249633.0,-0.0074,0.1331,108.2564,85.81,1
249643.0,-0.0074,0.0709,87.2965,53.29,1
249654.0,-0.0074,0.0011,69.9569,-86.13,1
249664.0,-0.0074,-0.0044,54.4819,-79.19,1
249674.0,-0.0074,-0.0513,42.8103,-102.88,1
249684.0,-0.0085,-0.0774,33.1548,-118.5,1
249694.0,-0.0096,-0.0753,24.0365,-122.26,1
249704.0,-0.0107,-0.1124,17.6237,-141.5,1
249714.0,-0.0118,-0.1254,12.3186,-154.5,1
249724.0,-0.0129,-0.1124,7.9298,-153.08,1
249734.0,-0.014,-0.1353,4.2991,-165.38,1
249744.0,-0.0151,-0.1233,0.165,-167.98,1
249754.0,-0.0161,-0.1058,-3.255,-164.48,1
249764.0,-0.0172,-0.1342,-4.9538,-182.71,1
249774.0,-0.0183,-0.1244,-7.4896,-179.88,1
249784.0,-0.0194,-0.1233,-9.5875,-186.97,1
249794.0,-0.0205,-0.1309,-11.3229,-188.55,1
249804.0,-0.0216,-0.1276,-12.7587,-198.16,1
249814.0,-0.0227,-0.0916,-13.9464,-183.11,1
249824.0,-0.0238,-0.1134,-16.0595,-204.58,1
249834.0,-0.0249,-0.0916,-16.6771,-185.56,1
249844.0,-0.0249,-0.0415,-17.188,-175.91,1
249854.0,-0.026,-0.036,-19.8716,-161.65,1
249865.0,-0.026,-0.0196,-22.0918,-156.55,1
249875.0,-0.026,0.0229,-22.7979,-147.25,1
249885.0,-0.026,0.0044,-23.3821,-141.74,1
249895.0,-0.0249,0.0153,-23.8653,-138.04,1
249905.0,-0.0249,0.0469,-24.2651,-122.24,1
249915.0,-0.0238,0.0556,-25.7264,-109.39,1
249925.0,-0.0238,0.0196,-26.9352,-130.09,1
249935.0,-0.0238,0.0371,-26.8048,-125.72,1
249945.0,-0.0227,0.0229,-26.6968,-120.68,1
249955.0,-0.0227,-0.0011,-27.7381,-138.61,1
249965.0,-0.0227,0.0164,-28.5994,-125.55,1
249975.0,-0.0227,-0.0207,-28.1815,-144.49,1
249985.0,-0.0238,-0.0273,-28.9663,-155.64,1
249995.0,-0.0238,-0.0153,-29.6155,-150.56,1
250005.0,-0.0238,-0.0229,-29.0221,-156.19,1
250015.0,-0.0238,-0.048,-29.6617,-169.32,1
250025.0,-0.0238,-0.0251,-31.3213,-151.14,1
250035.0,-0.0249,-0.0622,-31.5637,-172.38,1
250045.0,-0.026,-0.0622,-31.7643,-180.51,1
250055.0,-0.026,-0.0502,-33.0607,-174.65,1
250065.0,-0.026,-0.0698,-33.0027,-187.67,1
250076.0,-0.0271,-0.0753,-32.9547,-191.25,1
250086.0,-0.0281,-0.0687,-34.0456,-191.48,1
250096.0,-0.0281,-0.0687,-34.9479,-195.95,1
250106.0,-0.0292,-0.0731,-35.6945,-196.94,1
250116.0,-0.0292,-0.0535,-36.312,-196.98,1
250126.0,-0.0303,-0.048,-36.823,-187.25,1
250136.0,-0.0303,-0.0207,-37.2456,-174.29,1
250146.0,-0.0303,-0.0164,-37.5953,-182.08,1
250156.0,-0.0303,-0.012,-39.015,-178.09,1
250166.0,-0.0303,-0.0218,-40.1896,-174.16,1
250176.0,-0.0303,0.0022,-41.1612,-183.85,1
250186.0,-0.0303,-0.0142,-41.965,-168.9,1
250196.0,-0.0314,-0.0131,-42.63,-176.9,1
250206.0,-0.0314,-0.0164,-44.3106,-181.11,1
250216.0,-0.0314,-0.0196,-44.5705,-177.56,1
250226.0,-0.0314,-0.0545,-44.7854,-202.03,1
250236.0,-0.0325,-0.0273,-46.0937,-186.29,1
250247.0,-0.0325,-0.0098,-47.1761,-184.54,1
250257.0,-0.0325,-0.0665,-48.0715,-206.34,1
250267.0,-0.0325,-0.0087,-48.8122,-178.06,1
250276.0,-0.0325,-0.0262,-49.425,-197.75,1
250286.0,-0.0336,-0.0382,-49.9319,-205.03,1
250297.0,-0.0336,0.0218,-50.3513,-174.51,1
250308.0,-0.0336,-0.0393,-51.8287,-196.33,1
250318.0,-0.0336,-0.0087,-53.051,-199.71,1
250327.0,-0.0336,0.0131,-54.0621,-169.3,1
250337.0,-0.0336,-0.0535,-54.8986,-225.58,1
250348.0,-0.0336,-0.0044,-55.5906,-176.94,1
250358.0,-0.0336,-0.0087,-57.2936,-192.99,1
250368.0,-0.0347,-0.0469,-57.5719,-205.29,1
250377.0,-0.0336,0.0415,-57.8021,-155.5,1
250388.0,-0.0336,0.0196,-59.1231,-169.53,1
250398.0,-0.0336,-0.0142,-60.2159,-184.89,1
250408.0,-0.0336,0.0665,-61.12,-164.09,1
250418.0,-0.0336,-0.0044,-61.8679,-178.76,1
250427.0,-0.0336,-0.0273,-62.4866,-198.51,1
250437.0,-0.0325,0.0513,-64.1289,-151.6,1
250448.0,-0.0336,-0.0207,-65.4876,-188.09,1
250458.0,-0.0336,-0.0273,-65.4811,-201.54,1
250469.0,-0.0336,0.0284,-65.4757,-163.65,1
250477.0,-0.0336,-0.0295,-65.4712,-193.29,1
250489.0,-0.0336,0.0044,-66.598,-182.27,1
250499.0,-0.0336,0.0262,-67.5302,-165.96,1
250509.0,-0.0336,-0.0393,-68.3014,-218.1,1
250519.0,-0.0336,-0.0098,-70.0698,-182.53,1
250527.0,-0.0336,0.0044,-71.5328,-194.17,1
250537.0,-0.0336,-0.0491,-72.7431,-201.46,1
250549.0,-0.0336,0.0175,-72.6139,-169.2,1
250559.0,-0.0336,-0.0164,-72.507,-224.62,1
250569.0,-0.0347,-0.0458,-73.549,-201.7,1
250578.0,-0.0347,0.0382,-74.4111,-171.75,1
250589.0,-0.0347,-0.0044,-75.1242,-191.85,1
250599.0,-0.0336,0.0131,-76.8447,-169.45,1
250609.0,-0.0336,0.0076,-78.268,-179.81,1
250619.0,-0.0347,-0.0513,-79.4454,-218.06,1
250628.0,-0.0347,0.0164,-80.4195,-177.6,1
250638.0,-0.0347,0.0131,-80.0948,-193.34,1
250649.0,-0.0347,-0.0338,-80.9568,-197.64,1
250660.0,-0.0347,0.0436,-81.6698,-162.3,1
250670.0,-0.0347,-0.0316,-82.2597,-198.6,1
250678.0,-0.0347,-0.0175,-83.8781,-199.8,1
250690.0,-0.0347,0.0153,-85.2171,-175.9,1
250700.0,-0.0347,-0.0349,-85.1942,-208.02,1
250710.0,-0.0347,-0.0251,-85.1753,-196.59,1
250720.0,-0.0347,0.0251,-86.2902,-190.03,1
250728.0,-0.0347,-0.0404,-87.2125,-217.82,1
250739.0,-0.0347,0.0033,-87.9755,-196.04,1
250750.0,-0.0347,0.0229,-89.7372,-169.64,1
250760.0,-0.0358,-0.0436,-91.1946,-208.68,1
250770.0,-0.0358,0.0142,-91.2698,-180.83,1
250778.0,-0.0347,0.0131,-91.332,-202.99,1
250788.0,-0.0358,-0.0229,-92.5139,-197.62,1
250800.0,-0.0347,0.0273,-94.6222,-179.99,1
250810.0,-0.0347,0.0196,-95.2358,-203.32,1
250821.0,-0.0347,-0.0229,-95.7435,-191.27,1
250829.0,-0.0347,0.0098,-97.2939,-187.14,1
250839.0,-0.0347,-0.0011,-97.4461,-186.26,1
250851.0,-0.0347,0.0098,-97.5719,-185.78,1
250860.0,-0.0347,0.0175,-98.8066,-194.69,1
250871.0,-0.0347,-0.0185,-99.8279,-191.25,1
250879.0,-0.0358,-0.0131,-100.6729,-193.26,1
250891.0,-0.0358,-0.0087,-101.3719,-194.45,1
250901.0,-0.0358,-0.0164,-101.9502,-196.92,1
250911.0,-0.0358,-0.0065,-102.4286,-216.98,1
250921.0,-0.0358,-0.0153,-102.8243,-194.75,1
250929.0,-0.0358,-0.0175,-104.2822,-211.8,1
250939.0,-0.0358,-0.0436,-105.4883,-209.31,1
250951.0,-0.0358,-0.0055,-106.486,-191.45,1
250961.0,-0.0369,-0.0164,-107.3115,-206.44,1
250971.0,-0.0369,-0.012,-107.9943,-205.54,1
250979.0,-0.0358,0.0207,-109.6897,-197.51,1
250989.0,-0.0369,-0.0153,-111.0923,-204.7,1
251001.0,-0.0369,-0.0175,-111.122,-206.28,1
251011.0,-0.0358,0.0305,-111.1467,-192.97,1
251020.0,-0.0358,-0.0022,-112.2976,-188.93,1
251029.0,-0.0358,0.0153,-113.2497,-182.52,1
251039.0,-0.0358,0.0447,-114.0373,-169.73,1
251051.0,-0.0358,-0.0065,-115.8194,-193.92,1
251061.0,-0.0358,-0.0098,-117.2937,-196.37,1
251071.0,-0.0358,0.0273,-117.3828,-190.96,1
251079.0,-0.0358,0.0087,-117.4566,-192.73,1
251090.0,-0.0358,-0.0196,-118.6481,-202.67,1
251102.0,-0.0358,0.0055,-119.6338,-196.94,1
251112.0,-0.0358,-0.0502,-120.4492,-215.96,1
251122.0,-0.0369,-0.0262,-121.1238,-222.73,1
251130.0,-0.0369,-0.0044,-121.6819,-214.83,1
251140.0,-0.0369,-0.0338,-122.1435,-210.26,1
251152.0,-0.0369,-0.0327,-122.5255,-216.13,1
251162.0,-0.0369,0.0,-123.9719,-215.81,1
251172.0,-0.0369,0.0164,-125.1685,-184.86,1
251180.0,-0.0369,-0.0065,-126.1585,-228.03,1
251190.0,-0.0369,-0.0316,-126.9774,-221.89,1
251202.0,-0.0369,-0.0098,-128.7854,-196.14,1
251213.0,-0.0369,0.0109,-130.2811,-203.3,1
251222.0,-0.0369,0.0567,-130.388,-163.95,1
251230.0,-0.0358,0.036,-130.4763,-171.46,1
251240.0,-0.0369,-0.0382,-131.68,-251.92,1
251252.0,-0.0369,-0.0393,-133.8062,-210.88,1
251262.0,-0.0358,0.0545,-134.4347,-164.59,1
251272.0,-0.0358,0.0567,-134.9546,-180.26,1
251280.0,-0.0358,0.0076,-136.5152,-184.8,1
251290.0,-0.0358,-0.0338,-137.8062,-243.77,1
251302.0,-0.0369,-0.0425,-137.7438,-212.15,1
251312.0,-0.0358,0.0458,-137.6921,-186.48,1
251322.0,-0.0347,0.0818,-138.7799,-168.2,1
251330.0,-0.0347,0.0415,-140.8103,-160.68,1
251340.0,-0.0358,-0.0742,-142.49,-225.15,1
251353.0,-0.0358,-0.0338,-142.749,-206.7,1
251363.0,-0.0358,0.0502,-142.9633,-199.61,1
251373.0,-0.0347,0.0633,-144.2711,-171.83,1
251381.0,-0.0347,-0.0349,-145.353,-200.24,1
251391.0,-0.0358,-0.0818,-145.1175,-232.09,1
251403.0,-0.0358,0.0022,-146.0532,-189.36,1
251413.0,-0.0358,0.0382,-146.8273,-190.55,1
251423.0,-0.0358,0.0164,-147.4677,-182.39,1
251431.0,-0.0358,-0.0807,-149.1279,-241.82,1
251441.0,-0.0369,-0.0371,-149.3709,-214.77,1
251453.0,-0.0369,-0.0098,-149.5719,-255.0,1
251463.0,-0.0358,0.0251,-150.8687,-209.77,1
251473.0,-0.0369,-0.0393,-151.9415,-208.22,1
251481.0,-0.0369,-0.0284,-152.829,-205.53,1
251493.0,-0.0369,0.0109,-154.6937,-188.22,1
251503.0,-0.0358,0.0611,-156.2363,-210.89,1
251513.0,-0.0369,-0.0469,-156.382,-213.68,1
251524.0,-0.0369,-0.0327,-157.633,-209.15,1
251531.0,-0.0369,0.0295,-158.6679,-181.16,1
251541.0,-0.0369,0.0338,-159.5241,-210.86,1
251554.0,-0.0369,-0.0469,-160.2324,-216.97,1
251564.0,-0.0369,-0.0218,-160.8183,-206.35,1
251574.0,-0.0369,-0.0044,-162.4335,-199.28,1
251581.0,-0.0369,0.0305,-163.7698,-209.34,1
251591.0,-0.0391,-0.0022,-163.7447,-205.72,1
251603.0,-0.0391,-0.0611,-163.724,-236.64,1
251614.0,-0.0391,0.0011,-164.8373,-206.84,1
251624.0,-0.0391,0.0076,-165.7583,-204.6,1
251631.0,-0.0391,-0.0687,-166.5203,-255.0,1
251641.0,-0.0401,-0.0327,-168.2811,-255.0,1
251654.0,-0.0401,0.0273,-169.7378,-233.41,1
251664.0,-0.0401,-0.0295,-169.8124,-220.59,1
251674.0,-0.0401,-0.0109,-171.0046,-216.82,1
251682.0,-0.0391,0.0578,-173.1214,-176.54,1
251692.0,-0.0391,0.0436,-173.742,-227.1,1
251704.0,-0.0391,-0.0415,-174.2555,-223.44,1
251714.0,-0.0391,0.0305,-175.8107,-189.7,1
251724.0,-0.0391,0.0513,-177.0974,-200.0,1
251732.0,-0.038,0.0393,-178.1618,-181.74,1
251742.0,-0.038,0.0415,-179.0423,-189.65,1
251755.0,-0.038,0.0273,-179.7707,-236.9,1
251765.0,-0.038,0.012,-180.3734,-194.5,1
251775.0,-0.0369,0.0327,-180.8719,-183.87,1
251782.0,-0.0369,0.0251,-182.4148,-184.95,1
251792.0,-0.0369,0.0055,-183.6912,-212.2,1
251805.0,-0.0369,0.0218,-183.6167,-187.48,1
251815.0,-0.0369,-0.0305,-183.555,-215.09,1
251825.0,-0.0369,-0.0153,-184.6345,-255.0,1
251832.0,-0.0369,0.0164,-185.5275,-185.42,1
251842.0,-0.0369,-0.012,-186.2663,-216.79,1
251855.0,-0.038,-0.0611,-188.0079,-255.0,1
251865.0,-0.038,-0.0218,-188.3182,-206.2,1
251875.0,-0.038,0.0087,-188.575,-219.14,1
251882.0,-0.038,-0.0458,-189.9178,-246.7,1
251892.0,-0.0391,-0.0382,-191.0288,-220.33,1
251905.0,-0.0391,-0.0098,-191.9478,-228.95,1
251915.0,-0.0391,-0.0055,-192.7081,-219.12,1
251925.0,-0.0391,-0.0229,-193.3371,-222.29,1
251932.0,-0.0391,-0.0153,-193.8574,-245.03,1
251942.0,-0.0391,0.0164,-195.4184,-195.72,1
251956.0,-0.0391,0.0425,-196.7097,-213.45,1
251965.0,-0.0391,-0.0393,-197.778,-224.35,1
251975.0,-0.0391,0.0109,-198.6618,-201.65,1
251983.0,-0.038,0.0884,-199.3929,-182.47,1
251993.0,-0.038,-0.0545,-201.1283,-230.67,1
252005.0,-0.0391,-0.0131,-202.5638,-216.25,1
252016.0,-0.0369,0.1254,-203.7514,-243.48,1
252026.0,-0.038,-0.0305,-203.6034,-209.46,1
252033.0,-0.0391,-0.1025,-203.481,-253.48,1
252043.0,-0.038,0.1222,-204.5102,-255.0,1
252056.0,-0.0369,0.0142,-205.3616,-175.3,1
252066.0,-0.038,-0.0774,-207.1965,-230.92,1
252076.0,-0.0369,0.0916,-208.7144,-255.0,1
252083.0,-0.0369,0.0698,-208.8397,-145.28,1
252093.0,-0.0369,-0.0491,-210.0738,-210.64,1
252106.0,-0.0358,0.0753,-211.0947,-255.0,1
252116.0,-0.0358,0.084,-211.9393,-131.64,1
252126.0,-0.0358,-0.0491,-213.7685,-204.68,1
252133.0,-0.0347,0.1178,-214.1513,-227.71,1
252143.0,-0.0347,0.0502,-214.4679,-145.71,1
252156.0,-0.0347,-0.0327,-215.8604,-193.38,1
252166.0,-0.0336,0.1004,-217.0123,-255.0,1
252176.0,-0.0336,0.0142,-216.8348,-154.56,1
252183.0,-0.0336,-0.0371,-217.8184,-187.39,1
252193.0,-0.0325,0.1058,-218.6322,-255.0,1
252206.0,-0.0336,-0.024,-219.3053,-168.32,1
252216.0,-0.0336,-0.0153,-220.9928,-255.0,1
252226.0,-0.0325,0.0927,-221.2582,-192.88,1
252233.0,-0.0325,-0.0589,-221.4778,-180.36,1
252243.0,-0.0325,0.0338,-222.7899,-142.65,1
252256.0,-0.0314,0.0938,-223.8755,-115.22,1
252266.0,-0.0325,-0.0393,-223.643,-191.52,1
252277.0,-0.0314,0.0142,-224.5811,-214.13,1
252284.0,-0.0314,0.0709,-225.3573,-241.43,1
252294.0,-0.0314,-0.0687,-225.9993,-193.19,1
252307.0,-0.0314,0.0316,-226.5305,-255.0,1
252317.0,-0.0314,-0.0033,-225.8394,-146.53,1
252327.0,-0.0325,-0.0731,-227.5287,-255.0,1
252334.0,-0.0314,0.0633,-228.9262,-202.46,1
252344.0,-0.0325,-0.0873,-228.9518,-196.08,1
252357.0,-0.0325,-0.024,-230.1035,-173.0,1
252367.0,-0.0325,0.0327,-229.9258,-151.34,1
252377.0,-0.0336,-0.0894,-230.9092,-222.31,1
252384.0,-0.0336,-0.0262,-232.8533,-255.0,1
252394.0,-0.0336,0.0098,-232.2006,-241.7,1
252407.0,-0.0347,-0.1254,-232.7911,-234.93,1
252417.0,-0.0347,0.0185,-234.4102,-255.0,1
252427.0,-0.0347,-0.0338,-234.619,-176.45,1
252434.0,-0.0358,-0.0611,-234.7918,-203.38,1
252444.0,-0.0347,0.0458,-234.9348,-152.71,1
252457.0,-0.0358,-0.0982,-236.1835,-234.96,1
252467.0,-0.0358,0.0175,-238.3471,-253.24,1
252477.0,-0.0358,0.0175,-239.0065,-176.29,1
252484.0,-0.0369,-0.1364,-239.5519,-255.0,1
252494.0,-0.0369,0.0262,-240.0032,-255.0,1
252507.0,-0.0369,-0.0131,-240.3765,-179.7,1
252517.0,-0.0369,-0.0262,-241.8158,-255.0,1
252527.0,-0.0369,0.036,-243.0065,-141.83,1
252534.0,-0.038,-0.0993,-243.9916,-224.84,1
252544.0,-0.0369,0.0589,-244.8065,-255.0,1
252557.0,-0.0369,0.0262,-245.4807,-154.24,1
252567.0,-0.038,-0.1058,-246.0384,-255.0,1
252577.0,-0.0369,0.0709,-246.4997,-255.0,1
252584.0,-0.038,-0.0502,-248.0119,-197.62,1
252595.0,-0.0369,0.0513,-249.2629,-255.0,1
252608.0,-0.0369,0.0338,-250.2978,-138.61,1
252618.0,-0.038,-0.1331,-252.2844,-238.72,1
252628.0,-0.0369,0.1516,-252.7974,-101.67,1
252635.0,-0.0369,-0.0425,-253.2218,-206.49,1
252645.0,-0.0369,0.0131,-254.7034,-255.0,1
252658.0,-0.0358,0.0753,-255.9291,-122.88,1
252668.0,-0.0369,-0.1069,-255.8125,-255.0,1
252678.0,-0.0358,0.1189,-255.7161,-88.01,1
252685.0,-0.0369,-0.0829,-256.7669,-206.35,1
252695.0,-0.0369,0.0338,-257.6361,-255.0,1
252708.0,-0.0358,0.0524,-259.4857,-122.13,1
252718.0,-0.038,-0.1789,-259.8854,-255.0,1
252728.0,-0.0369,0.1222,-260.216,-112.57,1
252735.0,-0.038,-0.1091,-261.62,-220.97,1
252745.0,-0.0369,0.0567,-261.651,-155.25,1
252758.0,-0.0369,0.0196,-262.8071,-170.98,1
252768.0,-0.0391,-0.1702,-263.7635,-255.0,1
252778.0,-0.038,0.096,-263.4243,-134.62,1
252785.0,-0.0391,-0.1374,-263.1436,-255.0,1
252795.0,-0.0391,-0.0327,-264.042,-202.45,1
252808.0,-0.0401,-0.0764,-265.9156,-237.06,1
252818.0,-0.0401,-0.0535,-266.3351,-239.5,1
252828.0,-0.0401,-0.0087,-266.6822,-214.08,1
252835.0,-0.0434,-0.2291,-266.9693,-255.0,1
252845.0,-0.0434,-0.0305,-267.2068,-232.46,1
252858.0,-0.0445,-0.1014,-268.5338,-255.0,1
252868.0,-0.0445,-0.0284,-269.6316,-227.21,1
252878.0,-0.0456,-0.0993,-270.5398,-255.0,1
252885.0,-0.0478,-0.2291,-271.291,-255.0,1
252895.0,-0.0478,0.012,-273.0431,-218.85,1
252908.0,-0.0489,-0.1549,-274.4925,-255.0,1
252919.0,-0.05,-0.0458,-274.5611,-243.64,1
252929.0,-0.0511,-0.168,-275.7483,-255.0,1
252936.0,-0.0521,-0.0927,-276.7304,-255.0,1
252946.0,-0.0532,-0.0829,-277.5429,-255.0,1
252959.0,-0.0543,-0.1691,-279.3456,-255.0,1
252969.0,-0.0554,-0.0469,-279.7064,-255.0,1
252979.0,-0.0565,-0.1876,-280.0049,-255.0,1
252986.0,-0.0576,-0.0698,-281.3823,-255.0,1
252996.0,-0.0587,-0.1647,-282.5218,-255.0,1
253009.0,-0.0598,-0.1233,-284.5949,-255.0,1
253019.0,-0.062,-0.1396,-286.31,-255.0,1
253029.0,-0.0631,-0.1549,-287.7289,-255.0,1
253036.0,-0.0641,-0.1374,-288.9026,-255.0,1
253046.0,-0.0663,-0.1789,-289.8736,-255.0,1
253059.0,-0.0674,-0.1527,-290.6769,-255.0,1
253069.0,-0.0696,-0.1996,-291.3415,-255.0,1
253079.0,-0.0718,-0.1789,-293.0217,-255.0,1
253086.0,-0.074,-0.228,-294.4117,-255.0,1
253096.0,-0.075,-0.2018,-295.5617,-255.0,1
253109.0,-0.0783,-0.2574,-296.513,-255.0,1
253119.0,-0.0805,-0.2498,-297.3,-255.0,1
253129.0,-0.0827,-0.2945,-299.0816,-255.0,1
253136.0,-0.086,-0.3174,-300.5554,-255.0,1
253146.0,-0.0892,-0.3545,-301.7747,-255.0,1
253159.0,-0.0936,-0.3458,-302.7833,-255.0,1
253169.0,-0.0969,-0.4058,-303.6178,-255.0,1
253180.0,-0.1012,-0.4134,-305.4386,-255.0,1
253186.0,-0.1056,-0.4767,-305.8144,-255.0,1
253196.0,-0.11,-0.4898,-306.1253,-255.0,1
253209.0,-0.1165,-0.5858,-307.513,-255.0,1
253219.0,-0.122,-0.5585,-309.7915,-255.0,1
253230.0,-0.1285,-0.7003,-311.6764,-255.0,1
253236.0,-0.135,-0.6709,-312.1053,-255.0,1
253246.0,-0.1427,-0.8334,-312.4601,-255.0,1
253260.0,-0.1503,-0.817,-313.8841,-255.0,1
253270.0,-0.1601,-0.9894,-315.0621,-255.0,1
253280.0,-0.17,-0.9927,-316.0367,-255.0,1
253287.0,-0.1809,-1.1792,-317.9734,-255.0,0
253297.0,-0.1929,-1.2195,-318.4451,-255.0,0
253310.0,-0.207,-1.4061,-318.8353,-255.0,0
253320.0,-0.2201,-1.4094,-320.2886,-255.0,0
253330.0,-0.2343,-1.3952,-321.4909,-255.0,0
253337.0,-0.2463,-1.2446,-321.355,-255.0,0
253347.0,-0.2572,-1.2119,-321.2426,-255.0,0
253360.0,-0.2681,-1.117,-322.2802,-255.0,0
253370.0,-0.2758,-0.7407,-323.1385,-255.0,0
253380.0,-0.279,-0.396,-323.8485,-255.0,0
253387.0,-0.2801,-0.0273,-324.4359,-255.0,0
253397.0,-0.279,0.1244,-323.7913,-255.0,0
253410.0,-0.2758,0.3142,-323.2581,-255.0,0
253420.0,-0.2736,0.204,-323.9475,-255.0,0
253430.0,-0.2714,0.2214,-324.5178,-255.0,0
253437.0,-0.2681,0.3022,-323.8591,-255.0,0
253447.0,-0.2649,0.3862,-323.3141,-255.0,0
253460.0,-0.2605,0.4767,-323.9938,-255.0,0
253470.0,-0.255,0.5552,-324.5562,-255.0,0
253480.0,-0.2496,0.577,-323.8908,-255.0,0
253487.0,-0.243,0.6381,-323.3404,-255.0,0
253497.0,-0.2376,0.5367,-324.0156,-255.0,0
253510.0,-0.2321,0.5367,-324.5741,-255.0,0
253520.0,-0.2299,0.3065,-323.9057,-255.0,0
253531.0,-0.2267,0.2673,-323.3527,-255.0,0
253537.0,-0.2256,0.108,-322.8953,-255.0,0
253547.0,-0.2245,0.0993,-322.5168,-255.0,0
253560.0,-0.2256,-0.0905,-323.3342,-255.0,0
253570.0,-0.2267,-0.072,-322.8799,-255.0,0
253581.0,-0.2289,-0.2803,-322.5042,-255.0,0
253588.0,-0.231,-0.2094,-323.3238,-255.0,0
253598.0,-0.2354,-0.384,-322.8713,-255.0,0
253611.0,-0.2376,-0.252,-322.497,-255.0,0
253621.0,-0.2419,-0.4342,-323.3178,-255.0,0
253631.0,-0.2441,-0.2454,-322.8664,-255.0,0
253638.0,-0.2485,-0.4483,-321.3625,-255.0,0
253648.0,-0.2507,-0.2771,-321.2488,-255.0,0
253661.0,-0.255,-0.3851,-322.2852,-255.0,0
253671.0,-0.2561,-0.1124,-322.0121,-255.0,0
253681.0,-0.2583,-0.2334,-321.7862,-255.0,0
253688.0,-0.2572,0.06,-321.5993,-255.0,0
253698.0,-0.2583,-0.0622,-321.4447,-255.0,0
253711.0,-0.2561,0.2138,-321.3168,-255.0,0
253721.0,-0.255,0.1091,-321.211,-255.0,0
253731.0,-0.2518,0.3469,-321.1235,-255.0,0
253738.0,-0.2496,0.1942,-321.0511,-255.0,0
253748.0,-0.2463,0.3992,-320.9912,-255.0,0
253761.0,-0.2441,0.192,-320.9416,-255.0,0
253771.0,-0.2409,0.3403,-320.9006,-255.0,0
253781.0,-0.2398,0.1298,-320.8667,-255.0,0
253788.0,-0.2376,0.228,-319.7081,-255.0,0
253798.0,-0.2365,0.036,-318.7497,-255.0,0
253811.0,-0.2365,0.0894,-319.0873,-255.0,0
253821.0,-0.2365,-0.0633,-319.3666,-255.0,0
253831.0,-0.2365,-0.0305,-319.5977,-255.0,0
253838.0,-0.2387,-0.1494,-319.7888,-255.0,0
253848.0,-0.2376,-0.12,-319.9469,-255.0,0
253861.0,-0.2387,-0.2138,-318.9472,-255.0,0
253871.0,-0.2398,-0.1669,-318.1202,-255.0,0
253881.0,-0.2419,-0.24,-318.5666,-255.0,0
253888.0,-0.2441,-0.1724,-318.9358,-255.0,0
253899.0,-0.2463,-0.2334,-319.2412,-255.0,0
253911.0,-0.2474,-0.1124,-319.4939,-255.0,0
253921.0,-0.2496,-0.1658,-318.5725,-255.0,0
253932.0,-0.2496,-0.0076,-317.8102,-255.0,0
253939.0,-0.2496,-0.0709,-318.3101,-255.0,0
253949.0,-0.2485,0.0982,-318.7236,-255.0,0
253962.0,-0.2485,0.0327,-317.9352,-255.0,0
253972.0,-0.2463,0.1996,-317.283,-255.0,0
253982.0,-0.2452,0.1014,-317.874,-255.0,0
253989.0,-0.2463,0.2345,-318.3628,-255.0,0
253999.0,-0.2441,0.1265,-317.6367,-255.0,0
254011.0,-0.2419,0.2138,-317.0361,-255.0,0
254022.0,-0.2409,0.096,-317.6697,-255.0,0
254032.0,-0.2419,0.1374,-317.0634,-255.0,0
254039.0,-0.2398,0.0229,-316.5617,-255.0,0
254049.0,-0.2387,0.0567,-317.2773,-255.0,0
254062.0,-0.2398,-0.0327,-316.7387,-255.0,0
254072.0,-0.2398,-0.0316,-316.2932,-255.0,0
254082.0,-0.2409,-0.0916,-317.0551,-255.0,0
254089.0,-0.2419,-0.0993,-317.6854,-255.0,0
254099.0,-0.243,-0.1418,-317.0763,-255.0,0
254112.0,-0.2441,-0.1298,-316.5725,-255.0,0
254122.0,-0.2463,-0.1549,-316.1556,-255.0,0
254132.0,-0.2474,-0.1265,-315.8108,-255.0,0
254139.0,-0.2463,-0.144,-315.5255,-255.0,0
254149.0,-0.2485,-0.0709,-315.2896,-255.0,0
254162.0,-0.2485,-0.0862,-315.0943,-255.0,0
254172.0,-0.2474,0.0131,-314.9328,-255.0,0
254182.0,-0.2452,-0.0196,-314.7992,-255.0,0
254189.0,-0.2463,0.0916,-314.6887,-255.0,0
254199.0,-0.2452,0.0382,-314.5972,-255.0,0
254212.0,-0.243,0.1494,-314.5216,-255.0,0
254222.0,-0.243,0.0676,-314.459,-255.0,0
254232.0,-0.2409,0.1604,-314.4072,-255.0,0
254240.0,-0.2409,0.0774,-314.3644,-255.0,0
254250.0,-0.2387,0.1451,-314.3289,-255.0,0
254262.0,-0.2387,0.0469,-314.2997,-255.0,0
254272.0,-0.2376,0.0873,-314.2754,-255.0,0
254283.0,-0.2365,-0.0011,-314.2553,-255.0,0
254290.0,-0.2354,0.0229,-314.2387,-255.0,0
254300.0,-0.2365,-0.0611,-314.225,-255.0,0
254313.0,-0.2365,-0.0229,-314.2137,-255.0,0
254323.0,-0.2376,-0.1069,-314.2043,-255.0,0
254333.0,-0.2387,-0.0676,-314.1965,-255.0,0
254340.0,-0.2398,-0.1364,-314.1901,-255.0,0
254350.0,-0.2409,-0.0731,-314.1848,-255.0,0
254363.0,-0.2419,-0.1473,-314.1804,-255.0,0
254373.0,-0.2419,-0.0436,-313.0462,-255.0,0
254383.0,-0.243,-0.1222,-312.1079,-255.0,0
254390.0,-0.243,0.0251,-312.4623,-255.0,0
254400.0,-0.2441,-0.0709,-312.7554,-255.0,0
254413.0,-0.243,0.0851,-311.8674,-255.0,0
254423.0,-0.243,-0.0415,-312.2633,-255.0,0
254433.0,-0.2419,0.1287,-312.5908,-255.0,0
254440.0,-0.2419,-0.0076,-311.7312,-255.0,0
254450.0,-0.2409,0.1658,-312.1506,-255.0,0
254463.0,-0.2398,0.0327,-312.4975,-255.0,0
254473.0,-0.2387,0.1669,-311.6541,-255.0,0
254483.0,-0.2387,0.0055,-312.0868,-255.0,0
254490.0,-0.2376,0.1385,-312.4448,-255.0,0
254500.0,-0.2376,-0.0273,-311.6104,-255.0,0
254513.0,-0.2365,0.108,-310.9202,-255.0,0
254523.0,-0.2376,-0.0862,-310.3492,-255.0,0
254533.0,-0.2365,0.0644,-311.0073,-255.0,0
254541.0,-0.2376,-0.1254,-311.5517,-255.0,0
254551.0,-0.2376,0.0229,-310.8716,-255.0,0
254563.0,-0.2398,-0.1636,-310.309,-255.0,0
254573.0,-0.2398,0.0065,-310.974,-255.0,0
254584.0,-0.2409,-0.1691,-311.5242,-255.0,0
254591.0,-0.2409,0.0196,-310.8488,-255.0,0
254601.0,-0.2419,-0.1571,-310.2902,-255.0,0
254614.0,-0.2419,0.048,-309.8279,-255.0,0
254624.0,-0.243,-0.1265,-309.4456,-255.0,0
254634.0,-0.2419,0.0829,-309.1292,-255.0,0
254641.0,-0.243,-0.0862,-309.9981,-255.0,0
254651.0,-0.2419,0.1233,-310.7168,-255.0,0
254664.0,-0.2419,-0.0524,-310.1809,-255.0,0
254674.0,-0.2409,0.1516,-309.7376,-255.0,0
254684.0,-0.2409,-0.0131,-309.3708,-255.0,0
254691.0,-0.2398,0.1844,-309.0674,-255.0,0
254701.0,-0.2398,-0.0207,-308.8164,-255.0,0
254714.0,-0.2376,0.1593,-308.6088,-255.0,0
254724.0,-0.2387,-0.036,-308.437,-255.0,0
254734.0,-0.2376,0.1036,-308.2949,-255.0,0
254741.0,-0.2376,-0.0676,-308.1773,-255.0,0
254751.0,-0.2376,0.0611,-308.0801,-255.0,0
254764.0,-0.2387,-0.0949,-307.9996,-255.0,0
254774.0,-0.2387,0.0098,-307.9331,-255.0,0
254784.0,-0.2398,-0.1145,-307.878,-255.0,0
254791.0,-0.2398,-0.0022,-308.963,-255.0,0
254801.0,-0.2409,-0.1069,-308.73,-255.0,0
254814.0,-0.2409,-0.0251,-307.4068,-255.0,0
254824.0,-0.2419,-0.0851,-307.4426,-255.0,0
254834.0,-0.2419,-0.0153,-307.4723,-255.0,0
254842.0,-0.2419,-0.0447,-307.4968,-255.0,0
254852.0,-0.2419,-0.0055,-307.5171,-255.0,0
254864.0,-0.2419,0.0142,-307.5339,-255.0,0
254874.0,-0.2419,0.0033,-307.5478,-255.0,0
254884.0,-0.2419,0.0491,-306.4288,-255.0,0
254892.0,-0.2419,0.0022,-306.6335,-255.0,0
254902.0,-0.2409,0.0927,-306.803,-255.0,0
254914.0,-0.2409,-0.0098,-306.9431,-255.0,0
254924.0,-0.2398,0.1091,-307.0591,-255.0,0
254935.0,-0.2398,-0.0109,-307.1549,-255.0,0
254942.0,-0.2387,0.1102,-307.2343,-255.0,0
254952.0,-0.2387,-0.0491,-306.1694,-255.0,0
254965.0,-0.2387,0.0862,-305.2885,-255.0,0
254975.0,-0.2387,-0.0807,-305.6902,-255.0,0
254985.0,-0.2387,0.0764,-306.0226,-255.0,0
254992.0,-0.2398,-0.1134,-306.2975,-255.0,0
255002.0,-0.2387,0.0447,-305.3944,-255.0,0
255015.0,-0.2398,-0.1298,-304.6474,-255.0,0
255025.0,-0.2398,0.0404,-305.1599,-255.0,0
255035.0,-0.2409,-0.1331,-305.5838,-255.0,0
255042.0,-0.2409,0.0469,-305.9345,-255.0,0
255052.0,-0.2419,-0.1407,-305.0941,-255.0,0
255065.0,-0.2409,0.0567,-304.3989,-255.0,0
255075.0,-0.2419,-0.0927,-304.9543,-255.0,0
255085.0,-0.2419,0.072,-305.4138,-255.0,0
255092.0,-0.2419,-0.0731,-304.6634,-255.0,0
255102.0,-0.2419,0.0873,-304.0425,-255.0,0
255115.0,-0.2409,-0.0284,-303.529,-255.0,0
255125.0,-0.2409,0.0829,-303.1041,-255.0,0
255135.0,-0.2398,0.0011,-303.8831,-255.0,0
255143.0,-0.2398,0.0742,-304.5276,-255.0,0
255153.0,-0.2398,0.012,-303.9303,-255.0,0
255165.0,-0.2398,0.048,-303.4361,-255.0,0
255175.0,-0.2398,0.024,-304.1578,-255.0,0
255185.0,-0.2387,-0.0185,-303.6243,-255.0,0
255193.0,-0.2387,0.0327,-303.183,-255.0,0
255203.0,-0.2398,-0.036,-303.9484,-255.0,0
255215.0,-0.2398,0.0251,-303.4511,-255.0,0
255225.0,-0.2398,-0.0807,-303.0397,-255.0,0
255235.0,-0.2409,0.0338,-302.6993,-255.0,0
255243.0,-0.2409,-0.1025,-302.4178,-255.0,0
255253.0,-0.2409,0.0404,-302.1849,-255.0,0
255265.0,-0.2409,-0.108,-301.9922,-255.0,0
255275.0,-0.2419,0.0556,-301.8328,-255.0,0
255286.0,-0.2409,-0.1102,-302.8314,-255.0,0
255293.0,-0.2409,0.0796,-302.527,-255.0,0
255303.0,-0.2419,-0.0982,-302.2752,-255.0,0
255316.0,-0.2419,0.0884,-302.0669,-255.0,0
255326.0,-0.2409,-0.0753,-301.8946,-255.0,0
255336.0,-0.2419,0.0982,-301.752,-255.0,0
255343.0,-0.2419,-0.0469,-301.6341,-255.0,0
255353.0,-0.2409,0.0949,-301.5366,-255.0,0
255366.0,-0.2398,-0.0295,-301.4559,-255.0,0
255376.0,-0.2409,0.0764,-301.3891,-255.0,0
255386.0,-0.2398,-0.0349,-300.2033,-255.0,0
255393.0,-0.2398,0.0491,-300.3529,-255.0,0
255404.0,-0.2398,0.0087,-300.4767,-255.0,0
255416.0,-0.2398,-0.0044,-300.579,-255.0,0
255426.0,-0.2398,0.012,-300.6637,-255.0,0
255436.0,-0.2398,-0.0393,-300.7338,-255.0,0
255444.0,-0.2398,0.0251,-300.7917,-255.0,0
255454.0,-0.2409,-0.072,-300.8397,-255.0,0
255466.0,-0.2419,0.0295,-300.8793,-255.0,0
255476.0,-0.2409,-0.1047,-300.9121,-255.0,0
255486.0,-0.2419,0.0535,-299.8088,-255.0,0
255494.0,-0.2419,-0.1102,-298.896,-255.0,0
255504.0,-0.2419,0.0589,-299.2714,-255.0,0
255516.0,-0.2419,-0.1047,-299.582,-255.0,0
255526.0,-0.243,0.0774,-299.8388,-255.0,0
255536.0,-0.2419,-0.0851,-300.0514,-255.0,0
255544.0,-0.2419,0.0742,-300.2272,-255.0,0
255554.0,-0.2419,-0.06,-300.3727,-255.0,0
255566.0,-0.2419,0.0796,-299.3625,-255.0,0
255576.0,-0.2409,-0.0382,-298.5268,-255.0,0
255587.0,-0.2409,0.0611,-298.9659,-255.0,0
255594.0,-0.2409,-0.0055,-299.3293,-255.0,0
255604.0,-0.2409,0.0349,-298.4993,-255.0,0
255616.0,-0.2409,0.0175,-297.8127,-255.0,0
255626.0,-0.2409,-0.0044,-298.3752,-255.0,0
255637.0,-0.2409,0.0371,-297.7101,-255.0,0
255644.0,-0.2409,-0.0556,-297.1598,-255.0,0
255654.0,-0.2409,0.0447,-297.8351,-255.0,0
255667.0,-0.2409,-0.0796,-298.3937,-255.0,0
255677.0,-0.2419,0.0644,-297.7253,-255.0,0
255687.0,-0.2409,-0.0927,-297.1725,-255.0,0
255695.0,-0.2409,0.0796,-297.8456,-255.0,0
255705.0,-0.2419,-0.0982,-298.4024,-255.0,0
255717.0,-0.2419,0.0633,-297.7325,-255.0,0
255727.0,-0.2419,-0.0971,-297.1784,-255.0,0
255737.0,-0.2419,0.0687,-297.8505,-255.0,0
255745.0,-0.2419,-0.0807,-297.2759,-255.0,0
255755.0,-0.2419,0.0502,-296.8007,-255.0,0
255767.0,-0.2419,-0.0524,-297.538,-255.0,0
255777.0,-0.2419,0.0371,-297.0175,-255.0,0
255787.0,-0.2419,-0.0076,-296.5868,-255.0,0
255795.0,-0.2419,0.0076,-296.2306,-255.0,0
255805.0,-0.2419,0.0393,-295.9358,-255.0,0
255817.0,-0.2409,-0.0229,-295.692,-255.0,0
255827.0,-0.2419,0.0687,-295.4903,-255.0,0
255837.0,-0.2409,-0.0654,-296.454,-255.0,0
255845.0,-0.2409,0.0862,-296.1207,-255.0,0
255855.0,-0.2419,-0.0884,-295.8449,-255.0,0
255867.0,-0.2419,0.0818,-295.6168,-255.0,0
255877.0,-0.2409,-0.096,-295.4281,-255.0,0
255887.0,-0.2419,0.0807,-295.272,-255.0,0
255895.0,-0.2419,-0.1287,-295.1429,-255.0,0
255905.0,-0.2419,0.0556,-295.036,-255.0,0
255917.0,-0.2419,-0.0884,-294.9476,-255.0,0
255927.0,-0.243,0.048,-294.8745,-255.0,0
255938.0,-0.243,-0.0665,-294.814,-255.0,0
255945.0,-0.243,0.0371,-294.764,-255.0,0
255955.0,-0.243,-0.0447,-294.7226,-255.0,0
255968.0,-0.243,0.0164,-294.6883,-255.0,0
255978.0,-0.243,-0.0055,-294.66,-255.0,0
255988.0,-0.243,-0.0065,-294.6365,-255.0,0
255996.0,-0.243,0.0316,-294.6172,-255.0,0
256006.0,-0.243,-0.0513,-294.6011,-255.0,0
256018.0,-0.243,0.0753,-293.4573,-255.0,0
256028.0,-0.2419,-0.0578,-293.6416,-255.0,0
256038.0,-0.243,0.0862,-293.7941,-255.0,0
256046.0,-0.243,-0.0818,-293.9203,-255.0,0
256056.0,-0.2419,0.0905,-294.0246,-255.0,0
256068.0,-0.2419,-0.0829,-294.1109,-255.0,0
256078.0,-0.243,0.0818,-294.1823,-255.0,0
256088.0,-0.2419,-0.0709,-293.1109,-255.0,0
256096.0,-0.2419,0.0458,-292.2245,-255.0,0
256106.0,-0.243,-0.0545,-292.6218,-255.0,0
256118.0,-0.243,0.0131,-292.9504,-255.0,0
256128.0,-0.243,-0.0033,-292.0917,-255.0,0
256138.0,-0.243,-0.0382,-292.5119,-255.0,0
256146.0,-0.243,0.0371,-292.8595,-255.0,0
256156.0,-0.243,-0.0502,-292.0166,-255.0,0
256168.0,-0.243,0.0731,-292.4497,-255.0,0
256178.0,-0.2419,-0.0785,-292.8081,-255.0,0
256188.0,-0.243,0.0829,-291.974,-255.0,0
256196.0,-0.243,-0.0916,-291.284,-255.0,0
256206.0,-0.2419,0.0764,-290.7132,-255.0,0
256218.0,-0.2419,-0.0731,-291.3715,-255.0,0
256228.0,-0.243,0.0753,-291.9161,-255.0,0
256239.0,-0.243,-0.0502,-291.2361,-255.0,0
256246.0,-0.243,0.0404,-291.804,-255.0,0
256257.0,-0.243,-0.0087,-292.2739,-255.0,0
256268.0,-0.2419,-0.0087,-291.5321,-255.0,0
256279.0,-0.243,0.0316,-290.9185,-255.0,0
256289.0,-0.2419,-0.048,-291.5413,-255.0,0
256297.0,-0.2419,0.0535,-292.0565,-255.0,0
256307.0,-0.243,-0.0873,-291.3523,-255.0,0
256319.0,-0.243,0.0633,-290.7697,-255.0,0
256329.0,-0.243,-0.0916,-290.2878,-255.0,0
256339.0,-0.243,0.0818,-289.889,-255.0,0
256347.0,-0.243,-0.0938,-290.6896,-255.0,0
256357.0,-0.243,0.072,-291.352,-255.0,0
256369.0,-0.243,-0.0698,-290.7694,-255.0,0
256379.0,-0.243,0.0393,-290.2875,-255.0,0
256389.0,-0.243,-0.0284,-289.8889,-255.0,0
256397.0,-0.243,-0.0011,-289.559,-255.0,0
256408.0,-0.243,0.0164,-289.2862,-255.0,0
256419.0,-0.243,-0.0491,-289.0604,-255.0,0
256429.0,-0.2441,0.0633,-288.8737,-255.0,0
256439.0,-0.243,-0.0687,-288.7192,-255.0,0
256447.0,-0.243,0.0894,-288.5914,-255.0,0
256457.0,-0.243,-0.0785,-288.4857,-255.0,0
256469.0,-0.243,0.0971,-288.3982,-255.0,0
256479.0,-0.243,-0.072,-289.4564,-255.0,0
256489.0,-0.243,0.0785,-289.2013,-255.0,0
256497.0,-0.243,-0.0458,-288.9902,-255.0,0
256508.0,-0.243,0.0349,-288.8156,-255.0,0
256519.0,-0.243,0.0098,-288.6711,-255.0,0
256529.0,-0.243,-0.0251,-289.6821,-255.0,0
256539.0,-0.243,0.0229,-288.2575,-255.0,0
256548.0,-0.243,-0.0611,-287.079,-255.0,0
256558.0,-0.243,0.0665,-287.2345,-255.0,0
256569.0,-0.2419,-0.0687,-287.3632,-255.0,0
256579.0,-0.2419,0.1222,-287.4696,-255.0,0
256590.0,-0.2409,-0.0338,-287.5576,-255.0,0
256598.0,-0.2409,0.1484,-287.6305,-255.0,0
256608.0,-0.2409,0.0458,-286.5602,-255.0,0
256620.0,-0.2376,0.1614,-285.6748,-255.0,0
256630.0,-0.2354,0.1233,-284.9424,-255.0,0
256640.0,-0.2343,0.2007,-284.3365,-255.0,0
256648.0,-0.2343,0.1582,-283.8351,-255.0,0
256658.0,-0.2332,0.1505,-283.4205,-255.0,0
256670.0,-0.231,0.1364,-283.0774,-255.0,0
256680.0,-0.2299,0.0905,-281.6631,-255.0,0
256690.0,-0.2289,0.1036,-280.4931,-255.0,0
256698.0,-0.2289,0.0273,-279.5252,-255.0,0
256709.0,-0.2289,0.0633,-278.7245,-255.0,0
256720.0,-0.2289,-0.0436,-278.062,-255.0,0
256730.0,-0.2299,0.0065,-277.514,-255.0,0
256740.0,-0.2299,-0.0949,-277.0607,-255.0,0
256749.0,-0.2299,-0.0251,-276.6856,-255.0,0
256759.0,-0.231,-0.1091,-276.3754,-255.0,0
256770.0,-0.2332,-0.0665,-276.1187,-255.0,0
256780.0,-0.2343,-0.0938,-274.7758,-255.0,0
256790.0,-0.2343,-0.0851,-273.6649,-255.0,0
256799.0,-0.2343,-0.06,-272.7459,-255.0,0
256809.0,-0.2343,-0.0262,-271.9857,-255.0,0
256820.0,-0.2354,-0.0262,-271.3567,-255.0,0
256830.0,-0.2354,-0.0153,-269.7059,-255.0,0
256841.0,-0.2354,-0.0153,-269.4707,-255.0,0
256849.0,-0.2354,0.0,-269.2762,-255.0,0
256859.0,-0.2343,0.0502,-267.9847,-255.0,0
256870.0,-0.2332,0.0502,-266.9163,-255.0,0
256881.0,-0.2332,0.0654,-266.0325,-255.0,0
256891.0,-0.2321,0.0524,-266.4318,-255.0,0
256899.0,-0.2321,0.0436,-265.6317,-255.0,0
256910.0,-0.2321,0.0905,-263.8392,-255.0,0
256921.0,-0.231,0.0109,-263.4869,-255.0,0
256931.0,-0.231,0.0884,-263.1954,-255.0,0
256941.0,-0.2299,0.0131,-262.9543,-255.0,0
256949.0,-0.2299,0.0458,-261.6243,-255.0,0
256960.0,-0.2299,0.036,-260.524,-255.0,0
256971.0,-0.2299,-0.0164,-259.6138,-255.0,0
256981.0,-0.2299,0.036,-257.7303,-255.0,0
256991.0,-0.2299,-0.0535,-257.3027,-255.0,0
257000.0,-0.2299,0.0011,-256.9489,-255.0,0
257010.0,-0.231,-0.024,-256.6562,-255.0,0
257021.0,-0.231,-0.0491,-256.4141,-255.0,0
257031.0,-0.231,0.0164,-255.0833,-255.0,0
257041.0,-0.231,-0.0556,-253.9823,-255.0,0
257050.0,-0.231,0.0175,-253.0715,-255.0,0
257060.0,-0.231,-0.0109,-252.3181,-255.0,0
257071.0,-0.231,-0.0458,-251.6948,-255.0,0
257081.0,-0.2321,0.036,-251.1791,-255.0,0
257091.0,-0.2321,-0.0458,-249.622,-255.0,0
257100.0,-0.2321,0.0175,-248.3339,-255.0,0
257110.0,-0.2321,0.024,-248.3988,-255.0,0
257121.0,-0.231,-0.048,-247.3219,-255.0,0
257131.0,-0.231,-0.024,-245.3006,-255.0,0
257141.0,-0.231,0.0185,-244.7589,-255.0,0
257150.0,-0.231,0.0185,-244.3108,-255.0,0
257160.0,-0.231,0.048,-243.94,-255.0,0
257171.0,-0.231,0.0774,-243.6333,-255.0,0
257181.0,-0.231,-0.0164,-242.2491,-255.0,0
257192.0,-0.231,-0.0393,-241.104,-255.0,0
257200.0,-0.231,-0.0393,-240.1567,-255.0,0
257211.0,-0.231,0.0665,-239.373,-255.0,0
257221.0,-0.231,0.0,-238.7246,-255.0,0
257232.0,-0.231,-0.0142,-238.1883,-255.0,0
257242.0,-0.2332,-0.1385,-237.7446,-255.0,0
257250.0,-0.2332,-0.1385,-237.3775,-255.0,0
257261.0,-0.2332,0.0404,-235.9433,-255.0,0
257272.0,-0.2343,-0.0589,-234.7569,-255.0,0
257282.0,-0.2332,0.0295,-234.9059,-255.0,0
257292.0,-0.2343,-0.12,-233.8986,-255.0,0
257301.0,-0.2343,-0.12,-233.0654,-255.0,0
257311.0,-0.2343,0.0164,-232.376,-255.0,0
257322.0,-0.2354,-0.1145,-230.6752,-255.0,0
257332.0,-0.2354,0.0785,-230.3987,-255.0,0
257342.0,-0.2354,-0.0545,-230.17,-255.0,0
257351.0,-0.2365,-0.0545,-228.8503,-255.0,0
257361.0,-0.2354,-0.0654,-228.889,-255.0,0
257372.0,-0.2365,-0.0687,-228.921,-255.0,0
257382.0,-0.2354,0.0207,-227.817,-255.0,0
257392.0,-0.2343,0.1025,-226.9037,-255.0,0
257401.0,-0.2343,0.1025,-226.1482,-255.0,0
257412.0,-0.2343,-0.0644,-225.5231,-255.0,0
257422.0,-0.2332,0.0949,-225.006,-255.0,0
257432.0,-0.2343,-0.0709,-223.4478,-255.0,0
257442.0,-0.2332,0.1233,-223.2892,-255.0,0
257451.0,-0.2332,0.1233,-223.1579,-255.0,0
257462.0,-0.2332,0.0044,-221.9189,-255.0,0
257472.0,-0.2321,0.1494,-222.0244,-255.0,0
257482.0,-0.2321,-0.0153,-220.9811,-255.0,0
257493.0,-0.2321,-0.0371,-218.9875,-255.0,0
257501.0,-0.231,-0.0371,-218.4688,-255.0,0
257512.0,-0.231,0.1778,-218.0397,-255.0,0
257522.0,-0.231,-0.0076,-216.5542,-255.0,0
257533.0,-0.2299,0.1538,-216.4558,-255.0,0
257543.0,-0.231,-0.0774,-216.3744,-255.0,0
257552.0,-0.231,-0.0774,-215.1765,-255.0,0
257562.0,-0.2299,-0.0142,-214.1856,-255.0,0
257573.0,-0.231,-0.1265,-213.3658,-255.0,0
257583.0,-0.231,-0.0273,-212.6876,-255.0,0
257593.0,-0.2299,0.0731,-212.1266,-255.0,0
257602.0,-0.2321,0.0731,-210.5319,-255.0,0
257612.0,-0.2321,-0.1604,-209.2128,-255.0,0
257623.0,-0.2321,0.0349,-209.2519,-255.0,0
257633.0,-0.2343,-0.1778,-209.2843,-255.0,0
257643.0,-0.2343,-0.0513,-208.1806,-255.0,0
257652.0,-0.2343,-0.0513,-207.2676,-255.0,0
257662.0,-0.2354,0.036,-206.5122,-255.0,0
257673.0,-0.2365,-0.0535,-205.8874,-255.0,0
257683.0,-0.2354,0.048,-206.5009,-255.0,0
257693.0,-0.2376,-0.1407,-205.878,-255.0,0
257702.0,-0.2376,-0.1407,-204.2322,-255.0,0
257713.0,-0.2365,-0.0305,-204.0011,-255.0,0
257723.0,-0.2376,-0.0731,-203.81,-255.0,0
257733.0,-0.2376,0.0065,-202.5213,-255.0,0
257743.0,-0.2365,0.0982,-201.4553,-255.0,0
257752.0,-0.2365,0.0982,-200.5734,-255.0,0
257763.0,-0.2376,-0.048,-199.8438,-255.0,0
257773.0,-0.2365,0.0916,-200.3708,-255.0,0
257783.0,-0.2365,-0.0535,-200.8067,-255.0,0
257794.0,-0.2376,-0.0818,-200.0368,-255.0,0
257803.0,-0.2365,-0.0818,-199.3999,-255.0,0
257813.0,-0.2376,-0.0349,-198.873,-255.0,0
257824.0,-0.2387,-0.1025,-197.3067,-255.0,0
257833.0,-0.2376,0.0404,-197.1413,-255.0,0
257844.0,-0.2376,-0.0164,-198.1351,-255.0,0
257853.0,-0.2387,-0.0164,-196.6962,-255.0,0
257863.0,-0.2387,-0.0982,-195.5058,-255.0,0
257874.0,-0.2387,0.0284,-195.6515,-255.0,0
257884.0,-0.2387,-0.0742,-195.7721,-255.0,0
257894.0,-0.2387,0.0284,-194.7413,-255.0,0
257903.0,-0.2376,0.0284,-193.8886,-255.0,0
257913.0,-0.2387,-0.0382,-194.3137,-255.0,0
257924.0,-0.2387,0.0153,-193.5349,-255.0,0
257934.0,-0.2376,0.1047,-192.8905,-255.0,0
257944.0,-0.2376,-0.0175,-193.488,-255.0,0
257953.0,-0.2376,-0.0175,-192.8518,-255.0,0
257963.0,-0.2365,0.084,-192.3254,-255.0,0
257974.0,-0.2365,-0.0033,-193.0205,-255.0,0
257984.0,-0.2376,-0.0796,-192.465,-255.0,0
257994.0,-0.2376,0.0284,-190.875,-255.0,0
258004.0,-0.2376,0.0055,-190.6901,-255.0,0
258014.0,-0.2387,-0.1004,-190.5371,-255.0,0
258024.0,-0.2387,-0.0131,-189.2801,-255.0,0
258034.0,-0.2387,0.0022,-189.3707,-255.0,0
258044.0,-0.2398,-0.0884,-189.4456,-255.0,0
258054.0,-0.2398,-0.0884,-188.3771,-255.0,0
258064.0,-0.2398,0.0109,-188.6237,-255.0,0
258074.0,-0.2409,-0.0622,-188.8277,-255.0,0
258084.0,-0.2419,-0.1058,-187.8659,-255.0,0
258095.0,-0.2409,0.0142,-188.2008,-255.0,0
258104.0,-0.2419,-0.0284,-188.4778,-255.0,0
258114.0,-0.243,-0.1134,-187.5765,-255.0,0
258125.0,-0.243,-0.012,-186.8308,-255.0,0
258134.0,-0.243,0.0011,-187.3445,-255.0,0
258145.0,-0.243,-0.0698,-187.7694,-255.0,0
258154.0,-0.2441,-0.0513,-186.9904,-255.0,0
258164.0,-0.243,0.0644,-186.346,-255.0,0
258175.0,-0.243,-0.0044,-186.9434,-255.0,0
258185.0,-0.2441,-0.0491,-187.4376,-255.0,0
258195.0,-0.243,0.0698,-186.7159,-255.0,0
258204.0,-0.2419,0.0698,-186.1189,-255.0,0
258214.0,-0.243,-0.0273,-186.7555,-255.0,0
258225.0,-0.2419,0.0415,-187.2822,-255.0,0
258235.0,-0.2419,0.0829,-186.5874,-255.0,0
258245.0,-0.2419,-0.0131,-186.0126,-255.0,0
258255.0,-0.2419,-0.0185,-185.5371,-255.0,0
258265.0,-0.2409,0.0578,-186.2742,-255.0,0
258275.0,-0.2409,0.0033,-186.884,-255.0,0
258285.0,-0.2409,-0.0709,-186.2579,-255.0,0
258295.0,-0.2409,0.0076,-185.7401,-255.0,0
258305.0,-0.2409,0.0076,-185.3116,-255.0,0
258315.0,-0.2419,-0.0764,-186.0877,-255.0,0
258325.0,-0.2419,-0.0393,-185.5992,-255.0,0
258335.0,-0.2419,0.0196,-184.0646,-255.0,0
258345.0,-0.2419,-0.0295,-185.056,-255.0,0
258355.0,-0.243,-0.0295,-185.8762,-255.0,0
258365.0,-0.2419,0.0556,-185.4243,-255.0,0
258375.0,-0.2419,0.0185,-185.0504,-255.0,0
258385.0,-0.2419,-0.0535,-184.741,-255.0,0
258396.0,-0.2419,0.0207,-184.4852,-255.0,0
258405.0,-0.2409,0.0676,-184.2735,-255.0,0
258416.0,-0.2409,-0.0164,-185.2288,-255.0,0
258426.0,-0.2409,-0.0011,-186.0192,-255.0,0
258436.0,-0.2409,0.0687,-185.5425,-255.0,0
258446.0,-0.2409,-0.0109,-185.1482,-255.0,0
258455.0,-0.2409,-0.06,-184.822,-255.0,0
258465.0,-0.2409,0.036,-184.5521,-255.0,0
258476.0,-0.2409,0.0425,-184.3289,-255.0,0
258486.0,-0.2409,-0.048,-184.1442,-255.0,0
258496.0,-0.2409,-0.0273,-183.9914,-255.0,0
258506.0,-0.2409,0.0436,-183.865,-255.0,0
258516.0,-0.2409,-0.024,-183.7604,-255.0,0
258526.0,-0.2409,-0.0731,-183.6739,-255.0,0
258536.0,-0.2409,0.0196,-183.6024,-255.0,0
258546.0,-0.2409,0.0033,-183.5432,-255.0,0
258556.0,-0.2419,-0.0633,-183.4942,-255.0,0
258566.0,-0.2419,0.0,-183.4537,-255.0,0
258576.0,-0.2409,0.0393,-183.4201,-255.0,0
258586.0,-0.2419,-0.0273,-183.3924,-255.0,0
258596.0,-0.2419,-0.0382,-183.3695,-255.0,0
258606.0,-0.2409,0.0458,-183.3505,-255.0,0
258616.0,-0.2398,0.0273,-183.3348,-255.0,0
258626.0,-0.2409,-0.0327,-183.3218,-255.0,0
258636.0,-0.2398,0.0305,-183.3111,-255.0,0
258646.0,-0.2398,0.0491,-183.3022,-255.0,0
258656.0,-0.2398,-0.0142,-183.2948,-255.0,0
258666.0,-0.2398,-0.0305,-183.2887,-255.0,0
258676.0,-0.2398,0.0436,-183.2837,-255.0,0
258686.0,-0.2387,0.0055,-183.2795,-255.0,0
258697.0,-0.2398,-0.0665,-183.2761,-255.0,0
258706.0,-0.2398,0.0109,-182.1427,-255.0,0
258717.0,-0.2387,0.0218,-182.3356,-255.0,0
258727.0,-0.2398,-0.0425,-183.6257,-255.0,0
258737.0,-0.2398,-0.0305,-182.432,-255.0,0
258747.0,-0.2398,0.0262,-181.4444,-255.0,0
258757.0,-0.2398,-0.0065,-181.758,-255.0,0
258767.0,-0.2398,-0.0709,-182.0173,-255.0,0
258777.0,-0.2398,0.0229,-182.2319,-255.0,0
258787.0,-0.2398,0.024,-182.4094,-255.0,0
258797.0,-0.2398,-0.0349,-182.5563,-255.0,0
258807.0,-0.2398,-0.0142,-181.5473,-255.0,0
258817.0,-0.2398,0.0458,-180.7125,-255.0,0
258827.0,-0.2398,0.0,-181.1525,-255.0,0
258837.0,-0.2398,-0.0425,-181.5164,-255.0,0
258847.0,-0.2398,0.0371,-181.8175,-255.0,0
258857.0,-0.2398,0.036,-182.0666,-255.0,0
258867.0,-0.2398,-0.0262,-181.1422,-255.0,0
258877.0,-0.2398,-0.0153,-180.3774,-255.0,0
258887.0,-0.2387,0.0393,-180.8752,-255.0,0
258897.0,-0.2387,-0.0153,-181.2871,-255.0,0
258907.0,-0.2398,-0.0556,-181.6278,-255.0,0
258917.0,-0.2398,0.024,-180.7791,-255.0,0
258927.0,-0.2398,0.0098,-180.0771,-255.0,0
258937.0,-0.2398,-0.0469,-180.6268,-255.0,0
258947.0,-0.2398,-0.0175,-181.0815,-255.0,0
258957.0,-0.2398,0.0338,-180.3272,-255.0,0
258967.0,-0.2398,-0.0262,-179.7032,-255.0,0
258977.0,-0.2398,-0.0371,-180.3175,-255.0,0
258988.0,-0.2398,0.024,-179.6952,-255.0,0
258998.0,-0.2398,0.0087,-180.3109,-255.0,0
259008.0,-0.2398,-0.0469,-180.8202,-255.0,0
259018.0,-0.2398,0.0,-180.111,-255.0,0
259028.0,-0.2398,0.0469,-180.6549,-255.0,0
259038.0,-0.2398,0.0033,-181.1048,-255.0,0
259048.0,-0.2398,-0.0415,-180.3465,-255.0,0
259058.0,-0.2387,0.0371,-179.7191,-255.0,0
259068.0,-0.2387,0.0142,-180.3307,-255.0,0
259078.0,-0.2387,-0.0251,-179.7061,-255.0,0
259088.0,-0.2387,-0.0098,-179.1894,-255.0,0
259098.0,-0.2387,0.0458,-179.8924,-255.0,0
259108.0,-0.2387,-0.0109,-179.3435,-255.0,0
259118.0,-0.2387,-0.0535,-178.8894,-255.0,0
259128.0,-0.2387,0.0142,-178.5137,-255.0,0
259138.0,-0.2387,0.0044,-178.203,-255.0,0
259148.0,-0.2387,-0.0371,-179.0764,-255.0,0
259158.0,-0.2387,-0.0055,-178.6684,-255.0,0
259168.0,-0.2376,0.0513,-178.3309,-255.0,0
259178.0,-0.2376,-0.0076,-179.1823,-255.0,0
259188.0,-0.2387,-0.0513,-178.756,-255.0,0
259199.0,-0.2376,0.0273,-178.4034,-255.0,0
259209.0,-0.2376,0.0207,-179.2422,-255.0,0
259219.0,-0.2376,-0.0338,-178.8056,-255.0,0
259229.0,-0.2376,-0.0142,-178.4444,-255.0,0
259239.0,-0.2376,0.0436,-178.1456,-255.0,0
259249.0,-0.2376,0.0,-177.8985,-255.0,0
259259.0,-0.2376,-0.0469,-178.8245,-255.0,0
259269.0,-0.2376,0.0371,-178.46,-255.0,0
259279.0,-0.2376,0.0316,-178.1585,-255.0,0
259289.0,-0.2376,-0.0207,-179.0396,-255.0,0
259299.0,-0.2376,-0.0284,-178.638,-255.0,0
259309.0,-0.2376,0.0295,-177.1753,-255.0,0
259319.0,-0.2376,-0.0033,-177.0957,-255.0,0
259329.0,-0.2376,-0.0458,-178.1604,-255.0,0
259339.0,-0.2376,0.0087,-177.9107,-255.0,0
259349.0,-0.2376,0.0251,-177.7041,-255.0,0
259359.0,-0.2376,-0.0251,-177.5332,-255.0,0
259369.0,-0.2387,-0.0284,-177.3918,-255.0,0
259379.0,-0.2376,0.0262,-177.2748,-255.0,0
259389.0,-0.2376,-0.0022,-177.178,-255.0,0
259399.0,-0.2376,-0.0382,-177.098,-255.0,0
259410.0,-0.2376,0.0033,-175.9013,-255.0,0
259420.0,-0.2376,0.0175,-176.0417,-255.0,0
259430.0,-0.2376,-0.0164,-177.2885,-255.0,0
259440.0,-0.2376,-0.036,-177.1893,-255.0,0
259450.0,-0.2376,0.0316,-175.9768,-255.0,0
259460.0,-0.2376,0.0098,-176.1043,-255.0,0
259470.0,-0.2376,-0.0436,-177.3402,-255.0,0
259480.0,-0.2376,-0.0033,-177.2321,-255.0,0
259490.0,-0.2376,0.0382,-176.0122,-255.0,0
259500.0,-0.2376,-0.0044,-176.1335,-255.0,0
259510.0,-0.2376,-0.0371,-176.2339,-255.0,0
259520.0,-0.2376,0.0196,-175.1864,-255.0,0
259530.0,-0.2365,0.0229,-175.4504,-255.0,0
259540.0,-0.2376,-0.0305,-176.7993,-255.0,0
259550.0,-0.2376,-0.024,-176.7846,-255.0,0
259560.0,-0.2376,0.0393,-175.642,-255.0,0
259751.61904761905,-0.2162,0.03675238095238095,-253.49400476190476,-230.71428571428572,0
260116.60770975056,-0.17543809523809525,0.03189977324263039,-401.78353764172334,-184.45578231292518,0
260611.94946550048,-0.12011836734693879,0.025314091350826046,-603.03361797862,-121.67638483965015,1
261178.05432921468,-0.05689582118561712,0.017787597760192512,-833.0337097922162,-49.928502013050135,1
261750.89853654453,0.007079374334767893,0.010171503055384772,-1065.7718979369265,22.67352227577132,1
262274.64181181754,0.06557098166769135,0.00320821646813198,-1278.561098526376,89.05251591126522,1
262711.09454121167,0.11431398777846088,-0.00259452235457868,-1455.8854323509174,144.3683439408435,1
263043.6299540834,0.15145151624380912,-0.007015656695691564,-1590.989686693425,186.51373672528405,1
263275.2171166191,0.17731515213931948,-0.010094660968966608,-1685.0801495391001,215.864992414448,0
263422.2565848957,0.19373650826345307,-0.012049584317077748,-1744.8201259490525,234.50071031232991,0
263506.97932614083,0.203198337268311,-0.013175992531941785,-1779.2417314043107,245.23843348206185,0
263550.9911397746,0.20811357311499043,-0.013761139656546479,-1797.1230848875618,250.81647149231222,0
263571.4251961046,0.21039564690094872,-0.014032815107255802,-1805.4251418619283,253.4062748542142,0
263579.80839870154,0.21133188230031624,-0.0141442717024186,-1808.8311139539762,254.46875828473807,0
263582.802399629,0.21166625208580464,-0.014184077629262458,-1810.047532558279,254.8482166527823,0
263583.7148570545,0.2117681552585249,-0.014196208959348205,-1810.418250609114,254.96386110780531,0
263583.94568705803,0.2117939343349571,-0.014199277897018706,-1810.5120334493552,254.99311640148673,0
263583.99224100827,0.21179913347642243,-0.014199896842431245,-1810.5309476356222,254.9990166287838,0
263583.9992610484,0.21179991747394497,-0.014199990175469643,-1810.5337997748213,254.99990634559845,0
263583.99996481184,0.21179999607018785,-0.014199999532165221,-1810.534085703563,254.99999554026658,0
263584.0,0.2118,-0.0142,-1810.5341,255.0,0
263594.0,0.2118,0.0022,-3148.3376,255.0,0
263604.0,0.2118,0.0011,-2604.5315,255.0,0
263612.0,0.2118,0.0142,-2154.6558,255.0,0
263624.0,0.2118,0.012,-1782.4862,255.0,0
263634.0,0.2118,0.0218,-1474.6008,255.0,0
263644.0,0.2129,0.0251,-1219.8958,255.0,0
263654.0,0.2129,0.024,-1009.1855,255.0,0
263663.0,0.2129,0.0098,-834.8709,255.0,0
263673.0,0.2129,0.0,-690.6653,255.0,0
263684.0,0.2129,0.012,-571.368,255.0,0
263695.0,0.2129,0.0065,-472.6767,255.0,0
263705.0,0.2129,-0.0022,-391.0322,255.0,0
263713.0,0.2129,-0.0022,-323.4899,255.0,0
263725.0,0.2129,0.0022,-267.6141,255.0,0
263735.0,0.2129,0.0087,-221.3897,255.0,0
263745.0,0.2129,0.0076,-183.1495,255.0,0
263755.0,0.2129,0.0098,-151.5144,255.0,0
263763.0,0.2129,0.0087,-125.3436,255.0,0
263773.0,0.2129,0.0164,-103.6933,255.0,0
263785.0,0.2129,0.0098,-85.7825,255.0,0
263795.0,0.2129,0.0175,-70.9655,255.0,0
263805.0,0.2129,0.0164,-58.7078,255.0,0
263813.0,0.2129,0.0131,-48.5673,255.0,0
263825.0,0.2129,0.0022,-40.1783,255.0,0
263835.0,0.2129,-0.0022,-33.2384,255.0,0
263845.0,0.2129,0.0076,-27.4972,255.0,0
263855.0,0.2129,-0.0011,-22.7477,255.0,0
263863.0,0.2129,-0.0044,-18.8185,255.0,0
263874.0,0.214,0.0207,-15.568,255.0,0
263885.0,0.2129,-0.0295,-12.879,255.0,0
263895.0,0.214,0.0338,-10.6544,255.0,0
263905.0,0.214,0.0284,-8.8141,255.0,0
263913.0,0.214,0.0262,-7.2917,255.0,0
263923.0,0.214,0.0404,-6.0322,255.0,0
263936.0,0.2151,0.0425,-4.9903,255.0,0
263946.0,0.2151,0.0371,-4.1283,255.0,0
263955.0,0.2162,0.0425,-3.4152,255.0,0
263964.0,0.2162,0.0469,-2.8253,255.0,0
263974.0,0.2162,0.0229,-2.3373,255.0,0
263986.0,0.2162,0.0316,-1.9336,255.0,0
263996.0,0.2173,0.0327,-1.5996,255.0,0
264006.0,0.2173,0.024,-1.3233,255.0,0
264014.0,0.2173,0.024,-1.0947,255.0,0
264026.0,0.2173,0.0207,-0.9056,255.0,0
264036.0,0.2173,0.0109,-0.7492,255.0,0
264046.0,0.2173,0.0033,-0.6198,255.0,0
264056.0,0.2173,0.0,-0.5127,255.0,0
264064.0,0.2173,-0.0011,-0.4242,255.0,0
264075.0,0.2173,-0.0033,-0.3509,255.0,0
264087.0,0.2173,-0.0687,-0.2903,255.0,0
264097.0,0.2173,0.0087,-0.2402,255.0,0
264107.0,0.2173,-0.0175,-0.1987,255.0,0
264114.0,0.2173,-0.0011,-0.1644,255.0,0
264126.0,0.2173,-0.012,-0.136,255.0,0
264136.0,0.2173,0.0044,-0.1125,255.0,0
264146.0,0.2173,0.0022,-0.0931,255.0,0
264156.0,0.2173,0.0076,-0.077,255.0,0
264164.0,0.2173,0.0087,-0.0637,255.0,0
264176.0,0.2173,0.0131,-0.0527,255.0,0
264187.0,0.2173,0.0055,-0.0436,255.0,0
264197.0,0.2173,0.0055,-0.0361,255.0,0
264207.0,0.2173,0.012,-0.0298,255.0,0
264214.0,0.2173,0.0087,-0.0247,255.0,0
264227.0,0.2173,0.0044,-0.0204,255.0,0
264237.0,0.2173,0.0055,-0.0169,255.0,0
264247.0,0.2173,-0.0055,-0.014,255.0,0
264257.0,0.2173,-0.0065,-0.0116,255.0,0
264265.0,0.2173,-0.0087,-0.0096,255.0,0
264277.0,0.2173,-0.0065,-0.0079,255.0,0
264287.0,0.2173,-0.0087,-0.0065,255.0,0
264297.0,0.2173,-0.0164,-0.0054,255.0,0
264307.0,0.2173,-0.0109,-0.0045,255.0,0
264315.0,0.2173,-0.0044,-0.0037,255.0,0
264327.0,0.2173,-0.0044,-0.0031,255.0,0
264338.0,0.2173,-0.0076,-0.0025,255.0,0
264348.0,0.2173,-0.0055,-0.0021,255.0,0
264357.0,0.2173,-0.0055,-0.0017,255.0,0
264365.0,0.2173,0.0044,-0.0014,255.0,0
264377.0,0.2173,-0.0098,-0.0012,255.0,0
264388.0,0.2173,0.0,-0.001,255.0,0
264398.0,0.2173,-0.0109,-0.0008,255.0,0
264408.0,0.2173,-0.0033,-0.0007,255.0,0
264415.0,0.2173,0.0044,-0.0006,255.0,0
264428.0,0.2173,-0.0087,-0.0005,255.0,0
264438.0,0.2162,-0.012,-0.0004,255.0,0
264448.0,0.2162,-0.0065,-0.0003,255.0,0
264458.0,0.2162,-0.0131,-0.0003,255.0,0
264465.0,0.2162,-0.0196,-0.0002,255.0,0
264477.0,0.2162,-0.0131,-0.0002,255.0,0
264488.0,0.2162,-0.0164,-0.0001,255.0,0
264498.0,0.2162,-0.0229,-0.0001,255.0,0
264508.0,0.2162,-0.0142,-0.0001,255.0,0
264515.0,0.2151,-0.0185,-0.0001,255.0,0
264528.0,0.2151,-0.0196,-0.0001,255.0,0
264538.0,0.2151,-0.0175,-0.0001,255.0,0
264548.0,0.2151,-0.0185,-0.0,255.0,0
264558.0,0.2151,-0.024,-0.0,255.0,0
264566.0,0.214,-0.0327,-0.0,255.0,0
264576.0,0.214,-0.0295,-0.0,255.0,0
264588.0,0.214,-0.0338,-0.0,255.0,0
264598.0,0.2129,-0.0524,-0.0,255.0,0
264608.0,0.2129,-0.0327,-0.0,255.0,0
264616.0,0.2129,-0.0415,-0.0,255.0,0
264626.0,0.2118,-0.0338,-0.0,255.0,0
264639.0,0.2118,-0.0415,-0.0,255.0,0
264649.0,0.2118,-0.0338,-0.0,255.0,0
264659.0,0.2107,-0.0327,-0.0,255.0,0
264666.0,0.2107,-0.0393,-0.0,255.0,0
264676.0,0.2107,-0.0382,-0.0,255.0,0
264688.0,0.2097,-0.0393,-0.0,255.0,0
264699.0,0.2097,-0.0447,-0.0,255.0,0
264709.0,0.2097,-0.0316,-0.0,255.0,0
264716.0,0.2086,-0.0305,-0.0,255.0,0
264726.0,0.2086,-0.0284,-0.0,255.0,0
264739.0,0.2086,-0.0371,-0.0,255.0,0
264749.0,0.2086,-0.0284,-0.0,255.0,0
264759.0,0.2075,-0.0415,-0.0,255.0,0
264766.0,0.2075,-0.0447,-0.0,255.0,0
264776.0,0.2064,-0.0338,-0.0,255.0,0
264789.0,0.2064,-0.0469,-0.0,255.0,0
264799.0,0.2064,-0.0578,-0.0,255.0,0
264809.0,0.2053,-0.0545,-0.0,255.0,0
264816.0,0.2053,-0.0545,-0.0,255.0,0
264826.0,0.2042,-0.0524,-0.0,255.0,0
264839.0,0.2042,-0.0545,-0.0,255.0,0
264849.0,0.2031,-0.0611,-0.0,255.0,0
264859.0,0.202,-0.0709,-0.0,255.0,0
264867.0,0.202,-0.0949,-0.0,255.0,0
264877.0,0.2009,-0.0851,-0.0,255.0,0
264889.0,0.1998,-0.0862,-0.0,255.0,0
264900.0,0.1987,-0.0851,-0.0,255.0,0
264910.0,0.1977,-0.1102,-0.0,255.0,0
264917.0,0.1966,-0.0927,-0.0,255.0,0
264927.0,0.1966,-0.0905,-0.0,255.0,0
264939.0,0.1955,-0.096,-0.0,255.0,0
264950.0,0.1944,-0.1036,-0.0,255.0,0
264960.0,0.1933,-0.0993,-0.0,255.0,0
264967.0,0.1922,-0.1069,-0.0,255.0,0
264977.0,0.1911,-0.0949,-0.0,255.0,0
264989.0,0.19,-0.1058,-0.0,255.0,0
265000.0,0.1889,-0.1014,-0.0,255.0,0
265010.0,0.1878,-0.1134,-0.0,255.0,0
265017.0,0.1868,-0.1058,-0.0,255.0,0
265027.0,0.1857,-0.0971,-0.0,255.0,0
265040.0,0.1846,-0.1124,-0.0,255.0,0
265050.0,0.1846,-0.0982,-0.0,255.0,0
265060.0,0.1835,-0.1047,-0.0,255.0,0
265067.0,0.1824,-0.1058,-0.0,255.0,0
265077.0,0.1813,-0.1025,-0.0,255.0,0
265090.0,0.1802,-0.0927,-0.0,255.0,0
265100.0,0.1791,-0.1047,-0.0,255.0,0
265111.0,0.178,-0.1134,-0.0,255.0,0
265117.0,0.1769,-0.1004,-0.0,255.0,0
265127.0,0.1758,-0.0938,-0.0,255.0,0
265141.0,0.1748,-0.0916,-0.0,255.0,0
265151.0,0.1748,-0.0905,-0.0,255.0,0
265161.0,0.1737,-0.0905,-0.0,255.0,1
265168.0,0.1726,-0.0862,-0.0,255.0,1
265178.0,0.1715,-0.0971,-0.0,255.0,1
265191.0,0.1704,-0.0982,-0.0,255.0,1
265201.0,0.1693,-0.1331,1.1305,255.0,1
265211.0,0.1671,-0.2258,2.0657,255.0,1
265218.0,0.1649,-0.1876,2.8394,255.0,1
265228.0,0.1638,-0.2094,4.61,255.0,1
265241.0,0.1606,-0.312,6.0747,255.0,1
265251.0,0.1573,-0.3076,7.2864,255.0,1
265261.0,0.154,-0.312,8.2889,255.0,1
265268.0,0.1508,-0.3742,10.2487,255.0,1
265278.0,0.1475,-0.3611,11.8699,255.0,1
265291.0,0.1442,-0.3491,13.2112,255.0,1
265301.0,0.1398,-0.4069,15.4512,255.0,1
265311.0,0.1355,-0.4112,17.3044,255.0,1
265318.0,0.1322,-0.372,18.8374,255.0,1
265328.0,0.1289,-0.3894,20.1057,255.0,1
265341.0,0.1246,-0.3872,21.1549,255.0,1
265351.0,0.1213,-0.372,23.1534,255.0,1
265361.0,0.118,-0.3665,25.9371,255.0,1
265368.0,0.1148,-0.3218,27.1096,255.0,1
265378.0,0.1115,-0.2934,28.0795,255.0,1
265391.0,0.1082,-0.3142,30.0124,255.0,1
265401.0,0.106,-0.2814,31.6114,255.0,1
265411.0,0.1038,-0.2214,32.9343,255.0,1
265418.0,0.1017,-0.2651,35.1591,255.0,1
265428.0,0.0995,-0.2018,36.9997,255.0,1
265441.0,0.0973,-0.1484,38.5223,255.0,1
265451.0,0.0962,-0.1713,39.7819,255.0,1
265462.0,0.0951,-0.1222,41.9545,255.0,1
265469.0,0.094,-0.0676,44.8823,255.0,1
265479.0,0.0929,-0.0796,46.1739,255.0,1
265492.0,0.0929,-0.0338,47.2424,255.0,1
265502.0,0.0929,0.0175,49.2568,255.0,1
265512.0,0.0929,-0.0055,50.9233,255.0,1
265519.0,0.094,0.0284,52.3019,255.0,1
265529.0,0.094,0.0807,53.4425,255.0,1
265542.0,0.0951,0.0622,54.386,255.0,1
265552.0,0.0962,0.0993,56.297,255.0,1
265562.0,0.0973,0.1298,59.0085,255.0,1
265569.0,0.0984,0.1451,61.2516,255.0,1
265579.0,0.1006,0.1593,61.9767,255.0,1
265592.0,0.1017,0.1996,63.7071,255.0,1
265602.0,0.1038,0.2193,66.2692,255.0,1
265612.0,0.106,0.2051,68.3886,255.0,1
265619.0,0.1082,0.2291,69.0115,255.0,1
265629.0,0.1104,0.2334,69.5268,255.0,1
265642.0,0.1126,0.2051,71.0836,255.0,1
265652.0,0.1148,0.2203,73.502,255.0,1
265662.0,0.1169,0.2182,75.5027,255.0,1
265669.0,0.1191,0.1844,77.1578,255.0,1
265679.0,0.1202,0.1996,79.6575,255.0,1
265692.0,0.1224,0.1734,80.595,255.0,1
265702.0,0.1235,0.1516,81.3705,255.0,1
265712.0,0.1257,0.1396,83.1426,255.0,1
265719.0,0.1268,0.1189,85.739,255.0,1
265729.0,0.1278,0.1156,87.887,255.0,1
265742.0,0.1289,0.1047,89.664,255.0,1
265752.0,0.13,0.1058,91.1341,255.0,1
265762.0,0.1311,0.096,92.3502,255.0,1
265769.0,0.1311,0.0436,94.4868,255.0,1
265780.0,0.1311,0.0524,96.2543,255.0,1
265792.0,0.1311,-0.0044,97.7165,255.0,1
265802.0,0.1322,0.0284,98.9262,255.0,1
265813.0,0.1311,-0.024,99.9269,255.0,1
265820.0,0.1311,-0.0055,101.8852,255.0,1
265830.0,0.1311,-0.036,103.5053,255.0,1
265843.0,0.1311,-0.0633,104.8456,255.0,1
265853.0,0.13,-0.0676,107.0849,255.0,1
265863.0,0.1289,-0.0785,108.9374,255.0,1
265870.0,0.1289,-0.0567,110.4699,255.0,1
265880.0,0.1278,-0.1004,111.7377,255.0,1
265893.0,0.1268,-0.0785,113.917,255.0,1
265903.0,0.1257,-0.1069,115.7199,255.0,1
265913.0,0.1246,-0.0938,117.2113,255.0,1
265920.0,0.1235,-0.0927,119.5757,255.0,1
265930.0,0.1235,-0.0829,120.4012,255.0,1
265943.0,0.1224,-0.0633,122.2146,255.0,1
265953.0,0.1213,-0.0862,124.8452,255.0,1
265963.0,0.1213,-0.0545,127.0215,255.0,1
265970.0,0.1202,-0.0513,128.8219,255.0,1
265980.0,0.1202,-0.0633,129.1808,255.0,1
265993.0,0.1202,-0.0185,130.6082,255.0,1
266003.0,0.1202,-0.0022,132.9195,255.0,1
266013.0,0.1202,0.0076,134.8317,255.0,1
266020.0,0.1202,0.0022,136.4135,255.0,1
266030.0,0.1202,0.0338,137.7221,255.0,1
266043.0,0.1202,0.0371,139.9352,255.0,1
266053.0,0.1213,0.0731,141.766,255.0,1
266063.0,0.1213,0.048,143.2806,255.0,1
266070.0,0.1224,0.0316,145.6641,255.0,1
266080.0,0.1224,0.0164,147.6359,255.0,1
266093.0,0.1224,0.0567,149.2671,255.0,1
266103.0,0.1235,0.0905,150.6165,255.0,1
266114.0,0.1235,0.0153,151.7329,255.0,1
266121.0,0.1235,-0.0229,153.7869,255.0,1
266131.0,0.1235,-0.0131,156.6167,255.0,1
266143.0,0.1235,0.0436,157.8271,255.0,1
266153.0,0.1246,0.024,158.8285,255.0,1
266164.0,0.1235,-0.0545,160.7874,255.0,1
266171.0,0.1235,-0.0251,162.408,255.0,1
266181.0,0.1235,0.0295,163.7486,255.0,1
266194.0,0.1235,-0.0229,165.9882,255.0,1
266204.0,0.1224,-0.0829,167.841,255.0,1
266214.0,0.1224,-0.0349,169.3737,255.0,1
266221.0,0.1224,-0.0087,170.6417,255.0,1
266231.0,0.1213,-0.0894,171.6906,255.0,1
266244.0,0.1202,-0.0709,173.6889,255.0,1
266254.0,0.1202,-0.0676,175.342,255.0,1
266264.0,0.1202,-0.036,176.7096,255.0,1
266271.0,0.118,-0.1298,178.9715,255.0,1
266281.0,0.118,-0.0556,180.8427,255.0,1
266294.0,0.118,-0.0404,182.3906,255.0,1
266304.0,0.1169,-0.0807,183.6712,255.0,1
266314.0,0.1158,-0.1276,184.7306,255.0,1
266321.0,0.1148,-0.0524,186.7375,255.0,1
266331.0,0.1148,-0.0404,188.3978,255.0,1
266344.0,0.1126,-0.1887,189.7713,255.0,1
266354.0,0.1115,-0.0884,190.9075,255.0,1
266364.0,0.1115,-0.0404,192.978,255.0,1
266371.0,0.1104,-0.1265,194.6909,255.0,1
266381.0,0.1093,-0.1505,194.9774,255.0,1
266394.0,0.1082,-0.0676,197.4754,255.0,1
266404.0,0.1071,-0.0578,199.5419,255.0,1
266414.0,0.106,-0.192,200.121,255.0,1
266422.0,0.1049,-0.1058,201.7306,255.0,1
266432.0,0.1038,-0.0469,204.1926,255.0,1
266444.0,0.1028,-0.1702,205.0989,255.0,1
266454.0,0.1006,-0.1593,205.8486,255.0,1
266464.0,0.1006,-0.0676,208.7299,255.0,1
266472.0,0.0995,-0.1396,209.983,255.0,1
266482.0,0.0973,-0.1985,211.0196,255.0,1
266494.0,0.0962,-0.132,213.0077,255.0,1
266504.0,0.094,-0.1374,214.6523,255.0,1
266515.0,0.0929,-0.2029,216.013,255.0,1
266522.0,0.0908,-0.168,217.1385,255.0,1
266532.0,0.0897,-0.1505,218.0697,255.0,1
266544.0,0.0875,-0.1942,219.9706,255.0,1
266555.0,0.0853,-0.2171,221.543,255.0,1
266565.0,0.0842,-0.1527,222.8439,255.0,1
266572.0,0.082,-0.1909,225.0506,255.0,1
266582.0,0.0798,-0.2127,225.7456,255.0,1
266595.0,0.0788,-0.1429,227.4511,255.0,1
266605.0,0.0766,-0.1876,228.862,255.0,1
266615.0,0.0744,-0.2105,228.8987,255.0,1
266622.0,0.0733,-0.1102,231.1901,255.0,1
266632.0,0.0722,-0.156,233.0857,255.0,1
266645.0,0.0711,-0.1647,233.5233,255.0,1
266655.0,0.07,-0.0687,235.0159,255.0,1
266665.0,0.0689,-0.1549,237.3811,255.0,1
266672.0,0.0668,-0.1265,238.2074,239.2,1
266682.0,0.0668,-0.0447,238.8909,255.0,1
266695.0,0.0657,-0.1494,240.5868,255.0,1
266705.0,0.0646,-0.06,241.9898,255.0,1
266715.0,0.0646,-0.0687,243.1505,255.0,1
266723.0,0.0635,-0.0774,245.2411,247.49,1
266733.0,0.0635,-0.0273,246.9707,255.0,1
266745.0,0.0624,-0.0578,247.271,255.0,1
266755.0,0.0624,-0.0065,248.65,255.0,1
266765.0,0.0624,-0.0153,250.9213,255.0,1
266773.0,0.0624,-0.0044,252.8002,255.0,1
266783.0,0.0624,0.0393,253.2241,255.0,1
266795.0,0.0635,0.0055,253.5748,255.0,1
266805.0,0.0635,0.0644,254.9955,255.0,1
266815.0,0.0646,0.0622,256.1707,255.0,1
266823.0,0.0646,0.0611,258.2734,255.0,1
266833.0,0.0657,0.1167,260.0129,255.0,1
266845.0,0.0678,0.0545,260.3215,255.0,1
266855.0,0.0689,0.168,261.7073,255.0,1
266866.0,0.07,0.0884,262.8537,255.0,1
266873.0,0.07,0.1658,263.8021,255.0,1
266883.0,0.0722,0.1407,264.5867,255.0,1
266896.0,0.0755,0.1407,266.3662,255.0,1
266906.0,0.0766,0.2869,267.8384,255.0,1
266916.0,0.0809,0.1189,269.0563,255.0,1
266923.0,0.0809,0.3632,270.0638,255.0,1
266933.0,0.0831,0.3251,270.8973,255.0,1
266946.0,0.0897,0.3251,272.7174,255.0,1
266956.0,0.0929,0.2389,274.223,255.0,1
266966.0,0.0951,0.4342,275.4686,255.0,1
266973.0,0.0951,0.2138,276.4991,255.0,1
266984.0,0.0995,0.4385,278.482,255.0,1
266996.0,0.106,0.264,278.992,255.0,1
267006.0,0.1082,0.3709,279.4138,255.0,1
267016.0,0.1115,0.2978,280.8933,255.0,1
267024.0,0.1115,0.2662,282.1173,255.0,1
267034.0,0.1137,0.2803,283.1299,255.0,1
267046.0,0.1169,0.1374,285.098,255.0,1
267056.0,0.1169,0.2029,286.7262,255.0,1
267066.0,0.1191,0.0185,286.9426,255.0,1
267074.0,0.1191,0.1233,288.2522,255.0,1
267084.0,0.118,-0.0884,290.466,255.0,1
267096.0,0.1169,0.0327,291.167,255.0,1
267106.0,0.1158,-0.1713,291.7469,255.0,1
267116.0,0.1137,-0.072,293.3571,255.0,1
267124.0,0.1137,-0.2258,294.6892,255.0,1
267134.0,0.1115,-0.1658,295.7913,255.0,1
267146.0,0.1071,-0.2443,296.7029,255.0,1
267156.0,0.1049,-0.2585,297.4571,255.0,1
267167.0,0.1017,-0.252,298.081,255.0,1
267174.0,0.1017,-0.3272,299.7277,255.0,1
267184.0,0.0984,-0.276,301.0899,255.0,1
267196.0,0.0929,-0.3796,302.2169,255.0,1
267206.0,0.0886,-0.276,304.2797,247.86,1
267217.0,0.0864,-0.3949,305.9861,255.0,1
267224.0,0.0864,-0.2836,306.2674,223.27,1
267234.0,0.082,-0.4058,307.6305,255.0,1
267247.0,0.0755,-0.252,308.7582,185.78,1
267257.0,0.0744,-0.3687,309.6911,255.0,1
267267.0,0.0711,-0.1876,310.4629,202.31,1
267275.0,0.0711,-0.3305,311.1013,255.0,1
267285.0,0.07,-0.1374,312.76,213.44,1
267297.0,0.0657,-0.2531,313.0017,255.0,1
267307.0,0.0646,-0.0949,313.2017,222.18,1
267317.0,0.0646,-0.2051,314.4976,255.0,1
267325.0,0.0646,-0.0153,315.5696,252.22,1
267335.0,0.0624,-0.144,316.4565,255.0,1
267347.0,0.0646,0.0098,317.1902,255.0,1
267357.0,0.0657,-0.0982,317.7972,255.0,1
267367.0,0.0646,0.1004,318.2993,255.0,1
267375.0,0.0646,-0.0644,318.7147,245.53,1
267385.0,0.0657,0.1178,320.1889,255.0,1
267397.0,0.0668,-0.0207,321.4084,255.0,1
267407.0,0.0678,0.1505,322.4173,255.0,1
267417.0,0.0689,0.0218,323.2519,255.0,1
267425.0,0.0689,0.1734,323.9423,255.0,1
267435.0,0.07,0.0665,324.5135,255.0,1
267447.0,0.0733,0.1974,326.1165,255.0,1
267457.0,0.0744,0.1331,327.4427,255.0,1
267467.0,0.0766,0.1887,327.4093,255.0,1
267475.0,0.0766,0.1538,328.5121,255.0,1
267485.0,0.0777,0.1484,330.555,255.0,1
267497.0,0.0798,0.1876,331.1145,255.0,1
267507.0,0.082,0.0633,331.5774,255.0,1
267518.0,0.0809,0.1691,333.0908,255.0,1
267525.0,0.0809,-0.06,334.3428,255.0,1
267535.0,0.082,0.1036,334.248,255.0,1
267548.0,0.0798,-0.192,335.3002,255.0,1
267558.0,0.0777,-0.0065,337.301,255.0,1
267568.0,0.0766,-0.2771,337.8258,182.52,1
267576.0,0.0766,-0.1004,339.3904,255.0,1
267586.0,0.0733,-0.3687,340.6848,255.0,1
267598.0,0.0668,-0.2302,340.6251,167.0,1
267608.0,0.0635,-0.3752,341.7062,98.67,1
267618.0,0.0591,-0.3458,342.6006,255.0,1
267626.0,0.0591,-0.4494,343.3405,36.26,1
267636.0,0.0548,-0.5018,343.9526,-225.28,1
267648.0,0.0449,-0.3207,344.459,79.76,1
267658.0,0.0406,-0.6272,344.8779,-255.0,1
267668.0,0.0351,-0.4985,345.2244,-255.0,1
267676.0,0.0351,-0.5225,345.5111,-255.0,1
267686.0,0.034,-0.2051,344.6178,210.63,1
267698.0,0.022,-0.6829,343.8787,-255.0,1
267708.0,0.0209,-0.4745,343.2674,-255.0,1
267718.0,0.0177,-0.2662,341.6311,-255.0,1
267726.0,0.0177,-0.2956,340.2775,-14.36,1
267736.0,0.0133,-0.5236,339.1576,-255.0,1
267748.0,0.01,-0.2913,338.2312,-59.94,1
267758.0,0.0079,0.0404,337.4648,243.46,1
267768.0,0.0046,-0.3262,335.7003,-140.23,1
267776.0,0.0046,-0.3425,334.2406,-255.0,1
267786.0,0.0024,-0.2062,334.1635,-62.59,1
267798.0,-0.0009,0.0884,332.9691,218.9,1
267808.0,-0.002,-0.3632,330.8507,-193.77,1
267819.0,-0.0031,-0.1069,330.2286,-255.0,1
267826.0,-0.0031,-0.1058,329.714,-37.73,1
267837.0,-0.0031,-0.0764,329.2882,-41.98,1
267848.0,-0.0052,-0.2563,328.936,-155.89,1
267858.0,-0.0063,0.0295,327.5142,135.16,1
267869.0,-0.0085,-0.0993,326.3379,-255.0,1
267877.0,-0.0085,-0.2073,325.3648,-133.84,1
267887.0,-0.0107,-0.18,324.5598,-142.9,1
267899.0,-0.0129,0.0033,323.8939,-255.0,1
267909.0,-0.0151,-0.264,322.2124,-255.0,1
267919.0,-0.0172,-0.2323,320.8214,-153.37,1
267927.0,-0.0172,-0.1865,319.6707,-149.72,1
267937.0,-0.0183,-0.1898,318.7187,-255.0,1
267949.0,-0.0227,-0.1604,317.9312,-255.0,1
267959.0,-0.0249,-0.1909,317.2796,-162.88,1
267969.0,-0.0271,-0.2563,315.6102,-223.37,1
267977.0,-0.0271,-0.192,313.0985,-255.0,1
267987.0,-0.0271,-0.084,311.0208,-255.0,1
267999.0,-0.0314,-0.1331,309.3018,-240.86,1
268009.0,-0.0325,-0.2553,307.8799,-238.55,1
268019.0,-0.0325,-0.1353,306.7035,-194.71,1
268027.0,-0.0325,-0.0371,304.5998,-158.28,1
268038.0,-0.0336,-0.0262,301.729,-255.0,1
268049.0,-0.0358,-0.1734,300.4845,-234.39,1
268059.0,-0.0358,-0.0665,298.3245,-255.0,1
268069.0,-0.0358,-0.0436,296.5376,-180.15,1
268077.0,-0.0358,0.0087,295.0594,-255.0,1
268087.0,-0.0369,-0.0764,292.706,-179.66,1
268099.0,-0.0369,0.0011,290.759,-255.0,1
268109.0,-0.0358,0.0109,288.0179,-126.99,1
268119.0,-0.0347,0.0567,286.8807,-113.38,1
268128.0,-0.0347,0.084,284.8095,-255.0,1
268138.0,-0.0347,0.0524,283.096,-196.24,1
268149.0,-0.0325,0.1614,281.6785,-205.77,1
268160.0,-0.0314,0.0545,279.3753,-83.12,1
268170.0,-0.0292,0.1025,278.6004,-205.04,1
268178.0,-0.0292,0.2018,276.8289,-7.6,1
268188.0,-0.0271,0.2127,274.2329,135.68,1
268200.0,-0.0249,0.1287,273.2158,-167.73,1
268210.0,-0.0227,0.0927,272.3743,-222.79,1
268220.0,-0.0216,0.2498,270.5477,185.5,1
268228.0,-0.0216,0.1178,270.1671,-33.08,1
268238.0,-0.0216,0.0644,269.8523,-255.0,1
268250.0,-0.0172,0.1309,268.4613,255.0,1
268260.0,-0.0172,0.2563,267.3106,148.26,1
268270.0,-0.0183,0.0338,265.2282,-179.23,1
268278.0,-0.0183,-0.0764,263.5054,-152.85,1
268288.0,-0.0151,0.3218,263.2108,194.4,1
268300.0,-0.0151,-0.0076,262.967,-109.84,1
268310.0,-0.014,-0.0796,262.7653,-255.0,1
268320.0,-0.0129,0.1462,261.4679,255.0,1
268328.0,-0.0129,0.1309,260.3947,81.93,1
268339.0,-0.0129,-0.0502,260.6373,-255.0,1
268350.0,-0.0129,-0.0993,259.7075,-147.14,1
268360.0,-0.0129,0.192,258.9383,133.21,1
268370.0,-0.0151,-0.0611,258.302,-139.16,1
268379.0,-0.0151,-0.1702,257.7756,-247.98,1
268389.0,-0.0129,0.1734,257.3401,127.9,1
268400.0,-0.014,0.024,255.8494,-88.43,1
268410.0,-0.014,-0.0949,254.6161,-255.0,1
268421.0,-0.0118,-0.0185,253.5959,-75.1,1
268429.0,-0.0118,0.1658,253.8823,255.0,1
268439.0,-0.0129,-0.036,252.9888,-116.63,1
268450.0,-0.0129,-0.2062,252.2496,-202.6,1
268460.0,-0.0118,0.1942,252.7686,134.95,1
268471.0,-0.014,0.0393,250.937,-85.49,1
268479.0,-0.014,-0.2018,249.4218,-255.0,1
268489.0,-0.014,0.0589,249.2987,-103.2,1
268501.0,-0.0118,0.1658,249.1969,255.0,1
268511.0,-0.014,0.0284,247.9822,-166.22,1
268521.0,-0.0129,-0.1713,245.8468,-180.2,1
268529.0,-0.0129,0.0873,246.3413,79.17,1
268540.0,-0.0107,0.1833,246.7503,134.69,1
268551.0,-0.0118,-0.1854,244.8277,-186.63,1
268561.0,-0.0107,0.0458,244.3677,-255.0,1
268571.0,-0.0118,0.1909,243.9871,197.62,1
268581.0,-0.0118,-0.1036,243.6723,-127.65,1
268591.0,-0.0107,-0.0164,243.4118,-84.01,1
268601.0,-0.0085,0.0993,242.0659,255.0,1
268611.0,-0.0085,0.2258,240.9524,147.64,1
268621.0,-0.0096,-0.0513,240.0312,-122.92,1
268630.0,-0.0096,-0.1222,240.3997,-156.67,1
268640.0,-0.0074,0.2422,240.7045,165.55,1
268651.0,-0.0085,0.0556,239.8262,165.31,1
268661.0,-0.0074,-0.1134,239.0996,-255.0,1
268671.0,-0.0063,0.1145,238.4985,154.82,1
268680.0,-0.0063,0.0862,238.0012,220.74,1
268690.0,-0.0063,-0.0284,238.7203,-215.32,1
268701.0,-0.0052,-0.0229,238.1847,-73.48,1
268711.0,-0.0041,0.1451,236.6111,142.05,1
268722.0,-0.0063,0.1178,236.4398,118.27,1
268730.0,-0.0063,-0.204,236.2981,-172.33,1
268740.0,-0.0052,0.1353,236.1809,129.32,1
268751.0,-0.0052,0.1974,236.0839,203.68,1
268761.0,-0.0052,-0.2051,234.8732,-176.3,1
268772.0,-0.0031,-0.0185,233.8716,-115.34,1
268780.0,-0.0031,0.18,234.1735,241.55,1
268791.0,-0.0041,-0.0545,234.4233,-101.26,1
268801.0,-0.0052,-0.1614,233.4994,-255.0,1
268812.0,-0.0052,0.0011,232.7351,-49.66,1
268822.0,-0.0063,0.0654,233.2333,101.75,1
268830.0,-0.0063,-0.2094,232.515,-183.12,1
268841.0,-0.0085,-0.1233,231.9207,-132.19,1
268852.0,-0.0063,0.1865,231.4291,156.11,1
268862.0,-0.0096,-0.0611,229.8918,-109.59,1
268872.0,-0.0085,-0.2803,229.7507,-216.41,1
268881.0,-0.0085,0.1102,229.6339,104.13,1
268891.0,-0.0074,0.1254,228.4067,152.66,1
268902.0,-0.0096,-0.0055,227.3916,-91.05,1
268912.0,-0.0074,0.1745,227.6823,133.92,1
268922.0,-0.0063,0.096,227.9227,156.96,1
268931.0,-0.0063,0.096,226.9912,91.78,1
268941.0,-0.0074,-0.1178,226.2205,-155.95,1
268952.0,-0.0052,0.1996,225.5829,217.48,1
268962.0,-0.0052,-0.0065,225.0555,-242.91,1
268972.0,-0.0052,-0.0415,224.6192,-77.55,1
268981.0,-0.0052,-0.0415,224.2583,-79.87,1
268991.0,-0.0041,0.1942,223.9596,165.29,1
269002.0,-0.0031,-0.0098,223.7126,-58.66,1
269012.0,-0.0009,0.2323,222.3777,243.76,1
269022.0,0.0002,0.0873,222.4039,118.83,1
269031.0,0.0002,0.0873,222.4256,149.76,1
269041.0,0.0035,0.12,221.3131,145.06,1
269052.0,0.0046,0.0993,221.5232,140.24,1
269062.0,0.0046,0.1025,221.697,150.16,1
269073.0,0.0068,0.1494,221.8408,255.0,1
269081.0,0.0068,0.1494,221.9597,185.64,1
269091.0,0.0079,0.0873,222.0582,188.51,1
269102.0,0.01,0.1429,223.2701,174.38,1
269112.0,0.01,0.0589,224.2727,164.12,1
269123.0,0.0111,0.0905,223.9716,255.0,1
269132.0,0.0122,0.0905,223.7225,139.21,1
269142.0,0.0122,0.1145,223.5164,157.64,1
269153.0,0.0133,0.0829,224.4765,208.04,1
269163.0,0.0133,0.0393,225.2707,126.38,1
269173.0,0.0144,0.0524,224.7972,201.73,1
269182.0,0.0155,0.0524,225.536,254.45,1
269192.0,0.0155,0.0905,227.2777,151.47,1
269203.0,0.0155,0.048,227.588,162.11,1
269213.0,0.0166,0.0873,226.7143,246.66,1
269223.0,0.0155,-0.0447,227.1219,86.39,1
269232.0,0.0155,-0.0447,227.4592,212.04,1
269242.0,0.0177,0.0404,228.8687,133.18,1
269253.0,0.0166,-0.0905,230.0347,70.7,1
269263.0,0.0166,0.0393,229.8689,217.76,1
269273.0,0.0177,0.0873,230.8622,164.21,1
269282.0,0.0177,0.0873,230.5534,240.04,1
269292.0,0.0177,-0.0524,230.2979,206.24,1
269303.0,0.0177,0.0262,231.2171,136.89,1
269313.0,0.0177,0.0065,231.9775,177.01,1
269323.0,0.0188,0.0535,232.6066,162.89,1
269332.0,0.0188,0.0535,233.127,152.8,1
269343.0,0.0188,0.0436,233.5575,255.0,1
269353.0,0.0188,0.0218,233.9137,131.59,1
269363.0,0.0188,-0.0382,234.2083,169.03,1
269374.0,0.0199,0.072,234.452,246.69,1
269383.0,0.0199,0.072,235.7842,160.2,1
269393.0,0.0188,-0.0207,236.8862,194.01,1
269403.0,0.0199,0.1102,237.7979,252.85,1
269414.0,0.0199,-0.0654,237.4216,159.87,1
269424.0,0.0199,0.0033,237.1104,252.78,1
269433.0,0.0209,0.0033,237.9834,117.62,1
269443.0,0.0199,0.1036,238.7055,203.38,1
269454.0,0.0199,0.024,239.303,136.81,1
269464.0,0.0199,0.0262,239.7972,144.85,1
269474.0,0.0199,-0.0502,240.2061,208.57,1
269483.0,0.0199,-0.0502,240.5444,146.77,1
269493.0,0.0199,0.0535,241.9547,241.06,1
269504.0,0.0199,0.0284,241.991,255.0,1
269514.0,0.0199,0.0011,242.0209,116.21,1
269524.0,0.0199,-0.0207,243.1762,173.96,1
269533.0,0.0199,-0.0207,244.132,113.49,1
269544.0,0.0199,-0.0524,244.9226,105.02,1
269554.0,0.0199,0.0251,244.4462,255.0,1
269564.0,0.0209,0.0709,244.0521,163.4,1
269574.0,0.0199,-0.0796,244.8565,193.79,1
269583.0,0.0209,-0.0796,245.522,183.07,1
269594.0,0.0209,0.0785,246.0726,161.63,1
269604.0,0.0209,-0.0164,246.528,255.0,1
269614.0,0.0209,0.1156,246.9048,177.51,1
269624.0,0.0209,-0.0404,247.2165,152.57,1
269634.0,0.0209,-0.0404,248.6049,255.0,1
269644.0,0.0209,0.0393,249.7534,135.04,1
269654.0,0.0209,0.0,249.5731,255.0,1
269664.0,0.022,0.1134,249.424,170.92,1
269675.0,0.022,-0.0295,249.3005,110.53,1
269684.0,0.022,-0.0295,250.3289,162.49,1
269694.0,0.0231,0.0404,251.1797,160.32,1
269705.0,0.0231,-0.0207,251.8835,255.0,1
269714.0,0.0242,0.0982,252.4658,255.0,1
269725.0,0.0242,0.0436,251.8169,226.42,1
269734.0,0.0253,0.0436,252.4107,255.0,1
269745.0,0.0253,0.0785,254.0324,160.61,1
269755.0,0.0264,0.0229,255.374,255.0,1
269765.0,0.0264,0.0807,255.3533,157.93,1
269775.0,0.0275,0.0251,255.3362,148.57,1
269784.0,0.0275,0.0262,256.4526,255.0,1
269794.0,0.0275,0.0425,257.3762,145.4,1
269805.0,0.0275,0.0218,258.1402,255.0,1
269815.0,0.0286,0.0949,258.7722,169.05,1
269825.0,0.0286,0.0055,259.2951,139.57,1
269834.0,0.0297,0.0055,259.7277,156.13,1
269845.0,0.0297,0.0709,260.0855,198.62,1
269855.0,0.0308,0.0818,261.512,255.0,1
269865.0,0.0319,0.0818,262.6922,194.55,1
269875.0,0.0319,0.0676,262.538,255.0,1
269885.0,0.034,0.1331,262.4104,218.44,1
269895.0,0.034,0.0687,263.4354,200.03,1
269905.0,0.0351,0.1484,264.2833,255.0,1
269915.0,0.0362,0.0905,263.8542,239.32,1
269925.0,0.0373,0.1124,264.6298,255.0,1
269935.0,0.0395,0.168,266.4019,255.0,1
269945.0,0.0406,0.1036,267.868,255.0,1
269955.0,0.0417,0.1876,267.9502,255.0,1
269965.0,0.0428,0.0807,268.0183,248.41,1
269976.0,0.0449,0.2105,269.2052,255.0,1
269985.0,0.046,0.0971,270.187,254.74,1
269995.0,0.0471,0.1484,272.1297,255.0,1
270005.0,0.0493,0.192,273.7369,255.0,1
270016.0,0.0504,0.0938,273.9359,255.0,1
270026.0,0.0526,0.2214,274.1006,255.0,1
270035.0,0.0526,0.0622,275.3674,255.0,1
270046.0,0.0548,0.2487,277.5458,255.0,1
270056.0,0.0569,0.1462,278.2175,255.0,1
270066.0,0.058,0.1974,278.7731,255.0,1
270076.0,0.0613,0.2302,280.3633,255.0,1
270085.0,0.0624,0.1811,281.6788,255.0,1
270095.0,0.0657,0.3098,282.7671,255.0,1
270106.0,0.0668,0.1538,284.7979,255.0,1
270116.0,0.07,0.3469,285.3474,255.0,1
270126.0,0.0722,0.2051,285.802,255.0,1
270136.0,0.0766,0.3742,287.3086,255.0,1
270146.0,0.0788,0.2574,288.555,255.0,1
270156.0,0.082,0.4091,290.7165,255.0,1
270166.0,0.0864,0.36,291.3742,255.0,1
270176.0,0.0908,0.4494,291.9183,255.0,1
270186.0,0.0951,0.4974,293.499,255.0,1
270196.0,0.0995,0.4974,294.8065,255.0,1
270206.0,0.106,0.5869,295.8883,255.0,1
270216.0,0.1115,0.5509,296.7832,255.0,1
270226.0,0.118,0.7287,297.5236,255.0,1
270236.0,0.1268,0.8585,299.2665,255.0,1
270246.0,0.1344,0.8585,299.5779,255.0,1
270256.0,0.1442,1.0319,299.8355,255.0,1
270266.0,0.154,0.9458,302.3096,255.0,1
270276.0,0.166,1.2425,303.2259,255.0,1
270286.0,0.1769,1.1214,303.9839,255.0,0
270296.0,0.1911,1.4748,305.7415,255.0,0
270306.0,0.2042,1.3603,306.065,255.0,0
270316.0,0.2206,1.7301,306.3326,255.0,0
270327.0,0.2358,1.5293,307.6844,255.0,0
270336.0,0.2533,1.7933,308.8029,255.0,0
270347.0,0.2664,1.3221,308.5976,255.0,0
270357.0,0.2784,1.2894,308.4277,255.0,0
270367.0,0.2871,0.8781,309.4177,255.0,0
270377.0,0.2937,0.7341,310.2368,255.0,0
270387.0,0.298,0.4516,309.7838,255.0,0
270397.0,0.2958,-0.3065,309.409,255.0,0
270407.0,0.2882,-0.7276,310.2295,255.0,0
270417.0,0.2806,-0.8639,310.9083,255.0,0
270427.0,0.2762,-0.4003,311.4698,255.0,0
270437.0,0.2762,0.0491,311.9344,255.0,0
270447.0,0.2762,0.0044,311.1882,255.0,0
270457.0,0.2751,-0.1276,310.5709,255.0,0
270467.0,0.2729,-0.3065,310.0602,255.0,0
270477.0,0.2697,-0.2956,310.7682,255.0,0
270487.0,0.2664,-0.3316,311.3539,255.0,0
270497.0,0.262,-0.4865,310.708,255.0,0
270507.0,0.2587,-0.3371,310.1736,255.0,0
270517.0,0.2533,-0.4843,310.8621,255.0,0
270527.0,0.2511,-0.3043,311.4316,255.0,0
270537.0,0.2467,-0.4483,310.7722,255.0,0
270547.0,0.2446,-0.2236,310.2268,255.0,0
270557.0,0.2413,-0.3033,309.7755,255.0,0
270567.0,0.2402,-0.1036,309.4022,255.0,0
270577.0,0.238,-0.1963,309.0934,255.0,0
270587.0,0.2391,0.0622,309.9684,255.0,0
270598.0,0.238,-0.0993,309.5618,255.0,0
270608.0,0.2391,0.156,309.2254,255.0,0
270618.0,0.2391,-0.0425,308.9471,255.0,0
270628.0,0.2413,0.2214,308.7169,255.0,0
270638.0,0.2413,0.0436,309.657,255.0,0
270648.0,0.2446,0.3469,309.3041,255.0,0
270658.0,0.2457,0.072,309.0123,255.0,0
270668.0,0.2489,0.3742,308.7708,255.0,0
270678.0,0.25,0.0644,308.571,255.0,0
270688.0,0.2533,0.336,308.4058,255.0,0
270698.0,0.2533,-0.0251,308.2691,255.0,0
270708.0,0.2555,0.2825,308.156,255.0,0
270718.0,0.2555,-0.0807,306.9319,255.0,0
270728.0,0.2577,0.2171,307.0498,255.0,0
270738.0,0.2555,-0.1233,307.1473,255.0,0
270748.0,0.2577,0.1396,307.2279,255.0,0
270758.0,0.2555,-0.2236,307.2947,255.0,0
270768.0,0.2555,0.0633,307.3499,255.0,0
270778.0,0.2533,-0.2607,307.3955,255.0,0
270788.0,0.2533,0.0415,307.4333,255.0,0
270798.0,0.2511,-0.2651,307.4646,255.0,0
270808.0,0.2511,0.0164,307.4904,255.0,0
270819.0,0.2489,-0.24,307.5118,255.0,0
270829.0,0.2489,0.0098,306.399,255.0,0
270839.0,0.2467,-0.18,306.6089,255.0,0
270849.0,0.2478,0.0316,306.7826,255.0,0
270859.0,0.2467,-0.0927,305.7957,255.0,0
270869.0,0.2467,0.0535,306.1099,255.0,0
270879.0,0.2467,-0.0218,306.3697,255.0,0
270889.0,0.2467,0.0425,305.4542,255.0,0
270899.0,0.2478,0.0305,304.6968,255.0,0
270909.0,0.2478,0.0404,305.2007,255.0,0
270919.0,0.2489,0.084,305.6176,255.0,0
270929.0,0.2489,0.0131,305.9625,255.0,0
270939.0,0.25,0.1265,305.1173,255.0,0
270949.0,0.25,-0.0065,304.4181,255.0,0
270959.0,0.2511,0.1309,304.9702,255.0,0
270969.0,0.2511,-0.0371,305.4269,255.0,0
270979.0,0.2522,0.1167,305.8047,255.0,0
270989.0,0.2511,-0.0905,304.9868,255.0,0
270999.0,0.2522,0.1124,304.3101,255.0,0
271009.0,0.2511,-0.1385,303.7503,255.0,0
271019.0,0.2522,0.1265,303.2872,255.0,0
271030.0,0.25,-0.1833,304.0346,255.0,0
271040.0,0.2511,0.1167,304.6529,255.0,0
271050.0,0.25,-0.2105,304.0339,255.0,0
271060.0,0.2511,0.1222,303.5219,255.0,0
271070.0,0.2489,-0.2051,303.0982,255.0,0
271080.0,0.25,0.1178,303.8783,255.0,0
271090.0,0.2478,-0.18,304.5236,255.0,0
271100.0,0.2489,0.1134,303.9269,255.0,0
271110.0,0.2478,-0.1364,303.4333,255.0,0
271120.0,0.2489,0.0916,303.025,255.0,0
271130.0,0.2478,-0.0796,302.6872,255.0,0
271140.0,0.2489,0.0698,302.4077,255.0,0
271150.0,0.2489,-0.0295,302.1766,255.0,0
271160.0,0.2489,0.0349,303.1158,255.0,0
271171.0,0.2489,0.0382,302.7623,255.0,0
271180.0,0.2489,0.0055,302.4699,255.0,0
271190.0,0.25,0.0731,302.228,255.0,0
271201.0,0.25,-0.0349,302.0278,255.0,0
271211.0,0.25,0.0884,302.9928,255.0,0
271221.0,0.25,-0.0654,302.6606,255.0,0
271230.0,0.2511,0.0993,302.3857,255.0,0
271240.0,0.25,-0.0905,302.1583,255.0,0
271251.0,0.2511,0.1309,301.9702,255.0,0
271261.0,0.25,-0.1342,301.8146,255.0,0
271271.0,0.2511,0.108,301.6859,255.0,0
271281.0,0.2489,-0.1625,301.5794,255.0,0
271291.0,0.25,0.1113,301.4913,255.0,0
271301.0,0.2489,-0.1756,301.4184,255.0,0
271311.0,0.25,0.1102,300.2276,255.0,0
271322.0,0.2478,-0.1593,299.2425,255.0,0
271331.0,0.2489,0.0916,299.558,255.0,0
271341.0,0.2478,-0.1276,299.819,255.0,0
271352.0,0.2489,0.0873,300.035,255.0,0
271362.0,0.2478,-0.0633,300.2137,255.0,0
271372.0,0.2478,0.0153,300.3614,255.0,0
271381.0,0.2478,-0.0087,300.4837,255.0,0
271391.0,0.2478,-0.0185,300.5848,255.0,0
271402.0,0.2489,0.0349,299.538,255.0,0
271412.0,0.2478,-0.0731,298.672,255.0,0
271422.0,0.2478,0.0273,299.0861,255.0,0
271431.0,0.2467,-0.1407,299.4286,255.0,0
271441.0,0.2467,0.0338,298.5815,255.0,0
271452.0,0.2446,-0.1963,299.0112,255.0,0
271462.0,0.2457,0.0273,299.3667,255.0,0
271473.0,0.2435,-0.2236,298.5303,255.0,0
271481.0,0.2435,0.0458,298.9688,255.0,0
271492.0,0.2413,-0.2389,299.3316,255.0,0
271503.0,0.2424,0.0698,298.5013,255.0,0
271513.0,0.2402,-0.192,297.8143,255.0,0
271523.0,0.2413,0.072,298.3765,255.0,0
271532.0,0.2391,-0.1178,298.8416,255.0,0
271542.0,0.2402,0.0665,298.0959,255.0,0
271553.0,0.2402,-0.06,297.479,255.0,0
271563.0,0.2402,0.0491,298.0991,255.0,0
271573.0,0.2402,0.0175,297.4817,255.0,0
271582.0,0.2402,0.0273,296.9709,255.0,0
271592.0,0.2413,0.1167,297.6787,255.0,0
271603.0,0.2413,-0.0207,298.2644,255.0,0
271613.0,0.2435,0.156,297.6184,255.0,0
271623.0,0.2424,-0.0764,297.084,255.0,0
271632.0,0.2435,0.156,296.6418,255.0,0
271642.0,0.2424,-0.1091,296.2761,255.0,0
271654.0,0.2446,0.1494,295.9735,255.0,0
271664.0,0.2435,-0.1254,295.7231,255.0,0
271673.0,0.2446,0.1134,296.6466,255.0,0
271682.0,0.2424,-0.1451,296.28,255.0,0
271692.0,0.2435,0.0774,295.9767,255.0,0
271704.0,0.2424,-0.1407,296.8564,255.0,0
271714.0,0.2424,0.0382,296.4536,255.0,0
271724.0,0.2413,-0.0753,296.1203,255.0,0
271732.0,0.2413,0.0065,295.8447,255.0,0
271743.0,0.2413,0.0098,295.6166,255.0,0
271754.0,0.2413,-0.0371,296.5584,255.0,0
271764.0,0.2424,0.0742,296.2071,255.0,0
271774.0,0.2413,-0.0676,294.7859,255.0,0
271783.0,0.2424,0.1396,294.7407,255.0,0
271793.0,0.2424,-0.0796,294.7033,255.0,0
271805.0,0.2435,0.1734,294.6724,255.0,0
271814.0,0.2435,-0.0764,294.6469,255.0,0
271824.0,0.2446,0.1724,294.6257,255.0,0
271833.0,0.2435,-0.1036,294.6082,255.0,0
271843.0,0.2446,0.1298,294.5937,255.0,0
271855.0,0.2446,-0.0622,294.5817,255.0,0
271865.0,0.2457,0.1124,293.4413,255.0,0
271875.0,0.2457,0.0076,293.6284,255.0,0
271883.0,0.2457,0.0731,293.7831,255.0,0
271893.0,0.2467,0.0818,293.9111,255.0,0
271905.0,0.2467,0.0175,294.017,255.0,0
271915.0,0.2478,0.1167,292.9742,255.0,0
271925.0,0.2478,-0.0458,293.2419,255.0,0
271933.0,0.2489,0.1353,293.4634,255.0,0
271943.0,0.2478,-0.0916,293.6466,255.0,0
271955.0,0.25,0.1484,293.7982,255.0,0
271965.0,0.2478,-0.1396,292.7932,255.0,0
271975.0,0.2489,0.1145,291.9617,255.0,0
271983.0,0.2478,-0.132,292.4043,255.0,0
271993.0,0.2489,0.0829,292.7705,255.0,0
272006.0,0.2478,-0.1167,293.0734,255.0,0
272016.0,0.2478,0.0295,293.324,255.0,0
272026.0,0.2478,-0.0578,292.4009,255.0,0
272034.0,0.2467,-0.0436,291.6371,255.0,0
272044.0,0.2467,0.0164,291.0053,255.0,0
272056.0,0.2467,-0.1025,291.6132,255.0,0
272066.0,0.2467,0.0644,292.116,255.0,0
272076.0,0.2457,-0.1254,292.532,255.0,0
272084.0,0.2467,0.084,291.7456,255.0,0
272094.0,0.2446,-0.156,291.0951,255.0,0
272106.0,0.2457,0.1058,291.6874,255.0,0
272116.0,0.2446,-0.1353,291.0469,255.0,0
272126.0,0.2457,0.1058,290.5171,255.0,0
272134.0,0.2446,-0.0611,290.0787,255.0,0
272144.0,0.2457,0.0927,290.8466,255.0,0
272156.0,0.2467,0.0262,291.4818,255.0,0
272166.0,0.2467,0.0371,290.8769,255.0,0
272176.0,0.2478,0.0894,290.3764,255.0,0
272184.0,0.2478,-0.0196,289.9623,255.0,0
272194.0,0.2489,0.1462,289.6198,255.0,0
272206.0,0.2478,-0.0687,290.4669,255.0,0
272216.0,0.2489,0.1287,291.1677,255.0,0
272226.0,0.2478,-0.1254,290.617,255.0,0
272234.0,0.2489,0.1124,290.1614,255.0,0
272244.0,0.2478,-0.144,289.7845,255.0,0
272257.0,0.2489,0.084,289.4727,255.0,0
272267.0,0.2478,-0.1047,289.2148,255.0,0
272277.0,0.2478,0.0316,289.0014,255.0,0
272285.0,0.2478,-0.0316,288.8248,255.0,0
272295.0,0.2467,-0.0436,288.6788,255.0,0
272307.0,0.2478,0.0535,288.558,255.0,0
272317.0,0.2467,-0.1124,288.4581,255.0,0
272327.0,0.2478,0.0949,288.3754,255.0,0
272335.0,0.2457,-0.1516,288.307,255.0,0
272345.0,0.2467,0.1156,288.2504,255.0,0
272357.0,0.2457,-0.1407,289.3341,255.0,0
272367.0,0.2467,0.1058,289.1001,255.0,0
272377.0,0.2457,-0.1036,287.776,255.0,0
272385.0,0.2467,0.06,287.8111,255.0,0
272395.0,0.2467,-0.0153,287.8402,255.0,0
272407.0,0.2467,0.0109,287.8642,255.0,0
272418.0,0.2467,0.0676,287.8841,255.0,0
272427.0,0.2467,-0.0545,287.9005,255.0,0
272435.0,0.2478,0.1276,287.9142,255.0,0
272445.0,0.2467,-0.0829,287.9254,255.0,0
272458.0,0.2478,0.1287,287.9348,255.0,0
272467.0,0.2467,-0.0982,287.9424,255.0,0
272478.0,0.2478,0.1189,286.8183,255.0,0
272485.0,0.2478,-0.1102,285.8883,255.0,0
272495.0,0.2478,0.0753,286.2495,255.0,0
272508.0,0.2478,-0.0469,286.5483,255.0,0
272518.0,0.2478,0.0011,286.7955,255.0,0
272528.0,0.2478,0.0273,287.0,255.0,0
272535.0,0.2467,-0.0785,287.1692,255.0,0
272545.0,0.2478,0.0862,286.1786,255.0,0
272558.0,0.2467,-0.1298,285.3591,255.0,0
272568.0,0.2478,0.1069,285.8117,255.0,0
272578.0,0.2467,-0.1374,286.1861,255.0,0
272586.0,0.2467,0.084,285.3654,255.0,0
272596.0,0.2457,-0.1113,284.6864,255.0,0
272608.0,0.2467,0.0676,285.2552,255.0,0
272619.0,0.2467,-0.0382,285.7257,255.0,0
272628.0,0.2467,-0.0033,286.115,255.0,0
272636.0,0.2467,0.0458,285.3065,255.0,0
272646.0,0.2457,-0.0764,284.6377,255.0,0
272659.0,0.2467,0.096,285.2149,255.0,0
272669.0,0.2457,-0.1058,285.6924,255.0,0
272679.0,0.2467,0.1265,284.9569,255.0,0
272686.0,0.2457,-0.1102,284.3484,255.0,0
272696.0,0.2467,0.0993,284.9756,255.0,0
272709.0,0.2467,-0.0709,284.3639,255.0,0
272719.0,0.2467,0.0436,283.8579,255.0,0
272729.0,0.2467,-0.0033,284.5698,255.0,0
272736.0,0.2467,-0.0382,284.0282,255.0,0
272746.0,0.2467,0.0764,283.5802,255.0,0
272759.0,0.2467,-0.0927,284.3401,255.0,0
272769.0,0.2478,0.1167,283.8382,255.0,0
272779.0,0.2467,-0.1145,283.4229,255.0,0
272786.0,0.2478,0.0982,283.0795,255.0,0
272796.0,0.2457,-0.1222,282.7953,255.0,0
272809.0,0.2467,0.06,282.5602,255.0,0
272819.0,0.2467,-0.048,282.3658,255.0,0
272829.0,0.2467,-0.0065,283.3354,255.0,0
272836.0,0.2467,0.048,283.007,255.0,0
272846.0,0.2457,-0.0742,282.7354,255.0,0
272859.0,0.2467,0.1025,282.5107,255.0,0
272869.0,0.2457,-0.1069,282.3248,255.0,0
272879.0,0.2467,0.12,282.171,255.0,0
272887.0,0.2457,-0.1091,282.0437,255.0,0
272897.0,0.2467,0.108,283.069,255.0,0
272910.0,0.2467,-0.072,282.7866,255.0,0
272920.0,0.2467,0.0185,282.5531,255.0,0
272929.0,0.2467,0.0251,282.3598,255.0,0
272937.0,0.2467,-0.0622,282.2,255.0,0
272947.0,0.2467,0.096,282.0677,255.0,0
272960.0,0.2457,-0.1004,281.9583,255.0,0
272970.0,0.2478,0.1167,281.8678,255.0,0
272980.0,0.2467,-0.1014,281.7929,255.0,0
272987.0,0.2478,0.1004,281.731,255.0,0
272997.0,0.2467,-0.084,280.5493,255.0,0
273010.0,0.2467,0.0349,280.7021,255.0,0
273020.0,0.2467,0.0055,280.8286,255.0,0
273030.0,0.2457,-0.0676,280.9332,255.0,0
273037.0,0.2467,0.0774,281.0198,255.0,0
273047.0,0.2457,-0.1156,279.9609,255.0,0
273060.0,0.2467,0.1189,280.2154,255.0,0
273070.0,0.2457,-0.1178,280.4259,255.0,0
273080.0,0.2467,0.0927,279.4696,255.0,0
273087.0,0.2457,-0.072,279.809,255.0,0
273097.0,0.2457,0.012,280.0898,255.0,0
273110.0,0.2457,0.0087,279.1915,255.0,0
273120.0,0.2457,-0.0535,279.5789,255.0,0
273130.0,0.2467,0.0949,279.8994,255.0,0
273137.0,0.2457,-0.1047,279.034,255.0,0
273147.0,0.2467,0.1134,279.4486,255.0,0
273160.0,0.2457,-0.1025,279.7916,255.0,0
273170.0,0.2467,0.0862,278.9448,255.0,0
273180.0,0.2457,-0.0644,279.3748,255.0,0
273187.0,0.2457,0.0185,279.7306,255.0,0
273197.0,0.2467,0.0251,278.8944,255.0,0
273211.0,0.2457,-0.0622,278.2026,255.0,0
273221.0,0.2467,0.0927,278.7608,255.0,0
273231.0,0.2457,-0.1189,279.2226,255.0,0
273238.0,0.2467,0.1091,278.4742,255.0,0
273248.0,0.2457,-0.1124,278.9855,255.0,0
273261.0,0.2457,0.0764,278.278,255.0,0
273271.0,0.2457,-0.048,277.6927,255.0,0
273281.0,0.2457,-0.0164,278.339,255.0,0
273288.0,0.2457,0.0425,277.7431,255.0,0
273298.0,0.2446,-0.0796,277.2502,255.0,0
273311.0,0.2457,0.1113,277.9729,255.0,0
273321.0,0.2446,-0.1134,278.5708,255.0,0
273331.0,0.2457,0.1004,277.9349,255.0,0
273338.0,0.2457,-0.0905,277.4088,255.0,0
273348.0,0.2457,0.0382,276.9737,255.0,0
273361.0,0.2457,-0.024,276.6136,255.0,0
273371.0,0.2446,-0.0382,276.3158,255.0,0
273381.0,0.2457,0.0742,276.0694,255.0,0
273388.0,0.2446,-0.1058,276.9961,255.0,0
273398.0,0.2457,0.1145,276.6322,255.0,0
273411.0,0.2446,-0.12,276.3311,255.0,0
273421.0,0.2457,0.0927,277.2126,255.0,0
273431.0,0.2446,-0.0524,276.8113,255.0,0
273438.0,0.2446,0.0109,276.4793,255.0,0
273448.0,0.2457,0.0295,276.2047,255.0,0
273461.0,0.2446,-0.0774,275.9775,255.0,0
273471.0,0.2457,0.0971,275.7896,255.0,0
273481.0,0.2446,-0.1113,275.6341,255.0,0
273488.0,0.2457,0.108,275.5054,255.0,0
273498.0,0.2446,-0.0807,275.399,255.0,0
273511.0,0.2457,0.0513,275.311,255.0,0
273522.0,0.2457,-0.0076,275.2382,255.0,0
273532.0,0.2446,-0.0393,275.1779,255.0,0
273539.0,0.2457,0.0709,275.1281,255.0,0
273549.0,0.2446,-0.1004,275.0868,255.0,0
273562.0,0.2457,0.1091,275.0527,255.0,0
273572.0,0.2446,-0.1036,275.0245,255.0,0
273582.0,0.2457,0.0774,275.0012,255.0,0
273589.0,0.2446,-0.0393,274.9819,255.0,0
273599.0,0.2446,-0.0055,274.9659,255.0,0
273612.0,0.2457,0.0447,274.9527,255.0,0
273622.0,0.2446,-0.0774,274.9417,255.0,0
273632.0,0.2457,0.1145,273.8022,255.0,0
273639.0,0.2446,-0.1047,272.8595,255.0,0
273649.0,0.2457,0.0927,273.2101,255.0,0
273662.0,0.2446,-0.0698,273.5001,255.0,0
273672.0,0.2457,0.0153,273.7401,255.0,0
273682.0,0.2457,0.0131,273.9386,255.0,0
273689.0,0.2446,-0.072,274.1028,255.0,0
273699.0,0.2435,-0.096,273.1082,255.0,0
273712.0,0.2424,-0.096,273.4159,255.0,0
273722.0,0.2435,0.1058,273.6704,255.0,0
273732.0,0.2446,0.0436,272.7504,255.0,0
273739.0,0.2446,0.0022,273.1199,255.0,0
273749.0,0.2435,-0.0567,273.4255,255.0,0
273762.0,0.2435,-0.0567,272.5479,255.0,0
273772.0,0.2424,-0.1058,271.8218,255.0,0
273782.0,0.2435,0.1004,272.3517,255.0,0
273789.0,0.2424,-0.0993,271.6595,255.0,0
273799.0,0.2424,0.0436,271.0869,255.0,0
273812.0,0.2424,-0.0153,271.7437,255.0,0
273823.0,0.2424,-0.0415,272.287,255.0,0
273832.0,0.2424,0.0687,272.7365,255.0,0
273839.0,0.2413,-0.0927,271.9779,255.0,0
273850.0,0.2424,0.1014,271.3503,255.0,0
273863.0,0.2413,-0.0938,271.9615,255.0,0
273873.0,0.2424,0.0644,272.4673,255.0,0
273883.0,0.2424,-0.0305,271.7551,255.0,0
273890.0,0.2413,-0.0338,271.166,255.0,0
273900.0,0.2424,0.0676,271.8091,255.0,0
273913.0,0.2413,-0.1014,271.2107,255.0,0
273923.0,0.2424,0.1069,270.7156,255.0,0
273933.0,0.2413,-0.0938,271.4365,255.0,0
273940.0,0.2424,0.0687,270.9024,255.0,0
273950.0,0.2413,-0.036,270.4606,255.0,0
273963.0,0.2413,-0.0196,271.2255,255.0,0
273973.0,0.2424,0.0687,270.7278,255.0,0
273983.0,0.2413,-0.0993,270.3162,255.0,0
273990.0,0.2424,0.1036,269.9756,255.0,0
274000.0,0.2413,-0.1069,269.6938,255.0,0
274013.0,0.2424,0.0611,270.5912,255.0,0
274023.0,0.2413,-0.0218,270.2032,255.0,0
274033.0,0.2413,-0.0316,269.882,255.0,0
274040.0,0.2424,0.0654,269.6165,255.0,0
274050.0,0.2413,-0.0905,269.3968,255.0,0
274063.0,0.2424,0.1058,269.215,255.0,0
274073.0,0.2413,-0.0938,269.0646,255.0,0
274083.0,0.2413,0.0578,268.9402,255.0,0
274090.0,0.2413,-0.0164,268.8373,255.0,0
274100.0,0.2413,-0.0382,269.8827,255.0,0
274113.0,0.2424,0.0633,269.6169,255.0,0
274123.0,0.2413,-0.0982,268.2666,255.0,0
274134.0,0.2424,0.1091,268.2801,255.0,0
274140.0,0.2413,-0.0818,268.2912,255.0,0
274150.0,0.2413,0.0415,268.3004,255.0,0
274164.0,0.2413,-0.0011,268.308,255.0,0
274174.0,0.2413,-0.0425,268.3143,255.0,0
274184.0,0.2424,0.0709,268.3195,255.0,0
274191.0,0.2413,-0.1025,268.3237,255.0,0
274201.0,0.2413,0.0927,268.3273,255.0,0
274214.0,0.2413,-0.0785,267.1997,255.0,0
274224.0,0.2413,0.0175,267.3974,255.0,0
274234.0,0.2413,0.0175,267.561,255.0,0
274241.0,0.2402,-0.0676,267.6963,255.0,0
274251.0,0.2413,0.0971,267.8083,255.0,0
274264.0,0.2402,-0.0982,266.7704,255.0,0
274274.0,0.2413,0.084,267.0422,255.0,0
274284.0,0.2413,-0.0611,267.2672,255.0,0
274291.0,0.2413,0.0076,267.4532,255.0,0
274301.0,0.2413,0.0295,267.6071,255.0,0
274314.0,0.2402,-0.0851,266.604,255.0,0
274324.0,0.2413,0.1036,266.9046,255.0,0
274334.0,0.2402,-0.0884,267.1533,255.0,0
274341.0,0.2413,0.0676,266.2285,255.0,0
274351.0,0.2413,-0.0371,265.4635,255.0,0
274364.0,0.2402,-0.0349,265.9611,255.0,0
274374.0,0.2413,0.0589,266.3727,255.0,0
274384.0,0.2402,-0.1014,265.5828,255.0,0
274623.09523809527,0.22674761904761906,-0.11111428571428572,514.3160476190476,230.71428571428572,0
275078.51473922905,0.20112403628117914,-0.12961768707482993,988.0936621315192,184.45578231292518,0
275696.5840621963,0.16634917395529641,-0.15472944606413994,1631.077567541302,121.67638483965015,1
276402.94900273037,0.12660647415428758,-0.18342859919477994,2365.916316581054,49.928502013050135,1
277117.7230496993,0.0863906469746953,-0.21246940891030852,3109.5031459665174,-22.67352227577132,1
277771.23074978526,0.04962189069621093,-0.23902100636450607,3789.3539614046554,-89.05251591126522,1
278315.82049985684,0.01898126046414062,-0.2611473375763374,4355.896307603103,-144.3683439408435,1
278730.7460237209,-0.004363981617436757,-0.27800549469011365,4787.5476189923975,-186.51373672528405,1
279019.7120135548,-0.020622275209963858,-0.28974599696577924,5088.161925138513,-215.864992414448,1
279203.1824832906,-0.030945001300457256,-0.297200284124932,5279.02815126303,-234.50071031232991,1
279308.89642061456,-0.036892857762122505,-0.3014953733928248,5389.003452982395,-245.23843348206185,1
279363.81275169196,-0.03998265332662393,-0.3037265885969249,5446.133479849598,-250.81647149231222,1
279389.30961969215,-0.041417201267285306,-0.3047625099416857,5472.658135180799,-253.4062748542142,1
279399.7698732307,-0.04200573375576177,-0.3051875033138952,5483.5400450602665,-254.46875828473807,1
279403.50567806594,-0.04221592393021765,-0.30533928666111293,5487.42644144579,-254.8482166527823,1
279404.6442090633,-0.04227998188814706,-0.3053855444431221,5488.610867010902,-254.96386110780531,1
279404.93223029777,-0.04229618702631372,-0.3053972465605947,5488.910498478267,-254.99311640148673,1
279404.99031861394,-0.04229945528947339,-0.30539960665151356,5488.970928354038,-254.9990166287838,1
279404.99907796324,-0.042299948122806984,-0.30539996253823937,5488.980040795623,-254.99990634559845,1
279404.9999560935,-0.04229999752965747,-0.30539999821610664,5488.980954323601,-254.99999554026658,1
279405.0,-0.0423,-0.3054,5488.981,-255.0,1
279415.0,-0.0445,-0.3251,9787.542,-255.0,1
279427.0,-0.0521,-0.3458,8096.9585,-255.0,1
279438.0,-0.0554,-0.3698,6697.2559,-255.0,1
279448.0,-0.0576,-0.3643,5539.3213,-255.0,1
279456.0,-0.0576,-0.2923,4582.5254,-255.0,1
279466.0,-0.0609,-0.3382,3789.864,-255.0,1
279478.0,-0.0663,-0.3403,3132.9871,-255.0,1
279488.0,-0.0685,-0.2247,2589.5713,-255.0,1
279498.0,-0.0707,-0.204,2140.0186,-255.0,1
279506.0,-0.0707,-0.1647,1768.1163,-255.0,1
279516.0,-0.0707,-0.0709,1459.3215,-255.0,1
279528.0,-0.0707,-0.0305,1203.8643,-255.0,1
279538.0,-0.0696,0.0567,992.5317,-255.0,1
279548.0,-0.0674,0.1342,816.5716,-255.0,1
279556.0,-0.0674,0.2062,671.0048,-255.0,1
279566.0,-0.0652,0.2629,550.5814,-255.0,1
279578.0,-0.0587,0.2989,450.9586,-230.36,1
279588.0,-0.0554,0.3502,368.5433,-138.45,1
279598.0,-0.0511,0.3796,299.233,-99.9,1
279606.0,-0.0511,0.3883,240.7641,-85.7,1
279616.0,-0.0478,0.3796,193.5248,-56.54,1
279628.0,-0.0401,0.4167,154.4452,104.03,1
279638.0,-0.0369,0.3818,120.9851,107.54,1
279648.0,-0.0336,0.3589,94.4351,93.57,1
279656.0,-0.0336,0.3589,72.471,96.17,1
279666.0,-0.0303,0.3382,53.1702,92.89,1
279678.0,-0.0249,0.2803,38.3337,85.0,1
279688.0,-0.0216,0.2945,26.0599,104.55,1
279699.0,-0.0194,0.2618,15.9061,96.41,1
279706.0,-0.0194,0.2062,7.5062,68.19,1
279716.0,-0.0172,0.2149,0.5571,80.95,1
279728.0,-0.0151,0.1811,-5.1916,73.04,1
279738.0,-0.0129,0.1407,-9.9474,61.87,1
279749.0,-0.0118,0.1691,-12.7512,80.58,1
279757.0,-0.0118,0.1484,-16.2012,70.42,1
279767.0,-0.0107,0.0905,-19.0553,46.05,1
279779.0,-0.0085,0.108,-20.286,63.58,1
279789.0,-0.0085,0.0796,-22.4345,49.53,1
279799.0,-0.0074,0.0404,-24.212,-56.23,1
279807.0,-0.0074,0.0676,-25.6824,48.37,1
279817.0,-0.0074,0.0316,-26.8988,-62.6,1
279829.0,-0.0074,-0.0011,-26.7747,-76.35,1
279839.0,-0.0074,0.0142,-26.6719,-69.63,1
279849.0,-0.0074,-0.0153,-27.7175,-85.21,1
279859.0,-0.0074,-0.0338,-28.5824,-93.14,1
279869.0,-0.0074,-0.0098,-29.2979,-82.1,1
279879.0,-0.0085,-0.0185,-29.8899,-93.76,1
279889.0,-0.0085,-0.0556,-29.249,-108.52,1
279899.0,-0.0096,-0.0207,-29.8494,-98.53,1
279907.0,-0.0096,-0.0382,-30.3461,-104.71,1
279918.0,-0.0096,-0.0622,-29.6265,-112.39,1
279929.0,-0.0107,-0.0316,-30.1617,-107.23,1
279939.0,-0.0107,-0.0447,-30.6044,-108.24,1
279949.0,-0.0118,-0.0764,-29.8402,-133.02,1
279957.0,-0.0118,-0.0349,-30.3385,-111.08,1
279968.0,-0.0118,-0.0818,-30.7507,-135.58,1
279979.0,-0.0129,-0.0567,-31.0917,-126.21,1
279989.0,-0.014,-0.0425,-31.3738,-121.42,1
279999.0,-0.014,-0.0545,-31.6072,-130.87,1
280008.0,-0.014,-0.0698,-32.9307,-139.44,1
280018.0,-0.0151,-0.048,-32.8952,-133.65,1
280029.0,-0.0161,-0.0644,-32.8658,-140.59,1
280039.0,-0.0172,-0.0982,-33.972,-166.52,1
280050.0,-0.0183,-0.0709,-33.7566,-157.0,1
280058.0,-0.0183,-0.0654,-33.5784,-153.03,1
280068.0,-0.0183,-0.0938,-34.5615,-165.16,1
280080.0,-0.0194,-0.0807,-35.3747,-164.35,1
280090.0,-0.0205,-0.0676,-36.0475,-162.28,1
280100.0,-0.0205,-0.1091,-35.4736,-180.95,1
280108.0,-0.0205,-0.0807,-34.9989,-169.17,1
280118.0,-0.0216,-0.0644,-35.7366,-166.43,1
280130.0,-0.0238,-0.096,-36.3469,-190.86,1
280140.0,-0.0238,-0.0894,-36.8518,-187.49,1
280150.0,-0.0249,-0.048,-37.2695,-175.25,1
280158.0,-0.0249,-0.0862,-37.615,-187.45,1
280169.0,-0.026,-0.0884,-39.0313,-191.21,1
280180.0,-0.0271,-0.0327,-40.2031,-175.7,1
280190.0,-0.0271,-0.0644,-40.0419,-188.88,1
280200.0,-0.0271,-0.0753,-41.039,-192.14,1
280209.0,-0.0271,-0.0229,-41.864,-171.4,1
280219.0,-0.0281,-0.0545,-42.5464,-187.91,1
280230.0,-0.0292,-0.0502,-44.2415,-187.01,1
280240.0,-0.0292,-0.0218,-44.5132,-179.52,1
280250.0,-0.0292,-0.0033,-44.7381,-164.5,1
280260.0,-0.0292,-0.0491,-46.0546,-183.58,1
280270.0,-0.0292,-0.0175,-47.1437,-175.93,1
280280.0,-0.0292,0.0218,-48.0447,-157.05,1
280290.0,-0.0292,-0.0469,-47.6595,-185.74,1
280300.0,-0.0292,0.0033,-47.3409,-162.05,1
280309.0,-0.0292,0.0175,-49.3383,-151.03,1
280319.0,-0.0292,-0.0284,-50.9907,-175.76,1
280330.0,-0.0303,-0.0425,-51.2272,-188.68,1
280340.0,-0.0303,0.0076,-51.4229,-167.99,1
280350.0,-0.0314,-0.0382,-51.5847,-190.67,1
280360.0,-0.0314,-0.0687,-52.8491,-212.53,1
280370.0,-0.0314,0.0098,-53.8951,-173.72,1
280380.0,-0.0325,-0.0458,-53.6299,-196.85,1
280390.0,-0.0325,-0.0698,-54.5411,-215.78,1
280401.0,-0.0325,0.0022,-55.2948,-178.42,1
280409.0,-0.0325,0.0196,-55.9184,-163.3,1
280419.0,-0.0325,-0.0622,-57.5647,-222.82,1
280431.0,-0.0325,-0.0022,-57.7962,-173.24,1
280441.0,-0.0325,0.0709,-57.9877,-149.17,1
280451.0,-0.0325,-0.0349,-59.2766,-206.6,1
280459.0,-0.0325,-0.0491,-60.3429,-195.67,1
280470.0,-0.0325,0.0611,-61.225,-170.09,1
280481.0,-0.0325,0.0196,-61.9548,-159.76,1
280491.0,-0.0325,-0.0764,-62.5585,-209.3,1
280501.0,-0.0314,0.0654,-64.1884,-145.81,1
280510.0,-0.0314,0.0829,-65.5368,-126.26,1
280520.0,-0.0314,-0.0425,-65.5218,-203.66,1
280531.0,-0.0303,-0.0055,-66.6398,-167.28,1
280541.0,-0.0303,0.0087,-67.5648,-171.62,1
280551.0,-0.0314,-0.0447,-68.33,-197.89,1
280560.0,-0.0314,-0.0447,-68.963,-200.04,1
280570.0,-0.0303,0.0458,-69.4867,-148.09,1
280581.0,-0.0303,-0.0567,-69.9199,-192.13,1
280591.0,-0.0303,0.0262,-70.2783,-167.44,1
280601.0,-0.0303,0.0764,-71.7053,-125.47,1
280611.0,-0.0303,-0.0065,-71.7553,-186.86,1
280621.0,-0.0303,-0.0044,-71.7967,-180.99,1
280631.0,-0.0292,0.0524,-72.9614,-131.73,1
280641.0,-0.0292,-0.0076,-73.925,-176.78,1
280651.0,-0.0292,-0.0076,-74.7221,-162.51,1
280661.0,-0.0292,0.0131,-75.3815,-164.95,1
280671.0,-0.0292,-0.0055,-75.927,-162.2,1
280681.0,-0.0292,0.0142,-76.3783,-171.33,1
280691.0,-0.0292,-0.0164,-76.7517,-184.09,1
280702.0,-0.0292,-0.0458,-77.0605,-181.03,1
280711.0,-0.0303,-0.0131,-78.4466,-175.76,1
280721.0,-0.0303,-0.0273,-79.5932,-178.1,1
280732.0,-0.0303,-0.0415,-79.4112,-191.46,1
280742.0,-0.0303,-0.0229,-79.2607,-186.5,1
280752.0,-0.0314,-0.024,-80.2667,-181.6,1
280760.0,-0.0314,-0.024,-81.0989,-199.3,1
280771.0,-0.0314,-0.0273,-81.7874,-191.09,1
280782.0,-0.0325,-0.0589,-83.4875,-207.1,1
280792.0,-0.0325,-0.0316,-83.7634,-191.88,1
280802.0,-0.0325,-0.0065,-83.9916,-182.11,1
280811.0,-0.0325,-0.0065,-84.1804,-178.19,1
280821.0,-0.0325,-0.0404,-84.3366,-209.49,1
280832.0,-0.0325,-0.0131,-85.5964,-189.5,1
280842.0,-0.0325,-0.0349,-86.6385,-191.84,1
280852.0,-0.0325,0.0164,-88.6312,-167.25,1
280861.0,-0.0325,0.0164,-90.2796,-173.32,1
280871.0,-0.0325,-0.0076,-89.3823,-188.29,1
280882.0,-0.0325,-0.0022,-88.64,-178.73,1
280892.0,-0.0325,-0.0055,-90.2869,-189.28,1
280902.0,-0.0336,-0.024,-91.6494,-205.38,1
280912.0,-0.0336,0.0033,-91.646,-177.1,1
280922.0,-0.0336,-0.0415,-92.7737,-207.86,1
280932.0,-0.0336,-0.0305,-93.7066,-194.96,1
280942.0,-0.0336,-0.0153,-94.4784,-188.21,1
280952.0,-0.0347,-0.0349,-95.1169,-210.43,1
280961.0,-0.0347,-0.0349,-95.645,-202.7,1
280972.0,-0.0347,0.0207,-97.2125,-179.81,1
280982.0,-0.0347,-0.0262,-98.5092,-216.91,1
280992.0,-0.0347,0.0251,-98.4514,-171.61,1
281002.0,-0.0347,-0.0371,-98.4037,-211.96,1
281012.0,-0.0347,-0.0109,-99.4946,-200.64,1
281022.0,-0.0347,0.0578,-100.3971,-167.84,1
281032.0,-0.0347,-0.0229,-102.2743,-209.67,1
281042.0,-0.0347,0.0033,-103.8272,-189.52,1
281053.0,-0.0347,-0.0087,-103.9814,-187.29,1
281062.0,-0.0347,-0.0087,-104.1089,-195.85,1
281072.0,-0.0347,-0.0153,-104.2144,-191.81,1
281083.0,-0.0347,-0.0076,-105.4322,-222.57,1
281093.0,-0.0347,0.0098,-107.5701,-189.37,1
281103.0,-0.0336,0.0284,-108.2083,-163.07,1
281112.0,-0.0336,0.0284,-108.7362,-174.09,1
281122.0,-0.0336,0.0131,-109.173,-172.32,1
281133.0,-0.0336,0.0338,-109.5343,-163.24,1
281143.0,-0.0325,0.024,-110.9637,-205.73,1
281153.0,-0.0325,0.0011,-112.1462,-171.79,1
281162.0,-0.0336,0.0011,-113.1244,-192.62,1
281173.0,-0.0336,-0.0055,-112.8032,-191.12,1
281183.0,-0.0325,0.0273,-112.5375,-160.01,1
281193.0,-0.0336,-0.036,-113.4481,-242.59,1
281203.0,-0.0336,0.0011,-114.2015,-174.26,1
281212.0,-0.0336,0.0011,-115.9553,-176.54,1
281223.0,-0.0336,0.0087,-117.4061,-185.03,1
281233.0,-0.0325,0.0316,-117.4758,-158.74,1
281243.0,-0.0336,-0.0207,-117.5335,-190.67,1
281253.0,-0.0336,0.0109,-118.7117,-199.09,1
281262.0,-0.0336,0.0109,-119.6864,-173.95,1
281273.0,-0.0336,-0.0251,-120.4928,-193.34,1
281283.0,-0.0336,0.0065,-121.1598,-179.69,1
281293.0,-0.0336,0.0033,-120.5812,-184.09,1
281303.0,-0.0336,-0.0393,-121.233,-202.56,1
281313.0,-0.0336,-0.0393,-122.9027,-222.2,1
281323.0,-0.0325,-0.036,-123.1535,-195.38,1
281333.0,-0.0325,-0.0196,-123.361,-188.15,1
281343.0,-0.0325,0.0098,-124.6631,-179.5,1
281354.0,-0.0325,-0.0131,-125.7404,-211.88,1
281363.0,-0.0336,-0.0131,-126.6315,-190.41,1
281374.0,-0.0336,-0.0055,-127.3688,-184.28,1
281384.0,-0.0336,0.0175,-127.9786,-173.92,1
281394.0,-0.0336,0.012,-128.4832,-186.95,1
281404.0,-0.0336,-0.0578,-128.9006,-245.39,1
281413.0,-0.0347,-0.0578,-129.2459,-212.59,1
281423.0,-0.0347,-0.024,-129.5316,-197.23,1
281434.0,-0.0347,-0.0109,-130.8984,-192.02,1
281444.0,-0.0347,0.0207,-132.0291,-177.28,1
281454.0,-0.0347,-0.0545,-132.9645,-218.92,1
281463.0,-0.0358,-0.0545,-133.7384,-234.03,1
281474.0,-0.0358,-0.0098,-134.3786,-196.89,1
281484.0,-0.0358,-0.0229,-134.9082,-204.32,1
281494.0,-0.0358,0.0109,-135.3463,-209.06,1
281504.0,-0.0358,-0.0076,-136.8392,-214.11,1
281513.0,-0.0358,-0.0415,-138.0743,-210.76,1
281523.0,-0.0358,0.0098,-139.0961,-186.51,1
281534.0,-0.0347,0.0731,-139.9413,-167.33,1
281544.0,-0.0347,0.0218,-140.6406,-176.06,1
281554.0,-0.0358,-0.0251,-141.2191,-255.0,1
281564.0,-0.0358,-0.0251,-141.6976,-202.86,1
281574.0,-0.0358,0.0055,-143.224,-185.13,1
281584.0,-0.0347,0.0742,-144.4868,-177.67,1
281594.0,-0.0347,0.0196,-145.5314,-173.28,1
281604.0,-0.0347,-0.0262,-146.3956,-198.22,1
281614.0,-0.0347,-0.0262,-147.1105,-199.86,1
281624.0,-0.0347,0.072,-147.702,-195.02,1
281634.0,-0.0347,0.0185,-148.1913,-174.14,1
281644.0,-0.0347,-0.0524,-148.596,-211.58,1
281655.0,-0.0347,0.0087,-148.9309,-183.68,1
281664.0,-0.0347,0.0175,-150.3384,-179.51,1
281675.0,-0.0347,-0.0065,-151.5028,-225.11,1
281685.0,-0.0347,-0.0284,-151.3356,-200.04,1
281695.0,-0.0347,-0.0393,-151.1972,-232.15,1
281705.0,-0.0347,-0.0055,-152.2133,-188.08,1
281714.0,-0.0347,0.0393,-154.1843,-167.55,1
281725.0,-0.0358,-0.0556,-154.6844,-239.59,1
281735.0,-0.0358,-0.0229,-153.9677,-217.52,1
281745.0,-0.0358,0.0033,-155.6357,-189.33,1
281755.0,-0.0358,0.0131,-157.0156,-188.12,1
281765.0,-0.0358,0.0131,-157.0267,-202.64,1
281775.0,-0.0358,-0.012,-158.1663,-206.87,1
281785.0,-0.0358,-0.0349,-160.2396,-210.26,1
281795.0,-0.0358,0.0305,-160.8243,-178.79,1
281805.0,-0.0369,-0.0065,-160.1775,-205.75,1
281815.0,-0.0369,-0.0164,-160.7729,-212.12,1
281825.0,-0.0369,0.0142,-162.396,-233.81,1
281835.0,-0.0369,0.0076,-163.7387,-207.31,1
281845.0,-0.0369,-0.0349,-164.8495,-212.53,1
281855.0,-0.0369,0.0131,-165.7684,-201.87,1
281865.0,-0.0369,0.024,-166.5287,-223.57,1
281875.0,-0.0369,-0.0076,-167.1575,-233.6,1
281885.0,-0.0369,-0.0185,-167.6778,-199.74,1
281895.0,-0.0369,0.0076,-168.1082,-200.93,1
281906.0,-0.038,0.0545,-169.5948,-171.11,1
281915.0,-0.0412,0.0207,-170.8246,-245.17,1
281925.0,-0.0412,-0.0087,-170.7115,-214.06,1
281935.0,-0.0412,0.0229,-171.7484,-200.78,1
281945.0,-0.0401,0.0709,-172.6062,-174.46,1
281956.0,-0.0401,0.036,-173.3158,-193.55,1
281965.0,-0.0401,0.012,-175.0334,-226.88,1
281976.0,-0.0401,0.012,-176.4543,-207.57,1
281986.0,-0.0391,0.0513,-176.4992,-182.54,1
281996.0,-0.0391,0.0415,-176.5364,-188.58,1
282006.0,-0.0391,0.0218,-177.6977,-199.43,1
282016.0,-0.038,0.0229,-178.6584,-195.35,1
282026.0,-0.038,0.0055,-179.4532,-208.93,1
282036.0,-0.038,0.0415,-180.1106,-186.72,1
282046.0,-0.038,0.0196,-180.6546,-224.36,1
282056.0,-0.0369,0.0491,-181.1045,-176.04,1
282066.0,-0.0369,0.0022,-181.4768,-200.55,1
282076.0,-0.038,-0.0153,-182.9152,-255.0,1
282086.0,-0.038,0.0524,-184.1052,-175.02,1
282096.0,-0.0369,0.0316,-183.9591,-184.94,1
282106.0,-0.0369,0.0,-184.9688,-255.0,1
282116.0,-0.0369,0.0382,-185.8041,-173.13,1
282126.0,-0.0369,0.0491,-186.4951,-189.41,1
282136.0,-0.0358,0.0175,-187.0667,-198.56,1
282146.0,-0.0358,0.06,-187.5396,-160.66,1
282156.0,-0.0347,0.0556,-187.9308,-160.81,1
282166.0,-0.0347,0.024,-188.2545,-178.5,1
282176.0,-0.0347,0.06,-189.6527,-186.22,1
282186.0,-0.0347,-0.0011,-190.8094,-204.39,1
282196.0,-0.0336,0.036,-191.7664,-171.94,1
282207.0,-0.0336,0.0436,-192.558,-217.46,1
282216.0,-0.0336,-0.0327,-192.0824,-197.66,1
282226.0,-0.0336,0.0469,-191.6889,-160.33,1
282236.0,-0.0336,0.0218,-192.4939,-234.69,1
282246.0,-0.0336,-0.0502,-193.1599,-204.75,1
282257.0,-0.0336,0.0218,-193.7109,-171.71,1
282267.0,-0.0325,0.06,-195.2971,-207.31,1
282277.0,-0.0325,-0.0076,-196.6094,-179.05,1
282287.0,-0.0336,-0.024,-196.5646,-194.58,1
282297.0,-0.0325,0.0545,-197.6579,-199.55,1
282307.0,-0.0325,0.0458,-198.5624,-153.73,1
282317.0,-0.0325,-0.0295,-198.1802,-194.08,1
282327.0,-0.0314,0.0785,-198.9945,-185.16,1
282337.0,-0.0314,0.0316,-199.6681,-217.8,1
282347.0,-0.0325,-0.0785,-199.0949,-211.02,1
282357.0,-0.0314,0.0622,-199.7512,-194.59,1
282367.0,-0.0303,0.084,-201.4247,-180.52,1
282377.0,-0.0314,-0.0753,-201.6785,-200.76,1
282387.0,-0.0314,0.0218,-201.8886,-219.76,1
282397.0,-0.0303,0.1233,-203.1928,-168.58,1
282407.0,-0.0303,-0.072,-203.1413,-190.18,1
282417.0,-0.0303,0.0109,-203.0987,-240.23,1
282427.0,-0.0292,0.1931,-204.1939,-131.7,1
282437.0,-0.0292,-0.0884,-205.1,-188.24,1
282447.0,-0.0303,-0.0698,-205.8495,-190.27,1
282457.0,-0.0281,0.2138,-206.4696,-121.74,1
282467.0,-0.0281,-0.0382,-206.9826,-165.54,1
282477.0,-0.0303,-0.1647,-207.407,-243.14,1
282488.0,-0.0292,0.1407,-207.758,-181.65,1
282498.0,-0.0292,-0.0153,-208.0485,-159.98,1
282508.0,-0.0303,-0.1625,-208.2887,-243.28,1
282518.0,-0.0292,0.132,-208.4875,-227.85,1
282528.0,-0.0292,-0.0033,-208.6519,-149.34,1
282538.0,-0.0303,-0.1582,-209.9185,-237.54,1
282548.0,-0.0292,0.2083,-212.0967,-188.17,1
282558.0,-0.0281,0.0665,-212.7682,-108.06,1
282568.0,-0.0292,-0.1604,-212.1933,-255.0,1
282578.0,-0.0281,0.1473,-212.8481,-203.27,1
282588.0,-0.0271,0.0982,-213.3899,-80.0,1
282598.0,-0.0281,-0.1298,-213.838,-206.75,1
282608.0,-0.0271,0.1593,-215.3393,-145.35,1
282618.0,-0.026,0.0785,-215.4507,-95.31,1
282628.0,-0.0271,-0.1178,-215.5429,-204.29,1
282638.0,-0.026,0.1844,-216.7497,-204.94,1
282648.0,-0.0249,0.0545,-217.748,-98.82,1
282658.0,-0.026,-0.0633,-218.5739,-189.41,1
282668.0,-0.0238,0.1778,-219.2572,-189.1,1
282678.0,-0.0238,0.024,-218.6919,-106.17,1
282688.0,-0.0238,-0.0295,-219.3547,-246.81,1
282699.0,-0.0227,0.1418,-219.9031,-104.2,1
282709.0,-0.0227,-0.0196,-219.2262,-123.97,1
282719.0,-0.0227,0.0131,-219.7968,-115.69,1
282729.0,-0.0216,0.1636,-220.2688,-42.52,1
282739.0,-0.0216,-0.0567,-220.6593,-157.88,1
282749.0,-0.0216,0.0262,-222.1128,-168.89,1
282759.0,-0.0205,0.1178,-222.1848,-67.41,1
282769.0,-0.0205,-0.0513,-222.2443,-155.87,1
282779.0,-0.0205,0.0753,-223.4241,-244.6,1
282789.0,-0.0194,0.0458,-223.2696,-88.91,1
282799.0,-0.0205,-0.0524,-223.1417,-189.16,1
282809.0,-0.0194,0.108,-223.036,-178.29,1
282819.0,-0.0183,0.0305,-222.9485,-87.0,1
282829.0,-0.0194,-0.0349,-224.0066,-131.24,1
282839.0,-0.0183,0.0862,-224.882,-72.06,1
282850.0,-0.0183,-0.0011,-224.4756,-120.12,1
282859.0,-0.0183,0.0033,-225.27,-132.1,1
282869.0,-0.0172,0.0829,-225.9271,-216.2,1
282880.0,-0.0183,-0.0545,-225.3402,-136.31,1
282890.0,-0.0172,0.048,-225.9852,-220.53,1
282900.0,-0.0172,0.0458,-226.5189,-80.64,1
282909.0,-0.0172,-0.0611,-226.9603,-134.27,1
282920.0,-0.0172,0.0949,-227.3255,-201.57,1
282930.0,-0.0172,0.0076,-226.4971,-92.0,1
282940.0,-0.0172,-0.0458,-226.9423,-126.32,1
282950.0,-0.0161,0.0982,-227.3105,-59.18,1
282960.0,-0.0161,-0.0087,-227.6152,-113.93,1
282970.0,-0.0161,-0.0218,-228.9978,-124.62,1
282980.0,-0.0151,0.0938,-229.011,-205.92,1
282991.0,-0.0161,-0.0665,-227.8915,-133.79,1
283000.0,-0.0161,0.0349,-228.0958,-242.79,1
283010.0,-0.0151,0.0644,-228.2648,-53.87,1
283020.0,-0.0161,-0.0742,-228.4047,-135.32,1
283031.0,-0.0151,0.0927,-229.6509,-185.87,1
283041.0,-0.0151,0.0262,-229.5513,-74.57,1
283051.0,-0.0151,-0.0327,-230.5995,-111.69,1
283060.0,-0.014,0.0949,-231.4666,-49.65,1
283071.0,-0.014,0.012,-231.0534,-95.85,1
283081.0,-0.014,0.0251,-231.8421,-139.34,1
283091.0,-0.0129,0.0894,-231.364,-159.35,1
283101.0,-0.0129,-0.0393,-230.9686,-107.48,1
283110.0,-0.0129,0.0676,-231.7719,-247.37,1
283120.0,-0.0118,0.0349,-232.4365,-51.64,1
283131.0,-0.0129,-0.0622,-231.8558,-113.16,1
283141.0,-0.0118,0.1233,-231.3753,104.09,1
283152.0,-0.0118,0.0185,-232.1084,-80.99,1
283161.0,-0.0118,-0.0022,-232.7149,-95.9,1
283171.0,-0.0107,0.1058,-233.2166,86.44,1
283181.0,-0.0107,-0.0044,-233.6316,-99.18,1
283191.0,-0.0096,0.0567,-233.975,-207.97,1
283202.0,-0.0096,0.0709,-233.1285,-42.36,1
283211.0,-0.0096,-0.0524,-232.4283,-110.16,1
283221.0,-0.0085,0.0971,-232.9795,93.39,1
283232.0,-0.0085,0.0284,-233.4355,-71.95,1
283242.0,-0.0085,-0.0295,-233.8127,-103.61,1
283252.0,-0.0074,0.0873,-234.1248,134.04,1
283261.0,-0.0085,-0.0109,-234.3829,-104.85,1
283271.0,-0.0074,0.0142,-234.5965,-161.37,1
283282.0,-0.0074,0.0807,-233.6427,82.81,1
283292.0,-0.0085,-0.0916,-232.8537,-137.36,1
283303.0,-0.0074,0.0251,-233.3314,-255.0,1
283311.0,-0.0074,0.0436,-233.7266,-43.1,1
283321.0,-0.0085,-0.0785,-234.0535,-114.68,1
283333.0,-0.0074,0.0382,-234.324,-65.23,1
283342.0,-0.0074,0.0098,-234.5478,-73.84,1
283353.0,-0.0074,0.0251,-234.7329,-87.37,1
283361.0,-0.0074,0.036,-233.7555,-196.21,1
283371.0,-0.0074,-0.0524,-234.0775,-93.51,1
283383.0,-0.0063,0.1058,-235.4743,112.44,1
283393.0,-0.0063,0.0251,-234.3689,-60.55,1
283403.0,-0.0074,-0.0753,-234.5849,-188.87,1
283412.0,-0.0052,0.1462,-234.7636,135.28,1
283422.0,-0.0063,-0.0284,-233.7809,-88.46,1
283433.0,-0.0063,-0.0371,-234.0985,-96.2,1
283443.0,-0.0052,0.1222,-234.3612,189.53,1
283454.0,-0.0052,-0.0055,-234.5786,-91.05,1
283462.0,-0.0052,-0.0218,-234.7583,-225.67,1
283472.0,-0.0052,0.0633,-233.7766,88.67,1
283484.0,-0.0052,-0.0349,-234.0949,-122.83,1
283493.0,-0.0052,-0.0109,-234.3582,-197.18,1
283503.0,-0.0052,-0.0262,-233.4456,-72.25,1
283512.0,-0.0052,0.0425,-233.8211,-43.42,1
283522.0,-0.0052,-0.0044,-234.1317,-71.29,1
283534.0,-0.0063,-0.0862,-234.3887,-120.11,1
283543.0,-0.0052,0.0676,-234.6013,86.37,1
283554.0,-0.0041,0.0545,-233.6466,158.27,1
283562.0,-0.0063,-0.1287,-232.8569,-158.15,1
283572.0,-0.0052,0.0851,-233.3341,81.3,1
283584.0,-0.0052,0.0404,-233.7288,-68.28,1
283594.0,-0.0052,-0.0862,-234.0554,-255.0,1
283604.0,-0.0052,0.0251,-233.195,-72.67,1
283612.0,-0.0052,-0.0098,-232.4833,-74.64,1
283622.0,-0.0063,-0.0502,-233.025,-102.59,1
283634.0,-0.0063,-0.0065,-233.4731,-83.51,1
283644.0,-0.0063,-0.0251,-233.8439,-94.96,1
283655.0,-0.0063,0.0185,-233.0201,-231.81,1
283663.0,-0.0063,-0.0415,-232.3385,-85.05,1
283673.0,-0.0063,-0.0305,-232.9053,-131.04,1
283685.0,-0.0052,0.0938,-233.3741,111.09,1
283695.0,-0.0063,-0.048,-233.7619,-96.5,1
283704.0,-0.0063,-0.0207,-234.0828,-255.0,1
283713.0,-0.0052,0.1134,-234.3482,198.8,1
283723.0,-0.0052,-0.0545,-234.5678,-91.98,1
283735.0,-0.0052,0.0382,-234.7494,-50.04,1
283745.0,-0.0041,0.0709,-233.7692,176.83,1
283755.0,-0.0041,0.0262,-234.0888,-68.75,1
283763.0,-0.0041,0.0033,-234.3532,-231.18,1
283775.0,-0.0041,0.0109,-233.4414,-56.38,1
283785.0,-0.0041,0.06,-233.8176,91.84,1
283795.0,-0.0041,-0.0055,-232.9984,-71.81,1
283805.0,-0.0041,-0.0796,-232.3206,-111.4,1
283813.0,-0.0031,0.12,-232.8904,118.12,1
283823.0,-0.0031,0.0338,-233.3618,73.44,1
283835.0,-0.0052,-0.1898,-233.7518,-176.14,1
283845.0,-0.0041,0.0818,-232.9438,90.61,1
283855.0,-0.0031,0.1058,-232.2755,200.31,1
283863.0,-0.0041,-0.1636,-232.8531,-255.0,1
283873.0,-0.0041,0.0229,-232.2004,-131.73,1
283886.0,-0.0041,0.0404,-231.6605,77.05,1
283895.0,-0.0041,-0.0393,-232.3443,-247.31,1
283905.0,-0.0052,-0.0873,-232.91,-101.97,1
283914.0,-0.0052,0.0185,-233.378,-54.75,1
283924.0,-0.0041,0.06,-232.6347,93.39,1
283936.0,-0.0052,-0.0807,-232.0197,-112.28,1
283946.0,-0.0063,-0.0654,-232.6415,-111.98,1
283956.0,-0.0041,0.1549,-233.1559,132.14,1
283964.0,-0.0052,-0.036,-232.4509,-97.0,1
283974.0,-0.0031,0.1418,-231.8677,126.44,1
283986.0,-0.002,0.1418,-232.5157,155.92,1
283996.0,-0.002,-0.0196,-233.0518,-82.89,1
284006.0,-0.002,0.0502,-232.3648,79.41,1
284014.0,-0.002,-0.0393,-230.666,-92.46,1
284024.0,-0.002,-0.0338,-230.3911,-89.73,1
284036.0,-0.0031,-0.0338,-231.2942,-255.0,1
284046.0,-0.0041,-0.0905,-230.9108,-102.8,1
284056.0,-0.0041,-0.0109,-230.5936,-140.05,1
284064.0,-0.0041,-0.096,-230.3312,-177.85,1
284074.0,-0.0052,-0.0229,-230.1141,-67.59,1
284086.0,-0.0041,0.0578,-231.065,97.98,1
284097.0,-0.0052,-0.1429,-230.7212,-138.43,1
284106.0,-0.0052,0.0284,-230.4368,-56.59,1
284114.0,-0.0052,0.0731,-231.332,89.62,1
284124.0,-0.0063,-0.1287,-230.942,-145.07,1
284137.0,-0.0052,0.0382,-230.6194,-59.17,1
284146.0,-0.0052,0.0425,-231.4831,-58.68,1
284157.0,-0.0063,-0.108,-231.067,-139.51,1
284164.0,-0.0052,0.0524,-230.7229,70.93,1
284174.0,-0.0063,-0.0262,-230.4381,-103.46,1
284187.0,-0.0063,-0.0676,-230.2026,-121.23,1
284197.0,-0.0063,0.0469,-231.1383,-64.69,1
284207.0,-0.0074,-0.1047,-230.7818,-145.3,1
284215.0,-0.0074,0.0305,-230.4869,-78.0,1
284225.0,-0.0063,0.024,-231.3734,-248.04,1
284237.0,-0.0074,-0.1102,-230.9763,-126.22,1
284247.0,-0.0074,0.0611,-230.6478,-45.29,1
284257.0,-0.0074,-0.048,-231.5066,-234.66,1
284265.0,-0.0074,-0.0131,-232.217,-71.99,1
284275.0,-0.0074,0.0796,-232.8047,95.85,1
284287.0,-0.0074,-0.0731,-232.1604,-112.64,1
284297.0,-0.0074,0.0687,-231.6273,81.68,1
284307.0,-0.0063,0.108,-232.3169,102.76,1
284315.0,-0.0074,-0.1124,-231.7568,-141.46,1
284325.0,-0.0063,0.0622,-232.424,75.5,1
284337.0,-0.0063,0.0633,-232.976,74.58,1
284347.0,-0.0063,-0.0764,-232.3021,-123.91,1
284358.0,-0.0063,0.0709,-232.8751,76.15,1
284365.0,-0.0063,-0.0273,-232.2186,-126.28,1
284375.0,-0.0063,-0.0338,-231.6755,-101.62,1
284388.0,-0.0063,0.0524,-232.3567,-59.81,1
284398.0,-0.0063,-0.0884,-231.7898,-131.03,1
284408.0,-0.0063,0.0131,-231.3208,-80.99,1
284415.0,-0.0063,0.0218,-232.0633,-244.89,1
284425.0,-0.0074,-0.1134,-231.547,-127.4,1
284438.0,-0.0074,0.0687,-231.1199,85.86,1
284448.0,-0.0074,-0.024,-231.8971,-229.7,1
284458.0,-0.0074,-0.0404,-232.5401,-84.42,1
284465.0,-0.0063,0.0862,-233.072,104.53,1
284476.0,-0.0074,-0.0905,-232.3815,-120.59,1
284488.0,-0.0074,0.0556,-231.8103,-51.37,1
284498.0,-0.0063,0.1145,-232.4682,106.57,1
284508.0,-0.0074,-0.1462,-233.0125,-158.14,1
284516.0,-0.0074,0.0425,-233.4628,-65.87,1
284526.0,-0.0063,0.1004,-232.7048,93.35,1
284538.0,-0.0074,-0.108,-232.0778,-143.84,1
284549.0,-0.0063,0.0229,-232.6895,-209.2,1
284559.0,-0.0063,0.0175,-232.0651,-73.31,1
284566.0,-0.0074,-0.06,-231.5486,-106.32,1
284576.0,-0.0074,0.0273,-232.2517,-220.45,1
284589.0,-0.0074,-0.048,-232.8334,-86.69,1
284599.0,-0.0074,0.0218,-233.3146,-58.34,1
284609.0,-0.0074,-0.012,-233.7127,-253.29,1
284616.0,-0.0074,-0.0327,-232.9116,-71.86,1
284626.0,-0.0063,0.1004,-232.2488,118.53,1
284639.0,-0.0074,-0.0425,-232.831,-210.41,1
284649.0,-0.0074,0.0011,-233.3127,-58.44,1
284659.0,-0.0052,0.1429,-233.7111,141.66,1
284666.0,-0.0063,-0.084,-232.9102,-109.6,1
284676.0,-0.0063,0.0371,-233.3782,-53.76,1
284689.0,-0.0052,0.1353,-233.7653,123.71,1
284699.0,-0.0052,-0.0905,-232.9551,-119.82,1
284709.0,-0.0052,0.0076,-233.4153,-73.18,1
284716.0,-0.0052,0.0676,-233.796,82.66,1
284726.0,-0.0052,-0.0513,-234.111,-106.15,1
284739.0,-0.0052,0.0076,-233.241,-241.15,1
284749.0,-0.0052,-0.0087,-232.5213,-65.05,1
284759.0,-0.0063,-0.0284,-233.0565,-84.44,1
284766.0,-0.0052,0.0545,-232.3687,84.72,1
284777.0,-0.0063,-0.0698,-231.7997,-112.38,1
284790.0,-0.0052,0.0676,-232.4594,166.04,1
284799.0,-0.0052,-0.0065,-233.0053,-92.0,1
284809.0,-0.0063,-0.06,-233.4568,-122.68,1
284817.0,-0.0041,0.1233,-232.6999,105.61,1
284827.0,-0.0052,-0.0425,-232.0737,-200.91,1
284840.0,-0.0063,-0.1014,-232.6861,-130.14,1
284850.0,-0.0052,0.1342,-233.1928,117.3,1
284860.0,-0.0052,-0.072,-232.4814,-115.09,1
284867.0,-0.0063,-0.0491,-231.893,-109.37,1
284877.0,-0.0052,0.0633,-232.5366,77.32,1
284890.0,-0.0063,-0.0654,-233.0691,-119.81,1
284900.0,-0.0052,0.0284,-233.5096,-69.35,1
284910.0,-0.0052,-0.0044,-232.7436,-250.6,1
284917.0,-0.0063,-0.0589,-232.1098,-96.29,1
284927.0,-0.0063,0.0524,-232.716,-45.51,1
284940.0,-0.0063,-0.0556,-232.087,-103.22,1
284950.0,-0.0063,0.0033,-231.5667,-107.11,1
284960.0,-0.0052,0.096,-232.2667,102.81,1
284967.0,-0.0063,-0.1134,-232.8458,-136.44,1
284977.0,-0.0063,0.0524,-233.3249,-55.81,1
284990.0,-0.0052,0.048,-232.5907,72.13,1
285000.0,-0.0063,-0.0829,-231.9834,-126.43,1
285010.0,-0.0063,0.0513,-232.6114,-60.57,1
285017.0,-0.0052,0.0218,-232.0005,-140.86,1
285027.0,-0.0063,-0.0327,-231.4951,-94.81,1
285040.0,-0.0052,0.0567,-232.2075,79.05,1
285050.0,-0.0052,-0.0393,-232.7968,-98.27,1
285060.0,-0.0052,0.0327,-233.2844,-63.9,1
285067.0,-0.0052,0.0305,-232.5572,-66.12,1
285077.0,-0.0063,-0.0764,-231.9556,-124.84,1
285091.0,-0.0052,0.0905,-232.5885,92.65,1
285101.0,-0.0052,0.0011,-233.112,-83.76,1
285110.0,-0.0052,-0.0545,-233.5451,-112.07,1
285118.0,-0.0041,0.108,-233.9034,101.0,1
285128.0,-0.0052,-0.0458,-233.0693,-108.24,1
285141.0,-0.0052,-0.0175,-232.3793,-136.07,1
285151.0,-0.0041,0.0873,-232.939,95.4,1
285161.0,-0.0052,-0.0884,-233.4019,-125.63,1
285168.0,-0.0052,0.0196,-233.785,-72.69,1
285178.0,-0.0041,0.036,-232.9713,-60.83,1
285191.0,-0.0052,-0.0796,-232.2982,-123.55,1
285201.0,-0.0052,0.0404,-231.7414,-63.99,1
285211.0,-0.0052,-0.0175,-231.2808,-142.46,1
285218.0,-0.0052,-0.0415,-232.0302,-99.12,1
285228.0,-0.0052,0.0513,-232.6502,73.02,1
285241.0,-0.0052,-0.0644,-232.0325,-113.41,1
285251.0,-0.0052,0.0316,-231.5216,-66.34,1
285261.0,-0.0052,0.0262,-231.0989,-78.19,1
285268.0,-0.0063,-0.0807,-230.7492,-127.11,1
285278.0,-0.0052,0.072,-231.5905,83.01,1
285291.0,-0.0052,0.0076,-232.2864,-80.54,1
285301.0,-0.0063,-0.0742,-232.8621,-126.28,1
285311.0,-0.0052,0.0676,-232.2078,76.08,1
285318.0,-0.0052,-0.0415,-230.5361,-105.78,1
285328.0,-0.0063,-0.036,-231.4142,-155.91,1
285341.0,-0.0052,0.072,-232.1405,84.06,1
285351.0,-0.0063,-0.0916,-231.6109,-130.73,1
285361.0,-0.0063,0.0164,-232.3033,-77.97,1
285368.0,-0.0052,0.0545,-231.7456,71.83,1
285378.0,-0.0063,-0.0654,-231.2842,-120.35,1
285392.0,-0.0052,0.0589,-232.0331,72.75,1
285402.0,-0.0052,0.0142,-231.522,-137.99,1
285412.0,-0.0063,-0.0436,-231.0993,-102.73,1
285419.0,-0.0052,0.0676,-231.88,82.44,1
285429.0,-0.0052,-0.0371,-232.5259,-98.75,1
285442.0,-0.0052,0.0044,-233.0603,-224.89,1
285452.0,-0.0052,0.0611,-232.3718,94.92,1
285462.0,-0.0052,-0.084,-231.8022,-109.56,1
285469.0,-0.0052,0.0567,-231.3311,93.6,1
285479.0,-0.0052,0.0338,-230.9413,-58.5,1
285492.0,-0.0052,-0.0469,-231.7493,-101.12,1
285502.0,-0.0052,0.0404,-232.4178,-59.29,1
285512.0,-0.0052,-0.0175,-231.8403,-89.48,1
285519.0,-0.0052,0.0153,-231.3626,-126.51,1
285529.0,-0.0041,0.0491,-230.9674,80.21,1
285542.0,-0.0052,-0.0764,-230.6404,-115.85,1
285552.0,-0.0052,0.0436,-231.5004,-57.66,1
285562.0,-0.0041,0.0436,-231.0814,72.39,1
285569.0,-0.0052,-0.0807,-230.7347,-122.14,1
285579.0,-0.0041,0.0709,-231.5785,84.17,1
285592.0,-0.0041,-0.0196,-231.146,-88.84,1
285602.0,-0.0052,-0.0654,-230.7881,-116.6,1
285612.0,-0.0041,0.0665,-231.6227,80.32,1
285619.0,-0.0052,-0.0447,-231.1825,-107.09,1
285632.0,-0.0052,-0.0164,-230.8184,-220.89,1
285642.0,-0.0041,0.0622,-230.5171,94.14,1
285652.0,-0.0052,-0.0862,-230.268,-114.74,1
285662.0,-0.0052,0.0305,-231.1923,-59.38,1
285669.0,-0.0052,0.0338,-230.8265,-59.99,1
285679.0,-0.0052,-0.0436,-230.5239,-100.51,1
285692.0,-0.0052,0.0262,-231.404,-211.71,1
285702.0,-0.0052,0.0076,-231.0016,-58.32,1
285712.0,-0.0052,-0.0033,-230.6688,-73.75,1
285719.0,-0.0041,0.0458,-231.5239,84.23,1
285730.0,-0.0052,-0.0316,-231.1008,-89.1,1
285743.0,-0.0041,0.0611,-230.7508,85.96,1
285753.0,-0.0041,0.0447,-230.4613,75.68,1
285763.0,-0.0041,-0.0622,-230.2217,-106.15,1
285770.0,-0.0031,0.1124,-231.1541,111.02,1
285780.0,-0.0031,0.0316,-230.7949,69.55,1
285793.0,-0.0041,-0.0785,-230.4977,-117.57,1
285803.0,-0.0031,0.1134,-230.2519,108.86,1
285813.0,-0.0031,-0.0044,-230.0485,-77.27,1
285820.0,-0.0031,-0.0513,-231.0108,-176.69,1
285830.0,-0.0031,0.0709,-230.6763,96.39,1
285843.0,-0.0031,-0.0142,-230.3996,-75.23,1
285853.0,-0.0031,-0.0142,-230.1707,-77.03,1
285863.0,-0.002,0.0567,-228.8509,144.38,1
285870.0,-0.0031,-0.0425,-228.8895,-101.17,1
285883.0,-0.0031,0.0142,-230.0519,-156.21,1
285893.0,-0.002,0.0164,-229.8831,-55.33,1
285903.0,-0.0031,-0.0502,-229.7434,-94.81,1
285913.0,-0.002,0.048,-229.6279,83.69,1
285920.0,-0.0031,-0.0164,-228.4018,-80.4,1
285930.0,-0.0031,-0.0196,-228.5179,-197.15,1
285943.0,-0.002,0.0611,-228.6141,102.38,1
285953.0,-0.0031,-0.0589,-228.6936,-91.87,1
285963.0,-0.002,0.0327,-228.7594,121.45,1
285970.0,-0.002,0.0654,-227.6833,141.54,1
285980.0,-0.002,-0.0513,-227.9236,-101.75,1
285993.0,-0.002,0.0491,-229.2529,75.36,1
286003.0,-0.002,0.0284,-229.2221,65.57,1
286013.0,-0.002,-0.0524,-229.1966,-100.72,1
286020.0,-0.002,0.0611,-228.045,82.58,1
286030.0,-0.0009,0.0185,-227.0923,65.82,1
286044.0,-0.002,-0.0884,-227.4347,-117.57,1
286054.0,-0.002,0.0556,-226.5874,80.35,1
286064.0,-0.002,-0.0524,-227.017,-99.17,1
286071.0,-0.0031,-0.0513,-227.3724,-102.92,1
286081.0,-0.002,0.024,-226.5359,64.89,1
286094.0,-0.0031,-0.0927,-226.9743,-123.41,1
286104.0,-0.0031,-0.0011,-227.3371,-195.97,1
286114.0,-0.0031,0.0044,-226.5067,-107.13,1
286121.0,-0.0041,-0.1004,-225.8197,-112.28,1
286131.0,-0.0041,0.0404,-226.3819,79.77,1
286144.0,-0.0041,-0.0229,-226.847,-80.5,1
286154.0,-0.0052,-0.0687,-226.1012,-110.08,1
286164.0,-0.0041,0.0764,-225.4843,90.26,1
286171.0,-0.0041,-0.0611,-224.9739,-105.22,1
286181.0,-0.0052,-0.0502,-225.6822,-105.47,1
286194.0,-0.0041,0.0905,-226.2681,93.7,1
286204.0,-0.0052,-0.0753,-225.6224,-119.79,1
286214.0,-0.0052,-0.0447,-225.0882,-186.76,1
286221.0,-0.0041,0.0894,-224.6462,101.86,1
286231.0,-0.0052,-0.1025,-225.4111,-126.23,1
286244.0,-0.0052,0.0131,-226.0438,-232.88,1
286254.0,-0.0052,0.048,-225.4368,92.23,1
286264.0,-0.0052,-0.0633,-224.9346,-94.25,1
286272.0,-0.0052,0.0055,-224.5192,-153.37,1
286284.0,-0.0052,0.0153,-224.1755,-51.15,1
286294.0,-0.0052,-0.0175,-225.0217,-72.89,1
286304.0,-0.0052,0.024,-225.7218,-215.65,1
286314.0,-0.0063,-0.0589,-225.1703,-84.36,1
286321.0,-0.0052,0.0513,-225.8447,93.44,1
286331.0,-0.0041,0.0753,-226.4026,104.34,1
286344.0,-0.0052,-0.0894,-225.7336,-112.29,1
286354.0,-0.0052,0.0676,-225.1801,87.97,1
286364.0,-0.0041,0.1265,-224.7223,130.4,1
286371.0,-0.0041,-0.1047,-225.474,-125.72,1
286381.0,-0.0041,0.0742,-226.0959,87.59,1
286395.0,-0.0031,0.1102,-225.4799,148.46,1
286405.0,-0.0041,-0.0916,-226.1008,-128.24,1
286415.0,-0.0031,0.0393,-225.4839,67.23,1
286422.0,-0.0031,0.0458,-223.8431,152.2,1
286432.0,-0.0031,-0.0578,-224.7467,-132.65,1
286445.0,-0.0031,0.0284,-224.3637,55.58,1
286455.0,-0.0031,-0.0065,-222.9164,-85.19,1
286465.0,-0.0031,-0.0305,-223.9801,-226.09,1
286472.0,-0.0031,0.0033,-223.7295,-91.43,1
286482.0,-0.0041,-0.0644,-222.3917,-97.73,1
286495.0,-0.0041,-0.0153,-223.546,-76.34,1
286505.0,-0.0041,0.0196,-223.3704,-61.25,1
286515.0,-0.0052,-0.0993,-222.0947,-126.8,1
286522.0,-0.0052,0.0327,-223.3003,-143.14,1
286532.0,-0.0041,0.036,-223.1671,-46.96,1
286545.0,-0.0052,-0.0927,-223.057,-118.79,1
286555.0,-0.0041,0.0753,-224.0964,91.79,1
286565.0,-0.0041,0.0262,-222.6952,-59.44,1
286572.0,-0.0052,-0.0818,-222.6666,-172.8,1
286582.0,-0.0041,0.1145,-223.7734,113.61,1
286595.0,-0.0041,0.0087,-223.5585,-66.5,1
286605.0,-0.0041,-0.048,-223.3808,-96.79,1
286615.0,-0.0031,0.1287,-223.2337,119.01,1
286622.0,-0.0031,0.0109,-223.1121,-65.76,1
286632.0,-0.0031,-0.0502,-223.0115,-107.76,1
286645.0,-0.002,0.1494,-222.9282,132.02,1
286655.0,-0.002,-0.0164,-222.8593,-76.33,1
286666.0,-0.002,-0.0196,-222.8024,-189.7,1
286672.0,-0.0009,0.1298,-221.6247,138.92,1
286682.0,-0.002,-0.0447,-221.781,-80.32,1
286696.0,-0.0009,0.0415,-223.0408,88.78,1
286706.0,-0.0009,0.0818,-221.822,152.68,1
286716.0,-0.0009,-0.0207,-221.9442,-76.8,1
286723.0,0.0002,0.0611,-222.0453,92.56,1
286733.0,0.0002,0.0458,-220.9984,161.11,1
286746.0,0.0002,-0.0425,-221.2629,-93.83,1
286756.0,0.0002,0.0491,-221.4816,78.02,1
286766.0,0.0002,-0.0076,-220.5321,-72.77,1
286773.0,0.0002,-0.0578,-219.7466,-153.08,1
286783.0,0.0002,0.0305,-220.2273,79.87,1
286796.0,-0.0009,-0.0774,-219.4945,-102.85,1
286806.0,-0.0009,-0.0469,-218.8882,-195.96,1
286816.0,-0.0009,0.0382,-219.5171,91.84,1
286823.0,-0.002,-0.0851,-218.907,-100.87,1
286833.0,-0.002,-0.0458,-218.4021,-249.21,1
286846.0,-0.0009,0.0796,-219.1151,167.52,1
286856.0,-0.002,-0.0982,-219.7048,-101.62,1
286866.0,-0.002,-0.0295,-219.0622,-124.37,1
286873.0,-0.0009,0.1069,-218.5306,193.99,1
286883.0,-0.002,-0.0305,-219.2213,-79.88,1
286896.0,-0.002,0.0044,-219.7927,-189.54,1
286906.0,-0.0009,0.0644,-219.1349,109.71,1
286916.0,-0.0009,0.0142,-218.5908,80.33,1
286923.0,-0.0009,0.0,-219.2711,-185.45,1
286933.0,-0.0009,0.0469,-218.7034,159.58,1
286946.0,-0.0009,-0.0065,-218.2338,-54.23,1
286956.0,0.0002,0.0393,-217.8452,93.0,1
286967.0,0.0002,0.0142,-217.5238,154.36,1
286973.0,0.0002,-0.0098,-218.3884,-69.41,1
286983.0,0.0013,0.0851,-217.9732,105.99,1
286996.0,0.0002,-0.0207,-217.6297,-74.01,1
287007.0,0.0002,-0.0131,-217.3455,-83.51,1
287017.0,0.0013,0.0698,-215.9799,100.68,1
287023.0,0.0013,-0.0055,-215.9807,62.86,1
287034.0,0.0002,-0.0774,-217.1119,-189.42,1
287047.0,0.0013,0.1265,-216.9172,140.54,1
287057.0,0.0013,-0.0545,-215.6256,-75.12,1
287067.0,0.0002,-0.0753,-215.6875,-221.69,1
287074.0,0.0024,0.1484,-215.7388,166.9,1
287084.0,0.0013,-0.0436,-215.7813,-60.67,1
287097.0,0.0013,-0.072,-215.8164,-82.83,1
287107.0,0.0024,0.1462,-214.7149,206.02,1
287117.0,0.0024,-0.0011,-214.9342,134.6,1
287124.0,0.0013,-0.084,-215.1156,-156.7,1
287134.0,0.0024,0.132,-214.1352,137.12,1
287147.0,0.0024,-0.0011,-214.4546,121.52,1
287157.0,0.0013,-0.0873,-214.7189,-212.42,1
287167.0,0.0024,0.072,-213.807,114.58,1
287174.0,0.0024,-0.0011,-213.0526,84.36,1
287184.0,0.0024,-0.0578,-212.4285,-195.06,1
287197.0,0.0024,0.0131,-211.9122,134.78,1
287207.0,0.0013,-0.0611,-211.4851,-77.11,1
287217.0,0.0013,0.0153,-212.2623,80.36,1
287224.0,0.0013,-0.0044,-211.7747,68.77,1
287234.0,0.0024,0.0644,-211.3713,174.18,1
287247.0,0.0024,0.0644,-212.1681,96.07,1
287257.0,0.0035,0.0665,-210.5663,175.58,1
287267.0,0.0013,-0.1745,-209.2412,-156.88,1
287274.0,0.0013,0.0055,-209.2754,56.37,1
287284.0,0.0002,-0.2193,-209.3038,-216.72,1
287297.0,-0.002,-0.2193,-209.3272,-181.09,1
287307.0,-0.002,0.0491,-209.3466,74.1,1
287318.0,-0.0041,-0.1974,-208.2322,-178.22,1
287324.0,-0.0041,-0.0654,-207.3102,-118.19,1
287334.0,-0.0031,0.1047,-208.8085,98.91,1
287347.0,-0.0052,-0.2182,-208.9175,-191.89,1
287357.0,-0.0063,-0.0502,-207.8772,-112.16,1
287368.0,-0.0041,0.1756,-208.147,129.81,1
287375.0,-0.0063,-0.2116,-208.3703,-192.99,1
287385.0,-0.0074,-0.0654,-208.5549,-124.31,1
287398.0,-0.0052,0.2094,-208.7077,142.38,1
287408.0,-0.0074,-0.1953,-207.7036,-189.13,1
287418.0,-0.0074,-0.0807,-206.873,-131.76,1
287425.0,-0.0052,0.2193,-207.3163,147.06,1
287435.0,-0.0074,-0.1582,-207.683,-246.04,1
287448.0,-0.0085,-0.0982,-207.9864,-134.99,1
287458.0,-0.0052,0.2422,-208.2374,166.64,1
287468.0,-0.0074,-0.144,-208.445,-204.37,1
287475.0,-0.0074,-0.0644,-208.6168,-112.46,1
287485.0,-0.0052,0.2814,-208.7589,187.42,1
287498.0,-0.0063,-0.1331,-208.8764,-146.61,1
287508.0,-0.0074,-0.0785,-208.9737,-125.17,1
287518.0,-0.0041,0.3,-209.0541,196.63,1
287525.0,-0.0052,-0.1025,-207.9902,-130.43,1
287535.0,-0.0074,-0.1844,-207.11,-180.7,1
287548.0,-0.0041,0.288,-207.5124,188.13,1
287558.0,-0.0052,-0.0742,-206.7148,-117.91,1
287568.0,-0.0074,-0.2149,-206.0549,-197.3,1
287575.0,-0.0052,0.2203,-206.6395,148.66,1
287585.0,-0.0052,-0.0316,-207.1232,-199.22,1
287598.0,-0.0074,-0.2203,-206.3927,-187.28,1
287608.0,-0.0052,0.2029,-205.7885,150.04,1
287618.0,-0.0052,-0.0316,-206.4191,-171.04,1
287625.0,-0.0074,-0.18,-205.8103,-163.13,1
287635.0,-0.0052,0.1789,-205.3067,141.09,1
287648.0,-0.0052,-0.0011,-206.0205,-120.76,1
287658.0,-0.0074,-0.1593,-206.6111,-155.2,1
287669.0,-0.0052,0.1985,-207.0996,149.3,1
287676.0,-0.0052,-0.0175,-206.3733,-81.26,1
287686.0,-0.0074,-0.2127,-204.6419,-189.43,1
287698.0,-0.0052,0.1942,-205.4706,167.92,1
287709.0,-0.0052,0.0371,-206.1561,-62.54,1
287719.0,-0.0074,-0.2269,-204.4622,-203.36,1
287726.0,-0.0063,0.144,-204.1915,105.56,1
287736.0,-0.0052,0.0644,-205.0979,70.04,1
287749.0,-0.0074,-0.2443,-204.7174,-212.73,1
287759.0,-0.0063,0.1353,-204.4025,100.74,1
287769.0,-0.0052,0.1036,-204.142,89.15,1
287776.0,-0.0085,-0.2618,-203.9266,-226.04,1
287786.0,-0.0074,0.0698,-203.7483,63.31,1
287799.0,-0.0063,0.156,-203.6008,110.69,1
287809.0,-0.0085,-0.2378,-203.4788,-214.15,1
287819.0,-0.0074,0.0436,-203.3779,-138.21,1
287826.0,-0.0052,0.1974,-203.2944,144.83,1
287836.0,-0.0085,-0.2269,-203.2253,-201.38,1
287849.0,-0.0085,0.0065,-204.2987,-86.29,1
287859.0,-0.0052,0.2454,-204.0562,164.39,1
287869.0,-0.0074,-0.1854,-203.8555,-180.01,1
287876.0,-0.0085,-0.06,-203.6895,-122.39,1
287886.0,-0.0052,0.252,-203.5522,165.26,1
287899.0,-0.0063,-0.1265,-203.4386,-148.01,1
287909.0,-0.0074,-0.0894,-203.3446,-134.2,1
287919.0,-0.0052,0.2465,-203.2669,161.3,1
287926.0,-0.0063,-0.1058,-203.2026,-138.57,1
287936.0,-0.0074,-0.1276,-203.1494,-154.03,1
287949.0,-0.0052,0.2236,-203.1053,149.22,1
287959.0,-0.0063,-0.0589,-203.0689,-168.99,1
287969.0,-0.0074,-0.1484,-201.9083,-157.51,1
287976.0,-0.0052,0.1942,-202.0787,139.73,1
287987.0,-0.0052,-0.0098,-202.2196,-118.92,1
287999.0,-0.0074,-0.1484,-202.3362,-156.35,1
288009.0,-0.0052,0.1734,-202.4326,130.39,1
288020.0,-0.0052,0.0164,-202.5124,-73.67,1
288027.0,-0.0063,-0.1571,-202.5784,-159.95,1
288037.0,-0.0052,0.1745,-202.633,134.4,1
288050.0,-0.0041,0.0753,-202.6782,100.04,1
288060.0,-0.0063,-0.18,-201.5851,-181.17,1
288070.0,-0.0041,0.1516,-201.8112,116.91,1
288077.0,-0.0031,0.1276,-201.9984,109.27,1
288087.0,-0.0052,-0.1942,-201.0227,-184.25,1
288100.0,-0.0041,0.0927,-201.346,88.02,1
288110.0,-0.0031,0.1636,-201.6135,127.72,1
288120.0,-0.0041,-0.2051,-200.7042,-179.66,1
288127.0,-0.0041,-0.0076,-199.9521,-116.56,1
288137.0,-0.0031,0.2007,-200.4603,150.55,1
288150.0,-0.0041,-0.1538,-200.8808,-150.5,1
288160.0,-0.0052,-0.0709,-200.0981,-151.82,1
288170.0,-0.0031,0.2149,-199.4506,160.06,1
288177.0,-0.0041,-0.1036,-198.915,-123.12,1
288187.0,-0.0052,-0.1244,-198.4718,-139.01,1
288200.0,-0.0031,0.1876,-199.2358,142.68,1
288210.0,-0.0031,-0.0327,-199.8677,-86.4,1
288220.0,-0.0052,-0.1647,-199.26,-161.67,1
288227.0,-0.0041,0.1396,-198.7573,112.35,1
288237.0,-0.0031,0.024,-198.3414,-59.37,1
288250.0,-0.0052,-0.1647,-197.9974,-162.73,1
288260.0,-0.0041,0.1134,-198.8432,98.3,1
288270.0,-0.0031,0.0633,-199.543,128.8,1
288278.0,-0.0052,-0.1516,-198.9914,-176.32,1
288288.0,-0.0041,0.0774,-198.5351,75.98,1
288300.0,-0.0031,0.0971,-198.1576,90.77,1
288310.0,-0.0041,-0.1538,-197.8453,-179.3,1
288320.0,-0.0041,0.0469,-197.5869,65.24,1
288328.0,-0.0031,0.1593,-197.3732,125.48,1
288338.0,-0.0041,-0.1374,-197.1964,-145.01,1
288350.0,-0.0041,-0.0185,-197.0501,-101.44,1
288360.0,-0.002,0.2007,-198.0596,152.2,1
288371.0,-0.0031,-0.1025,-197.7642,-122.03,1
288378.0,-0.0041,-0.0753,-196.3894,-145.48,1
288388.0,-0.002,0.2018,-197.513,155.7,1
288401.0,-0.002,-0.0393,-198.4425,-83.69,1
288411.0,-0.0041,-0.1516,-196.9505,-175.51,1
288421.0,-0.002,0.1636,-196.8467,137.24,1
288428.0,-0.002,0.0491,-196.7608,101.73,1
288438.0,-0.0041,-0.1985,-195.5593,-206.64,1
288451.0,-0.0031,0.0949,-195.6958,103.25,1
288461.0,-0.002,0.096,-195.8087,106.34,1
288471.0,-0.0031,-0.1767,-194.7716,-191.65,1
288478.0,-0.0031,0.0033,-193.9137,-65.11,1
288488.0,-0.002,0.1734,-195.4649,140.11,1
288501.0,-0.0031,-0.1331,-195.6177,-169.04,1
288511.0,-0.0041,-0.0731,-194.6136,-106.04,1
288521.0,-0.002,0.1756,-194.9135,142.48,1
288528.0,-0.0031,-0.0687,-194.031,-134.54,1
288538.0,-0.0041,-0.0949,-193.301,-116.06,1
288551.0,-0.002,0.1309,-193.8276,120.56,1
288561.0,-0.002,0.0251,-194.2632,66.41,1
288571.0,-0.0031,-0.1178,-194.6236,-127.27,1
288578.0,-0.002,0.096,-194.9217,100.08,1
288589.0,-0.002,0.0774,-194.0378,90.03,1
288601.0,-0.0031,-0.1156,-193.3066,-128.04,1
288611.0,-0.002,0.0502,-193.8322,75.41,1
288622.0,-0.0009,0.1178,-194.267,113.31,1
288629.0,-0.002,-0.0894,-193.4962,-111.65,1
288639.0,-0.002,-0.012,-192.8586,-73.07,1
288651.0,-0.0009,0.1276,-193.4616,117.45,1
288661.0,-0.002,-0.0578,-192.8299,-96.28,1
288672.0,-0.002,-0.0654,-191.1768,-115.73,1
288679.0,-0.0009,0.1276,-192.0703,119.02,1
288689.0,-0.0009,-0.0022,-192.8095,-62.7,1
288701.0,-0.002,-0.096,-191.1599,-153.96,1
288711.0,-0.0009,0.0731,-190.9258,95.71,1
288722.0,-0.0009,0.0665,-191.8626,102.78,1
288729.0,-0.002,-0.1124,-191.5072,-185.17,1
288739.0,-0.0009,0.0305,-190.0826,111.95,1
288752.0,0.0002,0.1244,-190.0346,123.1,1
288762.0,-0.0009,-0.0938,-191.1254,-155.21,1
288772.0,-0.0009,-0.0262,-190.8972,-67.42,1
288779.0,0.0002,0.1364,-190.7085,132.33,1
288789.0,-0.0009,-0.0556,-190.5524,-116.76,1
288802.0,-0.0009,-0.0578,-189.2927,-83.26,1
288812.0,0.0002,0.1309,-189.3811,129.27,1
288822.0,0.0002,0.0251,-189.4542,74.96,1
288829.0,-0.0009,-0.1004,-189.5147,-108.85,1
288839.0,0.0002,0.0851,-189.5648,102.95,1
288852.0,0.0013,0.1145,-189.6062,121.32,1
288862.0,0.0002,-0.0949,-189.6405,-103.97,1
288872.0,0.0002,0.0,-188.5383,-56.86,1
288880.0,0.0024,0.1429,-188.757,138.35,1
288890.0,0.0013,-0.0371,-188.938,-71.75,1
288902.0,0.0013,-0.0654,-187.9572,-140.51,1
288912.0,0.0024,0.0993,-187.1458,122.87,1
288922.0,0.0024,0.0371,-186.4745,90.09,1
288930.0,0.0013,-0.0894,-187.0497,-119.94,1
288940.0,0.0024,0.0654,-187.5256,152.74,1
288952.0,0.0035,0.1134,-186.7887,126.08,1
288962.0,0.0024,-0.0807,-186.1791,-90.21,1
288972.0,0.0024,-0.0153,-185.6749,57.29,1
288980.0,0.0035,0.1244,-185.2577,131.44,1
288990.0,0.0035,-0.0491,-184.9126,-78.19,1
289002.0,0.0035,-0.0611,-184.627,-90.36,1
289012.0,0.0035,0.0905,-184.3909,117.45,1
289023.0,0.0024,0.0131,-185.326,73.89,1
289030.0,0.0024,-0.1134,-184.969,-144.21,1
289040.0,0.0024,0.0415,-183.5433,131.07,1
289052.0,0.0024,0.0905,-184.6248,110.47,1
289063.0,0.0024,-0.0753,-184.389,-97.37,1
289073.0,0.0035,-0.0316,-183.0634,-59.22,1
289080.0,0.0035,0.1004,-183.0973,120.53,1
289090.0,0.0035,0.0022,-183.1253,71.19,1
289103.0,0.0035,-0.0829,-183.1485,-96.11,1
289113.0,0.0046,0.0774,-183.1677,114.22,1
289123.0,0.0035,0.0665,-183.1836,104.0,1
289132.0,0.0035,-0.0807,-182.0662,-103.83,1
289143.0,0.0046,0.0055,-181.1418,113.15,1
289153.0,0.0046,0.1036,-181.5076,123.56,1
289163.0,0.0035,-0.0142,-181.8102,60.64,1
289173.0,0.0046,-0.0415,-180.9301,-62.06,1
289181.0,0.0046,0.0698,-180.2019,107.23,1
289191.0,0.0046,0.0491,-180.7301,97.09,1
289203.0,0.0046,-0.072,-180.0365,-105.05,1
289213.0,0.0057,0.0458,-178.3322,116.07,1
289223.0,0.0057,0.0851,-178.0528,120.76,1
289231.0,0.0057,-0.0316,-178.9521,62.31,1
289241.0,0.0046,-0.0218,-178.5657,62.64,1
289253.0,0.0068,0.0949,-178.2459,129.56,1
289263.0,0.0057,0.0578,-177.9814,106.51,1
289273.0,0.0068,-0.0633,-177.7626,-88.79,1
289281.0,0.0068,0.0578,-177.5816,114.16,1
289291.0,0.0068,0.0676,-176.3013,118.16,1
289303.0,0.0068,-0.0131,-176.3727,77.21,1
289313.0,0.0079,-0.0273,-176.4318,74.01,1
289324.0,0.0079,0.1004,-175.3501,137.3,1
289331.0,0.0079,0.0273,-175.5858,100.48,1
289341.0,0.0079,-0.0491,-175.7808,62.08,1
289353.0,0.0089,0.0524,-174.8116,116.85,1
289364.0,0.0089,0.0742,-174.0098,127.51,1
289374.0,0.0079,0.0044,-173.3465,88.03,1
289381.0,0.0079,-0.0556,-172.7977,57.87,1
289391.0,0.0089,0.0949,-172.3438,137.37,1
289404.0,0.0089,0.0175,-173.0987,98.67,1
289414.0,0.01,-0.0076,-173.7233,90.51,1
289424.0,0.01,0.0295,-171.979,108.81,1
289431.0,0.01,0.048,-170.5359,119.98,1
289441.0,0.01,0.0,-170.4727,93.58,1
289454.0,0.0111,-0.0142,-170.4203,90.88,1
289464.0,0.0111,0.0764,-170.377,136.18,1
289474.0,0.0111,-0.0098,-170.3412,99.4,1
289482.0,0.0111,0.0153,-170.3115,104.84,1
289492.0,0.0111,0.0218,-169.1565,108.16,1
289504.0,0.0111,0.0545,-168.201,124.56,1
289514.0,0.0122,-0.0175,-167.4105,92.96,1
289524.0,0.0122,0.0535,-166.7566,128.43,1
289534.0,0.0122,0.0622,-166.2156,132.81,1
289544.0,0.0122,0.0207,-165.7681,112.1,1
289554.0,0.0133,0.0065,-165.3978,109.38,1
289564.0,0.0111,0.0425,-165.0915,118.66,1
289574.0,0.0111,0.0633,-164.8382,129.03,1
289582.0,0.0111,0.0044,-163.498,99.45,1
289592.0,0.0122,0.0284,-163.5199,115.84,1
289604.0,0.0111,0.0185,-163.538,106.59,1
289614.0,0.01,0.0644,-162.4225,125.02,1
289624.0,0.0122,0.0175,-161.4996,110.21,1
289632.0,0.0122,0.0436,-161.8667,123.35,1
289642.0,0.0122,0.0164,-162.1703,109.76,1
289654.0,0.0111,0.1091,-161.291,151.67,1
289664.0,0.0111,0.0153,-160.5636,112.02,1
289675.0,0.0122,0.0436,-159.9618,125.34,1
289682.0,0.0122,0.0633,-159.464,131.74,1
289692.0,0.0122,0.0873,-159.0521,143.94,1
289705.0,0.0144,-0.0153,-157.5809,106.68,1
289715.0,0.0144,0.084,-156.3638,151.45,1
289725.0,0.0155,0.0665,-156.4875,146.18,1
289732.0,0.0155,0.0949,-156.5898,160.62,1
289742.0,0.0155,0.0436,-155.5439,141.35,1
289755.0,0.0177,0.0785,-154.6786,173.05,1
289765.0,0.0177,0.0535,-155.0934,146.6,1
289775.0,0.0188,0.1036,-154.3059,176.54,1
289783.0,0.0188,0.0469,-152.524,162.07,1
289793.0,0.022,0.0785,-151.0499,175.76,1
289805.0,0.0231,0.0698,-150.9609,176.41,1
289815.0,0.0242,0.1047,-150.8873,198.75,1
289825.0,0.0242,0.0567,-149.6959,197.05,1
289833.0,0.0242,0.0415,-148.7103,164.73,1
289843.0,0.0242,0.0425,-147.8949,166.05,1
289855.0,0.0253,0.0774,-146.0898,188.37,1
289865.0,0.0253,0.0175,-144.5966,158.78,1
289875.0,0.0253,-0.0164,-143.3612,168.38,1
289883.0,0.0253,0.0185,-142.3393,156.41,1
289893.0,0.0253,0.024,-141.4939,160.04,1
289905.0,0.0253,-0.0011,-139.6639,148.1,1
289915.0,0.0253,-0.0371,-138.1501,160.97,1
289925.0,0.0253,0.0,-136.8978,145.48,1
289933.0,0.0253,-0.0273,-135.8617,132.96,1
289943.0,0.0253,-0.0011,-135.0046,146.94,1
289955.0,0.0253,-0.0305,-134.2956,132.93,1
289965.0,0.0242,-0.0065,-133.709,162.09,1
289976.0,0.0242,-0.0316,-133.2238,126.27,1
289983.0,0.0242,0.012,-132.8223,149.01,1
289993.0,0.0253,0.0567,-132.4902,176.47,1
290006.0,0.0253,0.0076,-131.085,166.03,1
290016.0,0.0253,-0.0076,-128.792,179.91,1
290026.0,0.0253,-0.0262,-128.0256,129.79,1
290033.0,0.0253,0.0698,-127.3915,179.32,1
290044.0,0.0264,0.0251,-126.867,162.54,1
290056.0,0.0264,-0.0033,-126.433,149.34,1
290066.0,0.0264,0.0076,-124.9436,183.76,1
290076.0,0.0264,-0.0044,-123.7113,146.26,1
290084.0,0.0264,0.0393,-122.692,169.26,1
290094.0,0.0264,0.0196,-121.8487,160.39,1
290106.0,0.0264,0.0295,-121.151,166.06,1
290116.0,0.0264,-0.0022,-120.5739,159.23,1
290126.0,0.0275,-0.0251,-118.9659,143.03,1
290134.0,0.0275,0.0633,-117.6357,187.74,1
290144.0,0.0275,0.0447,-116.5353,178.89,1
290156.0,0.0275,0.0076,-115.6249,160.68,1
290166.0,0.0286,0.0175,-114.8718,170.22,1
290176.0,0.0286,0.0305,-113.1182,176.88,1
290186.0,0.0286,0.0044,-111.6676,163.88,1
290196.0,0.0286,0.0022,-111.598,162.96,1
290206.0,0.0286,0.0524,-111.5404,188.19,1
290216.0,0.0286,0.0164,-110.3623,171.25,1
290226.0,0.0286,0.0055,-109.3877,164.62,1
290234.0,0.0286,0.0284,-107.4509,176.01,1
290244.0,0.0297,0.0305,-105.8487,181.42,1
290256.0,0.0319,-0.0098,-105.6537,170.02,1
290266.0,0.0329,0.0415,-104.3618,199.97,1
290277.0,0.0319,0.0371,-103.2932,193.38,1
290286.0,0.0319,-0.0262,-102.4091,161.71,1
290296.0,0.0329,-0.0153,-100.5472,171.41,1
290306.0,0.0319,0.0338,-99.0069,191.49,1
290316.0,0.0319,-0.0316,-97.7327,158.69,1
290327.0,0.0319,-0.0207,-96.6785,164.08,1
290337.0,0.0319,0.0142,-95.8065,181.48,1
290347.0,0.0319,-0.0076,-95.0851,170.53,1
290357.0,0.0319,-0.0764,-94.4882,136.14,1
290367.0,0.0308,-0.0055,-92.864,167.11,1
290377.0,0.0308,-0.0229,-91.5203,158.29,1
290385.0,0.0308,-0.0513,-90.4087,144.04,1
290396.0,0.0308,0.0076,-89.4891,173.43,1
290407.0,0.0308,0.0076,-88.7284,173.38,1
290417.0,0.0297,-0.0327,-88.099,148.8,1
290427.0,0.0308,-0.0284,-87.5784,155.31,1
290435.0,0.0308,0.0491,-86.0172,193.93,1
290445.0,0.0308,-0.0087,-84.7256,164.93,1
290457.0,0.0308,-0.0087,-83.6572,164.86,1
290467.0,0.0319,0.0589,-82.7733,202.98,1
290477.0,0.0319,0.024,-82.042,185.48,1
290485.0,0.0319,0.0033,-81.4371,175.08,1
290496.0,0.0319,0.0393,-80.9367,193.05,1
290507.0,0.0319,0.0393,-79.3922,192.94,1
290517.0,0.0319,-0.0458,-76.9839,150.23,1
290527.0,0.0319,0.0502,-76.1222,198.17,1
290537.0,0.0319,-0.0207,-75.4093,162.68,1
290547.0,0.0319,-0.0207,-73.689,162.56,1
290557.0,0.0319,0.048,-72.2659,196.83,1
290567.0,0.0319,-0.0142,-71.0885,165.66,1
290577.0,0.0319,-0.0567,-70.1146,144.33,1
290587.0,0.0319,0.0371,-69.3089,191.19,1
290597.0,0.0308,-0.0175,-68.6423,159.51,1
290607.0,0.0319,-0.0687,-68.0909,138.21,1
290617.0,0.0319,0.0393,-66.5042,192.1,1
290628.0,0.0308,-0.0076,-65.1916,164.2,1
290636.0,0.0308,-0.0229,-64.1057,158.59,1
290646.0,0.0319,0.0578,-63.2074,200.89,1
290657.0,0.0319,0.0196,-62.4642,181.81,1
290667.0,0.0319,-0.0175,-61.8494,163.28,1
290678.0,0.0319,0.0556,-61.3408,199.83,1
290687.0,0.0319,0.0055,-59.7895,174.67,1
290698.0,0.0329,-0.0218,-58.5062,165.35,1
290708.0,0.0329,0.0491,-57.4446,200.75,1
290718.0,0.0329,-0.0076,-56.5663,172.35,1
290728.0,0.0329,-0.0044,-55.8397,173.96,1
290738.0,0.0329,0.0425,-54.1082,197.32,1
290748.0,0.0329,0.0022,-52.6757,177.05,1
290758.0,0.0329,-0.0404,-51.4906,155.72,1
290768.0,0.0329,0.0622,-50.5103,206.94,1
290778.0,0.0329,0.0055,-49.6993,178.53,1
290786.0,0.0329,-0.0164,-49.0283,167.59,1
290797.0,0.0329,0.036,-48.4733,193.75,1
290808.0,0.0329,-0.0022,-46.8836,174.56,1
290818.0,0.034,-0.024,-45.5685,167.94,1
290828.0,0.034,0.0491,-44.4806,204.43,1
290836.0,0.034,0.0033,-43.5805,181.47,1
290846.0,0.0329,-0.0415,-42.836,154.71,1
290858.0,0.034,0.0633,-41.0895,211.33,1
290868.0,0.034,0.0087,-39.6447,183.97,1
290878.0,0.034,-0.0338,-38.4495,162.63,1
290886.0,0.034,0.0513,-37.4607,205.12,1
290897.0,0.034,0.0425,-36.6427,200.72,1
290908.0,0.034,-0.0513,-34.8355,153.71,1
290918.0,0.0351,0.048,-33.3404,207.62,1
290928.0,0.034,0.0447,-32.1036,201.55,1
290937.0,0.034,-0.0491,-31.0804,154.59,1
290947.0,0.0351,0.0305,-30.234,198.72,1
290958.0,0.0351,0.0622,-29.5337,214.51,1
290968.0,0.0351,-0.0447,-27.8239,160.96,1
290979.0,0.0351,-0.0131,-26.4095,176.7,1
290987.0,0.0351,0.0556,-25.2393,211.0,1
290998.0,0.0351,-0.0436,-24.2713,161.31,1
291009.0,0.0351,-0.0055,-23.4705,180.36,1
291019.0,0.0351,0.0436,-21.6775,209.0,1
291029.0,0.0351,-0.0404,-20.1942,162.17,1
291037.0,0.0351,-0.0273,-18.9671,168.76,1
291047.0,0.0351,0.0796,-17.9519,222.25,1
291059.0,0.0351,-0.0349,-17.1121,165.01,1
291069.0,0.0351,-0.0316,-16.4174,166.67,1
291079.0,0.0351,0.0807,-15.8427,222.87,1
291087.0,0.0351,-0.0142,-14.2367,175.37,1
291098.0,0.0351,-0.0502,-12.9081,157.33,1
291109.0,0.0362,0.0785,-11.809,226.02,1
291119.0,0.0351,0.0349,-10.8998,199.81,1
291129.0,0.0362,-0.0633,-10.1476,155.07,1
291137.0,0.0362,0.0774,-8.3948,225.35,1
291148.0,0.0362,0.0469,-6.9448,210.01,1
291159.0,0.0362,-0.0851,-5.7452,143.96,1
291169.0,0.0373,0.0316,-4.7529,206.64,1
291179.0,0.0362,0.072,-2.8014,222.35,1
291189.0,0.0362,-0.096,-1.187,138.28,1
291199.0,0.0362,-0.0131,0.1485,179.68,1
291209.0,0.0362,0.0873,1.2534,229.92,1
291219.0,0.0351,-0.0742,2.1674,144.89,1
291229.0,0.0362,-0.0436,2.9235,167.72,1
291238.0,0.0362,0.0971,3.549,234.56,1
291248.0,0.0362,-0.0098,5.197,181.28,1
291259.0,0.0373,-0.0524,6.5604,164.51,1
291269.0,0.0373,0.1178,7.6882,249.72,1
291280.0,0.0373,0.0665,8.6212,224.18,1
291288.0,0.0373,-0.0469,9.3931,167.54,1
291298.0,0.0384,0.1134,11.1622,252.2,1
291310.0,0.0384,0.1167,12.6257,253.94,1
291320.0,0.0395,-0.06,13.8364,170.03,1
291330.0,0.0406,0.096,15.9684,252.52,1
291338.0,0.0406,0.1309,16.6018,255.0,1
291348.0,0.0406,-0.0338,17.1257,187.71,1
291360.0,0.0417,-0.012,18.6896,203.08,1
291370.0,0.0417,0.1309,19.9834,255.0,1
291380.0,0.0417,0.0218,21.0537,220.13,1
291388.0,0.0417,-0.0153,21.9392,201.65,1
291399.0,0.0428,0.0884,23.8022,255.0,1
291410.0,0.0428,0.0251,25.3434,226.39,1
291420.0,0.0439,-0.0164,26.6184,210.1,1
291430.0,0.0439,0.0644,27.6731,250.53,1
291439.0,0.0439,0.0295,28.5457,233.14,1
291449.0,0.0439,-0.0316,30.3981,202.7,1
291460.0,0.0449,0.0622,31.9305,254.06,1
291470.0,0.0439,0.0295,34.3287,233.47,1
291480.0,0.0449,-0.024,36.3127,211.22,1
291489.0,0.0449,0.0316,37.954,239.13,1
291500.0,0.0449,0.0349,39.3118,240.85,1
291510.0,0.0449,-0.0305,40.4351,208.2,1
291520.0,0.0449,0.0153,42.4948,231.23,1
291530.0,0.0449,0.0207,44.1988,234.06,1
291540.0,0.0439,-0.0447,45.6084,197.06,1
291550.0,0.0449,-0.0164,46.7746,215.67,1
291560.0,0.0439,0.0142,47.7393,226.65,1
291570.0,0.0439,-0.0676,49.6679,187.95,1
291581.0,0.0439,-0.0349,51.2634,202.04,1
291589.0,0.0439,0.0273,52.5833,233.27,1
291600.0,0.0428,-0.0349,54.8057,198.0,1
291610.0,0.0439,-0.0175,55.5138,211.17,1
291620.0,0.0439,0.0731,56.0995,255.0,1
291631.0,0.0439,-0.0011,57.7146,219.55,1
291639.0,0.0439,-0.012,59.0507,214.21,1
291650.0,0.0449,0.0785,61.2865,255.0,1
291661.0,0.0449,-0.0295,63.1361,210.13,1
291671.0,0.0449,0.0469,63.5358,248.35,1
291681.0,0.0449,0.0469,64.9969,248.46,1
291691.0,0.0449,-0.012,67.3361,219.16,1
291701.0,0.046,0.0578,68.1408,255.0,1
291711.0,0.046,0.036,68.8065,247.64,1
291721.0,0.046,0.0,71.6182,234.02,1
291731.0,0.0471,0.036,73.9443,251.79,1
291741.0,0.0471,-0.0055,74.7381,231.24,1
291751.0,0.046,-0.0196,75.3947,219.93,1
291761.0,0.0471,0.0251,77.0685,246.84,1
291771.0,0.046,-0.0185,79.5836,220.89,1
291781.0,0.046,-0.0022,81.6643,229.26,1
291790.0,0.046,-0.0022,82.2551,233.54,1
291800.0,0.046,0.024,82.7439,241.95,1
291811.0,0.046,0.0131,85.4093,236.82,1
291821.0,0.046,-0.0098,87.6142,225.63,1
291831.0,0.046,-0.012,88.3078,224.68,1
291840.0,0.046,-0.012,90.0121,224.88,1
291851.0,0.046,0.0011,91.422,231.58,1
291861.0,0.046,0.0,92.5884,234.31,1
291871.0,0.046,-0.0131,94.6838,224.4,1
291881.0,0.046,0.0207,96.4173,241.55,1
291890.0,0.046,0.0207,97.8514,241.75,1
291901.0,0.046,-0.0251,99.0378,219.01,1
291911.0,0.0471,0.0273,100.0192,255.0,1
291921.0,0.0471,0.0022,101.9616,234.28,1
291932.0,0.0471,0.0491,103.5685,255.0,1
291940.0,0.0471,0.0491,104.8979,255.0,1
291951.0,0.0471,0.0098,107.1281,240.09,1
291962.0,0.0471,0.0262,107.8426,248.68,1
291972.0,0.0471,0.0415,109.5642,255.0,1
291982.0,0.0471,-0.0153,112.1189,234.01,1
291991.0,0.0471,-0.0153,113.1019,228.33,1
292001.0,0.0471,0.0087,113.9151,240.68,1
292012.0,0.0471,-0.0153,115.7183,229.05,1
292022.0,0.0471,0.0065,118.3405,242.45,1
292032.0,0.0471,0.0153,119.3794,244.67,1
292041.0,0.0471,0.0153,120.2387,244.92,1
292051.0,0.0471,-0.0098,122.0802,244.19,1
292062.0,0.0471,-0.0022,123.6036,235.2,1
292072.0,0.0471,-0.0109,125.9943,231.43,1
292082.0,0.0471,0.0022,127.9721,246.85,1
292092.0,0.0471,0.0011,128.4778,237.11,1
292102.0,0.0471,-0.0033,130.0266,255.0,1
292112.0,0.0471,0.0164,132.4384,243.08,1
292122.0,0.0471,-0.0033,133.3032,234.18,1
292132.0,0.0471,0.0087,134.0185,247.21,1
292141.0,0.0471,0.0087,135.7408,240.78,1
292152.0,0.0471,-0.0338,137.1656,220.23,1
292162.0,0.0471,0.0349,139.4748,255.0,1
292172.0,0.0471,-0.0065,141.3852,235.11,1
292182.0,0.0471,0.0196,141.8351,248.56,1
292191.0,0.0482,0.0196,143.3377,253.31,1
292202.0,0.0482,0.0175,145.7113,255.0,1
292212.0,0.0482,0.0382,146.5444,255.0,1
292222.0,0.0493,0.0404,147.2337,255.0,1
292233.0,0.0482,-0.0251,150.0648,255.0,1
292242.0,0.0493,-0.0251,152.407,221.98,1
292252.0,0.0504,0.0513,153.2141,255.0,1
292263.0,0.0504,0.024,153.8818,255.0,1
292273.0,0.0504,-0.0284,155.5646,255.0,1
292283.0,0.0504,0.0622,158.0873,255.0,1
292292.0,0.0526,0.0622,159.0438,255.0,1
292302.0,0.0526,0.1189,159.835,255.0,1
292313.0,0.0526,0.048,161.6201,255.0,1
292323.0,0.0526,0.0349,163.0968,255.0,1
292333.0,0.0537,0.108,164.3185,255.0,1
292342.0,0.0548,0.108,166.4597,255.0,1
292352.0,0.0548,0.0469,169.3615,255.0,1
292363.0,0.0559,0.0818,170.6316,255.0,1
292373.0,0.0569,0.0982,170.5518,255.0,1
292383.0,0.058,0.0611,172.7468,255.0,1
292392.0,0.058,0.0611,175.6931,255.0,1
292403.0,0.0602,0.144,177.0001,255.0,1
292413.0,0.0613,0.096,178.0813,255.0,1
292423.0,0.0613,0.0938,180.1062,255.0,1
292433.0,0.0635,0.1549,181.7814,255.0,1
292443.0,0.0646,0.1549,182.0367,255.0,1
292453.0,0.0657,0.1822,183.3784,255.0,1
292463.0,0.0678,0.1778,185.6189,255.0,1
292473.0,0.07,0.2302,186.3419,255.0,1
292484.0,0.0711,0.1658,188.0705,255.0,1
292493.0,0.0733,0.1658,190.631,255.0,1
292503.0,0.0755,0.2498,191.6188,255.0,1
292513.0,0.0788,0.3131,193.5664,255.0,1
292523.0,0.0809,0.24,195.1776,255.0,1
292534.0,0.0842,0.3349,196.5106,255.0,1
292543.0,0.0886,0.3349,198.7437,255.0,1
292553.0,0.0918,0.4243,199.4607,255.0,1
292564.0,0.0962,0.4189,200.0538,255.0,1
292574.0,0.1006,0.5072,201.675,255.0,1
292584.0,0.106,0.4898,204.1466,255.0,1
292593.0,0.1104,0.5356,206.1914,255.0,1
292604.0,0.1169,0.6305,206.7524,255.0,1
292614.0,0.1235,0.6829,208.3471,255.0,1
292624.0,0.13,0.7014,209.6662,255.0,1
292634.0,0.1377,0.8018,210.7576,255.0,1
292643.0,0.1464,0.8018,212.7909,255.0,1
292653.0,0.1562,0.9556,213.3425,255.0,1
292664.0,0.166,1.0559,214.9294,255.0,1
292674.0,0.178,1.1792,216.2421,255.0,0
292684.0,0.19,1.2741,217.3281,255.0,0
292693.0,0.2031,1.3788,219.357,255.0,0
292704.0,0.2184,1.4955,219.905,255.0,0
292714.0,0.2337,1.6035,220.3583,255.0,0
292724.0,0.2489,1.5588,221.8639,255.0,0
292734.0,0.262,1.3635,223.1093,255.0,0
292744.0,0.274,1.2577,223.0092,255.0,0
292754.0,0.2827,0.8727,222.9263,255.0,0
292764.0,0.2882,0.5498,223.9883,255.0,0
292774.0,0.2904,0.2967,224.8668,255.0,0
292785.0,0.2893,-0.1505,224.4631,255.0,0
292794.0,0.2817,-0.1505,225.2596,255.0,0
292804.0,0.2751,-0.6534,225.9185,255.0,0
292815.0,0.2697,-0.5345,225.3331,255.0,0
292825.0,0.2686,-0.1625,224.8489,255.0,0
292835.0,0.2686,-0.0393,225.5788,255.0,0
292844.0,0.2642,-0.36,226.1826,255.0,0
292854.0,0.262,-0.276,225.5516,255.0,0
292865.0,0.2587,-0.3807,226.1601,255.0,0
292875.0,0.2533,-0.4701,226.6635,255.0,0
292885.0,0.25,-0.3545,225.9494,255.0,0
292894.0,0.2457,-0.4494,225.3587,255.0,0
292905.0,0.2424,-0.3229,224.87,255.0,0
292915.0,0.2402,-0.2367,225.5962,255.0,0
292925.0,0.238,-0.2836,226.197,255.0,0
292935.0,0.2369,-0.0873,225.5635,255.0,0
292945.0,0.2358,-0.0524,225.0395,255.0,0
292955.0,0.2358,-0.0611,224.6059,255.0,0
292965.0,0.2369,0.1364,224.2473,255.0,0
292975.0,0.238,0.1145,225.081,255.0,0
292985.0,0.2391,0.1374,224.6403,255.0,0
292995.0,0.2424,0.2487,224.2757,255.0,0
293005.0,0.2435,0.2018,225.1046,255.0,0
293015.0,0.2457,0.2007,224.6598,255.0,0
293025.0,0.2478,0.2389,224.2918,255.0,0
293035.0,0.2489,0.1374,223.9874,255.0,0
293045.0,0.2511,0.1407,223.7356,255.0,0
293055.0,0.2522,0.1254,223.5273,255.0,0
293065.0,0.2522,-0.0087,223.3549,255.0,0
293075.0,0.2522,0.0076,223.2123,255.0,0
293086.0,0.2522,-0.0229,224.2249,255.0,0
293095.0,0.2511,-0.1244,223.932,255.0,0
293105.0,0.25,-0.0894,222.5593,255.0,0
293116.0,0.2489,-0.1222,223.6846,255.0,0
293126.0,0.2467,-0.156,223.4851,255.0,0
293136.0,0.2457,-0.1014,223.32,255.0,0
293145.0,0.2446,-0.1342,224.314,255.0,0
293155.0,0.2435,-0.1254,222.8752,255.0,0
293166.0,0.2435,-0.0316,222.8155,255.0,0
293176.0,0.2424,-0.072,223.8966,255.0,0
293186.0,0.2424,0.0087,223.6605,255.0,0
293196.0,0.2435,0.0644,223.4651,255.0,0
293206.0,0.2435,0.0349,223.3035,255.0,0
293216.0,0.2446,0.0785,222.0393,255.0,0
293226.0,0.2457,0.1265,222.124,255.0,0
293236.0,0.2457,0.0709,222.194,255.0,0
293246.0,0.2467,0.1047,221.1214,255.0,0
293256.0,0.2478,0.0949,221.3646,255.0,0
293266.0,0.2478,0.024,221.5658,255.0,0
293276.0,0.2489,0.0436,221.7323,255.0,0
293286.0,0.2489,0.0175,221.87,255.0,0
293296.0,0.2489,-0.0295,221.9839,255.0,0
293306.0,0.2489,-0.0207,222.0781,255.0,0
293316.0,0.2478,-0.0731,222.1561,255.0,0
293326.0,0.2467,-0.0894,222.2206,255.0,0
293337.0,0.2467,-0.0611,222.2739,255.0,0
293346.0,0.2457,-0.1102,222.3181,255.0,0
293356.0,0.2446,-0.0731,221.2241,255.0,0
293366.0,0.2446,-0.0316,220.3191,255.0,0
293376.0,0.2435,-0.0676,220.7009,255.0,0
293387.0,0.2435,-0.0109,221.0167,255.0,0
293396.0,0.2435,0.0284,221.278,255.0,0
293407.0,0.2435,-0.0076,221.4942,255.0,0
293417.0,0.2446,0.048,220.5425,255.0,0
293427.0,0.2446,0.0687,220.8857,255.0,0
293437.0,0.2457,0.0382,221.1696,255.0,0
293447.0,0.2457,0.0742,220.274,255.0,0
293457.0,0.2467,0.072,220.6636,255.0,0
293467.0,0.2467,0.0229,220.9859,255.0,0
293477.0,0.2467,0.0425,220.122,255.0,0
293487.0,0.2467,0.0087,219.4073,255.0,0
293497.0,0.2467,-0.0349,219.9466,255.0,0
293507.0,0.2467,-0.0022,220.3928,255.0,0
293517.0,0.2467,-0.0524,220.7618,255.0,0
293527.0,0.2457,-0.0687,219.9366,255.0,0
293537.0,0.2457,-0.0295,219.254,255.0,0
293547.0,0.2446,-0.0774,219.8197,255.0,0
293557.0,0.2446,-0.0556,219.1573,255.0,0
293567.0,0.2435,-0.0164,218.6092,255.0,0
293577.0,0.2435,-0.0535,219.2864,255.0,0
293587.0,0.2435,-0.0207,218.716,255.0,0
293597.0,0.2435,0.0316,219.3747,255.0,0
293607.0,0.2435,0.0022,219.9196,255.0,0
293617.0,0.2435,0.0273,219.2399,255.0,0
293627.0,0.2446,0.0654,219.8081,255.0,0
293637.0,0.2446,0.0295,219.1477,255.0,0
293647.0,0.2457,0.0654,218.6013,255.0,0
293658.0,0.2457,0.0654,219.2798,255.0,0
293668.0,0.2457,0.0098,218.7106,255.0,0
293678.0,0.2457,0.0131,218.2397,255.0,0
293688.0,0.2457,-0.0185,218.9807,255.0,0
293698.0,0.2457,-0.012,218.4632,255.0,0
293708.0,0.2457,-0.0153,218.035,255.0,0
293718.0,0.2457,-0.0589,217.6808,255.0,0
293728.0,0.2446,-0.0207,217.3878,255.0,0
293738.0,0.2446,-0.0469,218.2759,255.0,0
293748.0,0.2435,-0.0535,217.8801,255.0,0
293758.0,0.2435,-0.0109,217.5527,255.0,0
293768.0,0.2435,-0.0316,218.4123,255.0,0
293778.0,0.2435,-0.0382,217.993,255.0,0
293788.0,0.2435,0.0316,216.5155,255.0,0
293798.0,0.2435,0.0131,216.4238,255.0,0
293808.0,0.2435,0.0229,217.4784,255.0,0
293818.0,0.2446,0.0524,217.2204,255.0,0
293828.0,0.2446,0.0175,217.0069,255.0,0
293838.0,0.2446,0.0295,216.8303,255.0,0
293848.0,0.2457,0.0545,216.6842,255.0,0
293858.0,0.2457,0.0065,217.6938,255.0,0
293869.0,0.2457,0.0251,217.3986,255.0,0
293879.0,0.2457,-0.0044,216.0238,255.0,0
293889.0,0.2457,-0.0076,216.017,255.0,0
293899.0,0.2457,-0.012,216.0114,255.0,0
293909.0,0.2457,-0.0164,216.0067,255.0,0
293919.0,0.2446,-0.048,217.1334,255.0,0
293929.0,0.2446,-0.0338,216.935,255.0,0
293939.0,0.2446,-0.0207,215.6403,255.0,0
293949.0,0.2435,-0.0491,215.6997,255.0,0
293959.0,0.2435,-0.0207,215.7489,255.0,0
293969.0,0.2435,-0.0065,215.7896,255.0,0
293979.0,0.2435,-0.0295,215.8232,255.0,0
293989.0,0.2435,-0.0011,215.8511,255.0,0
293999.0,0.2435,0.0185,215.8741,255.0,0
294009.0,0.2435,0.0044,215.8932,255.0,0
294019.0,0.2435,0.0251,215.909,255.0,0
294029.0,0.2446,0.0425,214.7915,255.0,0
294039.0,0.2446,0.0164,214.9975,255.0,0
294049.0,0.2446,0.0349,215.168,255.0,0
294060.0,0.2446,0.0262,215.309,255.0,0
294069.0,0.2446,0.0044,215.4257,255.0,0
294080.0,0.2446,0.0164,214.3917,255.0,0
294090.0,0.2446,0.0,214.6668,255.0,0
294100.0,0.2446,-0.0175,214.8944,255.0,0
294110.0,0.2446,-0.0131,213.9522,255.0,0
294120.0,0.2446,-0.0284,214.3033,255.0,0
294130.0,0.2446,-0.0371,214.5937,255.0,0
294140.0,0.2435,-0.0273,213.7034,255.0,0
294150.0,0.2435,-0.0305,214.0974,255.0,0
294160.0,0.2435,-0.036,214.4234,255.0,0
294170.0,0.2435,-0.0033,213.5625,255.0,0
294181.0,0.2435,-0.0229,213.9808,255.0,0
294190.0,0.2435,0.0,214.3269,255.0,0
294200.0,0.2435,0.0229,213.4827,255.0,0
294210.0,0.2435,0.0044,213.9148,255.0,0
294220.0,0.2435,0.0153,214.2723,255.0,0
294230.0,0.2435,0.0327,213.4375,255.0,0
294240.0,0.2435,0.0131,213.8775,255.0,0
294250.0,0.2446,0.0262,214.2414,255.0,0
294261.0,0.2446,0.024,213.412,255.0,0
294271.0,0.2446,0.0065,212.7258,255.0,0
294281.0,0.2446,0.0153,212.1582,255.0,0
294290.0,0.2446,0.0109,211.6886,255.0,0
294301.0,0.2446,-0.024,212.4306,255.0,0
294311.0,0.2446,-0.0185,213.0445,255.0,0
294321.0,0.2435,-0.0164,212.4218,255.0,0
294331.0,0.2435,-0.0284,213.0371,255.0,0
294341.0,0.2435,-0.0164,213.5462,255.0,0
294351.0,0.2435,-0.0196,212.8369,255.0,0
294362.0,0.2435,-0.0185,212.25,255.0,0
294371.0,0.2435,-0.0065,211.7646,255.0,0
294382.0,0.2435,-0.0044,211.363,255.0,0
294391.0,0.2435,0.0033,212.1612,255.0,0
294402.0,0.2435,0.0109,212.8216,255.0,0
294412.0,0.2435,0.0164,212.2374,255.0,0
294422.0,0.2435,0.0295,211.7542,255.0,0
294432.0,0.2446,0.0284,211.3543,255.0,0
294441.0,0.2446,0.0044,211.0236,255.0,0
294451.0,0.2446,0.0131,211.8805,255.0,0
294462.0,0.2446,0.0175,211.4588,255.0,0
294472.0,0.2446,0.0033,211.11,255.0,0
294482.0,0.2446,0.0033,211.952,255.0,0
294491.0,0.2446,-0.0207,211.518,255.0,0
294501.0,0.2435,-0.0295,211.159,255.0,0
294512.0,0.2435,-0.0153,210.862,255.0,0
294522.0,0.2435,-0.0185,210.6163,255.0,0
294532.0,0.2435,-0.0305,210.413,255.0,0
294542.0,0.2435,-0.0218,210.2448,255.0,0
294552.0,0.2424,-0.0153,210.1057,255.0,0
294563.0,0.2424,-0.0196,209.9907,255.0,0
294573.0,0.2424,0.0087,209.8954,255.0,0
294583.0,0.2424,0.0087,209.8167,255.0,0
294592.0,0.2424,0.0011,209.7515,255.0,0
294602.0,0.2424,0.0251,209.6976,255.0,0
294613.0,0.2435,0.0142,209.653,255.0,0
294623.0,0.2435,0.0022,209.6162,255.0,0
294633.0,0.2435,0.0131,210.7161,255.0,0
294642.0,0.2435,0.012,210.4956,255.0,0
294652.0,0.2435,0.0044,209.1827,255.0,0
294663.0,0.2435,0.0185,209.2271,255.0,0
294673.0,0.2435,0.0076,209.2637,255.0,0
294683.0,0.2435,-0.012,209.2941,255.0,0
294692.0,0.2435,-0.0065,209.3192,255.0,0
294704.0,0.2435,-0.0044,209.34,255.0,0
294714.0,0.2435,-0.0251,209.3572,255.0,0
294723.0,0.2435,-0.0065,209.3714,255.0,0
294734.0,0.2435,-0.0109,209.3832,255.0,0
294742.0,0.2424,-0.0338,209.3929,255.0,0
294752.0,0.2424,-0.0098,209.401,255.0,0
294764.0,0.2424,0.0033,209.4076,255.0,0
294774.0,0.2424,-0.0109,209.4131,255.0,0
294784.0,0.2424,0.0076,209.4177,255.0,0
294793.0,0.2424,0.0164,208.291,255.0,0
294803.0,0.2424,-0.0273,207.3588,255.0,0
294814.0,0.2424,0.0164,207.7182,255.0,0
294824.0,0.2424,0.0185,208.0155,255.0,0
294834.0,0.2424,-0.0044,208.2615,255.0,0
294843.0,0.2435,0.0196,208.465,255.0,0
294854.0,0.2435,0.0185,208.6333,255.0,0
294865.0,0.2435,-0.0153,207.6421,255.0,0
294875.0,0.2435,0.0109,207.9525,255.0,0
294884.0,0.2435,0.0065,208.2094,255.0,0
294893.0,0.2424,-0.0207,207.2914,255.0,0
294905.0,0.2424,0.0098,207.6624,255.0,0
294914.0,0.2424,0.0065,207.9693,255.0,0
294925.0,0.2424,-0.0273,207.0928,255.0,0
294935.0,0.2424,-0.0164,206.3676,255.0,0
