timestamp_ms,angle_rad,velocity,wheel_vel,pwm,is_valid
1245963.0,0.0449,0.0753,24.7646,255.0,1
1245975.0,0.046,0.0513,41.9666,255.0,1
1245985.0,0.046,0.0305,35.8483,245.2,1
1245995.0,0.0449,-0.0011,30.7868,226.8,1
1246003.0,0.0449,-0.0654,25.4691,189.84,1
1246014.0,0.0439,-0.1625,22.2003,147.55,1
1246025.0,0.0406,-0.1484,20.6267,129.85,1
1246035.0,0.0384,-0.192,18.1944,105.95,1
1246045.0,0.0362,-0.2247,16.1822,74.02,1
1246054.0,0.0362,-0.2203,15.6481,76.65,1
1246064.0,0.0329,-0.2411,15.2062,58.79,1
1246075.0,0.0297,-0.2378,14.8407,-45.78,1
1246085.0,0.0275,-0.192,13.4078,62.48,1
1246095.0,0.0253,-0.1942,12.2224,45.79,1
1246104.0,0.0253,-0.1909,12.3723,47.85,1
1246114.0,0.0242,-0.1429,12.4962,79.35,1
1246125.0,0.022,-0.1102,12.5988,74.21,1
1246135.0,0.0209,-0.0513,12.6836,99.82,1
1246145.0,0.0209,-0.0382,12.7538,106.79,1
1246155.0,0.0209,-0.0033,11.6814,124.53,1
1246165.0,0.0209,0.0371,11.9247,146.04,1
1246175.0,0.022,0.0305,12.126,150.36,1
1246185.0,0.022,0.0502,11.162,155.59,1
1246196.0,0.0231,0.0753,11.495,172.79,1
1246204.0,0.0231,0.0753,11.7705,173.03,1
1246215.0,0.0242,0.0709,11.9984,177.49,1
1246225.0,0.0253,0.0993,13.3174,197.02,1
1246235.0,0.0264,0.0949,14.4087,196.91,1
1246246.0,0.0275,0.0971,14.1809,203.49,1
1246254.0,0.0275,0.0971,13.9924,202.36,1
1246264.0,0.0286,0.0829,14.9671,198.72,1
1246276.0,0.0286,0.0578,15.7733,190.61,1
1246286.0,0.0297,0.0185,16.4404,176.03,1
1246296.0,0.0297,0.0022,16.9921,166.39,1
1246306.0,0.0297,-0.0076,17.4486,160.24,1
1246316.0,0.0297,-0.0076,18.9568,161.32,1
1246326.0,0.0286,-0.0393,20.2044,137.9,1
1246336.0,0.0286,-0.0295,21.2366,142.1,1
1246346.0,0.0286,-0.0196,20.9599,151.56,1
1246356.0,0.0286,-0.0109,20.7311,151.46,1
1246366.0,0.0286,-0.0065,22.8027,155.15,1
1246376.0,0.0286,-0.0098,24.5166,156.88,1
1246386.0,0.0286,0.0,24.8039,157.31,1
1246396.0,0.0286,0.0087,25.0416,163.05,1
1246406.0,0.0286,0.0065,25.2382,164.19,1
1246416.0,0.0286,0.0262,25.4009,172.78,1
1246426.0,0.0286,0.0415,26.6659,178.38,1
1246436.0,0.0286,0.0436,27.7125,182.94,1
1246446.0,0.0297,0.0469,27.4478,190.83,1
1246455.0,0.0297,0.0469,28.3593,185.2,1
1246465.0,0.0308,0.0382,29.1134,185.6,1
1246476.0,0.0308,0.0273,29.7372,183.6,1
1246486.0,0.0308,0.012,31.3837,175.86,1
1246496.0,0.0308,0.0316,31.6154,182.39,1
1246505.0,0.0308,0.0316,31.807,187.94,1
1246516.0,0.0308,0.0218,33.0961,178.46,1
1246526.0,0.0308,0.0087,34.1625,179.49,1
1246536.0,0.0308,-0.0207,35.0447,156.66,1
1246547.0,0.0308,-0.0327,34.644,160.4,1
1246556.0,0.0308,0.0011,35.443,165.88,1
1246566.0,0.0297,-0.0229,37.2345,150.21,1
1246577.0,0.0297,-0.048,37.5861,141.31,1
1246586.0,0.0297,-0.012,37.8769,159.29,1
1246597.0,0.0297,-0.0404,38.1175,143.01,1
1246606.0,0.0286,-0.0404,39.4471,146.31,1
1246616.0,0.0286,-0.0011,40.547,156.86,1
1246627.0,0.0286,-0.0535,40.3264,131.17,1
1246637.0,0.0275,-0.06,41.2744,125.04,1
1246647.0,0.0275,-0.0436,42.0587,135.54,1
1246656.0,0.0264,-0.0436,42.7075,130.04,1
1246666.0,0.0264,-0.0545,43.2442,125.7,1
1246677.0,0.0253,-0.0524,42.5578,122.29,1
1246687.0,0.0253,-0.0665,43.1203,117.24,1
1246697.0,0.0242,-0.0393,43.5858,124.09,1
1246706.0,0.0242,-0.0393,43.9708,120.98,1
1246716.0,0.0231,-0.048,44.2893,113.74,1
1246727.0,0.0231,-0.0469,44.5528,117.64,1
1246737.0,0.022,-0.0371,45.9013,118.0,1
1246747.0,0.022,-0.0425,45.8864,115.07,1
1246756.0,0.022,-0.0273,45.8741,118.36,1
1246766.0,0.0209,-0.0545,46.9943,103.99,1
1246777.0,0.0209,-0.0513,46.7906,107.63,1
1246787.0,0.0209,-0.0404,46.6221,107.51,1
1246797.0,0.0209,-0.0502,47.6132,107.27,1
1246807.0,0.0209,-0.0502,47.3025,104.94,1
1246817.0,0.0199,-0.0425,47.0456,104.49,1
1246827.0,0.0199,-0.0633,47.9635,93.22,1
1246837.0,0.0188,-0.06,47.5924,94.87,1
1246847.0,0.0177,-0.06,47.2854,86.97,1
1246857.0,0.0177,-0.06,48.1619,85.03,1
1246867.0,0.0166,-0.0589,48.887,88.94,1
1246877.0,0.0166,-0.0436,49.4869,89.65,1
1246887.0,0.0155,-0.0524,49.9831,80.19,1
1246898.0,0.0155,-0.0458,50.3936,85.95,1
1246907.0,0.0144,-0.0622,50.7333,71.35,1
1246917.0,0.0144,-0.0654,51.0142,70.03,1
1246928.0,0.0133,-0.06,50.1162,68.58,1
1246938.0,0.0133,-0.0644,49.3732,67.6,1
1246948.0,0.0122,-0.0633,49.8891,64.87,1
1246957.0,0.0111,-0.0676,50.3159,57.17,1
1246967.0,0.0111,-0.0742,50.6689,52.91,1
1246978.0,0.01,-0.0665,50.961,52.55,1
1246988.0,0.01,-0.0709,51.2026,51.57,1
1246998.0,0.0089,-0.0753,51.4025,-47.71,1
1247007.0,0.0079,-0.0622,51.5679,46.26,1
1247018.0,0.0079,-0.0665,51.7047,-47.52,1
1247028.0,0.0068,-0.072,51.8178,-54.55,1
1247038.0,0.0057,-0.0927,50.781,-73.34,1
1247048.0,0.0057,-0.0764,49.9232,-60.31,1
1247058.0,0.0046,-0.0971,50.3441,-75.13,1
1247068.0,0.0035,-0.0764,50.6923,-71.31,1
1247078.0,0.0024,-0.0905,50.9803,-80.46,1
1247088.0,0.0013,-0.096,51.2186,-88.71,1
1247098.0,0.0002,-0.084,51.4157,-85.97,1
1247108.0,0.0002,-0.0862,50.4483,-87.09,1
1247118.0,-0.0009,-0.0785,49.648,-87.65,1
1247128.0,-0.002,-0.0785,50.1164,-92.1,1
1247138.0,-0.0031,-0.084,50.5039,-99.26,1
1247148.0,-0.0031,-0.0862,50.8245,-100.41,1
1247158.0,-0.0041,-0.0905,49.9592,-109.02,1
1247168.0,-0.0052,-0.096,49.2434,-113.71,1
1247178.0,-0.0063,-0.1025,49.7817,-121.46,1
1247188.0,-0.0074,-0.0993,49.0965,-124.2,1
1247198.0,-0.0085,-0.1069,47.3992,-132.32,1
1247208.0,-0.0096,-0.108,47.1255,-137.25,1
1247218.0,-0.0107,-0.108,48.0296,-141.7,1
1247228.0,-0.0118,-0.1189,47.6471,-151.52,1
1247239.0,-0.0129,-0.096,47.3306,-145.48,1
1247249.0,-0.014,-0.1069,47.0688,-154.12,1
1247258.0,-0.0151,-0.1004,46.8522,-158.38,1
1247269.0,-0.0161,-0.1047,46.673,-162.44,1
1247279.0,-0.0172,-0.1145,45.3943,-170.55,1
1247289.0,-0.0183,-0.1254,44.3365,-180.42,1
1247299.0,-0.0194,-0.1254,43.4613,-185.87,1
1247309.0,-0.0205,-0.1113,42.7374,-181.99,1
1247319.0,-0.0216,-0.1244,42.1384,-192.95,1
1247329.0,-0.0227,-0.0785,41.643,-174.45,1
1247339.0,-0.0238,-0.0993,41.2331,-190.26,1
1247349.0,-0.0249,-0.1036,39.7635,-198.72,1
1247359.0,-0.0249,-0.0556,38.5477,-171.15,1
1247369.0,-0.026,-0.0916,37.542,-193.59,1
1247379.0,-0.026,-0.072,36.7099,-183.84,1
1247389.0,-0.026,-0.0033,36.0216,-155.81,1
1247399.0,-0.0271,-0.0774,34.3217,-192.2,1
1247409.0,-0.0271,-0.0371,32.9154,-172.93,1
1247419.0,-0.0271,0.0185,31.752,-143.82,1
1247429.0,-0.0281,-0.0873,30.7895,-199.98,1
1247439.0,-0.0281,-0.0284,29.9933,-176.91,1
1247449.0,-0.0281,0.0164,29.3346,-151.69,1
1247459.0,-0.0292,-0.0633,28.7897,-190.3,1
1247469.0,-0.0292,-0.0142,28.3389,-175.62,1
1247479.0,-0.0292,0.0087,26.8355,-153.76,1
1247490.0,-0.0292,-0.0535,24.4613,-185.25,1
1247500.0,-0.0303,-0.0131,23.6276,-169.82,1
1247510.0,-0.0303,-0.0022,22.938,-169.92,1
1247520.0,-0.0303,-0.0611,21.237,-193.62,1
1247530.0,-0.0303,-0.0055,20.9602,-172.44,1
1247540.0,-0.0303,-0.0098,20.7313,-168.84,1
1247550.0,-0.0314,-0.0622,18.281,-198.45,1
1247560.0,-0.0314,-0.0065,16.2538,-177.15,1
1247570.0,-0.0314,-0.0371,15.7073,-185.56,1
1247580.0,-0.0325,-0.0644,15.2552,-203.93,1
1247590.0,-0.0325,-0.0033,13.7507,-177.8,1
1247600.0,-0.0325,-0.0251,12.5061,-184.15,1
1247610.0,-0.0325,-0.0567,11.4765,-200.22,1
1247620.0,-0.0325,0.012,10.6246,-166.07,1
1247630.0,-0.0336,-0.048,9.92,-200.6,1
1247640.0,-0.0336,-0.0382,8.2065,-199.94,1
1247650.0,-0.0336,0.012,6.789,-171.21,1
1247660.0,-0.0336,-0.0447,5.6164,-205.87,1
1247670.0,-0.0347,-0.0404,4.6463,-211.42,1
1247680.0,-0.0336,0.0196,3.8437,-164.32,1
1247690.0,-0.0347,-0.0327,3.1798,-205.9,1
1247700.0,-0.0347,-0.0382,1.5001,-197.14,1
1247711.0,-0.0347,0.0327,0.1105,-162.27,1
1247721.0,-0.0347,-0.0349,-1.0391,-202.95,1
1247731.0,-0.0347,-0.0305,-3.1206,-194.18,1
1247741.0,-0.0347,0.0415,-3.7121,-162.91,1
1247751.0,-0.0347,-0.0502,-4.2014,-204.42,1
1247761.0,-0.0358,-0.0404,-5.7367,-204.39,1
1247771.0,-0.0358,0.0142,-7.0068,-179.63,1
1247781.0,-0.0358,-0.0578,-8.0576,-213.59,1
1247791.0,-0.0358,-0.0338,-8.9268,-201.92,1
1247801.0,-0.0358,0.0196,-10.7764,-180.75,1
1247811.0,-0.0369,-0.0633,-12.3065,-220.9,1
1247821.0,-0.0369,-0.048,-13.5724,-213.61,1
1247831.0,-0.0369,0.0055,-14.6195,-187.17,1
1247841.0,-0.038,-0.0556,-15.4858,-230.7,1
1247851.0,-0.038,-0.0513,-17.333,-219.26,1
1247861.0,-0.038,0.0033,-18.8611,-192.42,1
1247872.0,-0.0391,-0.0349,-20.1253,-222.5,1
1247881.0,-0.0391,-0.0207,-21.1711,-208.57,1
1247892.0,-0.038,0.0349,-23.1668,-184.17,1
1247901.0,-0.0391,-0.0458,-24.8177,-223.05,1
1247911.0,-0.0391,-0.036,-26.1835,-216.25,1
1247922.0,-0.0391,0.0305,-27.3134,-200.2,1
1247932.0,-0.0391,-0.0065,-28.2481,-207.46,1
1247942.0,-0.0391,-0.0131,-30.1519,-203.22,1
1247952.0,-0.0391,0.0436,-31.7268,-194.56,1
1247962.0,-0.0391,0.0011,-33.0297,-195.15,1
1247973.0,-0.0391,-0.0065,-34.1076,-200.01,1
1247982.0,-0.038,0.0436,-34.9993,-179.79,1
1247993.0,-0.038,0.0131,-36.8674,-197.82,1
1248002.0,-0.038,-0.0131,-38.4129,-198.68,1
1248012.0,-0.038,0.0251,-38.5609,-189.92,1
1248023.0,-0.038,0.0087,-39.8139,-191.35,1
1248033.0,-0.038,-0.0262,-41.9809,-206.19,1
1248043.0,-0.038,0.024,-43.7737,-196.61,1
1248052.0,-0.038,-0.0229,-44.1263,-204.07,1
1248062.0,-0.0391,-0.0371,-45.5484,-216.48,1
1248073.0,-0.0391,-0.0022,-47.8555,-205.09,1
1248083.0,-0.0391,-0.0316,-48.6335,-214.48,1
1248093.0,-0.0391,-0.06,-49.2771,-236.63,1
1248102.0,-0.0391,-0.0055,-49.8096,-201.56,1
1248112.0,-0.0401,-0.0273,-50.2501,-219.53,1
1248123.0,-0.0401,-0.0524,-51.745,-230.24,1
1248133.0,-0.0401,-0.0011,-54.1122,-216.69,1
1248143.0,-0.0401,-0.0022,-56.0706,-204.64,1
1248152.0,-0.0412,-0.0502,-57.6906,-233.68,1
1248163.0,-0.0401,0.0175,-59.0309,-212.81,1
1248173.0,-0.0401,0.0055,-60.1396,-200.26,1
1248184.0,-0.0412,-0.0415,-61.0568,-228.88,1
1248194.0,-0.0412,0.0153,-62.9461,-206.47,1
1248203.0,-0.0401,0.0251,-64.5091,-191.84,1
1248213.0,-0.0412,-0.0251,-65.8021,-225.04,1
1248224.0,-0.0412,0.0076,-68.0023,-205.68,1
1248234.0,-0.0401,0.0545,-69.8224,-204.59,1
1248244.0,-0.0401,-0.0338,-71.3281,-225.82,1
1248253.0,-0.0401,-0.0055,-72.5738,-205.56,1
1248263.0,-0.0401,0.0545,-73.6043,-190.2,1
1248275.0,-0.0401,-0.0273,-74.4568,-217.54,1
1248284.0,-0.0401,-0.0273,-75.162,-230.99,1
1248294.0,-0.0401,0.0305,-75.7455,-187.5,1
1248303.0,-0.0401,-0.0262,-77.3586,-229.55,1
1248315.0,-0.0412,-0.0207,-79.8237,-235.72,1
1248325.0,-0.0401,0.0109,-81.8629,-196.48,1
1248335.0,-0.0412,-0.0327,-83.5499,-239.75,1
1248345.0,-0.0412,-0.0676,-83.815,-240.43,1
1248353.0,-0.0412,0.024,-84.0344,-201.1,1
1248363.0,-0.0412,0.0164,-85.3463,-209.48,1
1248375.0,-0.0423,-0.0578,-87.5621,-251.8,1
1248385.0,-0.0412,0.0142,-90.5257,-200.77,1
1248395.0,-0.0412,0.0284,-91.8469,-194.85,1
1248403.0,-0.0423,-0.0556,-92.9399,-242.15,1
1248415.0,-0.0423,-0.0164,-93.8441,-223.27,1
1248425.0,-0.0423,0.0251,-94.5922,-219.91,1
1248435.0,-0.0423,-0.072,-96.3415,-255.0,1
1248445.0,-0.0434,-0.0415,-97.7886,-237.66,1
1248454.0,-0.0423,0.0404,-100.1163,-233.47,1
1248464.0,-0.0423,-0.0098,-102.042,-214.49,1
1248476.0,-0.0434,-0.0589,-102.5045,-245.22,1
1248485.0,-0.0434,0.0185,-104.0176,-216.41,1
1248495.0,-0.0423,0.0153,-105.2694,-206.47,1
1248504.0,-0.0434,-0.0164,-106.305,-226.68,1
1248514.0,-0.0434,0.0011,-108.2922,-225.33,1
1248526.0,-0.0423,0.0251,-109.9361,-202.72,1
1248536.0,-0.0423,0.0,-111.2961,-216.14,1
1248546.0,-0.0434,-0.0196,-112.4212,-231.03,1
1248554.0,-0.0423,0.0142,-114.4825,-230.31,1
1248564.0,-0.0423,0.024,-117.3182,-203.47,1
1248576.0,-0.0434,-0.036,-118.5336,-239.83,1
1248586.0,-0.0434,-0.0196,-119.5391,-231.23,1
1248596.0,-0.0434,0.0207,-120.3709,-224.26,1
1248604.0,-0.0434,-0.036,-121.059,-238.9,1
1248614.0,-0.0434,-0.06,-122.7588,-251.74,1
1248626.0,-0.0445,-0.024,-124.1649,-248.21,1
1248636.0,-0.0445,0.0033,-126.4587,-224.54,1
1248646.0,-0.0445,0.0022,-128.3563,-241.57,1
1248654.0,-0.0445,-0.0262,-128.7956,-255.0,1
1248664.0,-0.0445,-0.0196,-130.2895,-232.24,1
1248677.0,-0.0445,-0.0524,-132.6559,-250.24,1
1248687.0,-0.0456,-0.0295,-134.6136,-244.47,1
1248696.0,-0.0445,0.0491,-136.2331,-201.9,1
1248705.0,-0.0445,0.0469,-137.5729,-255.0,1
1248715.0,-0.0456,-0.0731,-138.6812,-255.0,1
1248727.0,-0.0456,-0.0676,-139.5982,-255.0,1
1248737.0,-0.0445,0.0774,-141.4872,-226.76,1
1248747.0,-0.0445,0.0644,-144.1805,-193.7,1
1248755.0,-0.0445,0.0185,-146.4085,-223.4,1
1248765.0,-0.0445,-0.0644,-147.1212,-254.84,1
1248777.0,-0.0456,-0.0502,-147.7108,-255.0,1
1248787.0,-0.0445,0.0753,-150.4595,-179.48,1
1248797.0,-0.0445,0.048,-152.7335,-240.19,1
1248805.0,-0.0445,-0.0436,-153.4842,-238.54,1
1248815.0,-0.0445,-0.0415,-154.1052,-255.0,1
1248827.0,-0.0445,0.0425,-155.7495,-203.14,1
1248838.0,-0.0445,-0.0109,-158.2403,-247.7,1
1248847.0,-0.0456,-0.0502,-159.1703,-250.26,1
1248855.0,-0.0456,-0.0295,-159.9397,-255.0,1
1248865.0,-0.0456,-0.0284,-161.7067,-239.88,1
1248875.0,-0.0467,-0.0284,-163.1685,-255.0,1
1248887.0,-0.0467,-0.0589,-164.3778,-255.0,1
1248897.0,-0.0467,-0.0087,-166.5087,-255.0,1
1248905.0,-0.0467,-0.0011,-168.2715,-228.51,1
1248915.0,-0.0467,-0.0644,-169.7299,-255.0,1
1248928.0,-0.0478,-0.0644,-172.0668,-255.0,1
1248938.0,-0.0478,0.0055,-174.0002,-255.0,1
1248947.0,-0.0478,-0.0447,-175.5995,-255.0,1
1248956.0,-0.0489,-0.036,-176.9226,-255.0,1
1248966.0,-0.0478,0.0393,-178.0172,-255.0,1
1248978.0,-0.0478,0.0185,-178.9227,-222.17,1
1248989.0,-0.0478,-0.0305,-180.8023,-250.18,1
1248998.0,-0.0478,0.0087,-183.4878,-254.4,1
1249006.0,-0.0478,0.0,-184.5789,-237.24,1
1249016.0,-0.0489,-0.0382,-185.4815,-255.0,1
1249029.0,-0.0489,-0.0065,-187.3587,-247.12,1
1249038.0,-0.0489,0.0153,-190.0422,-255.0,1
1249048.0,-0.0489,-0.0491,-191.1316,-255.0,1
1249056.0,-0.0489,-0.0109,-192.0329,-248.34,1
1249066.0,-0.0489,0.0262,-195.0395,-255.0,1
1249079.0,-0.0489,-0.0469,-196.3963,-255.0,1
1249089.0,-0.05,-0.036,-197.5187,-255.0,1
1249099.0,-0.0489,0.0349,-199.5778,-254.98,1
1249106.0,-0.05,-0.0545,-201.2812,-255.0,1
1249116.0,-0.05,-0.0393,-202.6904,-255.0,1
1249129.0,-0.05,0.0687,-203.8561,-255.0,1
1249139.0,-0.05,-0.06,-205.951,-255.0,1
1249149.0,-0.0511,-0.0644,-207.6841,-255.0,1
1249156.0,-0.05,0.0894,-209.1178,-255.0,1
1249166.0,-0.05,-0.06,-210.3038,-255.0,1
1249179.0,-0.0511,-0.0764,-211.285,-255.0,1
1249189.0,-0.05,0.108,-214.3578,-255.0,1
1249199.0,-0.0511,-0.0829,-215.7693,-255.0,1
1249206.0,-0.0521,-0.0829,-216.9369,-255.0,1
1249216.0,-0.0511,0.1145,-219.0334,-233.11,1
1249229.0,-0.0521,-0.12,-219.6373,-255.0,1
1249239.0,-0.0521,-0.0698,-221.2674,-255.0,1
1249249.0,-0.0511,0.0916,-223.7464,-255.0,1
1249256.0,-0.0532,-0.1734,-225.7972,-255.0,1
1249267.0,-0.0532,-0.0382,-227.4938,-255.0,1
1249280.0,-0.0532,0.0316,-228.8973,-255.0,1
1249289.0,-0.0554,-0.1713,-230.0584,-255.0,1
1249300.0,-0.0554,-0.024,-231.019,-255.0,1
1249307.0,-0.0554,-0.072,-231.8136,-255.0,1
1249317.0,-0.0576,-0.1233,-233.6015,-255.0,1
1249330.0,-0.0576,-0.0098,-236.211,-255.0,1
1249340.0,-0.0587,-0.1822,-237.2394,-255.0,1
1249350.0,-0.0598,-0.0862,-239.2206,-255.0,1
1249357.0,-0.0598,-0.0589,-240.8596,-255.0,1
1249367.0,-0.062,-0.216,-241.085,-255.0,1
1249380.0,-0.0631,-0.0382,-243.5324,-255.0,1
1249390.0,-0.0652,-0.2083,-245.5571,-255.0,1
1249400.0,-0.0663,-0.1844,-247.2321,-255.0,1
1249407.0,-0.0674,-0.0785,-248.6178,-255.0,1
1249417.0,-0.0707,-0.3185,-249.7641,-255.0,1
1249430.0,-0.0718,-0.1374,-250.7124,-255.0,1
1249440.0,-0.074,-0.2662,-251.4969,-255.0,1
1249450.0,-0.0772,-0.3229,-253.2765,-255.0,1
1249457.0,-0.0794,-0.1669,-254.7486,-255.0,1
1249467.0,-0.0838,-0.4527,-257.097,-255.0,1
1249480.0,-0.086,-0.2683,-259.0397,-255.0,1
1249490.0,-0.0903,-0.4102,-259.5164,-255.0,1
1249500.0,-0.0947,-0.4756,-261.0412,-255.0,1
1249507.0,-0.098,-0.3185,-262.3027,-255.0,1
1249517.0,-0.1045,-0.6589,-263.3463,-255.0,1
1249530.0,-0.1089,-0.4461,-265.3401,-255.0,1
1249540.0,-0.1143,-0.6523,-266.9895,-255.0,1
1249550.0,-0.1209,-0.684,-268.3541,-255.0,1
1249557.0,-0.1274,-0.6447,-269.4829,-255.0,1
1249567.0,-0.1372,-0.937,-270.4167,-255.0,1
1249581.0,-0.1449,-0.7854,-272.3198,-255.0,1
1249591.0,-0.1547,-1.021,-273.8941,-255.0,1
1249601.0,-0.1645,-1.0297,-275.1965,-255.0,1
1249608.0,-0.1743,-1.0777,-276.274,-255.0,1
1249618.0,-0.1852,-1.0472,-277.1653,-255.0,1
1249631.0,-0.1929,-0.8748,-279.0332,-255.0,1
1249641.0,-0.2016,-0.8956,-280.5784,-255.0,1
1249651.0,-0.207,-0.5498,-281.8568,-255.0,1
1249658.0,-0.2114,-0.3829,-282.9143,-255.0,1
1249668.0,-0.2125,-0.1364,-284.9197,-255.0,1
1249681.0,-0.2136,-0.1396,-286.5787,-255.0,1
1249691.0,-0.2136,-0.0513,-287.9511,-255.0,1
1249701.0,-0.2147,-0.0469,-289.0865,-255.0,1
1249708.0,-0.2136,0.0567,-290.0258,-255.0,1
1249718.0,-0.2136,0.0273,-291.9333,-255.0,1
1249731.0,-0.2125,0.0829,-293.5114,-255.0,1
1249741.0,-0.2125,0.0698,-294.8168,-255.0,1
1249751.0,-0.2114,0.0524,-295.8968,-255.0,1
1249758.0,-0.2114,0.0687,-296.7902,-255.0,1
1249768.0,-0.2114,-0.0164,-298.6598,-255.0,1
1249781.0,-0.2103,0.0676,-300.2065,-255.0,1
1249791.0,-0.2114,-0.0513,-300.3556,-255.0,1
1249801.0,-0.2103,0.0524,-301.6093,-255.0,1
1249808.0,-0.2114,-0.1124,-303.777,-255.0,1
1249818.0,-0.2114,0.0382,-305.5703,-255.0,1
1249831.0,-0.2125,-0.1538,-305.9233,-255.0,1
1249841.0,-0.2125,0.0393,-307.3459,-255.0,1
1249852.0,-0.2136,-0.1724,-308.5228,-255.0,1
1249858.0,-0.2136,0.036,-309.4963,-255.0,1
1249868.0,-0.2158,-0.1789,-311.4323,-255.0,1
1249882.0,-0.2147,0.0633,-313.0338,-255.0,1
1249892.0,-0.2169,-0.1636,-314.3587,-255.0,1
1249902.0,-0.2158,0.1058,-314.3242,-255.0,1
1249908.0,-0.2169,-0.1636,-315.4263,-255.0,1
1249919.0,-0.2158,0.1407,-317.4684,-255.0,1
1249932.0,-0.2169,-0.1233,-319.1578,-255.0,1
1249942.0,-0.2147,0.1702,-319.425,-255.0,1
1249952.0,-0.2158,-0.0905,-319.6459,-255.0,1
1249959.0,-0.2147,0.192,-320.9592,-255.0,1
1249969.0,-0.2147,-0.0905,-323.1762,-255.0,1
1249982.0,-0.2136,0.1822,-325.0102,-255.0,1
1249992.0,-0.2147,-0.0916,-325.3969,-255.0,1
1250002.0,-0.2125,0.1745,-326.8474,-255.0,1
1250009.0,-0.2136,-0.1134,-328.0473,-255.0,1
1250019.0,-0.2125,0.1178,-329.04,-255.0,1
1250032.0,-0.2136,-0.0796,-330.9917,-255.0,1
1250042.0,-0.2125,0.0665,-331.4757,-255.0,1
1250052.0,-0.2136,-0.0742,-331.8762,-255.0,1
1250059.0,-0.2136,0.0076,-333.338,-255.0,1
1250069.0,-0.2136,-0.0556,-334.5473,-255.0,1
1250082.0,-0.2147,-0.0491,-335.5478,-255.0,1
1250092.0,-0.2147,-0.0131,-337.5059,-255.0,1
1250102.0,-0.2147,-0.0665,-339.1258,-255.0,1
1250109.0,-0.2147,0.024,-339.3354,-255.0,1
1250119.0,-0.2158,-0.1156,-340.6393,-255.0,1
1250132.0,-0.2158,0.0753,-341.7179,-255.0,1
1250142.0,-0.2169,-0.1102,-342.6103,-255.0,1
1250152.0,-0.2158,0.096,-344.479,-255.0,1
1250159.0,-0.2158,-0.0709,-346.0249,-255.0,1
1250169.0,-0.2158,0.0884,-346.1733,-255.0,1
1250182.0,-0.2158,0.0,-346.2961,-255.0,1
1250192.0,-0.2147,0.0382,-348.6587,-255.0,1
1250202.0,-0.2147,0.048,-349.4827,-255.0,1
1250209.0,-0.2147,-0.0175,-350.1643,-255.0,1
1250219.0,-0.2136,0.096,-351.8588,-255.0,1
1250232.0,-0.2147,-0.0633,-353.2606,-255.0,1
1250242.0,-0.2136,0.096,-354.4202,-255.0,1
1250253.0,-0.2136,-0.048,-355.3795,-255.0,1
1250260.0,-0.2136,0.0262,-356.1732,-255.0,1
1250270.0,-0.2136,-0.0207,-356.8297,-255.0,1
1250283.0,-0.2136,-0.0327,-358.5034,-255.0,1
1250293.0,-0.2136,0.0305,-358.7574,-255.0,1
1250303.0,-0.2147,-0.132,-358.9676,-255.0,1
1250310.0,-0.2147,0.0698,-360.272,-255.0,1
1250320.0,-0.2158,-0.108,-361.351,-255.0,1
1250333.0,-0.2158,0.0153,-363.3742,-255.0,1
1250343.0,-0.2158,-0.0153,-363.9174,-255.0,1
1250353.0,-0.2158,-0.0524,-364.3668,-255.0,1
1250360.0,-0.2158,0.0502,-365.869,-255.0,1
1250370.0,-0.2169,-0.1004,-367.1118,-255.0,1
1250383.0,-0.2158,0.0796,-368.14,-255.0,1
1250393.0,-0.2158,-0.0316,-368.9905,-255.0,1
1250403.0,-0.2158,0.0109,-370.8246,-255.0,1
1250410.0,-0.2158,0.0535,-371.2114,-255.0,1
1250420.0,-0.2158,-0.0567,-371.5314,-255.0,1
1250433.0,-0.2147,0.1134,-372.9267,-255.0,1
1250443.0,-0.2147,-0.0295,-374.0809,-255.0,1
1250453.0,-0.2147,0.024,-375.0358,-255.0,1
1250460.0,-0.2147,0.0447,-375.8257,-255.0,1
1250470.0,-0.2147,-0.06,-377.6098,-255.0,1
1250483.0,-0.2136,0.084,-379.0856,-255.0,1
1250493.0,-0.2147,-0.0644,-379.176,-255.0,1
1250503.0,-0.2147,-0.0131,-380.3813,-255.0,1
1250510.0,-0.2147,0.0556,-381.3784,-255.0,1
1250520.0,-0.2158,-0.1287,-382.2034,-255.0,1
1250533.0,-0.2147,0.0665,-382.8858,-255.0,1
1250543.0,-0.2158,-0.0622,-383.4503,-255.0,1
1250553.0,-0.2158,-0.0447,-385.0479,-255.0,1
1250561.0,-0.2158,0.048,-386.3694,-255.0,1
1250571.0,-0.2169,-0.0884,-387.4627,-255.0,1
1250583.0,-0.2158,0.0393,-388.3672,-255.0,1
1250593.0,-0.2158,0.0,-387.9849,-255.0,1
1250604.0,-0.2169,-0.0829,-388.7992,-255.0,1
1250611.0,-0.2158,0.1058,-390.6033,-255.0,1
1250621.0,-0.2169,-0.0611,-390.9653,-255.0,1
1250633.0,-0.2158,0.0142,-392.3953,-255.0,1
1250643.0,-0.2158,0.0742,-393.5782,-255.0,1
1250654.0,-0.2169,-0.0851,-393.4264,-255.0,1
1250661.0,-0.2158,0.0894,-394.4313,-255.0,1
1250671.0,-0.2158,0.0218,-395.2625,-255.0,1
1250684.0,-0.2158,-0.0818,-395.9503,-255.0,1
1250694.0,-0.2147,0.1004,-397.6497,-255.0,1
1250704.0,-0.2158,-0.0371,-397.9251,-255.0,1
1250711.0,-0.2158,-0.0469,-398.1529,-255.0,1
1250721.0,-0.2147,0.0764,-400.6024,-255.0,1
1250734.0,-0.2158,-0.0698,-401.4983,-255.0,1
1250744.0,-0.2158,-0.0164,-402.2394,-255.0,1
1250754.0,-0.2158,0.0371,-403.983,-255.0,1
1250761.0,-0.2169,-0.0927,-404.295,-255.0,1
1250771.0,-0.2158,0.0611,-404.553,-255.0,1
1250784.0,-0.2158,-0.0087,-404.7666,-255.0,1
1250794.0,-0.2169,-0.1069,-406.0737,-255.0,1
1250804.0,-0.2158,0.0949,-408.2855,-255.0,1
1250811.0,-0.2158,-0.0207,-408.9848,-255.0,1
1250821.0,-0.2169,-0.0873,-408.4328,-255.0,1
1250834.0,-0.2158,0.1254,-409.1067,-255.0,1
1250844.0,-0.2158,-0.0175,-410.7946,-255.0,1
1250854.0,-0.2169,-0.0567,-411.0605,-255.0,1
1250862.0,-0.2158,0.1134,-411.2805,-255.0,1
1250872.0,-0.2158,-0.0196,-412.593,-255.0,1
1250884.0,-0.2158,-0.0491,-413.6788,-255.0,1
1250894.0,-0.2147,0.1211,-414.577,-255.0,1
1250904.0,-0.2158,-0.0535,-415.3201,-255.0,1
1250912.0,-0.2158,-0.0295,-415.9348,-255.0,1
1250922.0,-0.2147,0.084,-417.5738,-255.0,1
1250934.0,-0.2158,-0.0818,-418.9298,-255.0,1
1250944.0,-0.2147,-0.0033,-418.921,-255.0,1
1250954.0,-0.2158,0.0676,-418.9137,-255.0,1
1250962.0,-0.2158,-0.0873,-420.0382,-255.0,1
1250972.0,-0.2158,0.0371,-420.9685,-255.0,1
1250984.0,-0.2158,0.0447,-421.7381,-255.0,1
1250994.0,-0.2158,-0.0927,-422.3747,-255.0,1
1251005.0,-0.2158,0.0316,-422.9014,-255.0,1
1251012.0,-0.2158,0.0404,-424.4677,-255.0,1
1251022.0,-0.2158,-0.0884,-425.7634,-255.0,1
1251034.0,-0.2158,0.0109,-426.8353,-255.0,1
1251045.0,-0.2158,0.048,-426.5915,-255.0,1
1251055.0,-0.2158,-0.0425,-426.3898,-255.0,1
1251062.0,-0.2158,-0.0109,-427.3535,-255.0,1
1251072.0,-0.2158,0.048,-428.1508,-255.0,1
1251085.0,-0.2158,-0.0055,-429.9407,-255.0,1
1251095.0,-0.2158,-0.0491,-431.4216,-255.0,1
1251105.0,-0.2147,0.0622,-431.5162,-255.0,1
1251112.0,-0.2147,0.0404,-431.5944,-255.0,1
1251122.0,-0.2158,-0.0927,-432.7896,-255.0,1
1251135.0,-0.2147,0.0578,-433.7784,-255.0,1
1251145.0,-0.2158,0.0622,-434.5964,-255.0,1
1251155.0,-0.2158,-0.1069,-435.2731,-255.0,1
1251163.0,-0.2158,0.0502,-435.8328,-255.0,1
1251173.0,-0.2147,0.0665,-436.296,-255.0,1
1251185.0,-0.2158,-0.1058,-436.6791,-255.0,1
1251195.0,-0.2147,0.0273,-438.1265,-255.0,1
1251205.0,-0.2147,0.0644,-438.1935,-255.0,1
1251213.0,-0.2147,-0.024,-438.2488,-255.0,1
1251223.0,-0.2158,-0.0436,-439.4251,-255.0,1
1251235.0,-0.2147,0.0295,-440.3982,-255.0,1
1251245.0,-0.2158,0.0676,-441.2033,-255.0,1
1251255.0,-0.2158,-0.1069,-441.8692,-255.0,1
1251263.0,-0.2158,0.0415,-442.4202,-255.0,1
1251273.0,-0.2147,0.0829,-444.0065,-255.0,1
1251285.0,-0.2158,-0.0927,-445.3188,-255.0,1
1251295.0,-0.2147,-0.0011,-445.2739,-255.0,1
1251305.0,-0.2147,0.0535,-446.3673,-255.0,1
1251313.0,-0.2147,0.0065,-447.2718,-255.0,1
1251323.0,-0.2158,-0.0938,-448.0201,-255.0,1
1251335.0,-0.2147,0.0436,-448.6391,-255.0,1
1251345.0,-0.2158,0.0927,-449.1513,-255.0,1
1251356.0,-0.2158,-0.1189,-449.5749,-255.0,1
1251363.0,-0.2158,-0.0022,-449.9254,-255.0,1
1251373.0,-0.2147,0.0556,-450.2153,-255.0,1
1251385.0,-0.2158,0.0076,-450.4552,-255.0,1
1251395.0,-0.2158,-0.0993,-451.7841,-255.0,1
1251406.0,-0.2147,0.0305,-452.8835,-255.0,1
1251413.0,-0.2147,0.096,-453.793,-255.0,1
1251424.0,-0.2158,-0.0829,-454.5454,-255.0,1
1251436.0,-0.2147,-0.0011,-455.1678,-255.0,1
1251446.0,-0.2147,0.0556,-455.6827,-255.0,1
1251456.0,-0.2158,0.0535,-456.1087,-255.0,1
1251464.0,-0.2158,-0.1156,-456.4611,-255.0,1
1251474.0,-0.2158,0.0175,-456.7526,-255.0,1
1251486.0,-0.2147,0.096,-456.9938,-255.0,1
1251496.0,-0.2158,-0.036,-458.3238,-255.0,1
1251506.0,-0.2158,-0.0764,-459.4241,-255.0,1
1251514.0,-0.2158,0.0218,-459.2038,-255.0,1
1251524.0,-0.2147,0.0927,-460.1521,-255.0,1
1251536.0,-0.2158,-0.0971,-462.0671,-255.0,1
1251546.0,-0.2158,-0.0251,-462.5208,-255.0,1
1251556.0,-0.2147,0.0273,-462.8961,-255.0,1
1251564.0,-0.2147,0.0633,-463.2067,-255.0,1
1251574.0,-0.2158,-0.1047,-463.4635,-255.0,1
1251586.0,-0.2158,-0.012,-464.8066,-255.0,1
1251596.0,-0.2147,0.0611,-465.9176,-255.0,1
1251606.0,-0.2158,0.0262,-465.7062,-255.0,1
1251614.0,-0.2158,-0.0938,-465.5314,-255.0,1
1251624.0,-0.2158,0.0022,-466.5172,-255.0,1
1251636.0,-0.2158,0.0818,-467.3328,-255.0,1
1251646.0,-0.2158,0.0044,-468.0075,-255.0,1
1251656.0,-0.2169,-0.1036,-468.5656,-255.0,1
1251664.0,-0.2169,-0.0273,-469.0274,-255.0,1
1251674.0,-0.2158,0.0469,-470.5399,-255.0,1
1251686.0,-0.2179,-0.0229,-471.7911,-255.0,1
1251696.0,-0.2179,-0.1091,-471.6957,-255.0,1
1251707.0,-0.2169,-0.0076,-471.6168,-255.0,1
1251715.0,-0.2169,0.0851,-471.5515,-255.0,1
1251725.0,-0.2169,0.0033,-472.6281,-255.0,1
1251736.0,-0.2169,-0.0894,-473.5186,-255.0,1
1251746.0,-0.2158,0.0185,-474.2553,-255.0,1
1251757.0,-0.2158,0.1178,-474.8648,-255.0,1
1251765.0,-0.2158,0.0295,-475.369,-255.0,1
1251775.0,-0.2169,-0.0753,-475.7861,-255.0,1
1251787.0,-0.2158,0.0098,-476.1312,-255.0,1
1251797.0,-0.2147,0.1069,-477.5472,-255.0,1
1251807.0,-0.2158,0.0415,-477.588,-255.0,1
1251815.0,-0.2158,-0.0862,-477.6219,-255.0,1
1251825.0,-0.2158,-0.0164,-478.7803,-255.0,1
1251837.0,-0.2147,0.072,-479.7387,-255.0,1
1251847.0,-0.2158,0.036,-480.5316,-255.0,1
1251857.0,-0.2169,-0.0938,-481.1875,-255.0,1
1251865.0,-0.2169,-0.0524,-481.7301,-255.0,1
1251875.0,-0.2158,0.0316,-482.179,-255.0,1
1251887.0,-0.2169,0.0644,-482.5503,-255.0,1
1251897.0,-0.2169,-0.096,-482.8575,-255.0,1
1251907.0,-0.2179,-0.0894,-483.1117,-255.0,1
1251915.0,-0.2179,-0.0109,-483.3219,-255.0,1
1251926.0,-0.2169,0.0949,-484.6263,-255.0,1
1251937.0,-0.2179,-0.0349,-485.7054,-255.0,1
1251947.0,-0.2179,-0.1276,-485.4677,-255.0,1
1251957.0,-0.2169,-0.0055,-486.4015,-255.0,1
1251965.0,-0.2169,0.0774,-487.174,-255.0,1
1251976.0,-0.2169,0.0622,-486.6825,-255.0,1
1251987.0,-0.2169,-0.0644,-487.4065,-255.0,1
1251997.0,-0.2169,-0.0044,-488.0054,-255.0,1
1252007.0,-0.2158,0.0589,-488.5009,-255.0,1
1252016.0,-0.2158,0.0764,-488.9108,-255.0,1
1252026.0,-0.2158,-0.0142,-489.2498,-255.0,1
1252037.0,-0.2169,-0.1047,-490.6609,-255.0,1
1252047.0,-0.2169,-0.0044,-491.8282,-255.0,1
1252058.0,-0.2169,0.0644,-492.7938,-255.0,1
1252066.0,-0.2169,0.0044,-492.4622,-255.0,1
1252076.0,-0.2179,-0.1091,-492.1878,-255.0,1
1252088.0,-0.2179,-0.072,-493.0914,-255.0,1
1252098.0,-0.2179,0.0185,-493.8389,-255.0,1
1252108.0,-0.2179,0.0742,-494.4572,-255.0,1
1252116.0,-0.2179,-0.0251,-494.9688,-255.0,1
1252127.0,-0.2179,-0.0622,-495.392,-255.0,1
1252138.0,-0.2179,-0.0404,-495.7421,-255.0,1
1252148.0,-0.2169,0.1167,-496.0317,-255.0,1
1252158.0,-0.2169,0.0698,-496.2713,-255.0,1
1252166.0,-0.2169,-0.0338,-496.4695,-255.0,1
1252176.0,-0.2179,-0.06,-496.6335,-255.0,1
1252188.0,-0.2158,0.0491,-497.8997,-255.0,1
1252198.0,-0.2158,0.1124,-498.9471,-255.0,1
1252208.0,-0.2169,0.0654,-498.6832,-255.0,1
1252217.0,-0.2169,-0.0796,-498.4648,-255.0,1
1252227.0,-0.2169,-0.0436,-499.4146,-255.0,1
1252238.0,-0.2158,-0.0153,-501.3309,-255.0,1
1252248.0,-0.2158,0.1058,-501.7856,-255.0,1
1252258.0,-0.2169,-0.0349,-502.1618,-255.0,1
1252267.0,-0.2169,-0.0916,-502.4731,-255.0,1
1252277.0,-0.2179,-0.1254,-502.7306,-255.0,1
1252288.0,-0.2179,0.0022,-502.9437,-255.0,1
1252298.0,-0.2179,0.0076,-503.1199,-255.0,1
1252308.0,-0.219,-0.1025,-504.3961,-255.0,1
1252317.0,-0.219,-0.1025,-504.3215,-255.0,1
1252327.0,-0.219,-0.0425,-504.2597,-255.0,1
1252338.0,-0.2169,0.1582,-505.3391,-255.0,1
1252348.0,-0.2169,-0.012,-506.232,-255.0,1
1252358.0,-0.2179,-0.0338,-506.9707,-255.0,1
1252367.0,-0.219,-0.0338,-507.5819,-255.0,1
1252377.0,-0.219,-0.096,-508.0874,-255.0,1
1252388.0,-0.2179,0.0404,-508.5056,-255.0,1
1252398.0,-0.2179,0.0295,-508.8517,-255.0,1
1252409.0,-0.219,-0.1538,-509.1379,-255.0,1
1252417.0,-0.219,-0.1538,-509.3747,-255.0,1
1252428.0,-0.2201,-0.0665,-509.5706,-255.0,1
1253240.4761904762,-0.20566190476190477,-0.06317619047619048,-2378.944842857143,-230.71428571428572,1
1254788.0498866213,-0.1781607709750567,-0.05684512471655329,-5939.6576863945575,-184.45578231292518,1
1256888.328474247,-0.14083780369290574,-0.048252964042759965,-10772.053688338192,-121.67638483965015,1
1259288.6468601045,-0.09818298394187608,-0.03843335184413902,-16294.791976273773,-49.928502013050135,1
1261717.5404648415,-0.05502036871761987,-0.028496839500296398,-21883.277148589543,22.67352227577132,1
1263938.2431891726,-0.015557406226871337,-0.019412028214497428,-26992.74930613539,89.05251591126522,1
1265788.8287927818,0.01732839584875244,-0.011841352142998286,-31250.642770756924,144.3683439408435,1
1267198.7987764839,0.04238424504922769,-0.006073217993284653,-34494.752077135236,186.51373672528405,1
1268180.7421579908,0.05983385431384439,-0.0020561245675912313,-36754.04248693442,215.864992414448,1
1268804.1982732334,0.07091297130725181,0.0004944109407855452,-38188.512588394224,234.50071031232991,1
1269163.4277491588,0.07729665300345324,0.001964005209897879,-39015.04059923535,245.23843348206185,1
1269350.040463925,0.08061285128719424,0.002727430804241948,-39444.40579967229,250.81647149231222,1
1269436.6820814952,0.08215251477607399,0.00308187840161598,-39643.75392844659,253.4062748542142,1
1269472.2273604984,0.08278417159202466,0.00322729280053866,-39725.53777614886,254.46875828473807,1
1269484.9221029996,0.08300976331200705,0.0032792265144396173,-39754.74629318539,254.8482166527823,1
1269488.7909769046,0.08307851507428739,0.0032950539320094328,-39763.64793647271,254.96386110780531,1
1269489.7697098865,0.08309590763319759,0.0032990578918113203,-39765.899840280515,254.99311640148673,1
1269489.9671014124,0.08309941537617108,0.003299865413115903,-39766.35400575436,254.9990166287838,1
1269489.9968668013,0.0830999443215401,0.0032999871822015146,-39766.42249102423,254.99990634559845,1
1269489.9998508,0.08309999734864476,0.0032999993896286437,-39766.42935671544,254.99999554026658,1
1269490.0,0.0831,0.0033,-39766.4297,255.0,1
1269499.0,0.0831,0.0164,-72202.9609,255.0,1
1269510.0,0.0831,0.0164,-59740.5312,255.0,1
1269521.0,0.0831,0.0,-49431.8359,255.0,1
1269531.0,0.0831,-0.0589,-40902.6172,255.0,1
1269541.0,0.082,-0.0589,-33845.5,255.0,1
1269550.0,0.082,-0.0425,-28008.4766,255.0,1
1269560.0,0.0809,-0.1538,-23178.5391,255.0,1
1269571.0,0.0788,-0.1658,-19181.7383,255.0,1
1269581.0,0.0777,-0.1178,-15875.2969,255.0,1
1269591.0,0.0755,-0.2203,-13139.9707,255.0,1
1269600.0,0.0744,-0.1844,-10877.1123,255.0,1
1269610.0,0.0722,-0.2149,-9005.1123,255.0,1
1269621.0,0.07,-0.2029,-7455.3296,255.0,1
1269631.0,0.0678,-0.1876,-6173.2378,255.0,1
1269641.0,0.0657,-0.2171,-5112.5991,255.0,1
1269650.0,0.0646,-0.1789,-4234.0317,255.0,1
1269660.0,0.0624,-0.1385,-3507.2175,255.0,1
1269672.0,0.0613,-0.1963,-2904.8142,255.0,1
1269681.0,0.0602,-0.1244,-2406.4631,255.0,1
1269691.0,0.0591,-0.1156,-1994.1909,255.0,1
1269700.0,0.058,-0.1025,-1651.9991,255.0,1
1269710.0,0.0569,-0.0807,-1368.9135,255.0,1
1269722.0,0.0569,-0.0316,-1134.7247,255.0,1
1269732.0,0.0559,-0.0164,-940.9869,255.0,1
1269742.0,0.0559,0.0011,-779.5826,255.0,1
1269750.0,0.0569,0.0338,-646.0573,255.0,1
1269760.0,0.0569,0.0404,-535.5956,255.0,1
1269771.0,0.058,0.0622,-443.0832,255.0,1
1269781.0,0.0591,0.0927,-366.5503,255.0,1
1269791.0,0.0591,0.1014,-303.2368,255.0,1
1269801.0,0.0602,0.1069,-250.8593,255.0,1
1269811.0,0.0613,0.1342,-206.3983,255.0,1
1269821.0,0.0624,0.1287,-169.6171,255.0,1
1269832.0,0.0635,0.084,-139.1889,255.0,1
1269843.0,0.0646,0.1124,-112.8861,255.0,1
1269851.0,0.0646,0.0764,-91.1265,255.0,1
1269861.0,0.0657,0.0284,-73.1254,255.0,1
1269873.0,0.0657,0.0273,-58.2336,255.0,1
1269883.0,0.0657,0.0098,-45.914,255.0,1
1269893.0,0.0657,-0.036,-34.5919,255.0,1
1269901.0,0.0646,-0.0284,-24.0949,255.0,1
1269911.0,0.0646,-0.0687,-15.411,255.0,1
1269922.0,0.0635,-0.0916,-8.2271,255.0,1
1269933.0,0.0624,-0.1047,-2.284,249.77,1
1269943.0,0.0613,-0.1058,2.6325,234.37,1
1269951.0,0.0602,-0.1145,7.8303,227.34,1
1269961.0,0.0591,-0.1014,12.1303,228.88,1
1269973.0,0.058,-0.1124,15.6876,234.19,1
1269983.0,0.0569,-0.0829,19.7609,228.38,1
1269993.0,0.0559,-0.0916,23.1307,220.4,1
1270001.0,0.0559,-0.0949,25.9184,219.38,1
1270011.0,0.0548,-0.0567,28.2245,237.74,1
1270023.0,0.0548,-0.0491,30.1324,244.69,1
1270034.0,0.0537,-0.0884,31.7107,213.98,1
1270044.0,0.0537,-0.0295,34.1469,252.38,1
1270052.0,0.0526,-0.0447,37.2928,231.39,1
1270062.0,0.0526,-0.0894,39.8953,210.72,1
1270074.0,0.0515,-0.0262,42.0483,237.33,1
1270084.0,0.0515,-0.0513,43.8294,226.28,1
1270094.0,0.0504,-0.0873,45.3028,205.2,1
1270102.0,0.0504,-0.0349,47.6523,233.58,1
1270112.0,0.0493,-0.0938,49.5959,195.39,1
1270124.0,0.0482,-0.1418,51.2038,191.54,1
1270134.0,0.0471,-0.0709,52.534,196.72,1
1270144.0,0.046,-0.1331,53.6344,161.0,1
1270152.0,0.0439,-0.1625,55.6753,138.37,1
1270162.0,0.0428,-0.108,57.3636,161.95,1
1270174.0,0.0417,-0.1625,58.7603,146.57,1
1270184.0,0.0406,-0.1418,59.9158,135.2,1
1270194.0,0.0395,-0.0905,60.8717,160.39,1
1270202.0,0.0384,-0.1331,61.6625,145.43,1
1270212.0,0.0373,-0.1167,62.3167,134.4,1
1270225.0,0.0362,-0.072,62.8578,155.33,1
1270235.0,0.0351,-0.1265,63.3056,121.99,1
1270245.0,0.034,-0.1025,64.8064,130.28,1
1270252.0,0.0329,-0.0633,64.9176,146.02,1
1270262.0,0.0319,-0.1091,65.0095,122.27,1
1270275.0,0.0319,-0.0731,66.2161,137.07,1
1270285.0,0.0308,-0.0447,66.0837,147.21,1
1270295.0,0.0308,-0.0884,67.1047,127.8,1
1270302.0,0.0297,-0.0491,67.9494,140.96,1
1270313.0,0.0297,-0.036,67.5176,147.71,1
1270325.0,0.0286,-0.0764,68.291,123.39,1
1270336.0,0.0286,-0.0469,68.9307,138.3,1
1270345.0,0.0275,-0.048,68.3295,133.47,1
1270353.0,0.0275,-0.0894,68.9626,112.88,1
1270363.0,0.0264,-0.0284,69.4864,142.31,1
1270375.0,0.0264,-0.0556,69.9196,125.21,1
1270386.0,0.0253,-0.0687,70.2781,119.69,1
1270396.0,0.0253,-0.0055,70.5746,145.52,1
1270403.0,0.0253,-0.0371,70.8199,129.95,1
1270413.0,0.0242,-0.0458,71.0229,121.42,1
1270426.0,0.0242,-0.0087,71.1908,140.12,1
1270436.0,0.0242,-0.0524,71.3296,118.44,1
1270446.0,0.0242,-0.0491,72.575,120.24,1
1270453.0,0.0231,-0.0153,72.4748,140.19,1
1270463.0,0.0231,-0.0262,72.3919,126.49,1
1270476.0,0.0231,-0.0349,73.4538,130.82,1
1270486.0,0.0231,0.0098,74.3323,143.94,1
1270496.0,0.0231,-0.036,73.9286,121.39,1
1270503.0,0.022,-0.0327,73.5946,118.95,1
1270515.0,0.022,0.0033,74.4488,137.25,1
1270526.0,0.022,-0.0589,75.1554,106.41,1
1270536.0,0.0209,-0.0404,75.74,116.75,1
1270546.0,0.0209,-0.0033,76.2236,136.85,1
1270553.0,0.0209,-0.036,76.6237,112.45,1
1270566.0,0.0209,-0.012,75.8241,124.79,1
1270576.0,0.0209,0.0065,75.1627,134.34,1
1270586.0,0.0209,-0.0404,75.746,111.17,1
1270596.0,0.0209,-0.0295,76.2286,116.86,1
1270603.0,0.0209,-0.0185,76.6278,122.5,1
1270613.0,0.0209,-0.0491,76.9581,113.67,1
1270627.0,0.0209,-0.0142,77.2313,128.31,1
1270636.0,0.0209,0.0153,78.5878,139.68,1
1270647.0,0.0199,-0.0316,79.71,116.29,1
1270654.0,0.0199,-0.0076,79.5079,122.63,1
1270667.0,0.0199,-0.0044,79.3407,124.62,1
1270677.0,0.0199,-0.0327,79.2023,110.73,1
1270687.0,0.0199,-0.0164,79.0879,119.14,1
1270696.0,0.0199,-0.012,78.9932,121.5,1
1270704.0,0.0188,-0.0404,78.9149,113.58,1
1270716.0,0.0188,-0.012,79.9806,120.27,1
1270727.0,0.0188,0.0022,80.8623,125.14,1
1270737.0,0.0188,-0.0338,80.4611,105.16,1
1270747.0,0.0188,-0.012,80.1292,116.44,1
1270754.0,0.0188,-0.0295,79.8547,108.01,1
1270764.0,0.0177,-0.0458,80.7581,95.77,1
1270777.0,0.0177,-0.0207,81.5054,110.66,1
1270787.0,0.0177,-0.0033,80.9932,122.38,1
1270797.0,0.0177,-0.012,81.6999,116.5,1
1270804.0,0.0177,-0.0033,82.2846,117.49,1
1270816.0,0.0177,-0.0185,82.7683,109.04,1
1270826.0,0.0166,-0.0382,83.1684,95.19,1
1270836.0,0.0166,-0.0262,82.3689,101.39,1
1270846.0,0.0166,-0.0491,82.838,90.16,1
1270854.0,0.0155,-0.0502,83.2261,86.48,1
1270867.0,0.0155,-0.0207,83.5471,106.45,1
1270877.0,0.0155,-0.0295,83.8127,103.49,1
1270887.0,0.0144,-0.0436,84.0325,82.83,1
1270896.0,0.0144,-0.048,84.2142,81.1,1
1270904.0,0.0144,-0.0327,84.3646,89.1,1
1270914.0,0.0133,-0.0415,84.489,80.66,1
1270927.0,0.0133,-0.0338,84.5919,85.76,1
1270938.0,0.0133,-0.0316,84.677,89.0,1
1270947.0,0.0122,-0.0327,84.7475,82.8,1
1270955.0,0.0122,-0.0109,84.8058,95.76,1
1270965.0,0.0122,-0.0327,84.854,80.34,1
1270976.0,0.0122,-0.0404,84.8938,76.82,1
1270987.0,0.0111,-0.0349,84.9268,75.43,1
1270997.0,0.0111,-0.0087,84.9541,88.72,1
1271005.0,0.0111,-0.0524,84.9767,69.15,1
1271015.0,0.01,-0.0349,86.1259,74.48,1
1271026.0,0.01,-0.0382,85.9461,79.9,1
1271037.0,0.01,-0.0349,85.7973,69.87,1
1271047.0,0.0089,-0.0415,85.6742,62.67,1
1271055.0,0.0089,-0.0556,85.5724,55.93,1
1271065.0,0.0079,-0.0469,86.6187,56.28,1
1271077.0,0.0079,-0.06,86.3537,49.95,1
1271088.0,0.0068,-0.0469,86.1346,52.29,1
1271098.0,0.0068,-0.0415,87.0837,58.37,1
1271105.0,0.0068,-0.0524,86.7385,49.45,1
1271115.0,0.0057,-0.0545,86.4528,-52.11,1
1271126.0,0.0057,-0.0709,86.2165,-63.27,1
1271138.0,0.0046,-0.0687,86.0211,-77.52,1
1271148.0,0.0035,-0.084,86.9899,-72.97,1
1271155.0,0.0035,-0.0513,86.6608,-56.97,1
1271165.0,0.0024,-0.0633,86.3886,-69.72,1
1271177.0,0.0024,-0.0622,86.1634,-67.03,1
1271188.0,0.0013,-0.0567,85.9771,-72.05,1
1271198.0,0.0002,-0.0698,85.823,-87.97,1
1271205.0,0.0002,-0.0654,84.565,-85.87,1
1271215.0,-0.0009,-0.0524,84.6548,-73.43,1
1271228.0,-0.0009,-0.0654,85.8595,-80.66,1
1271238.0,-0.002,-0.0491,85.7257,-77.3,1
1271249.0,-0.002,-0.0295,85.615,-67.85,1
1271256.0,-0.002,-0.0513,85.5234,-84.29,1
1271266.0,-0.0031,-0.048,84.3172,-92.76,1
1271278.0,-0.0031,-0.048,84.4498,-87.38,1
1271288.0,-0.0041,-0.0633,84.5595,-97.94,1
1271299.0,-0.0041,-0.0567,83.5197,-88.12,1
1271306.0,-0.0052,-0.048,83.79,-88.83,1
1271316.0,-0.0052,-0.048,84.0137,-89.4,1
1271328.0,-0.0063,-0.0273,83.0682,-86.91,1
1271339.0,-0.0063,-0.0338,82.286,-89.01,1
1271349.0,-0.0074,-0.0622,81.6389,-117.03,1
1271356.0,-0.0074,-0.0447,81.1036,-107.08,1
1271366.0,-0.0074,-0.048,81.7913,-96.3,1
1271378.0,-0.0085,-0.06,82.3602,-107.48,1
1271389.0,-0.0085,-0.0502,81.7003,-103.14,1
1271399.0,-0.0096,-0.0425,81.1544,-104.14,1
1271406.0,-0.0096,-0.0185,80.7028,-98.79,1
1271416.0,-0.0096,-0.0436,80.3292,-113.94,1
1271428.0,-0.0107,-0.0578,80.0201,-120.35,1
1271439.0,-0.0107,-0.0676,79.7644,-131.42,1
1271449.0,-0.0118,-0.0589,79.5529,-118.97,1
1271456.0,-0.0118,-0.0524,79.3779,-116.48,1
1271466.0,-0.0129,-0.0436,79.2331,-117.11,1
1271479.0,-0.0129,-0.0295,79.1134,-110.52,1
1271489.0,-0.0129,-0.048,77.8838,-122.21,1
1271500.0,-0.014,-0.0458,76.8666,-130.7,1
1271506.0,-0.014,-0.0447,76.0251,-128.39,1
1271516.0,-0.0151,-0.0491,75.329,-137.64,1
1271528.0,-0.0151,-0.0709,75.8836,-140.54,1
1271539.0,-0.0161,-0.0589,75.2119,-137.16,1
1271550.0,-0.0161,-0.0556,74.6562,-136.08,1
1271557.0,-0.0172,-0.0611,74.1965,-149.9,1
1271567.0,-0.0172,-0.0404,73.8162,-132.77,1
1271579.0,-0.0183,-0.0458,73.5016,-143.46,1
1271590.0,-0.0183,-0.0654,72.1109,-151.05,1
1271600.0,-0.0194,-0.0469,72.0908,-150.58,1
1271607.0,-0.0194,-0.0622,72.0742,-155.77,1
1271617.0,-0.0205,-0.0742,70.93,-162.9,1
1271629.0,-0.0205,-0.0404,71.1139,-146.42,1
1271640.0,-0.0216,-0.048,70.1356,-154.87,1
1271650.0,-0.0216,-0.0502,69.3262,-164.55,1
1271658.0,-0.0227,-0.0316,69.7872,-162.97,1
1271670.0,-0.0227,-0.0175,69.038,-156.65,1
1271680.0,-0.0227,-0.0709,67.2877,-170.43,1
1271690.0,-0.0238,-0.0382,65.8398,-155.69,1
1271700.0,-0.0238,-0.048,65.7724,-161.41,1
1271707.0,-0.0249,-0.0764,64.5862,-181.57,1
1271717.0,-0.0249,0.0011,63.6049,-142.12,1
1271730.0,-0.0249,-0.0393,63.9236,-162.77,1
1271740.0,-0.026,-0.0469,63.0567,-171.26,1
1271750.0,-0.026,-0.0327,62.3396,-171.74,1
1271757.0,-0.026,-0.0033,61.7463,-155.19,1
1271767.0,-0.0271,-0.0654,60.125,-187.98,1
1271780.0,-0.0271,-0.0305,58.7837,-178.73,1
1271790.0,-0.0271,-0.0022,57.6741,-158.06,1
1271800.0,-0.0281,-0.0665,56.7562,-186.97,1
1271809.0,-0.0281,-0.0218,55.9969,-165.34,1
1271820.0,-0.0281,0.0065,55.3686,-161.17,1
1271830.0,-0.0281,-0.0425,54.8489,-175.5,1
1271840.0,-0.0281,-0.024,53.2885,-173.07,1
1271850.0,-0.0281,0.0469,51.9976,-131.98,1
1271857.0,-0.0281,0.0087,52.0602,-165.15,1
1271868.0,-0.0281,-0.0262,52.1119,-166.49,1
1271880.0,-0.0281,0.0295,51.0243,-151.97,1
1271890.0,-0.0281,0.0207,48.994,-142.59,1
1271900.0,-0.0281,-0.0196,47.3143,-163.51,1
1271908.0,-0.0281,0.0251,47.0554,-152.28,1
1271918.0,-0.0271,0.0295,46.8411,-134.4,1
1271930.0,-0.0281,-0.0327,45.5333,-171.53,1
1271940.0,-0.0281,0.0142,44.4515,-156.82,1
1271951.0,-0.0271,0.0273,43.5565,-138.81,1
1271959.0,-0.0281,-0.0229,42.8161,-165.29,1
1271971.0,-0.0281,-0.0142,42.2035,-166.73,1
1271981.0,-0.0281,0.0055,41.6968,-151.43,1
1271991.0,-0.0281,-0.0087,41.2776,-166.35,1
1272001.0,-0.0281,-0.0273,40.9308,-167.72,1
1272008.0,-0.0281,0.0098,39.5134,-158.0,1
1272018.0,-0.0281,-0.0524,38.3409,-182.04,1
1272031.0,-0.0292,-0.0524,38.5013,-188.8,1
1272041.0,-0.0292,0.0098,37.5036,-153.42,1
1272051.0,-0.0292,-0.0185,36.6782,-172.26,1
1272060.0,-0.0292,-0.0469,35.9953,-185.21,1
1272071.0,-0.0292,0.0109,34.2999,-156.23,1
1272081.0,-0.0292,-0.0142,32.8974,-168.71,1
1272091.0,-0.0303,-0.0524,31.7371,-188.97,1
1272101.0,-0.0303,0.0185,30.7772,-159.14,1
1272110.0,-0.0292,0.0382,29.9831,-148.76,1
1272121.0,-0.0292,0.0011,29.3262,-157.0,1
1272131.0,-0.0292,0.0011,28.7828,-160.7,1
1272141.0,-0.0292,0.0491,28.3332,-143.02,1
1272151.0,-0.0292,-0.0229,26.8308,-168.71,1
1272160.0,-0.0292,0.0327,25.5878,-143.54,1
1272171.0,-0.0292,-0.0055,25.6901,-160.76,1
1272181.0,-0.0292,-0.0425,24.6442,-187.03,1
1272191.0,-0.0303,-0.0273,23.779,-175.77,1
1272201.0,-0.0303,-0.0185,23.0632,-178.14,1
1272208.0,-0.0303,-0.0502,22.471,-187.19,1
1272219.0,-0.0303,-0.0044,21.9812,-176.26,1
1272231.0,-0.0303,-0.0218,20.4454,-188.98,1
1272241.0,-0.0314,-0.0491,20.3054,-188.6,1
1272251.0,-0.0314,0.0164,19.0591,-161.98,1
1272259.0,-0.0314,-0.0142,18.0281,-172.02,1
1272269.0,-0.0314,-0.0251,17.1751,-181.31,1
1272281.0,-0.0314,0.0262,15.339,-153.65,1
1272291.0,-0.0314,-0.0175,14.9505,-181.11,1
1272302.0,-0.0314,-0.0022,13.4987,-166.74,1
1272309.0,-0.0314,0.0425,12.2976,-152.19,1
1272319.0,-0.0314,-0.0284,12.4344,-185.03,1
1272332.0,-0.0314,0.012,11.4172,-161.5,1
1272342.0,-0.0303,0.0502,9.4451,-147.66,1
1272352.0,-0.0314,-0.0295,8.9442,-179.28,1
1272359.0,-0.0314,0.0065,8.5298,-161.98,1
1272369.0,-0.0314,0.0055,7.0564,-166.17,1
1272382.0,-0.0314,-0.0382,6.9681,-184.89,1
1272392.0,-0.0314,-0.0087,6.895,-174.81,1
1272402.0,-0.0314,-0.0142,5.704,-176.23,1
1272409.0,-0.0325,-0.0644,4.7188,-202.47,1
1272419.0,-0.0325,-0.0142,3.9037,-178.8,1
1272432.0,-0.0325,-0.0425,2.0989,-198.3,1
1272442.0,-0.0336,-0.0556,0.6059,-202.3,1
1272452.0,-0.0336,-0.0044,-0.6293,-179.16,1
1272459.0,-0.0336,-0.0404,-1.6511,-201.44,1
1272469.0,-0.0336,-0.0589,-1.3659,-203.9,1
1272482.0,-0.0336,0.0,-2.2605,-180.15,1
1272492.0,-0.0347,-0.0556,-4.131,-213.11,1
1272502.0,-0.0347,-0.0382,-4.548,-197.69,1
1272509.0,-0.0347,0.0076,-4.8929,-177.4,1
1272520.0,-0.0358,-0.0349,-6.3088,-203.22,1
1272532.0,-0.0347,-0.0229,-8.6106,-190.98,1
1272542.0,-0.0347,0.0447,-10.5148,-165.99,1
1272552.0,-0.0358,-0.0349,-10.9596,-202.03,1
1272562.0,-0.0358,0.0055,-12.4581,-182.24,1
1272572.0,-0.0358,0.0218,-13.6977,-174.38,1
1272582.0,-0.0358,-0.0229,-13.5928,-200.09,1
1272592.0,-0.0347,0.0098,-14.6364,-180.21,1
1272602.0,-0.0358,0.0371,-16.6303,-165.46,1
1272612.0,-0.0358,-0.0218,-18.2798,-198.56,1
1272622.0,-0.0347,0.0044,-19.6444,-189.48,1
1272632.0,-0.0358,0.0273,-19.6427,-169.69,1
1272642.0,-0.0358,-0.0349,-19.6414,-213.95,1
1272652.0,-0.0347,0.0011,-20.7708,-177.88,1
1272660.0,-0.0347,0.0295,-21.7051,-168.66,1
1272670.0,-0.0358,-0.0589,-22.478,-213.07,1
1272682.0,-0.0358,0.0011,-24.248,-183.74,1
1272692.0,-0.0358,0.036,-25.7122,-180.43,1
1272703.0,-0.0358,-0.0502,-25.793,-221.04,1
1272710.0,-0.0358,0.0131,-26.9903,-175.88,1
1272720.0,-0.0347,0.0545,-29.1113,-177.95,1
1272733.0,-0.0358,-0.0273,-29.7355,-194.27,1
1272742.0,-0.0347,0.0022,-30.2519,-185.89,1
1272753.0,-0.0358,0.048,-31.8095,-157.75,1
1272760.0,-0.0358,-0.0415,-33.0981,-205.7,1
1272770.0,-0.0358,-0.024,-34.1642,-195.5,1
1272783.0,-0.0358,0.0207,-35.0461,-174.97,1
1272793.0,-0.0358,-0.0371,-35.7757,-215.88,1
1272803.0,-0.0358,-0.0447,-36.3792,-207.04,1
1272810.0,-0.0358,0.0055,-36.8785,-192.0,1
1272821.0,-0.0369,-0.0611,-38.4221,-224.75,1
1272833.0,-0.0369,-0.0458,-39.699,-210.84,1
1272843.0,-0.038,0.0295,-39.6249,-188.83,1
1272853.0,-0.038,-0.0589,-40.6941,-228.12,1
1272861.0,-0.038,-0.0305,-42.7091,-216.09,1
1272871.0,-0.0369,0.0545,-44.3761,-185.71,1
1272883.0,-0.038,-0.0185,-45.7551,-199.08,1
1272893.0,-0.0369,0.0065,-46.8959,-212.92,1
1272903.0,-0.0369,0.0545,-47.8397,-156.83,1
1272913.0,-0.0369,-0.0033,-48.6205,-187.44,1
1272923.0,-0.0369,-0.0033,-50.3969,-194.1,1
1272933.0,-0.0358,0.0556,-51.8664,-155.5,1
1272943.0,-0.0369,0.0284,-53.0822,-180.84,1
1272953.0,-0.0358,-0.0327,-54.0879,-200.75,1
1272963.0,-0.0358,0.0436,-54.9199,-182.28,1
1272973.0,-0.0358,0.0207,-55.6082,-174.1,1
1272983.0,-0.0358,-0.0415,-56.1777,-205.06,1
1272993.0,-0.0358,0.0284,-57.7792,-189.94,1
1273003.0,-0.0358,0.0175,-59.1042,-174.79,1
1273013.0,-0.0358,-0.0556,-60.2002,-221.87,1
1273023.0,-0.0358,-0.0065,-61.107,-192.77,1
1273033.0,-0.0369,0.0011,-61.8571,-188.35,1
1273043.0,-0.038,-0.0785,-62.4777,-247.06,1
1273054.0,-0.038,-0.0371,-62.9911,-222.12,1
1273063.0,-0.038,0.0,-63.4158,-216.75,1
1273073.0,-0.038,-0.0545,-64.8976,-235.64,1
1273083.0,-0.038,-0.0447,-66.1235,-212.09,1
1273093.0,-0.038,0.0513,-67.1376,-165.8,1
1273104.0,-0.038,-0.0175,-69.1071,-227.78,1
1273113.0,-0.038,-0.0153,-70.7364,-198.18,1
1273124.0,-0.038,0.0382,-72.0843,-207.64,1
1273134.0,-0.038,-0.0207,-73.1993,-234.84,1
1273144.0,-0.038,-0.0273,-74.1218,-199.73,1
1273154.0,-0.038,0.0502,-74.8849,-197.05,1
1273164.0,-0.038,0.0033,-75.5162,-184.55,1
1273174.0,-0.0369,0.0033,-77.169,-182.77,1
1273184.0,-0.0369,0.0578,-79.6668,-168.12,1
1273194.0,-0.0369,0.0142,-80.6026,-179.72,1
1273204.0,-0.0369,-0.0087,-81.3768,-198.02,1
1273214.0,-0.0369,0.0284,-82.0173,-181.11,1
1273224.0,-0.0369,-0.0131,-82.5471,-209.51,1
1273234.0,-0.0369,-0.0251,-84.116,-205.45,1
1273244.0,-0.038,-0.012,-85.4138,-206.12,1
1273254.0,-0.038,-0.024,-86.4875,-216.63,1
1273264.0,-0.038,-0.0644,-87.3757,-226.05,1
1273274.0,-0.0391,-0.0109,-88.1105,-204.86,1
1273284.0,-0.0391,-0.0447,-88.7184,-222.71,1
1273294.0,-0.0391,-0.0502,-89.2213,-230.38,1
1273304.0,-0.0391,-0.0087,-90.7678,-206.63,1
1273312.0,-0.0391,-0.0044,-93.1777,-219.71,1
1273323.0,-0.0391,-0.0316,-95.1713,-216.17,1
1273334.0,-0.0401,0.0305,-95.6901,-190.29,1
1273344.0,-0.0401,-0.036,-96.1193,-255.0,1
1273354.0,-0.0401,-0.0436,-97.6048,-223.94,1
1273364.0,-0.0401,0.0153,-98.8338,-220.03,1
1273374.0,-0.0401,0.0087,-99.8504,-227.55,1
1273384.0,-0.0391,-0.0142,-101.822,-201.88,1
1273394.0,-0.0391,0.0458,-103.453,-177.17,1
1273404.0,-0.0391,0.0087,-103.6718,-193.8,1
1273412.0,-0.0391,-0.0022,-104.9833,-200.73,1
1273423.0,-0.0391,0.0589,-107.1988,-210.21,1
1273434.0,-0.0391,0.0098,-107.9011,-205.39,1
1273444.0,-0.0391,-0.0055,-108.4821,-218.24,1
1273455.0,-0.0391,0.0251,-110.0932,-183.49,1
1273463.0,-0.0391,-0.0055,-111.4261,-200.78,1
1273473.0,-0.0391,-0.0273,-112.5287,-243.67,1
1273484.0,-0.0391,0.0076,-113.4409,-193.1,1
1273495.0,-0.0391,0.012,-114.1955,-210.57,1
1273505.0,-0.0391,-0.0273,-114.8198,-211.52,1
1273513.0,-0.0391,-0.012,-116.4668,-205.64,1
1273523.0,-0.0391,0.0076,-117.8292,-203.51,1
1273535.0,-0.0401,-0.048,-118.9564,-247.5,1
1273545.0,-0.0401,-0.0175,-121.0193,-225.79,1
1273555.0,-0.0401,0.0196,-121.5954,-194.33,1
1273563.0,-0.0401,-0.0447,-122.072,-227.91,1
1273573.0,-0.0401,-0.0305,-123.5968,-235.65,1
1273585.0,-0.0401,0.0251,-124.8582,-193.38,1
1273595.0,-0.0412,-0.0273,-125.9018,-255.0,1
1273605.0,-0.0401,-0.048,-126.765,-226.28,1
1273613.0,-0.0401,0.0404,-127.4792,-183.99,1
1273623.0,-0.0401,0.0196,-129.2005,-251.46,1
1273635.0,-0.0412,-0.0774,-130.6245,-242.76,1
1273645.0,-0.0412,0.0175,-131.8026,-243.9,1
1273655.0,-0.0412,0.0022,-133.9076,-201.44,1
1273663.0,-0.0412,-0.0273,-134.5186,-219.0,1
1273674.0,-0.0412,0.0415,-135.024,-232.99,1
1273685.0,-0.0412,0.0218,-137.7031,-192.6,1
1273695.0,-0.0412,-0.0447,-139.9195,-255.0,1
1273705.0,-0.0401,-0.0022,-139.492,-195.12,1
1273713.0,-0.0401,0.0589,-140.2689,-168.37,1
1273723.0,-0.0401,0.0447,-142.0421,-248.75,1
1273735.0,-0.0412,-0.06,-143.509,-233.7,1
1273745.0,-0.0401,-0.0164,-144.7225,-205.48,1
1273755.0,-0.0401,0.0578,-145.7265,-171.64,1
1273764.0,-0.0401,-0.0087,-147.6875,-207.63,1
1273774.0,-0.0401,0.0207,-149.3098,-203.46,1
1273785.0,-0.0412,-0.0327,-149.5213,-226.7,1
1273795.0,-0.0412,-0.0556,-149.6964,-239.69,1
1273806.0,-0.0412,-0.012,-150.9716,-219.22,1
1273814.0,-0.0412,-0.0044,-153.1572,-250.1,1
1273824.0,-0.0412,-0.0185,-154.9652,-220.17,1
1273835.0,-0.0423,-0.0949,-155.3304,-255.0,1
1273846.0,-0.0423,-0.0011,-155.6326,-218.62,1
1273856.0,-0.0423,-0.0425,-157.013,-255.0,1
1273864.0,-0.0423,-0.0142,-158.155,-222.57,1
1273875.0,-0.0434,-0.0764,-159.0998,-255.0,1
1273886.0,-0.0445,0.0185,-161.0119,-214.8,1
1273896.0,-0.0467,-0.012,-162.5937,-255.0,1
1273906.0,-0.0478,0.0011,-163.9022,-232.88,1
1273914.0,-0.0478,-0.0447,-164.9848,-255.0,1
1273924.0,-0.0478,0.0175,-167.0109,-255.0,1
1273936.0,-0.0478,-0.0076,-168.687,-255.0,1
1273946.0,-0.0478,-0.012,-168.9431,-236.73,1
1273956.0,-0.0467,0.0207,-170.2854,-219.25,1
1273965.0,-0.0467,0.0491,-172.5264,-207.79,1
1273975.0,-0.0467,0.0229,-174.3803,-223.06,1
1273986.0,-0.0467,-0.0109,-175.914,-255.0,1
1273996.0,-0.0467,0.0535,-177.1828,-207.34,1
1274006.0,-0.0456,-0.0087,-178.2325,-255.0,1
1274015.0,-0.0456,0.0393,-179.1008,-208.4,1
1274025.0,-0.0456,0.0393,-180.9496,-210.73,1
1274036.0,-0.0445,0.0502,-182.4791,-255.0,1
1274046.0,-0.0445,-0.0076,-183.7444,-225.67,1
1274056.0,-0.0445,0.0185,-184.7912,-215.3,1
1274065.0,-0.0445,0.0687,-185.6571,-248.94,1
1274075.0,-0.0445,-0.0295,-187.504,-235.82,1
1274086.0,-0.0434,0.0436,-189.0319,-215.74,1
1274096.0,-0.0434,-0.0218,-190.2959,-249.57,1
1274106.0,-0.0434,0.0055,-191.3415,-216.99,1
1274115.0,-0.0434,0.0055,-192.2065,-230.96,1
1274125.0,-0.0434,0.0469,-194.0526,-214.99,1
1274136.0,-0.0434,-0.0404,-195.5799,-254.33,1
1274146.0,-0.0434,0.0491,-195.7128,-220.43,1
1274157.0,-0.0423,0.0415,-196.9533,-226.24,1
1274165.0,-0.0434,0.0415,-199.11,-238.41,1
1274176.0,-0.0434,-0.084,-199.7637,-255.0,1
1274186.0,-0.0423,0.0982,-200.3045,-167.3,1
1274197.0,-0.0434,-0.0971,-201.8824,-255.0,1
1274207.0,-0.0434,0.0098,-203.1877,-216.43,1
1274215.0,-0.0434,0.0098,-204.2675,-218.9,1
1274226.0,-0.0423,0.1396,-205.1609,-255.0,1
1274237.0,-0.0434,-0.0524,-207.0304,-238.76,1
1274247.0,-0.0423,0.1887,-208.577,-118.25,1
1274257.0,-0.0423,-0.0971,-208.726,-255.0,1
1274266.0,-0.0423,-0.0971,-209.9798,-249.64,1
1274276.0,-0.0423,-0.0796,-212.1474,-248.98,1
1274287.0,-0.0434,-0.0916,-212.8102,-255.0,1
1274297.0,-0.0434,-0.0927,-213.3585,-246.95,1
1274307.0,-0.0423,0.1669,-214.9426,-189.92,1
1274316.0,-0.0423,0.1669,-216.253,-223.85,1
1274326.0,-0.0434,-0.048,-217.3371,-219.77,1
1274337.0,-0.0423,0.1538,-218.234,-122.47,1
1274347.0,-0.0434,-0.0687,-218.976,-255.0,1
1274357.0,-0.0434,-0.0894,-220.7202,-255.0,1
1274366.0,-0.0434,-0.0894,-222.1632,-255.0,1
1274376.0,-0.0445,0.0862,-222.2265,-255.0,1
1274387.0,-0.0445,-0.0535,-223.4093,-231.0,1
1274397.0,-0.0434,0.0873,-225.5184,-255.0,1
1274407.0,-0.0445,-0.1004,-227.2631,-255.0,1
1274416.0,-0.0445,-0.1004,-228.7065,-252.24,1
1274426.0,-0.0445,-0.0218,-229.9006,-255.0,1
1274437.0,-0.0456,-0.0436,-230.8884,-223.33,1
1274447.0,-0.0445,0.0676,-231.7056,-172.3,1
1274457.0,-0.0445,-0.0535,-232.3816,-240.02,1
1274467.0,-0.0445,-0.0535,-234.0714,-245.94,1
1274477.0,-0.0445,0.0011,-235.4693,-251.68,1
1274487.0,-0.0456,-0.1124,-236.6257,-255.0,1
1274497.0,-0.0456,0.0218,-238.7129,-206.48,1
1274508.0,-0.0445,0.0404,-239.3091,-255.0,1
1274517.0,-0.0456,0.0404,-239.8023,-179.97,1
1274527.0,-0.0456,-0.0949,-241.3408,-255.0,1
1274538.0,-0.0456,-0.0753,-242.6136,-255.0,1
1274548.0,-0.0456,-0.0011,-243.6665,-224.25,1
1274558.0,-0.0456,-0.0087,-244.5376,-255.0,1
1274567.0,-0.0467,-0.0087,-246.3887,-255.0,1
1274577.0,-0.0467,-0.1331,-247.92,-255.0,1
1274588.0,-0.0478,-0.1014,-248.0564,-255.0,1
1274598.0,-0.0489,-0.1047,-249.2997,-255.0,1
1274608.0,-0.0478,0.0676,-251.4587,-255.0,1
1274617.0,-0.0489,0.0676,-253.2449,-178.27,1
1274627.0,-0.0489,-0.1102,-253.5919,-255.0,1
1274638.0,-0.05,-0.0774,-253.8791,-255.0,1
1274648.0,-0.05,-0.0491,-255.2471,-239.56,1
1274658.0,-0.05,0.0065,-256.3789,-255.0,1
1274667.0,-0.0511,0.0065,-258.4457,-206.96,1
1274678.0,-0.0511,0.072,-260.1555,-186.92,1
1274688.0,-0.0521,-0.1069,-260.4394,-255.0,1
1274698.0,-0.0532,-0.1364,-261.8048,-255.0,1
1274708.0,-0.0532,-0.0109,-262.9344,-255.0,1
1274717.0,-0.0554,-0.1974,-263.8688,-255.0,1
1274728.0,-0.0554,-0.0109,-264.6419,-255.0,1
1274738.0,-0.0565,-0.168,-266.4119,-255.0,1
1274748.0,-0.0587,-0.1571,-267.8762,-255.0,1
1274758.0,-0.0598,-0.1102,-267.9571,-255.0,1
1274768.0,-0.062,-0.1102,-269.1545,-255.0,1
1274778.0,-0.062,-0.0698,-271.2755,-255.0,1
1274788.0,-0.0652,-0.264,-273.0303,-255.0,1
1274798.0,-0.0663,-0.1244,-273.3514,-255.0,1
1274808.0,-0.0674,-0.1865,-274.7475,-255.0,1
1274818.0,-0.0696,-0.1865,-275.9026,-255.0,1
1274828.0,-0.0718,-0.1963,-277.9886,-255.0,1
1274838.0,-0.074,-0.3033,-279.7142,-255.0,1
1274848.0,-0.0761,-0.1767,-280.0114,-255.0,1
1274859.0,-0.0794,-0.324,-281.3877,-255.0,1
1274868.0,-0.0816,-0.2487,-282.5262,-255.0,1
1274878.0,-0.0849,-0.372,-284.5986,-255.0,1
1274889.0,-0.0881,-0.3305,-286.3131,-255.0,1
1274899.0,-0.0925,-0.3578,-286.6009,-255.0,1
1274909.0,-0.0958,-0.4407,-287.9695,-255.0,1
1274918.0,-0.1001,-0.4156,-290.2322,-255.0,1
1274928.0,-0.1056,-0.5138,-290.9735,-255.0,1
1274939.0,-0.11,-0.4996,-291.5868,-255.0,1
1274949.0,-0.1165,-0.6294,-293.2247,-255.0,1
1274959.0,-0.122,-0.5978,-294.5797,-255.0,1
1274969.0,-0.1285,-0.7189,-295.7006,-255.0,1
1274979.0,-0.1361,-0.745,-296.6279,-255.0,1
1274989.0,-0.1449,-0.8748,-297.3951,-255.0,1
1274999.0,-0.1536,-0.8999,-299.1602,-255.0,1
1275009.0,-0.1634,-1.0177,-300.6205,-255.0,1
1275019.0,-0.1732,-1.0865,-301.8285,-255.0,1
1275029.0,-0.1852,-1.2065,-302.8279,-255.0,1
1275039.0,-0.1983,-1.3134,-303.6546,-255.0,1
1275049.0,-0.2114,-1.4083,-305.4691,-255.0,1
1275059.0,-0.2245,-1.3483,-306.9701,-255.0,1
1275069.0,-0.2376,-1.2697,-308.2119,-255.0,1
1275079.0,-0.2485,-1.1454,-309.2392,-255.0,1
1275089.0,-0.2572,-0.8901,-310.0891,-255.0,1
1275099.0,-0.2638,-0.684,-311.9226,-255.0,1
1275109.0,-0.267,-0.3862,-313.4395,-255.0,1
1275119.0,-0.2692,-0.1658,-314.6943,-255.0,1
1275129.0,-0.2681,0.1244,-315.7324,-255.0,1
1275139.0,-0.2638,0.3883,-316.5911,-255.0,1
1275149.0,-0.2594,0.4571,-318.4321,-255.0,1
1275160.0,-0.2518,0.7745,-319.955,-255.0,1
1275169.0,-0.2452,0.7199,-321.2149,-255.0,1
1275180.0,-0.2365,0.8825,-322.2572,-255.0,1
1275190.0,-0.2289,0.8236,-323.1195,-255.0,1
1275200.0,-0.2201,0.877,-324.9633,-255.0,1
1275210.0,-0.2125,0.709,-326.4886,-255.0,1
1275220.0,-0.2059,0.7134,-326.62,-255.0,1
1275230.0,-0.2016,0.4331,-327.8592,-255.0,1
1275240.0,-0.1983,0.408,-328.8843,-255.0,1
1275250.0,-0.1983,0.0022,-329.7324,-255.0,1
1275260.0,-0.1994,-0.1091,-331.5645,-255.0,1
1275270.0,-0.2016,-0.2247,-333.0801,-255.0,1
1275280.0,-0.2038,-0.2913,-333.2035,-255.0,1
1275290.0,-0.2092,-0.5487,-334.436,-255.0,1
1275300.0,-0.2136,-0.4222,-335.4557,-255.0,1
1275310.0,-0.219,-0.589,-336.2992,-255.0,1
1275320.0,-0.2234,-0.4298,-338.1275,-255.0,1
1275330.0,-0.2278,-0.5138,-339.64,-255.0,1
1275340.0,-0.2321,-0.3763,-340.8913,-255.0,1
1275350.0,-0.2354,-0.3774,-340.796,-255.0,1
1275360.0,-0.2387,-0.2662,-341.8476,-255.0,1
1275370.0,-0.2398,-0.1178,-342.7175,-255.0,1
1275380.0,-0.2398,-0.0753,-344.5677,-255.0,1
1275390.0,-0.2387,0.1724,-346.0984,-255.0,1
1275400.0,-0.2376,0.1113,-346.2341,-255.0,1
1275410.0,-0.2343,0.3611,-347.4769,-255.0,1
1275420.0,-0.231,0.2803,-348.505,-255.0,1
1275430.0,-0.2278,0.3949,-350.4861,-255.0,1
1275440.0,-0.2234,0.3436,-352.1249,-255.0,1
1275450.0,-0.2212,0.3153,-352.3502,-255.0,1
1275460.0,-0.2169,0.3589,-352.5366,-255.0,1
1275471.0,-0.2158,0.1691,-353.8212,-255.0,1
1275481.0,-0.2136,0.2563,-354.884,-255.0,1
1275491.0,-0.2125,0.0491,-355.7632,-255.0,1
1275501.0,-0.2114,0.096,-357.6211,-255.0,1
1275511.0,-0.2114,-0.0098,-359.1581,-255.0,1
1275521.0,-0.2125,-0.0611,-360.4295,-255.0,1
1275531.0,-0.2125,-0.0567,-361.4814,-255.0,1
1275541.0,-0.2147,-0.2225,-362.3516,-255.0,1
1275551.0,-0.2158,-0.0884,-363.0715,-255.0,1
1275561.0,-0.219,-0.2858,-363.667,-255.0,1
1275571.0,-0.2201,-0.1691,-364.1597,-255.0,1
1275581.0,-0.2223,-0.204,-364.5672,-255.0,1
1275591.0,-0.2245,-0.228,-366.0349,-255.0,1
1275601.0,-0.2256,-0.1113,-367.249,-255.0,1
1275611.0,-0.2278,-0.204,-368.2534,-255.0,1
1275621.0,-0.2278,0.0087,-370.2149,-255.0,1
1275631.0,-0.2289,-0.0851,-370.707,-255.0,1
1275641.0,-0.2289,0.0065,-371.1141,-255.0,1
1275651.0,-0.2278,0.0971,-372.5815,-255.0,1
1275661.0,-0.2278,-0.0011,-373.7953,-255.0,1
1275671.0,-0.2256,0.2051,-374.7995,-255.0,1
1275681.0,-0.2245,0.0622,-375.6303,-255.0,1
1275692.0,-0.2234,0.1527,-376.3175,-255.0,1
1275702.0,-0.2223,0.1549,-376.8861,-255.0,1
1275712.0,-0.2212,0.048,-377.3564,-255.0,1
1275722.0,-0.2201,0.1811,-378.876,-255.0,1
1275732.0,-0.2201,-0.0011,-380.1331,-255.0,1
1275742.0,-0.219,0.0545,-381.1732,-255.0,1
1275752.0,-0.219,0.0567,-382.0335,-255.0,1
1275762.0,-0.219,-0.0764,-382.7453,-255.0,1
1275772.0,-0.219,0.0436,-384.4645,-255.0,1
1275782.0,-0.2201,-0.0764,-384.7564,-255.0,1
1275792.0,-0.2201,-0.0731,-384.9978,-255.0,1
1275802.0,-0.2201,-0.0175,-386.3281,-255.0,1
1275812.0,-0.2223,-0.1571,-387.4285,-255.0,1
1275822.0,-0.2223,-0.0273,-388.3389,-255.0,1
1275832.0,-0.2234,-0.084,-389.092,-255.0,1
1275842.0,-0.2245,-0.1265,-389.715,-255.0,1
1275852.0,-0.2245,0.0229,-391.361,-255.0,1
1275862.0,-0.2256,-0.1058,-392.7226,-255.0,1
1275872.0,-0.2256,-0.0164,-393.849,-255.0,1
1275883.0,-0.2245,0.0807,-394.7809,-255.0,1
1275892.0,-0.2245,-0.0098,-394.4213,-255.0,1
1275903.0,-0.2223,0.1854,-395.2543,-255.0,1
1275913.0,-0.2212,0.1647,-397.074,-255.0,1
1275923.0,-0.2201,0.1691,-397.4488,-255.0,1
1275933.0,-0.2158,0.3447,-397.7589,-255.0,1
1275943.0,-0.2136,0.2891,-399.1459,-255.0,1
1275953.0,-0.2103,0.3229,-400.2934,-255.0,1
1275963.0,-0.2059,0.4178,-401.2426,-255.0,1
1275973.0,-0.2038,0.2814,-402.028,-255.0,1
1275983.0,-0.2005,0.3327,-402.6776,-255.0,1
1275993.0,-0.1983,0.2585,-404.3455,-255.0,1
1276004.0,-0.1972,0.1069,-404.5948,-255.0,1
1276013.0,-0.195,0.1484,-404.8011,-255.0,1
1276023.0,-0.1939,0.1724,-406.1023,-255.0,1
1276033.0,-0.1929,0.1178,-407.1787,-255.0,1
1276044.0,-0.1896,0.3403,-408.0692,-255.0,1
1276054.0,-0.1852,0.3643,-408.8058,-255.0,1
1276063.0,-0.182,0.3982,-409.4153,-255.0,1
1276073.0,-0.1754,0.6043,-409.9194,-255.0,1
1276084.0,-0.171,0.54,-411.467,-255.0,1
1276094.0,-0.1656,0.5301,-411.6168,-255.0,1
1276104.0,-0.159,0.6785,-412.8712,-255.0,1
1276113.0,-0.1536,0.5356,-415.0394,-255.0,1
1276123.0,-0.147,0.6818,-414.5721,-208.11,1
1276134.0,-0.1405,0.6818,-415.316,-212.95,1
1276144.0,-0.134,0.637,-417.062,-234.35,1
1276155.0,-0.1263,0.7887,-416.2453,-147.42,1
1276164.0,-0.1198,0.672,-416.7002,-255.0,1
1276174.0,-0.1143,0.6523,-418.2071,-119.86,1
1276185.0,-0.1078,0.6523,-418.3232,-255.0,1
1276195.0,-0.1023,0.5487,-419.5497,-255.0,1
1276205.0,-0.098,0.4691,-420.5643,-103.15,1
1276214.0,-0.0936,0.4854,-420.2732,-250.91,1
1276224.0,-0.0892,0.36,-420.0324,-165.62,1
1276235.0,-0.086,0.3414,-419.8332,-255.0,1
1276245.0,-0.0827,0.3174,-420.7989,-174.42,1
1276255.0,-0.0816,0.1614,-421.5977,-255.0,1
1276264.0,-0.0794,0.18,-422.2586,-207.62,1
1276274.0,-0.0772,0.2411,-422.8054,-196.08,1
1276285.0,-0.0772,0.0764,-422.1272,-255.0,1
1276295.0,-0.0761,0.0382,-422.6966,-255.0,1
1276305.0,-0.075,0.1113,-423.1677,-255.0,1
1276314.0,-0.0761,-0.048,-423.5574,-255.0,1
1276324.0,-0.0761,0.0229,-423.8799,-255.0,1
1276336.0,-0.0761,-0.0404,-424.1466,-255.0,1
1276346.0,-0.0772,-0.1134,-424.3672,-255.0,1
1276356.0,-0.0783,-0.1091,-424.5498,-255.0,1
1276364.0,-0.0794,-0.0774,-425.8313,-255.0,1
1276375.0,-0.0794,-0.084,-426.8914,-255.0,1
1276386.0,-0.0805,-0.0644,-427.7685,-255.0,1
1276396.0,-0.0805,-0.0196,-428.494,-255.0,1
1276406.0,-0.0805,0.0305,-427.9638,-255.0,1
1276415.0,-0.0805,-0.0207,-428.6556,-255.0,1
1276425.0,-0.0794,0.1124,-430.3584,-255.0,1
1276436.0,-0.0783,0.096,-430.6366,-255.0,1
1276446.0,-0.0783,-0.0011,-431.9973,-255.0,1
1276457.0,-0.0772,0.0993,-433.1229,-255.0,1
1276465.0,-0.0761,0.0982,-432.9236,-255.0,1
1276475.0,-0.0761,-0.0076,-432.7587,-255.0,1
1276487.0,-0.0761,0.072,-433.7528,-255.0,1
1276497.0,-0.075,0.0742,-434.5752,-255.0,1
1276507.0,-0.075,0.0109,-435.2556,-255.0,1
1276515.0,-0.075,0.0404,-436.9489,-255.0,1
1276525.0,-0.074,0.0698,-437.2192,-255.0,1
1276537.0,-0.074,0.048,-437.4429,-255.0,1
1276547.0,-0.074,-0.0022,-438.7584,-255.0,1
1276557.0,-0.0729,0.0567,-439.8467,-255.0,1
1276565.0,-0.0729,0.0425,-439.6165,-255.0,1
1276575.0,-0.0729,-0.0611,-439.4261,-255.0,1
1276587.0,-0.0729,0.0316,-441.5296,-255.0,1
1276597.0,-0.0729,0.0098,-442.1392,-255.0,1
1276607.0,-0.074,-0.072,-441.513,-255.0,1
1276615.0,-0.074,-0.0207,-443.256,-255.0,1
1276625.0,-0.074,-0.0065,-444.698,-255.0,1
1276637.0,-0.074,-0.0076,-444.7603,-255.0,1
1276647.0,-0.075,-0.0949,-444.8119,-255.0,1
1276658.0,-0.075,-0.0011,-445.9851,-255.0,1
1276666.0,-0.074,0.0131,-446.9556,-255.0,1
1276676.0,-0.0761,-0.1178,-446.628,-255.0,1
1276688.0,-0.0761,-0.0316,-447.4875,-255.0,1
1276698.0,-0.0761,-0.0207,-449.329,-255.0,1
1276708.0,-0.0761,-0.0371,-449.722,-255.0,1
1276716.0,-0.0772,-0.1058,-450.047,-255.0,1
1276726.0,-0.0772,0.0131,-451.4464,-255.0,1
1276738.0,-0.0772,0.0524,-451.4737,-255.0,1
1276748.0,-0.0772,-0.06,-451.4962,-255.0,1
1276758.0,-0.0772,0.0305,-452.6453,-255.0,1
1276766.0,-0.0772,0.0436,-453.5959,-255.0,1
1276776.0,-0.0761,0.0545,-454.3823,-255.0,1
1276788.0,-0.0761,-0.048,-455.0329,-255.0,1
1276798.0,-0.0761,0.0633,-455.5711,-255.0,1
1276808.0,-0.075,0.1113,-456.0164,-255.0,1
1276816.0,-0.075,-0.0109,-456.3847,-255.0,1
1276826.0,-0.075,0.0273,-457.8199,-255.0,1
1276839.0,-0.074,0.0622,-459.0073,-255.0,1
1276849.0,-0.0729,0.0873,-458.859,-255.0,1
1276859.0,-0.074,-0.0611,-458.7364,-255.0,1
1276866.0,-0.074,0.0404,-459.7654,-255.0,1
1276876.0,-0.0729,0.0622,-460.6167,-255.0,1
1276889.0,-0.0718,0.0785,-461.321,-255.0,1
1276899.0,-0.0729,-0.0535,-461.9035,-255.0,1
1276909.0,-0.0718,0.0709,-462.3855,-255.0,1
1276916.0,-0.0707,0.0905,-463.9147,-255.0,1
1276927.0,-0.0707,0.0153,-464.0493,-255.0,1
1276939.0,-0.0718,-0.0382,-464.1606,-255.0,1
1276949.0,-0.0707,0.0415,-465.3832,-255.0,1
1276959.0,-0.0707,0.0633,-466.3947,-255.0,1
1276967.0,-0.0707,-0.0698,-466.1009,-255.0,1
1276977.0,-0.0718,-0.0513,-465.8578,-255.0,1
1276989.0,-0.0718,-0.0087,-466.7873,-255.0,1
1276999.0,-0.0707,0.0644,-467.5562,-252.83,1
1277009.0,-0.0718,-0.096,-468.1923,-255.0,1
1277017.0,-0.0718,-0.0262,-468.7185,-255.0,1
1277027.0,-0.0718,0.0251,-469.1539,-255.0,1
1277039.0,-0.0718,0.0338,-470.6445,-255.0,1
1277373.8095238095,-0.06894285714285714,0.031566666666666666,-905.7851714285714,-230.71428571428572,1
1278011.5419501134,-0.06350068027210884,0.027312698412698413,-1734.6245455782312,-184.45578231292518,1
1278877.03595724,-0.05611486880466472,0.021539455782312925,-2859.477981924198,-121.67638483965015,1
1279866.1719653849,-0.04767394141330002,0.014941464204729513,-4145.024766319589,-49.928502013050135,1
1280867.083402198,-0.039132526791085726,0.008264925108365344,-5445.875679100639,22.67352227577132,1
1281782.2024301414,-0.03132323342220409,0.0021606607916895317,-6635.225085071885,89.05251591126522,1
1282544.8016200943,-0.02481548894813606,-0.0029262261388736457,-7626.349590047923,144.3683439408435,1
1283125.8295743442,-0.01985720744408423,-0.006801949514540828,-8381.492070029666,186.51373672528405,1
1283530.4740424824,-0.0164041185394767,-0.009501114008309044,-8907.39486858838,215.864992414448,1
1283787.3911651098,-0.014211681139725891,-0.011214869242447596,-9241.301407355819,234.50071031232991,1
1283935.424364338,-0.012948419590345662,-0.012202318686879808,-9433.695174931341,245.23843348206185,1
1284012.3247275734,-0.012292179824433855,-0.012715279437234203,-9533.63998925629,250.81647149231222,1
1284048.028467647,-0.0119874970759748,-0.01295343978561303,-9580.0429387643,253.4062748542142,1
1284062.6761558824,-0.011862499025324933,-0.013051146595204344,-9599.080046254767,254.46875828473807,1
1284067.9074731092,-0.011817856864378553,-0.0130860418843441,-9605.879013215646,254.8482166527823,1
1284069.5017793118,-0.011804251634375845,-0.013096676639129548,-9607.951079337057,254.96386110780531,1
1284069.9051008213,-0.011800809835119209,-0.013099366978881819,-9608.475262730868,254.99311640148673,1
1284069.9864429745,-0.011800115690731316,-0.013099909568411689,-9608.580980390123,254.9990166287838,1
1284069.9987088547,-0.011800011018164887,-0.01309999138746778,-9608.596921941917,254.99990634559845,1
1284069.9999385169,-0.011800000524674519,-0.013099999589879419,-9608.598520092472,254.99999554026658,1
1284070.0,-0.0118,-0.0131,-9608.5986,255.0,1
1284080.0,-0.0118,-0.012,-17126.3438,255.0,1
1284090.0,-0.0118,-0.0305,-14168.1436,255.0,1
1284101.0,-0.0118,-0.0327,-11720.9072,255.0,1
1284111.0,-0.014,-0.1178,-9695.2471,-255.0,1
1284121.0,-0.014,-0.0938,-8019.4756,-255.0,1
1284131.0,-0.0161,-0.1353,-6633.1562,-255.0,1
1284141.0,-0.0172,-0.1625,-5486.2935,-255.0,1
1284151.0,-0.0172,0.036,-4538.6562,-255.0,1
1284162.0,-0.0161,0.0305,-3754.7031,-255.0,1
1284171.0,-0.0172,-0.0109,-3106.1604,-255.0,1
1284181.0,-0.0161,0.1091,-2569.6394,255.0,1
1284191.0,-0.014,0.192,-2125.7905,255.0,1
1284202.0,-0.0118,0.1909,-1759.7374,255.0,1
1284212.0,-0.0096,0.2007,-1456.912,255.0,1
1284222.0,-0.0096,0.0862,-1205.2623,255.0,1
1284231.0,-0.0085,0.0622,-997.0798,255.0,1
1284241.0,-0.0074,0.1254,-824.8561,255.0,1
1284252.0,-0.0074,-0.0447,-681.2498,-255.0,1
1284262.0,-0.0085,-0.1036,-562.4484,-255.0,1
1284272.0,-0.0096,-0.1091,-464.1672,-215.79,1
1284281.0,-0.0118,-0.156,-382.862,-228.92,1
1284291.0,-0.0118,-0.0567,-316.731,-168.31,1
1284302.0,-0.0118,-0.0055,-262.0227,-121.65,1
1284312.0,-0.0129,-0.0458,-216.764,-130.52,1
1284322.0,-0.0118,0.0698,-179.3228,-64.58,1
1284332.0,-0.0107,0.072,-148.3487,-64.0,1
1284342.0,-0.0107,0.0436,-122.7247,-71.35,1
1284353.0,-0.0096,0.0862,-101.5267,57.31,1
1284362.0,-0.0096,0.0567,-83.9902,-56.34,1
1284373.0,-0.0085,0.0436,-69.4827,-63.18,1
1284382.0,-0.0085,0.0535,-57.4811,-57.14,1
1284392.0,-0.0074,0.0393,-47.5525,-52.68,1
1284403.0,-0.0074,0.0284,-40.4694,-58.31,1
1284413.0,-0.0074,0.0393,-34.6097,-53.0,1
1284422.0,-0.0074,0.0262,-28.6316,-64.83,1
1284432.0,-0.0063,0.0393,-23.6861,-48.03,1
1284442.0,-0.0063,0.0567,-19.5949,48.53,1
1284454.0,-0.0052,0.0491,-16.2103,48.57,1
1284463.0,-0.0052,0.0535,-13.4103,50.35,1
1284473.0,-0.0041,0.0545,-11.094,58.08,1
1284482.0,-0.0041,0.0207,-9.1777,-49.52,1
1284492.0,-0.0041,0.0371,-8.723,45.46,1
1284504.0,-0.0041,0.0164,-8.3468,-51.73,1
1284514.0,-0.0041,-0.0044,-6.9051,-62.05,1
1284524.0,-0.0041,-0.0087,-5.7124,-66.29,1
1284532.0,-0.0041,-0.0327,-4.7257,-84.26,1
1284542.0,-0.0041,-0.0458,-3.9094,-81.34,1
1284554.0,-0.0052,-0.0284,-3.2342,-77.22,1
1284564.0,-0.0052,-0.06,-2.6755,-93.24,1
1284574.0,-0.0063,-0.0578,-2.2134,-96.67,1
1284583.0,-0.0063,-0.0393,-2.9616,-90.71,1
1284593.0,-0.0063,-0.0578,-3.5805,-97.62,1
1284604.0,-0.0074,-0.0436,-2.9621,-93.85,1
1284614.0,-0.0074,-0.0513,-2.4504,-99.91,1
1284624.0,-0.0085,-0.0578,-2.0272,-105.28,1
1284633.0,-0.0085,-0.0535,-1.677,-103.25,1
1284643.0,-0.0096,-0.0535,-2.5179,-107.78,1
1284653.0,-0.0096,-0.06,-3.2135,-113.28,1
1284664.0,-0.0107,-0.0644,-2.6584,-121.71,1
1284674.0,-0.0118,-0.0807,-2.1992,-129.61,1
1284683.0,-0.0118,-0.096,-2.9499,-142.73,1
1284693.0,-0.0129,-0.0894,-3.5708,-142.28,1
1284704.0,-0.014,-0.1014,-2.9541,-148.15,1
1284714.0,-0.0151,-0.1069,-3.5743,-155.6,1
1284724.0,-0.0161,-0.0938,-4.0874,-153.71,1
1284733.0,-0.0172,-0.1134,-3.3814,-170.17,1
1284743.0,-0.0183,-0.1091,-3.9279,-175.42,1
1284753.0,-0.0194,-0.1102,-4.3799,-177.75,1
1284765.0,-0.0205,-0.1265,-4.7539,-187.05,1
1284775.0,-0.0216,-0.1254,-5.0632,-194.35,1
1284783.0,-0.0227,-0.1233,-5.3192,-194.34,1
1284793.0,-0.0238,-0.1254,-6.6614,-200.15,1
1284804.0,-0.0249,-0.108,-7.7718,-196.08,1
1284815.0,-0.026,-0.084,-8.6904,-193.91,1
1284825.0,-0.0271,-0.0993,-9.4503,-202.26,1
1284834.0,-0.0281,-0.072,-10.079,-193.01,1
1284844.0,-0.0281,-0.0524,-10.5991,-181.11,1
1284855.0,-0.0292,-0.0567,-12.1598,-188.0,1
1284866.0,-0.0292,-0.0338,-13.451,-194.64,1
1284876.0,-0.0292,-0.0327,-13.3886,-174.1,1
1284884.0,-0.0303,-0.0371,-14.4675,-188.65,1
1284894.0,-0.0303,-0.0284,-15.3601,-182.8,1
1284906.0,-0.0303,-0.0109,-16.0985,-167.58,1
1284917.0,-0.0303,-0.0469,-17.8398,-197.84,1
1284927.0,-0.0303,-0.0087,-19.2804,-173.61,1
1284934.0,-0.0303,-0.0033,-20.4722,-167.55,1
1284944.0,-0.0314,-0.06,-21.458,-198.45,1
1284957.0,-0.0314,0.0,-22.2736,-168.94,1
1284966.0,-0.0314,0.0022,-22.9484,-183.97,1
1284977.0,-0.0325,-0.0698,-24.6371,-204.81,1
1284984.0,-0.0325,0.0098,-26.0341,-166.0,1
1284997.0,-0.0325,-0.0196,-26.0593,-184.62,1
1285007.0,-0.0325,-0.0633,-27.2106,-203.54,1
1285017.0,-0.0325,0.0109,-28.1631,-173.35,1
1285027.0,-0.0325,-0.0273,-28.951,-198.38,1
1285034.0,-0.0336,-0.0829,-29.6029,-216.89,1
1285046.0,-0.0336,0.0196,-30.1422,-166.41,1
1285057.0,-0.0336,-0.0262,-31.7188,-202.57,1
1285067.0,-0.0347,-0.0458,-31.8926,-203.02,1
1285077.0,-0.0336,0.0131,-33.1668,-177.33,1
1285084.0,-0.0336,-0.0076,-34.221,-198.87,1
1285094.0,-0.0347,-0.0415,-35.0931,-199.49,1
1285107.0,-0.0347,0.0371,-36.945,-176.01,1
1285117.0,-0.0347,0.0022,-37.3466,-183.99,1
1285127.0,-0.0347,-0.0382,-38.8093,-198.18,1
1285135.0,-0.0336,0.0513,-40.0194,-169.02,1
1285147.0,-0.0336,-0.0087,-41.0204,-191.09,1
1285158.0,-0.0347,-0.0316,-41.8486,-193.87,1
1285168.0,-0.0336,0.0382,-42.5337,-173.7,1
1285178.0,-0.0347,-0.0262,-44.2309,-191.17,1
1285185.0,-0.0347,-0.0284,-44.5045,-193.56,1
1285198.0,-0.0347,0.0164,-44.7309,-184.81,1
1285207.0,-0.0347,-0.0447,-46.0486,-202.0,1
1285217.0,-0.0347,-0.0164,-47.1387,-200.4,1
1285227.0,-0.0347,0.0131,-48.0406,-179.75,1
1285235.0,-0.0347,-0.0404,-48.7866,-204.53,1
1285245.0,-0.0358,-0.0382,-50.5343,-204.08,1
1285258.0,-0.0358,0.0196,-51.9802,-187.63,1
1285268.0,-0.0358,-0.0545,-52.0457,-212.35,1
1285278.0,-0.0358,-0.0131,-53.2305,-197.79,1
1285285.0,-0.0358,0.0011,-55.3411,-188.71,1
1285295.0,-0.0369,-0.0502,-55.9567,-226.35,1
1285308.0,-0.0369,-0.0153,-56.4659,-197.7,1
1285318.0,-0.0369,0.0218,-58.0177,-211.45,1
1285328.0,-0.0369,-0.0415,-59.3014,-211.33,1
1285335.0,-0.0369,0.0044,-60.3634,-186.27,1
1285345.0,-0.0369,0.0524,-61.242,-207.47,1
1285358.0,-0.0369,-0.0142,-61.9688,-191.87,1
1285368.0,-0.0358,0.036,-63.7006,-164.44,1
1285378.0,-0.0358,0.0218,-65.1332,-189.91,1
1285385.0,-0.0358,0.0033,-66.3184,-181.49,1
1285395.0,-0.0358,0.0327,-67.2989,-168.26,1
1285408.0,-0.0358,-0.0044,-68.11,-203.71,1
1285418.0,-0.0358,0.0076,-68.781,-180.87,1
1285428.0,-0.0358,0.0349,-69.3362,-169.47,1
1285436.0,-0.0358,-0.0218,-70.9259,-211.29,1
1285446.0,-0.0358,-0.0196,-71.1105,-195.55,1
1285459.0,-0.0358,0.0,-71.2633,-200.34,1
1285469.0,-0.0369,-0.0698,-72.5201,-231.33,1
1285479.0,-0.0369,-0.048,-73.5599,-215.41,1
1285486.0,-0.0369,-0.012,-74.4201,-199.33,1
1285496.0,-0.038,-0.0654,-75.1317,-239.37,1
1285509.0,-0.038,-0.0196,-76.8508,-205.4,1
1285519.0,-0.038,0.0218,-78.2731,-185.6,1
1285529.0,-0.038,-0.0524,-79.4497,-223.44,1
1285536.0,-0.038,0.0284,-81.5535,-183.75,1
1285546.0,-0.038,0.036,-83.294,-226.56,1
1285559.0,-0.038,-0.0305,-83.6033,-207.98,1
1285569.0,-0.038,-0.0044,-83.8592,-197.46,1
1285579.0,-0.038,0.0295,-85.2014,-190.09,1
1285586.0,-0.038,-0.0065,-86.3118,-198.48,1
1285596.0,-0.0369,0.0382,-88.3608,-187.6,1
1285609.0,-0.0369,0.0175,-90.056,-182.3,1
1285619.0,-0.0369,-0.0164,-90.3278,-205.53,1
1285629.0,-0.0369,0.0273,-90.5527,-180.75,1
1285636.0,-0.0369,-0.0164,-91.8693,-231.47,1
1285649.0,-0.0369,-0.0153,-92.9584,-199.4,1
1285659.0,-0.0369,0.0207,-93.8594,-180.47,1
1285669.0,-0.0369,-0.012,-95.7353,-216.98,1
1285679.0,-0.0369,-0.0185,-97.2872,-199.93,1
1285686.0,-0.0369,0.0011,-97.4405,-191.38,1
1285696.0,-0.038,-0.0284,-97.5673,-238.71,1
1285709.0,-0.038,-0.0175,-98.8027,-203.29,1
1285720.0,-0.0369,0.0273,-99.8248,-191.62,1
1285729.0,-0.038,-0.0371,-101.8008,-226.54,1
1285736.0,-0.038,-0.0251,-103.4355,-207.66,1
1285747.0,-0.038,0.0545,-103.6573,-205.85,1
1285759.0,-0.038,-0.0316,-104.9713,-215.89,1
1285770.0,-0.038,-0.0349,-106.0584,-229.98,1
1285780.0,-0.038,0.0185,-106.9576,-183.62,1
1285787.0,-0.038,0.0022,-108.8321,-203.2,1
1285797.0,-0.038,0.0033,-109.2523,-193.48,1
1285810.0,-0.038,0.0087,-109.5999,-197.44,1
1285820.0,-0.038,-0.0175,-111.018,-205.85,1
1285830.0,-0.038,-0.0262,-112.1911,-224.97,1
1285837.0,-0.038,0.0393,-113.1616,-177.74,1
1285847.0,-0.038,0.0022,-115.095,-199.57,1
1285860.0,-0.038,-0.0316,-116.6944,-215.06,1
1285870.0,-0.038,-0.0196,-116.887,-209.81,1
1285880.0,-0.0391,-0.0404,-117.0464,-234.55,1
1285887.0,-0.0391,-0.0447,-118.3088,-240.24,1
1285897.0,-0.0391,-0.0087,-119.3531,-212.75,1
1285910.0,-0.0401,-0.0338,-120.217,-228.85,1
1285920.0,-0.0401,-0.0545,-122.0622,-243.83,1
1285930.0,-0.0401,-0.0251,-123.5887,-254.02,1
1285937.0,-0.0401,-0.0196,-124.8515,-216.36,1
1285947.0,-0.0412,-0.0327,-125.8962,-229.7,1
1285960.0,-0.0412,0.0164,-126.7604,-202.99,1
1285970.0,-0.0401,0.0273,-127.4754,-194.37,1
1285980.0,-0.0412,-0.0262,-128.0669,-226.42,1
1285987.0,-0.0412,-0.0273,-129.6867,-235.17,1
1285997.0,-0.0412,0.0284,-132.1572,-199.84,1
1286010.0,-0.0401,0.0284,-133.0705,-221.35,1
1286020.0,-0.0401,0.012,-133.826,-223.65,1
1286030.0,-0.0401,0.0153,-135.5816,-199.38,1
1286037.0,-0.0401,0.0022,-137.0339,-242.99,1
1286047.0,-0.0401,-0.024,-138.2354,-215.85,1
1286061.0,-0.0401,0.06,-139.2293,-179.03,1
1286071.0,-0.0391,0.0393,-140.0515,-236.5,1
1286081.0,-0.0401,-0.06,-140.7318,-231.36,1
1286088.0,-0.0401,-0.0447,-142.425,-226.37,1
1286098.0,-0.0401,0.0796,-143.8258,-166.31,1
1286111.0,-0.0391,0.0578,-144.9846,-202.83,1
1286121.0,-0.0391,0.0065,-145.9432,-210.36,1
1286131.0,-0.0401,-0.072,-146.7363,-241.6,1
1286138.0,-0.0401,-0.0349,-147.3924,-224.88,1
1286148.0,-0.0391,0.084,-147.9351,-165.67,1
1286161.0,-0.0391,0.0295,-149.5146,-230.45,1
1286171.0,-0.0401,-0.0556,-150.8214,-233.37,1
1286181.0,-0.0412,-0.1124,-151.9023,-255.0,1
1286188.0,-0.0401,0.0545,-152.7966,-181.81,1
1286198.0,-0.0401,0.0076,-154.6669,-251.66,1
1286211.0,-0.0401,-0.0196,-156.2141,-226.89,1
1286221.0,-0.0412,-0.1331,-156.3636,-255.0,1
1286231.0,-0.0423,-0.0175,-157.6178,-225.46,1
1286238.0,-0.0423,-0.0065,-158.6554,-255.0,1
1286248.0,-0.0412,0.0229,-159.5137,-202.35,1
1286261.0,-0.0434,-0.1353,-161.3543,-255.0,1
1286271.0,-0.0434,-0.0098,-162.8769,-225.19,1
1286281.0,-0.0423,0.0415,-164.1366,-253.65,1
1286288.0,-0.0423,0.0338,-165.1786,-194.91,1
1286298.0,-0.0434,-0.1451,-166.0407,-255.0,1
1286311.0,-0.0434,0.0371,-167.8844,-202.14,1
1286321.0,-0.0423,0.0611,-169.4096,-251.63,1
1286331.0,-0.0423,-0.0087,-169.5409,-215.61,1
1286338.0,-0.0434,-0.0611,-170.78,-249.15,1
1286348.0,-0.0423,0.0938,-172.9356,-244.21,1
1286361.0,-0.0423,0.0327,-174.7188,-192.52,1
1286371.0,-0.0423,-0.0469,-176.1941,-235.95,1
1286382.0,-0.0423,0.0196,-177.4145,-205.58,1
1286389.0,-0.0423,0.0371,-178.4241,-208.6,1
1286399.0,-0.0412,0.0207,-179.2593,-203.6,1
1286412.0,-0.0423,-0.0567,-179.9503,-248.44,1
1286422.0,-0.0412,0.0622,-181.6524,-243.75,1
1286432.0,-0.0412,-0.0109,-183.0605,-216.25,1
1286439.0,-0.0423,-0.0327,-184.2254,-234.05,1
1286449.0,-0.0423,0.0033,-185.1891,-255.0,1
1286462.0,-0.0423,-0.0142,-185.9863,-222.72,1
1286472.0,-0.0423,-0.012,-187.7763,-235.73,1
1286482.0,-0.0423,-0.0273,-189.2571,-237.62,1
1286489.0,-0.0423,0.0098,-190.4822,-215.12,1
1286499.0,-0.0423,0.0033,-191.4956,-248.39,1
1286512.0,-0.0423,-0.0207,-192.3341,-229.74,1
1286522.0,-0.0423,0.0404,-194.1582,-219.0,1
1286532.0,-0.0423,-0.0185,-195.6672,-255.0,1
1286539.0,-0.0423,-0.0044,-195.785,-219.41,1
1286549.0,-0.0423,0.0774,-197.013,-214.47,1
1286562.0,-0.0423,-0.0371,-199.1594,-245.29,1
1286572.0,-0.0423,-0.0415,-200.9351,-239.38,1
1286582.0,-0.0423,0.0774,-201.2735,-214.59,1
1286589.0,-0.0423,-0.024,-201.5535,-230.28,1
1286599.0,-0.0434,-0.0862,-202.9157,-255.0,1
1286612.0,-0.0423,0.0862,-204.0425,-255.0,1
1286622.0,-0.0423,0.012,-204.9747,-207.45,1
1286633.0,-0.0434,-0.1287,-206.8764,-255.0,1
1286639.0,-0.0423,0.0447,-208.4496,-255.0,1
1286649.0,-0.0423,0.0382,-209.7511,-191.18,1
1286662.0,-0.0434,-0.0884,-211.9583,-255.0,1
1286673.0,-0.0434,0.0185,-212.6537,-255.0,1
1286683.0,-0.0423,0.0338,-213.229,-189.82,1
1286689.0,-0.0434,-0.0862,-214.8355,-255.0,1
1286699.0,-0.0434,0.0196,-216.1645,-255.0,1
1286713.0,-0.0434,0.0098,-217.2639,-208.3,1
1286723.0,-0.0445,-0.0818,-218.1734,-255.0,1
1286733.0,-0.0445,0.024,-218.9258,-225.55,1
1286740.0,-0.0445,-0.0305,-220.6788,-242.93,1
1286750.0,-0.0445,-0.0633,-222.129,-255.0,1
1286763.0,-0.0445,0.0513,-223.3287,-255.0,1
1286773.0,-0.0445,-0.0491,-224.3211,-238.25,1
1286783.0,-0.0456,-0.0687,-225.1421,-255.0,1
1286790.0,-0.0445,0.0622,-226.9519,-234.31,1
1286800.0,-0.0456,-0.072,-228.449,-246.54,1
1286813.0,-0.0456,-0.0251,-229.6875,-255.0,1
1286823.0,-0.0456,0.0578,-230.7121,-172.97,1
1286833.0,-0.0456,-0.0742,-232.6903,-248.24,1
1286841.0,-0.0456,0.0218,-234.3268,-255.0,1
1286853.0,-0.0456,-0.0011,-235.6806,-202.05,1
1286863.0,-0.0467,-0.0535,-236.8005,-255.0,1
1286873.0,-0.0467,0.0065,-236.5965,-255.0,1
1286883.0,-0.0467,-0.0829,-238.6888,-255.0,1
1286890.0,-0.0467,0.0262,-240.4196,-255.0,1
1286900.0,-0.0467,-0.0316,-240.721,-219.31,1
1286913.0,-0.0489,-0.1374,-242.1008,-255.0,1
1286923.0,-0.0478,0.0676,-243.2423,-192.17,1
1286933.0,-0.0489,-0.0524,-245.3171,-255.0,1
1286940.0,-0.05,-0.108,-247.0336,-255.0,1
1286950.0,-0.05,-0.0065,-247.323,-235.05,1
1286963.0,-0.05,-0.0829,-247.5625,-255.0,1
1286973.0,-0.05,-0.0142,-248.8911,-255.0,1
1286983.0,-0.0511,-0.1134,-251.1207,-255.0,1
1286991.0,-0.0532,-0.1342,-251.8347,-255.0,1
1287003.0,-0.0532,-0.0033,-252.4254,-255.0,1
1287013.0,-0.0543,-0.1658,-254.0445,-255.0,1
1287023.0,-0.0554,-0.0556,-255.384,-255.0,1
1287034.0,-0.0554,-0.0818,-256.4921,-255.0,1
1287040.0,-0.0576,-0.1833,-257.4088,-255.0,1
1287050.0,-0.0576,-0.0022,-259.2977,-247.25,1
1287063.0,-0.0598,-0.1909,-260.8603,-255.0,1
1287074.0,-0.0598,-0.0829,-262.153,-255.0,1
1287084.0,-0.0609,-0.1091,-264.353,-255.0,1
1287091.0,-0.0631,-0.1985,-265.0424,-255.0,1
1287101.0,-0.0631,-0.0316,-266.7433,-255.0,1
1287114.0,-0.0663,-0.2978,-268.1503,-255.0,1
1287124.0,-0.0674,-0.0873,-269.3144,-255.0,1
1287134.0,-0.0696,-0.2105,-270.2773,-255.0,1
1287141.0,-0.0718,-0.2411,-271.0739,-255.0,1
1287151.0,-0.0729,-0.1134,-272.8635,-255.0,1
1287164.0,-0.0761,-0.3851,-274.3439,-255.0,1
1287174.0,-0.0783,-0.1342,-275.5686,-255.0,1
1287184.0,-0.0816,-0.3894,-276.5818,-255.0,1
1287191.0,-0.0849,-0.288,-278.5504,-255.0,1
1287201.0,-0.087,-0.3153,-280.1791,-255.0,1
1287214.0,-0.0914,-0.42,-281.5264,-255.0,1
1287224.0,-0.0947,-0.3349,-282.641,-255.0,1
1287234.0,-0.1001,-0.5345,-283.5631,-255.0,1
1287241.0,-0.1034,-0.3938,-284.3259,-255.0,1
1287251.0,-0.11,-0.5912,-286.0875,-255.0,1
1287264.0,-0.1143,-0.5269,-287.5447,-255.0,1
1287274.0,-0.1209,-0.6447,-288.7503,-255.0,1
1287284.0,-0.1274,-0.6959,-289.7477,-255.0,1
1287291.0,-0.135,-0.7243,-290.5727,-255.0,1
1287301.0,-0.1427,-0.8519,-292.3857,-255.0,1
1287314.0,-0.1514,-0.8618,-293.8857,-255.0,1
1287324.0,-0.1612,-1.0079,-295.1265,-255.0,1
1287334.0,-0.171,-1.0396,-296.153,-255.0,1
1287341.0,-0.183,-1.2097,-297.0021,-255.0,1
1287351.0,-0.195,-1.2555,-297.7047,-255.0,1
1287364.0,-0.2081,-1.4192,-299.4163,-255.0,1
1287374.0,-0.2212,-1.2883,-300.8323,-255.0,1
1287385.0,-0.2332,-1.3101,-302.0038,-255.0,1
1287392.0,-0.243,-0.9959,-304.1034,-255.0,1
1287402.0,-0.2529,-0.9992,-305.8403,-255.0,1
1287414.0,-0.2594,-0.6501,-306.1467,-255.0,1
1287424.0,-0.2638,-0.4647,-307.5307,-255.0,1
1287435.0,-0.2659,-0.1713,-309.8062,-255.0,1
1287442.0,-0.2649,0.0589,-310.558,-255.0,1
1287452.0,-0.2616,0.3665,-311.1801,-255.0,1
1287465.0,-0.2572,0.4625,-312.8252,-255.0,1
1287475.0,-0.2485,0.829,-314.1861,-255.0,1
1287485.0,-0.2419,0.685,-315.312,-255.0,1
1287492.0,-0.2332,0.9817,-317.3739,-255.0,1
1287502.0,-0.2245,0.8901,-319.0797,-255.0,1
1287515.0,-0.2158,0.8901,-320.4908,-255.0,1
1287525.0,-0.2081,0.7123,-321.6581,-255.0,1
1287535.0,-0.2049,0.3643,-321.4934,-255.0,1
1287542.0,-0.2016,0.3992,-322.4876,-255.0,1
1287552.0,-0.1983,0.2771,-324.4406,-255.0,1
1287565.0,-0.1961,0.2771,-324.9257,-255.0,1
1287575.0,-0.1939,0.2443,-326.4575,-255.0,1
1287585.0,-0.1939,-0.0633,-327.7248,-255.0,1
1287592.0,-0.1961,-0.2236,-328.7731,-255.0,1
1287602.0,-0.1994,-0.3054,-329.6404,-255.0,1
1287615.0,-0.2038,-0.4134,-330.3579,-255.0,1
1287625.0,-0.2081,-0.5301,-330.9514,-255.0,1
1287635.0,-0.2136,-0.516,-332.573,-255.0,1
1287642.0,-0.2201,-0.649,-333.9145,-255.0,1
1287652.0,-0.2245,-0.5138,-335.0242,-255.0,1
1287665.0,-0.2299,-0.5651,-337.0727,-255.0,1
1287675.0,-0.2332,-0.3578,-337.6369,-255.0,1
1287685.0,-0.2376,-0.4571,-338.1037,-255.0,1
1287693.0,-0.2398,-0.18,-338.4899,-255.0,1
1287703.0,-0.243,-0.2978,-339.9398,-255.0,1
1287715.0,-0.2419,0.0502,-341.1393,-255.0,1
1287725.0,-0.2419,-0.0207,-342.1316,-255.0,1
1287736.0,-0.2398,0.2825,-342.9525,-255.0,1
1287743.0,-0.2376,0.2651,-344.7621,-255.0,1
1287753.0,-0.2332,0.372,-346.2592,-255.0,1
1287765.0,-0.2299,0.3807,-347.4977,-255.0,1
1287776.0,-0.2267,0.3523,-348.5222,-255.0,1
1287786.0,-0.2223,0.4243,-349.3698,-255.0,1
1287793.0,-0.2201,0.2476,-351.2014,-255.0,1
1287803.0,-0.2169,0.3567,-351.5862,-255.0,1
1287816.0,-0.2147,0.1385,-353.0351,-255.0,1
1287826.0,-0.2136,0.192,-354.2336,-255.0,1
1287836.0,-0.2125,0.0447,-354.0947,-255.0,1
1287843.0,-0.2125,0.0251,-355.1103,-255.0,1
1287853.0,-0.2125,-0.0109,-357.0809,-255.0,1
1287866.0,-0.2136,-0.1494,-357.5807,-255.0,1
1287876.0,-0.2147,-0.0698,-357.9941,-255.0,1
1287886.0,-0.2169,-0.2269,-359.4666,-255.0,1
1287893.0,-0.2179,-0.1593,-360.6848,-255.0,1
1287903.0,-0.2212,-0.2476,-361.6926,-255.0,1
1287916.0,-0.2234,-0.2323,-362.5262,-255.0,1
1287926.0,-0.2245,-0.1811,-363.2159,-255.0,1
1287936.0,-0.2278,-0.2694,-364.917,-255.0,1
1287943.0,-0.2278,-0.0764,-366.3242,-255.0,1
1287953.0,-0.2299,-0.1963,-366.3579,-255.0,1
1287966.0,-0.231,-0.0589,-367.5163,-255.0,1
1287976.0,-0.231,-0.0436,-368.4745,-255.0,1
1287986.0,-0.231,-0.0338,-369.2673,-255.0,1
1287993.0,-0.2299,0.1582,-369.9231,-255.0,1
1288004.0,-0.2299,0.0142,-370.4656,-255.0,1
1288016.0,-0.2278,0.1887,-372.045,-255.0,1
1288026.0,-0.2267,0.1254,-373.3515,-255.0,1
1288036.0,-0.2256,0.1189,-374.4324,-255.0,1
1288044.0,-0.2234,0.2116,-375.3266,-255.0,1
1288054.0,-0.2234,0.048,-376.0663,-255.0,1
1288066.0,-0.2212,0.1854,-377.8087,-255.0,1
1288076.0,-0.2201,0.0676,-379.2502,-255.0,1
1288086.0,-0.2201,-0.0022,-379.3122,-255.0,1
1288094.0,-0.2201,0.0807,-380.494,-255.0,1
1288104.0,-0.2212,-0.1004,-381.4717,-255.0,1
1288116.0,-0.2201,0.0142,-382.2805,-255.0,1
1288126.0,-0.2212,-0.0731,-382.9496,-255.0,1
1288137.0,-0.2223,-0.1396,-383.5031,-255.0,1
1288144.0,-0.2234,-0.0207,-385.0915,-255.0,1
1288154.0,-0.2245,-0.1811,-386.4055,-255.0,1
1288166.0,-0.2267,-0.096,-387.4926,-255.0,1
1288177.0,-0.2267,-0.0742,-387.2614,-255.0,1
1288187.0,-0.2278,-0.1789,-388.2007,-255.0,1
1288194.0,-0.2278,0.0011,-390.1082,-255.0,1
1288204.0,-0.2289,-0.0753,-390.5557,-255.0,1
1288217.0,-0.2289,-0.0491,-390.9259,-255.0,1
1288227.0,-0.2289,0.0927,-391.2322,-255.0,1
1288237.0,-0.2278,-0.036,-392.6161,-255.0,1
1288244.0,-0.2278,0.1102,-394.8914,-255.0,1
1288254.0,-0.2267,0.1102,-395.6432,-255.0,1
1288267.0,-0.2245,0.0295,-395.1347,-255.0,1
1288277.0,-0.2245,0.1789,-395.8445,-255.0,1
1288287.0,-0.2245,0.0436,-397.5622,-255.0,1
1288294.0,-0.2245,0.0185,-397.8527,-255.0,1
1288305.0,-0.2223,0.1418,-399.2235,-255.0,1
1288317.0,-0.2223,-0.012,-400.3576,-255.0,1
1288327.0,-0.2223,0.012,-401.2958,-255.0,1
1288337.0,-0.2234,0.0491,-402.0719,-255.0,1
1288345.0,-0.2234,-0.1058,-401.5835,-255.0,1
1288355.0,-0.2234,0.0,-403.4404,-255.0,1
1288367.0,-0.2245,-0.0338,-404.9766,-255.0,1
1288377.0,-0.2245,-0.144,-405.1169,-255.0,1
1288387.0,-0.2256,0.024,-405.233,-255.0,1
1288395.0,-0.2256,-0.0731,-406.4595,-255.0,1
1288405.0,-0.2267,-0.1396,-407.4742,-255.0,1
1288417.0,-0.2267,0.0207,-408.3136,-255.0,1
1288427.0,-0.2278,-0.0513,-409.0081,-255.0,1
1288437.0,-0.2267,-0.0905,-409.5825,-255.0,1
1288445.0,-0.2267,0.0774,-411.1883,-255.0,1
1288455.0,-0.2278,-0.0131,-411.3862,-255.0,1
1288467.0,-0.2267,-0.0262,-411.5499,-255.0,1
1288477.0,-0.2267,0.1287,-413.9464,-255.0,1
1288488.0,-0.2256,0.0011,-414.7984,-255.0,1
1288495.0,-0.2256,0.0142,-414.3727,-255.0,1
1288505.0,-0.2245,0.1385,-416.2816,-255.0,1
1288518.0,-0.2245,-0.012,-416.7302,-255.0,1
1288527.0,-0.2234,0.0109,-417.1014,-255.0,1
1288538.0,-0.2245,0.0993,-418.539,-255.0,1
1288545.0,-0.2245,-0.0262,-418.5977,-255.0,1
1288555.0,-0.2245,-0.0316,-419.7768,-255.0,1
1288568.0,-0.2245,0.0818,-420.7522,-255.0,1
1288578.0,-0.2245,-0.0807,-421.5591,-255.0,1
1288588.0,-0.2245,-0.0622,-422.2267,-255.0,1
1288596.0,-0.2245,0.0491,-422.779,-255.0,1
1288606.0,-0.2256,-0.0796,-423.2358,-255.0,1
1288618.0,-0.2256,-0.084,-423.6138,-255.0,1
1288628.0,-0.2267,0.0654,-425.057,-255.0,1
1288638.0,-0.2267,-0.0796,-426.2509,-255.0,1
1288646.0,-0.2267,-0.0818,-426.1081,-255.0,1
1288656.0,-0.2267,0.0709,-427.1205,-255.0,1
1288668.0,-0.2278,-0.0349,-429.0884,-255.0,1
1288678.0,-0.2267,-0.0589,-428.4555,-255.0,1
1288688.0,-0.2256,0.1014,-429.0623,-255.0,1
1288696.0,-0.2256,0.024,-430.6949,-255.0,1
1288706.0,-0.2267,-0.048,-430.915,-255.0,1
1288718.0,-0.2245,0.084,-432.2275,-255.0,1
1288728.0,-0.2256,0.084,-433.3134,-255.0,1
1288738.0,-0.2245,-0.0764,-433.0812,-255.0,1
1288746.0,-0.2245,0.0818,-434.0196,-255.0,1
1288756.0,-0.2245,0.0829,-434.7959,-255.0,1
1288768.0,-0.2245,-0.1004,-435.4381,-255.0,1
1288778.0,-0.2234,0.0589,-435.9694,-255.0,1
1288788.0,-0.2245,0.0818,-436.409,-255.0,1
1288796.0,-0.2245,-0.0785,-437.9031,-255.0,1
1288806.0,-0.2245,-0.0262,-438.0086,-255.0,1
1288818.0,-0.2245,0.0175,-438.0959,-255.0,1
1288828.0,-0.2256,0.0055,-440.4291,-255.0,1
1288839.0,-0.2256,-0.1178,-441.2288,-255.0,1
1288846.0,-0.2256,0.0164,-440.7599,-255.0,1
1288856.0,-0.2245,0.0709,-441.5025,-255.0,1
1288868.0,-0.2256,-0.1516,-442.1168,-255.0,1
1288878.0,-0.2256,0.0153,-442.625,-255.0,1
1288889.0,-0.2256,0.0764,-444.1759,-255.0,1
1288897.0,-0.2256,-0.0676,-445.459,-255.0,1
1288907.0,-0.2267,-0.0447,-445.3899,-255.0,1
1288919.0,-0.2245,0.0654,-446.4632,-255.0,1
1288929.0,-0.2256,0.0905,-447.3511,-255.0,1
1288939.0,-0.2256,-0.1244,-446.9552,-255.0,1
1288947.0,-0.2256,0.0709,-447.7582,-255.0,1
1288957.0,-0.2245,0.1178,-449.5529,-255.0,1
1288969.0,-0.2256,-0.0709,-449.9072,-255.0,1
1288979.0,-0.2245,-0.0251,-450.2003,-255.0,1
1288989.0,-0.2234,0.0687,-450.4428,-255.0,1
1288997.0,-0.2234,0.0785,-451.7738,-255.0,1
1289007.0,-0.2256,-0.1527,-452.875,-255.0,1
1289019.0,-0.2245,0.0305,-452.6554,-255.0,1
1289029.0,-0.2245,0.0894,-453.6043,-255.0,1
1289039.0,-0.2256,-0.0622,-454.3893,-255.0,1
1289047.0,-0.2256,-0.0862,-455.0387,-255.0,1
1289057.0,-0.2256,0.0273,-455.5759,-255.0,1
1289069.0,-0.2256,0.0873,-456.0203,-255.0,1
1289079.0,-0.2256,-0.1625,-457.5185,-255.0,1
1289089.0,-0.2256,0.0076,-458.7579,-255.0,1
1289097.0,-0.2256,0.0654,-458.6527,-255.0,1
1289108.0,-0.2245,0.0371,-458.5657,-255.0,1
1289119.0,-0.2256,-0.1429,-459.6242,-255.0,1
1289129.0,-0.2245,0.0305,-460.4999,-255.0,1
1289140.0,-0.2256,0.1211,-460.0938,-255.0,1
1289148.0,-0.2256,-0.0393,-460.8884,-255.0,1
1289158.0,-0.2256,-0.0698,-462.6762,-255.0,1
1289169.0,-0.2245,0.0611,-463.0247,-255.0,1
1289179.0,-0.2256,0.1189,-462.1825,-255.0,1
1289190.0,-0.2256,-0.1047,-462.6163,-255.0,1
1289198.0,-0.2256,-0.0229,-464.1057,-255.0,1
1289208.0,-0.2245,0.0415,-465.3378,-255.0,1
1289219.0,-0.2256,0.1091,-466.3571,-255.0,1
1289229.0,-0.2256,-0.1364,-467.2003,-255.0,1
1289240.0,-0.2245,-0.0131,-467.8979,-255.0,1
1289248.0,-0.2245,0.0796,-467.3445,-255.0,1
1289258.0,-0.2245,0.0458,-466.8867,-255.0,1
1289270.0,-0.2256,-0.1516,-468.7689,-255.0,1
1289280.0,-0.2245,-0.0076,-470.326,-255.0,1
1289290.0,-0.2245,0.0654,-469.3531,-255.0,1
1289298.0,-0.2245,0.0327,-469.6789,-255.0,1
1289308.0,-0.2256,-0.1298,-471.0789,-255.0,1
1289320.0,-0.2256,-0.0131,-471.1065,-255.0,1
1289330.0,-0.2256,0.0676,-471.1294,-255.0,1
1289340.0,-0.2256,0.0305,-472.2788,-255.0,1
1289350.0,-0.2256,-0.1014,-474.3602,-255.0,1
1289360.0,-0.2256,0.0044,-474.9516,-255.0,1
1289370.0,-0.2245,0.0654,-474.3103,-255.0,1
1289380.0,-0.2256,0.0513,-474.9103,-255.0,1
1289390.0,-0.2256,-0.096,-476.5371,-255.0,1
1289399.0,-0.2256,0.0033,-476.7525,-255.0,1
1289409.0,-0.2256,0.0589,-476.9306,-255.0,1
1289420.0,-0.2256,0.0567,-477.078,-255.0,1
1289430.0,-0.2256,-0.0949,-477.2,-255.0,1
1289440.0,-0.2256,-0.0229,-478.4313,-255.0,1
1289449.0,-0.2256,0.0524,-479.45,-255.0,1
1289459.0,-0.2245,0.0654,-479.1622,-255.0,1
1289470.0,-0.2267,-0.096,-480.0546,-255.0,1
1289480.0,-0.2267,-0.0665,-481.9234,-255.0,1
1289490.0,-0.2256,0.0131,-482.3389,-255.0,1
1289499.0,-0.2256,0.0774,-481.5521,-255.0,1
1289509.0,-0.2256,-0.0295,-482.0317,-255.0,1
1289520.0,-0.2267,-0.0796,-483.559,-255.0,1
1289530.0,-0.2256,0.0142,-483.692,-255.0,1
1289541.0,-0.2256,0.0676,-483.802,-255.0,1
1289549.0,-0.2256,0.0153,-483.893,-255.0,1
1289559.0,-0.2267,-0.0949,-485.0988,-255.0,1
1289571.0,-0.2267,-0.0316,-486.0963,-255.0,1
1289581.0,-0.2256,0.0556,-486.9215,-255.0,1
1289591.0,-0.2267,0.0556,-487.6042,-255.0,1
1289599.0,-0.2267,-0.0742,-487.0384,-255.0,1
1289610.0,-0.2267,-0.0589,-487.7009,-255.0,1
1289621.0,-0.2256,0.0753,-489.3795,-255.0,1
1289631.0,-0.2256,0.0065,-489.6376,-255.0,1
1289641.0,-0.2267,-0.0753,-489.8511,-255.0,1
1289650.0,-0.2267,-0.0753,-490.0278,-255.0,1
1289660.0,-0.2267,-0.0065,-490.174,-255.0,1
1289671.0,-0.2256,0.0535,-491.4254,-255.0,1
1289681.0,-0.2267,-0.084,-491.3301,-255.0,1
1289691.0,-0.2278,-0.0578,-491.2513,-255.0,1
1289700.0,-0.2278,-0.0578,-492.3166,-255.0,1
1289710.0,-0.2245,0.0731,-493.1979,-255.0,1
1289721.0,-0.2234,0.1276,-493.927,-255.0,1
1289731.0,-0.2223,0.1211,-494.5301,-255.0,1
1289741.0,-0.2201,0.264,-495.0291,-255.0,1
1289750.0,-0.2158,0.264,-495.4419,-255.0,1
1289760.0,-0.2114,0.4156,-496.9138,-255.0,1
1289771.0,-0.2092,0.3283,-497.0011,-255.0,1
1289781.0,-0.2049,0.3436,-497.0732,-255.0,1
1289791.0,-0.2005,0.4494,-498.2634,-255.0,1
1289800.0,-0.2005,0.4494,-498.1175,-255.0,1
1289811.0,-0.1885,0.6578,-499.1274,-255.0,1
1289821.0,-0.1841,0.4145,-499.9627,-255.0,1
1289831.0,-0.183,0.1811,-499.5234,-255.0,1
1289841.0,-0.1809,0.1396,-500.2904,-255.0,1
1289850.0,-0.1809,0.1396,-500.9249,-255.0,1
1289860.0,-0.1809,0.0404,-501.4498,-255.0,1
1289871.0,-0.183,-0.1767,-501.8841,-255.0,1
1289881.0,-0.1874,-0.4178,-501.1128,-255.0,1
1289892.0,-0.1907,-0.3436,-501.6053,-255.0,1
1289901.0,-0.1929,-0.3436,-503.1431,-255.0,1
1289911.0,-0.1972,-0.2913,-503.2849,-255.0,1
1289922.0,-0.2016,-0.4636,-503.4022,-255.0,1
1289932.0,-0.2059,-0.4396,-503.4992,-255.0,1
1289942.0,-0.207,-0.144,-503.5795,-255.0,1
1289951.0,-0.2081,-0.144,-504.7764,-255.0,1
1289961.0,-0.2081,-0.0578,-505.7665,-255.0,1
1289972.0,-0.207,0.084,-506.5857,-255.0,1
1289982.0,-0.2059,0.1102,-507.2633,-255.0,1
1289992.0,-0.2027,0.3349,-506.6934,-255.0,1
1290001.0,-0.1994,0.3349,-507.3524,-255.0,1
1290011.0,-0.1961,0.3283,-509.0281,-255.0,1
1290022.0,-0.1929,0.2673,-509.2838,-255.0,1
1290032.0,-0.1907,0.2771,-509.4955,-255.0,1
1290042.0,-0.1896,0.1331,-509.6705,-255.0,1
1290051.0,-0.1885,0.1331,-509.8153,-255.0,1
1290061.0,-0.1896,0.0731,-509.9351,-255.0,1
1290072.0,-0.1907,-0.1276,-511.1647,-255.0,1
1290082.0,-0.195,-0.4494,-511.0514,-255.0,1
1290092.0,-0.2005,-0.5072,-510.9576,-255.0,1
1290101.0,-0.2059,-0.5072,-512.0106,-255.0,1
1290112.0,-0.2103,-0.3698,-511.7512,-255.0,1
1290122.0,-0.2125,-0.264,-512.6672,-255.0,1
1290132.0,-0.2147,-0.2018,-513.4249,-255.0,1
1290142.0,-0.2136,0.0556,-512.9211,-255.0,1
1290152.0,-0.2125,0.0556,-512.5045,-255.0,1
1290162.0,-0.2092,0.1745,-513.2903,-255.0,1
1290172.0,-0.2059,0.276,-515.0708,-255.0,1
1290182.0,-0.2038,0.2705,-515.4133,-255.0,1
1290193.0,-0.2016,0.2182,-515.6967,-255.0,1
1290202.0,-0.1983,0.3491,-515.9311,-255.0,1
1290212.0,-0.195,0.2651,-514.9945,-255.0,1
1290222.0,-0.1918,0.3622,-515.3502,-255.0,1
1290232.0,-0.1907,0.1549,-516.775,-255.0,1
1290243.0,-0.1896,0.084,-517.9537,-255.0,1
1290252.0,-0.1852,0.408,-517.7982,-255.0,1
1290262.0,-0.182,0.4363,-517.6697,-255.0,1
1290273.0,-0.1754,0.6043,-518.6938,-255.0,1
1290283.0,-0.171,0.4974,-519.541,-255.0,1
1290293.0,-0.1645,0.6883,-520.2419,-255.0,1
1290302.0,-0.159,0.6883,-520.8218,-255.0,1
1290312.0,-0.1514,0.757,-520.171,-255.0,1
1290323.0,-0.1438,0.7538,-519.6325,-255.0,1
1290333.0,-0.135,0.9414,-520.3176,-99.15,1
1290343.0,-0.1263,0.8868,-522.0148,-255.0,1
1290352.0,-0.1176,0.9272,-523.4189,-20.76,1
1290362.0,-0.1078,0.9807,-523.45,255.0,1
1290373.0,-0.099,0.9719,-522.3452,255.0,1
1290383.0,-0.0881,1.1225,-521.4312,255.0,1
1290393.0,-0.075,1.2959,-521.8056,255.0,1
1290403.0,-0.0652,1.0025,-522.1154,255.0,1
1290413.0,-0.0554,0.9992,-521.2411,255.0,1
1290423.0,-0.0467,0.9632,-519.3873,255.0,1
1290433.0,-0.0369,0.9708,-517.8538,255.0,1
1290443.0,-0.0281,0.9152,-516.5851,255.0,1
1290453.0,-0.0216,0.7145,-514.405,255.0,1
1290463.0,-0.0172,0.3949,-512.6016,176.96,1
1290473.0,-0.0129,0.4472,-511.1096,255.0,1
1290483.0,-0.0085,0.4516,-507.6143,255.0,1
1290494.0,-0.0031,0.5291,-504.7227,255.0,1
1290503.0,0.0002,0.4461,-503.4612,255.0,1
1290513.0,0.0046,0.3589,-501.287,255.0,1
1290524.0,0.0079,0.42,-498.3578,255.0,1
1290534.0,0.0133,0.4811,-495.9346,255.0,1
1290544.0,0.0199,0.7658,-493.93,255.0,1
1290553.0,0.0242,0.5541,-492.2716,255.0,1
1290563.0,0.0308,0.576,-489.7691,255.0,1
1290574.0,0.0373,0.6807,-486.5685,255.0,1
1290584.0,0.0449,0.8029,-485.0511,255.0,1
1290594.0,0.0526,0.8476,-483.7959,255.0,1
1290603.0,0.0602,0.7352,-480.4964,255.0,1
1290614.0,0.0678,0.8476,-477.7669,255.0,1
1290624.0,0.0788,1.1519,-475.5088,255.0,1
1290634.0,0.0908,1.1596,-472.5103,255.0,1
1290644.0,0.1038,1.3275,-470.0297,255.0,1
1290654.0,0.1169,1.4017,-467.9775,255.0,1
1290664.0,0.1344,1.8359,-466.2798,255.0,1
1290674.0,0.154,1.9897,-463.7449,255.0,1
1290684.0,0.1737,2.0377,-460.5173,255.0,1
1290694.0,0.1955,2.2755,-457.8473,255.0,1
1290704.0,0.2184,2.3344,-456.7689,255.0,1
1290714.0,0.2402,2.3518,-454.7462,255.0,1
1290724.0,0.262,2.2722,-451.9425,255.0,1
1290734.0,0.2838,2.3017,-449.623,255.0,1
1290744.0,0.3046,2.2013,-446.5737,255.0,1
1290754.0,0.3242,2.0671,-444.051,255.0,1
1290764.0,0.3438,2.09,-441.9641,255.0,1
1290774.0,0.3624,2.0039,-440.2377,255.0,1
1290784.0,0.3809,1.922,-437.679,255.0,1
1290794.0,0.3984,1.8762,-434.4317,255.0,1
1290804.0,0.4147,1.8533,-431.7453,255.0,1
1290814.0,0.4322,1.8282,-429.5229,255.0,1
1290824.0,0.4485,1.7682,-427.6844,255.0,1
1290834.0,0.4649,1.7355,-426.1635,255.0,1
1290845.0,0.4802,1.7246,-423.7747,255.0,1
1290854.0,0.4976,1.8424,-421.7986,255.0,1
1290864.0,0.5162,1.9482,-421.2943,255.0,1
1290875.0,0.5347,2.0344,-420.8771,255.0,1
1290885.0,0.5555,2.1533,-420.532,255.0,1
1290895.0,0.5751,2.2253,-419.116,255.0,1
1290905.0,0.5958,2.2351,-417.9445,255.0,1
1290915.0,0.6165,2.2177,-418.1059,255.0,1
1290925.0,0.6362,2.1817,-417.1089,255.0,1
1290935.0,0.6547,2.0628,-416.2841,255.0,1
1290945.0,0.6711,1.8141,-416.7324,255.0,1
1290955.0,0.6842,1.6013,-415.9726,255.0,1
1290965.0,0.6962,1.3614,-415.3441,255.0,1
1290975.0,0.7049,1.0723,-414.8242,255.0,1
1290985.0,0.7114,0.8628,-414.394,255.0,1
1290995.0,0.7191,0.9305,-414.0382,255.0,1
1291005.0,0.7267,0.8574,-413.7439,255.0,1
1291015.0,0.7333,0.6927,-413.5004,255.0,1
1291025.0,0.7365,0.3022,-412.1684,255.0,1
1291035.0,0.7409,0.4123,-412.1971,255.0,1
1291045.0,0.7431,0.2203,-412.2207,255.0,1
1291055.0,0.7442,0.1636,-412.2403,255.0,1
1291065.0,0.7474,0.24,-412.2564,255.0,1
1291075.0,0.7485,0.1287,-411.1393,255.0,1
1291085.0,0.7507,0.1745,-411.3457,255.0,1
1291095.0,0.754,0.3218,-411.5164,255.0,1
1291105.0,0.7551,0.1996,-410.5272,255.0,1
1291116.0,0.7583,0.336,-410.8392,255.0,1
1291126.0,0.7627,0.4789,-411.0974,255.0,1
1291136.0,0.766,0.4843,-410.1805,255.0,1
1291146.0,0.7714,0.6938,-410.5525,255.0,1
1291156.0,0.778,0.7898,-410.8602,255.0,1
1291166.0,0.7845,0.7865,-409.9843,255.0,1
1291176.0,0.7922,1.0123,-410.3902,255.0,1
1291186.0,0.8009,1.0167,-410.7259,255.0,0
1291196.0,0.8085,1.0647,-409.8732,255.0,0
1291206.0,0.8183,1.2512,-409.1677,255.0,0
1291216.0,0.8282,1.2577,-409.7146,255.0,0
1291226.0,0.838,1.2817,-410.1671,255.0,0
1291236.0,0.8489,1.3679,-409.4109,255.0,0
1291246.0,0.8587,1.3134,-408.7853,255.0,0
1291256.0,0.8685,1.2523,-408.2678,255.0,0
1291266.0,0.8783,1.2839,-408.9702,255.0,0
1291276.0,0.8882,1.1497,-409.5512,255.0,0
1291286.0,0.8958,1.0276,-408.9014,255.0,0
1291296.0,0.9034,1.0516,-408.3638,255.0,0
1291306.0,0.91,0.8705,-407.9191,255.0,0
1291316.0,0.9165,0.7625,-407.5512,255.0,0
1291327.0,0.922,0.7549,-407.2468,255.0,0
1291337.0,0.9263,0.5476,-406.995,255.0,0
1291347.0,0.9307,0.504,-406.7867,255.0,0
1291357.0,0.934,0.4843,-406.6144,255.0,0
1291367.0,0.9372,0.3294,-406.4718,255.0,0
1291377.0,0.9394,0.3251,-406.3539,255.0,0
1291387.0,0.9416,0.2814,-406.2563,255.0,0
1291397.0,0.9427,0.1342,-406.1757,255.0,0
1291407.0,0.9438,0.1113,-406.1089,255.0,0
1291417.0,0.9449,0.1113,-406.0536,255.0,0
1291427.0,0.9449,0.0022,-404.8774,255.0,0
1291437.0,0.9449,-0.0164,-405.0349,255.0,0
1291447.0,0.9449,-0.0633,-405.1652,255.0,0
1291457.0,0.946,-0.0033,-404.1424,255.0,0
1291467.0,0.946,-0.0033,-404.4268,255.0,0
1291477.0,0.946,-0.0633,-403.5316,255.0,0
1291487.0,0.946,-0.0262,-403.9216,255.0,0
1291497.0,0.9449,-0.1484,-404.2441,255.0,0
1291507.0,0.9449,-0.06,-403.3805,255.0,0
1291517.0,0.9449,-0.0011,-403.7965,255.0,0
1291527.0,0.9438,-0.0862,-404.1407,255.0,0
1291537.0,0.9449,0.0371,-403.2949,255.0,0
1291548.0,0.9449,0.0284,-402.5952,255.0,0
1291558.0,0.9449,0.0087,-403.1469,255.0,0
1291568.0,0.946,0.1254,-402.4727,255.0,0
1291578.0,0.9471,0.0807,-401.915,255.0,0
1291588.0,0.9481,0.0916,-402.5842,255.0,0
1291598.0,0.9492,0.1713,-402.0073,255.0,0
1291608.0,0.9492,0.0665,-401.53,255.0,0
1291618.0,0.9503,0.1134,-402.2657,255.0,0
1291628.0,0.9514,0.1494,-402.8743,255.0,0
1291638.0,0.9525,0.0469,-402.2472,255.0,0
1291648.0,0.9536,0.1331,-400.598,255.0,0
1291658.0,0.9547,0.1058,-401.4946,255.0,0
1291668.0,0.9558,0.0502,-402.2364,255.0,0
1291679.0,0.9569,0.1549,-400.5891,255.0,0
1291689.0,0.9569,0.0218,-400.3567,255.0,0
1291698.0,0.958,0.0316,-401.295,255.0,0
1291708.0,0.9591,0.0818,-400.9408,255.0,0
1291719.0,0.9591,-0.0131,-400.6477,255.0,0
1291729.0,0.9601,0.0709,-400.4052,255.0,0
1291739.0,0.9612,0.1178,-400.2047,255.0,0
1291748.0,0.9623,0.0687,-400.0387,255.0,0
1291758.0,0.9634,0.1822,-398.771,255.0,0
1291769.0,0.9645,0.1745,-398.8527,255.0,0
1291779.0,0.9667,0.2062,-398.9203,255.0,0
1291789.0,0.9689,0.3283,-398.9762,255.0,0
1291799.0,0.9711,0.2563,-399.0225,255.0,0
1291809.0,0.9732,0.3458,-397.9303,255.0,0
1291819.0,0.9765,0.4309,-398.1572,255.0,0
1291829.0,0.9787,0.348,-399.4754,255.0,0
1291840.0,0.982,0.4811,-399.4355,255.0,0
1291849.0,0.9852,0.4745,-398.2719,255.0,0
1291859.0,0.9885,0.4941,-398.4398,255.0,0
1291870.0,0.9929,0.6305,-398.5787,255.0,0
1291880.0,0.9961,0.6087,-398.6937,255.0,0
1291890.0,1.0005,0.6469,-398.7887,255.0,0
1291899.0,1.0049,0.6807,-397.7369,255.0,0
1291909.0,1.0081,0.5923,-397.9972,255.0,0
1291920.0,1.0125,0.625,-397.0821,255.0,0
1291930.0,1.0158,0.5836,-396.325,255.0,0
1291940.0,1.018,0.468,-396.8292,255.0,0
1291949.0,1.0223,0.4974,-396.1158,255.0,0
1291959.0,1.0245,0.3982,-396.6561,255.0,0
1291970.0,1.0267,0.3196,-395.9726,255.0,0
1291981.0,1.0289,0.2945,-394.2767,255.0,0
1291991.0,1.0289,0.1484,-395.1347,255.0,0
1291999.0,1.03,0.1494,-394.714,255.0,0
1292010.0,1.0311,0.0644,-394.3659,255.0,0
1292021.0,1.0311,-0.0524,-394.078,255.0,0
1292031.0,1.0311,-0.0185,-392.7094,255.0,0
1292041.0,1.0311,-0.1025,-392.7076,255.0,0
1292050.0,1.0311,-0.0905,-392.7061,255.0,0
1292060.0,1.0311,-0.0393,-392.7049,255.0,0
1292071.0,1.03,-0.0796,-392.7039,255.0,0
1292081.0,1.0311,-0.0153,-392.703,255.0,0
1292091.0,1.0311,0.0011,-392.7023,255.0,0
1292100.0,1.03,-0.0229,-392.7018,255.0,0
1292110.0,1.0311,0.0535,-391.5708,255.0,0
1292122.0,1.0311,0.0,-390.6352,255.0,0
1292131.0,1.0311,0.0371,-390.9917,255.0,0
1292141.0,1.0321,0.0807,-391.2866,255.0,0
1292150.0,1.0311,-0.0611,-391.5306,255.0,0
1292160.0,1.0311,-0.0011,-390.6019,255.0,0
1292172.0,1.03,-0.0415,-388.7032,255.0,0
1292182.0,1.03,0.0153,-388.2629,255.0,0
1292192.0,1.03,0.1014,-389.0292,255.0,0
1292200.0,1.03,0.0185,-389.6631,255.0,0
1292210.0,1.0311,0.1178,-389.057,255.0,0
1292222.0,1.0311,0.1342,-388.5556,255.0,0
1292232.0,1.0311,0.084,-388.1408,255.0,0
1292242.0,1.0321,0.1418,-387.7976,255.0,0
1292250.0,1.0321,0.0709,-388.6443,255.0,0
1292261.0,1.0332,0.1047,-388.2141,255.0,0
1292272.0,1.0343,0.1156,-386.7278,255.0,0
1292282.0,1.0332,-0.0098,-386.6287,255.0,0
1292292.0,1.0343,0.0,-386.5467,255.0,0
1292301.0,1.0332,-0.0567,-386.4789,255.0,0
1292311.0,1.0332,-0.0938,-386.4228,255.0,0
1292323.0,1.0332,-0.0567,-386.3764,255.0,0
1292333.0,1.0321,-0.1451,-386.338,255.0,0
1292343.0,1.0311,-0.1113,-385.1758,255.0,0
1292351.0,1.0311,-0.1058,-385.3448,255.0,0
1292361.0,1.03,-0.1429,-386.6151,255.0,0
1292373.0,1.03,-0.0927,-385.4049,255.0,0
1292383.0,1.0289,-0.1745,-384.4038,255.0,0
1292393.0,1.0278,-0.1833,-384.7061,255.0,0
1292401.0,1.0267,-0.1811,-382.6952,255.0,0
1292411.0,1.0256,-0.264,-381.0316,255.0,0
1292423.0,1.0245,-0.2454,-379.6554,255.0,0
1292433.0,1.0223,-0.3251,-377.3864,255.0,0
1292443.0,1.0201,-0.3218,-374.3788,255.0,0
1292451.0,1.018,-0.3632,-370.7603,255.0,0
1292461.0,1.0147,-0.4789,-367.7667,255.0,0
1292473.0,1.0125,-0.516,-365.2902,255.0,0
1292483.0,1.0081,-0.6043,-362.111,255.0,0
1292493.0,1.0049,-0.5661,-358.3504,255.0,0
1292501.0,1.0005,-0.5836,-354.1089,255.0,0
1292511.0,0.9972,-0.5727,-349.4694,255.0,0
1292523.0,0.994,-0.5334,-345.6314,255.0,0
1292534.0,0.9896,-0.5421,-341.3258,255.0,0
1292544.0,0.9874,-0.4407,-336.6334,255.0,0
1292552.0,0.9831,-0.4952,-331.6209,255.0,0
1292562.0,0.9809,-0.3687,-326.3438,255.0,0
1292574.0,0.9776,-0.4494,-320.8477,255.0,0
1292584.0,0.9754,-0.324,-315.1704,255.0,0
1292594.0,0.9721,-0.4571,-309.3432,255.0,0
1292602.0,0.97,-0.2978,-303.3921,255.0,0
1292612.0,0.9667,-0.4941,-298.4688,255.0,0
1292624.0,0.9645,-0.3251,-293.2655,255.0,0
1292634.0,0.9612,-0.4745,-287.8304,255.0,0
1292644.0,0.9591,-0.3142,-282.2036,255.0,0
1292652.0,0.9558,-0.4123,-276.4182,255.0,0
1292662.0,0.9525,-0.4222,-270.5016,255.0,0
1292674.0,0.9503,-0.2738,-264.4765,255.0,0
1292684.0,0.9449,-0.685,-259.4921,255.0,0
1292694.0,0.9427,-0.2858,-254.2381,255.0,0
1292702.0,0.9372,-0.745,-248.7611,255.0,0
1292712.0,0.9329,-0.613,-244.2302,255.0,0
1292725.0,0.9285,-0.5127,-240.4819,255.0,0
1292735.0,0.9209,-1.0374,-236.2505,255.0,0
1292745.0,0.9165,-0.5192,-231.6195,255.0,0
1292752.0,0.9111,-0.8268,-226.6579,255.0,0
1292762.0,0.9023,-1.0821,-221.4228,255.0,0
1292775.0,0.898,-0.588,-218.2224,255.0,0
1292785.0,0.8903,-0.9785,-215.5749,255.0,0
1292795.0,0.8827,-0.9828,-211.1236,255.0,0
1292802.0,0.8772,-0.6141,-207.4412,255.0,0
1292812.0,0.8718,-0.817,-204.3949,255.0,0
1292825.0,0.8663,-0.6338,-200.7442,255.0,0
1292835.0,0.8642,-0.2105,-197.7241,255.0,0
1292845.0,0.8631,-0.2007,-195.2257,255.0,0
1292853.0,0.8598,-0.2443,-192.0283,255.0,0
1292863.0,0.8598,-0.0633,-189.3832,255.0,0
1292876.0,0.8598,0.0251,-187.195,255.0,0
1292885.0,0.8598,-0.0687,-184.2542,255.0,0
1292895.0,0.8587,-0.0305,-181.8214,255.0,0
1292903.0,0.8609,0.1887,-179.8088,255.0,0
1292913.0,0.862,0.1364,-178.1439,255.0,0
1292926.0,0.862,-0.0273,-175.636,255.0,0
1292935.0,0.862,0.0175,-172.4308,255.0,0
1292945.0,0.8631,0.1516,-170.9097,255.0,0
1292953.0,0.862,0.0709,-170.7819,255.0,0
1292963.0,0.862,-0.036,-169.5456,255.0,0
1292976.0,0.862,0.0327,-167.3924,255.0,0
1292986.0,0.8631,0.0862,-165.6111,255.0,0
1292996.0,0.8631,-0.0207,-164.1375,255.0,0
1293003.0,0.862,-0.1429,-162.9184,255.0,0
1293013.0,0.8609,-0.0807,-160.7794,255.0,0
1293026.0,0.8609,-0.0098,-159.0098,255.0,0
1293036.0,0.8598,-0.1069,-158.6764,255.0,0
1293046.0,0.8576,-0.2825,-157.2701,255.0,0
1293053.0,0.8554,-0.2465,-156.1067,255.0,0
1293063.0,0.8543,-0.1811,-156.2747,255.0,0
1293075.0,0.8522,-0.2553,-155.2833,255.0,0
1293086.0,0.8489,-0.3818,-154.463,255.0,0
1293096.0,0.8456,-0.3305,-153.7845,255.0,0
1293103.0,0.8434,-0.3043,-152.0927,255.0,0
1293113.0,0.8402,-0.3785,-151.8235,255.0,0
1293126.0,0.8358,-0.5018,-152.7314,255.0,0
1293137.0,0.8314,-0.5203,-152.352,255.0,0
1293146.0,0.8271,-0.5291,-150.9076,255.0,0
1293154.0,0.8216,-0.6469,-149.7127,255.0,0
1293164.0,0.8151,-0.7527,-149.8546,255.0,0
1293176.0,0.8085,-0.7996,-149.9721,255.0,0
1293187.0,0.802,-0.7494,-148.9388,255.0,0
1293197.0,0.7943,-0.8039,-148.0839,255.0,1
1293204.0,0.7878,-0.7941,-147.3767,255.0,1
1293214.0,0.7802,-0.8672,-146.7917,255.0,1
1293227.0,0.7736,-0.7374,-146.3077,255.0,1
1293237.0,0.7682,-0.6327,-145.9073,255.0,1
1293247.0,0.7638,-0.5934,-145.5761,255.0,1
1293254.0,0.7583,-0.601,-145.3021,255.0,1
1293264.0,0.754,-0.4723,-145.0754,255.0,1
1293277.0,0.7518,-0.2825,-143.7573,255.0,1
1293287.0,0.7496,-0.2313,-142.667,255.0,1
1293297.0,0.7474,-0.2553,-141.7649,255.0,1
1293304.0,0.7453,-0.2116,-139.8882,255.0,1
1293314.0,0.7453,-0.0676,-138.3356,255.0,1
1293327.0,0.7453,-0.0142,-135.9207,255.0,1
1293337.0,0.7442,-0.012,-133.923,255.0,1
1293347.0,0.7442,-0.0829,-132.2702,255.0,1
1293354.0,0.7431,-0.0382,-129.7725,255.0,1
1293364.0,0.7442,0.0316,-127.7062,255.0,1
1293377.0,0.7442,0.0971,-124.8663,255.0,1
1293387.0,0.7453,0.0349,-121.3864,255.0,1
1293397.0,0.7442,-0.0524,-118.5076,255.0,1
1293404.0,0.7442,-0.0131,-116.1261,255.0,1
1293414.0,0.7453,0.0633,-113.0254,255.0,1
1293428.0,0.7463,0.1265,-109.3298,255.0,1
1293438.0,0.7463,0.0818,-106.2725,255.0,1
1293448.0,0.7463,-0.0229,-103.7433,255.0,1
1293455.0,0.7463,-0.0884,-100.5204,255.0,1
1293465.0,0.7453,-0.0687,-97.8543,255.0,1
1293478.0,0.7453,-0.0196,-95.6486,255.0,1
1293488.0,0.7453,0.0349,-92.6935,255.0,1
1293498.0,0.7453,0.012,-89.1182,255.0,1
1293505.0,0.7453,-0.0491,-85.03,255.0,1
1293515.0,0.7453,-0.0076,-81.648,255.0,1
1293528.0,0.7453,-0.0251,-78.8501,255.0,1
1293538.0,0.7453,-0.0076,-76.5355,255.0,1
1293548.0,0.7453,0.0349,-74.6207,255.0,1
1293555.0,0.7453,0.0349,-71.9061,255.0,1
1293567.0,0.7453,0.0164,-68.5299,255.0,1
1293578.0,0.7463,0.0131,-65.7369,255.0,1
1293588.0,0.7463,0.0349,-63.4263,255.0,1
1293597.0,0.7463,0.0774,-60.3843,255.0,1
1293605.0,0.7474,0.1124,-57.8678,255.0,1
1293615.0,0.7485,0.1418,-55.7859,255.0,1
1293626.0,0.7496,0.1331,-52.9331,255.0,1
1293638.0,0.7518,0.1604,-49.4426,255.0,1
1293648.0,0.7529,0.2018,-46.555,255.0,1
1293655.0,0.7562,0.2738,-45.2967,255.0,1
1293665.0,0.7583,0.3622,-43.1252,255.0,1
1293678.0,0.7627,0.4407,-40.1982,255.0,1
1293688.0,0.7671,0.5171,-38.9074,255.0,1
1293698.0,0.7725,0.5814,-37.8395,255.0,1
1293705.0,0.778,0.6556,-35.8256,255.0,1
1293715.0,0.7834,0.7047,-34.1595,255.0,1
1293726.0,0.79,0.7516,-32.7812,255.0,1
1293738.0,0.7965,0.7799,-30.5105,255.0,1
1293748.0,0.8031,0.8072,-28.632,255.0,0
1293756.0,0.8107,0.8323,-27.0779,255.0,0
1293766.0,0.8173,0.8367,-25.7923,255.0,0
1293777.0,0.8238,0.8192,-25.8593,255.0,0
1293788.0,0.8303,0.7799,-24.7842,255.0,0
1293798.0,0.8358,0.7265,-22.7642,255.0,0
1293806.0,0.8412,0.6621,-22.2237,255.0,0
1293816.0,0.8467,0.5934,-21.7766,255.0,0
1293829.0,0.85,0.5094,-20.2762,255.0,0
1293839.0,0.8543,0.4331,-19.0349,255.0,0
1293849.0,0.8565,0.3502,-19.1385,255.0,0
1293856.0,0.8587,0.2498,-19.2243,255.0,0
1293866.0,0.8598,0.1702,-18.1647,255.0,0
1293877.0,0.8609,0.096,-17.2882,255.0,0
1293889.0,0.8609,0.0284,-16.563,255.0,0
1293899.0,0.8609,-0.024,-15.9631,255.0,0
1293906.0,0.8598,-0.0633,-15.4669,255.0,0
1293916.0,0.8587,-0.1025,-15.0563,255.0,0
1293927.0,0.8576,-0.1287,-14.7167,255.0,0
1293939.0,0.8565,-0.132,-14.4357,255.0,0
1293949.0,0.8554,-0.1287,-14.2032,255.0,0
1293956.0,0.8543,-0.1124,-14.0109,255.0,0
1293966.0,0.8543,-0.096,-13.8519,255.0,0
1293978.0,0.8532,-0.0764,-13.7203,255.0,0
1293989.0,0.8532,-0.0404,-13.6114,255.0,0
1293999.0,0.8532,-0.0109,-12.3908,255.0,0
1294006.0,0.8532,0.0,-11.3811,255.0,0
1294019.0,0.8532,0.0153,-11.6763,255.0,0
1294029.0,0.8532,0.0218,-11.9204,255.0,0
1294039.0,0.8532,0.0109,-12.1225,255.0,0
1294050.0,0.8532,0.0055,-12.2896,255.0,0
1294056.0,0.8532,-0.0415,-12.4278,255.0,0
1294067.0,0.8522,-0.0851,-12.5422,255.0,0
1294079.0,0.8511,-0.1505,-12.6368,255.0,0
1294089.0,0.8489,-0.228,-12.7151,255.0,0
1294100.0,0.8467,-0.2945,-11.6493,255.0,0
1294107.0,0.8434,-0.3818,-10.7677,255.0,0
1294117.0,0.8391,-0.4625,-11.1688,255.0,0
1294130.0,0.8347,-0.5596,-11.5006,255.0,0
1294140.0,0.8292,-0.66,-10.6447,255.0,0
1294150.0,0.8238,-0.6796,-9.9365,255.0,0
1294157.0,0.8173,-0.7036,-9.3507,255.0,0
1294167.0,0.8096,-0.8279,-8.8661,255.0,0
1294180.0,0.802,-0.9065,-8.4652,255.0,0
1294190.0,0.7933,-1.0101,-7.003,255.0,1
1294200.0,0.7834,-1.1432,-5.7934,255.0,1
1294207.0,0.7725,-1.2588,-4.7927,255.0,1
1294217.0,0.7616,-1.2806,-3.9649,255.0,1
1294230.0,0.7496,-1.3592,-3.28,255.0,1
1294240.0,0.7365,-1.5097,-2.7135,255.0,1
1294250.0,0.7234,-1.5501,-2.2448,255.0,1
1294257.0,0.7093,-1.5468,-1.857,255.0,1
1294267.0,0.6962,-1.5075,-1.5363,255.0,1
1294280.0,0.6842,-1.4279,-1.2709,255.0,1
1294290.0,0.6722,-1.3308,-1.0514,255.0,1
1294300.0,0.6602,-1.3243,-0.8698,255.0,1
1294307.0,0.6482,-1.3341,-0.7196,255.0,1
1294317.0,0.6362,-1.3494,-0.5953,255.0,1
1294330.0,0.6242,-1.3548,-0.4924,255.0,1
1294340.0,0.6122,-1.3406,-0.4074,255.0,1
1294350.0,0.6002,-1.285,-0.337,255.0,1
1294357.0,0.5893,-1.1846,-0.2788,255.0,1
1294368.0,0.5794,-1.1028,-0.2306,255.0,1
1294380.0,0.5696,-1.0167,-0.1908,255.0,1
1294390.0,0.562,-0.9163,-0.1579,255.0,1
1294400.0,0.5544,-0.7854,-0.1306,255.0,1
1294408.0,0.5489,-0.6458,-0.108,255.0,1
1294418.0,0.5445,-0.4821,-0.0894,255.0,1
1294430.0,0.5413,-0.2956,-0.0739,255.0,1
1294440.0,0.5402,-0.1396,-0.0612,255.0,1
1294451.0,0.5413,0.0436,-0.0506,255.0,1
1294458.0,0.5424,0.2029,-0.0419,255.0,1
1294468.0,0.5456,0.3327,-0.0346,255.0,1
1294481.0,0.55,0.4516,-0.0286,255.0,1
1294491.0,0.5555,0.5269,-0.0237,255.0,1
1294501.0,0.5598,0.5814,-0.0196,255.0,1
1294508.0,0.5664,0.648,-0.0162,255.0,1
1294518.0,0.5729,0.7003,-0.0134,255.0,1
1294531.0,0.5794,0.7276,-0.0111,255.0,1
1294541.0,0.586,0.757,-0.0092,255.0,1
1294551.0,0.5936,0.7701,-0.0076,255.0,1
1294558.0,0.6002,0.7865,-0.0063,255.0,1
1294568.0,0.6078,0.805,-0.0052,255.0,1
1294581.0,0.6154,0.8094,-0.0043,255.0,1
1294591.0,0.622,0.8399,-0.0036,255.0,1
1294601.0,0.6307,0.8792,-0.0029,255.0,1
1294608.0,0.6384,0.9294,-0.0024,255.0,1
1294618.0,0.6471,0.9785,-0.002,255.0,1
1294631.0,0.6558,1.0156,-0.0017,255.0,1
1294641.0,0.6656,1.0832,-0.0014,255.0,1
1294651.0,0.6754,1.1639,-0.0011,255.0,1
1294658.0,0.6864,1.2217,-0.0009,255.0,1
1294669.0,0.6973,1.2741,-0.0008,255.0,1
1294681.0,0.7093,1.3341,-0.0006,255.0,1
1294691.0,0.7213,1.3712,-0.0005,255.0,1
1294701.0,0.7333,1.3886,-0.0004,255.0,1
1294709.0,0.7453,1.4083,-0.0004,255.0,1
1294719.0,0.7573,1.3766,-0.0003,255.0,1
1294731.0,0.7682,1.3319,-0.0003,255.0,1
1294741.0,0.778,1.2545,1.1303,255.0,1
1294751.0,0.7889,1.1639,2.0656,255.0,1
1294759.0,0.7976,1.093,1.7088,255.0,1
1294769.0,0.8063,0.9828,1.4136,255.0,0
1294781.0,0.814,0.8999,1.1695,255.0,0
1294791.0,0.8271,0.8105,0.9675,255.0,0
1294802.0,0.8336,0.7287,0.8004,255.0,0
1294809.0,0.8336,0.6818,0.6621,255.0,0
1294819.0,0.8391,0.6218,0.5477,255.0,0
1294831.0,0.8478,0.5651,0.4531,255.0,0
1294842.0,0.8522,0.516,0.3749,255.0,0
1294852.0,0.8554,0.4701,0.3101,255.0,0
1294859.0,0.8554,0.432,0.2565,255.0,0
1294869.0,0.8587,0.4025,0.2122,255.0,0
1294882.0,0.8642,0.3698,0.1756,255.0,0
1294892.0,0.8674,0.348,0.1452,255.0,0
1294902.0,0.8696,0.3262,0.1202,255.0,0
1294909.0,0.8696,0.3065,0.0994,255.0,0
1294919.0,0.8718,0.2836,0.0822,255.0,0
1294932.0,0.874,0.2563,0.068,255.0,0
1294942.0,0.8772,0.2171,0.0563,255.0,0
1294952.0,0.8783,0.192,0.0466,255.0,0
1294960.0,0.8783,0.1604,0.0385,255.0,0
1294970.0,0.8794,0.1309,0.0319,255.0,0
1294982.0,0.8805,0.1047,0.0264,255.0,0
1294992.0,0.8805,0.0535,0.0218,255.0,0
1295002.0,0.8805,0.0,0.018,255.0,0
1295010.0,0.8805,-0.0633,0.0149,255.0,0
1295020.0,0.8794,-0.1178,0.0123,255.0,0
1295032.0,0.8762,-0.1582,0.0102,255.0,0
1295042.0,0.874,-0.1985,0.0084,255.0,0
1295052.0,0.8718,-0.2214,0.007,255.0,0
1295060.0,0.8718,-0.2531,0.0058,255.0,0
1295070.0,0.8696,-0.276,0.0048,255.0,0
1295082.0,0.8663,-0.2509,0.004,255.0,0
1295092.0,0.8642,-0.2247,0.0033,255.0,0
1295102.0,0.862,-0.2553,0.0027,255.0,0
1295110.0,0.862,-0.2738,0.0022,255.0,0
1295120.0,0.8587,-0.3272,0.0019,255.0,0
1295132.0,0.8522,-0.3927,0.0015,255.0,0
1295142.0,0.8489,-0.4069,0.0013,255.0,0
1295153.0,0.8456,-0.36,0.001,255.0,0
1295160.0,0.8456,-0.3643,0.0009,255.0,0
1295170.0,0.8423,-0.3883,0.0007,255.0,0
1295182.0,0.8358,-0.3883,0.0006,255.0,0
1295192.0,0.8325,-0.408,0.0005,255.0,0
1295203.0,0.8303,-0.372,0.0004,255.0,0
1295210.0,0.8303,-0.3403,0.0003,255.0,0
1295220.0,0.8271,-0.3163,0.0003,255.0,0
1295233.0,0.8216,-0.3163,0.0002,255.0,0
1295243.0,0.8194,-0.3043,0.0002,255.0,0
1295253.0,0.8173,-0.2749,0.0002,255.0,0
1295261.0,0.8173,-0.2476,0.0001,255.0,0
1295271.0,0.8151,-0.2454,0.0001,255.0,0
1295283.0,0.8107,-0.2694,0.0001,255.0,0
1295293.0,0.8074,-0.3011,0.0001,255.0,0
1295303.0,0.8042,-0.3349,0.0001,255.0,0
1295311.0,0.8042,-0.3818,0.0001,255.0,0
1295321.0,0.8009,-0.4069,0.0,255.0,0
1295333.0,0.7933,-0.4298,0.0,255.0,1
1295343.0,0.7889,-0.4745,0.0,255.0,1
1295353.0,0.7834,-0.5094,0.0,255.0,1
1295361.0,0.7834,-0.5967,0.0,255.0,1
1295371.0,0.778,-0.5792,0.0,255.0,1
1295383.0,0.7671,-0.6207,0.0,255.0,1
1295393.0,0.7616,-0.6643,0.0,255.0,1
1295403.0,0.7551,-0.6643,0.0,255.0,1
1295411.0,0.7551,-0.6752,0.0,255.0,1
1295421.0,0.7496,-0.6905,0.0,255.0,1
1295433.0,0.7376,-0.6687,0.0,255.0,1
1295443.0,0.7322,-0.6381,0.0,255.0,1
1295454.0,0.7267,-0.6523,0.0,255.0,1
1295461.0,0.7267,-0.6207,0.0,255.0,1
1295471.0,0.7213,-0.6392,0.0,255.0,1
1295483.0,0.7093,-0.6501,0.0,255.0,1
1295493.0,0.7027,-0.7003,0.0,255.0,1
1295504.0,0.694,-0.7854,0.0,255.0,1
1295512.0,0.694,-0.925,-1.1305,255.0,1
1295522.0,0.6842,-1.1574,-2.0657,255.0,1
1295534.0,0.6536,-1.4933,-1.7089,255.0,1
1295544.0,0.6318,-1.9133,-1.4137,255.0,1
1295554.0,0.6078,-2.354,-1.1696,255.0,1
1295562.0,0.6078,-2.7751,-0.9675,255.0,1
1295572.0,0.5794,-3.1394,-0.8004,255.0,1
1295584.0,0.5162,-3.3914,-0.6622,255.0,1
1295594.0,0.4824,-3.5812,-0.5478,255.0,1
1295604.0,0.4485,-3.6641,-0.4532,99.13,1
1295612.0,0.4485,-3.6706,-0.3749,96.39,1
1295622.0,0.4158,-3.6139,-0.3101,-136.68,1
1295634.0,0.3526,-3.4787,-0.2566,-255.0,1
1295644.0,0.3231,-3.2899,-0.2123,-255.0,1
1295654.0,0.2958,-3.1089,-0.1756,-255.0,1
1295662.0,0.2958,-2.846,-0.1453,-173.66,1
1295672.0,0.2718,-2.5307,-1.2507,-114.48,1
1295684.0,0.2369,-2.0617,-2.1651,121.15,1
1295694.0,0.226,-1.5981,-2.9217,250.04,1
1295704.0,0.2173,-1.2119,-4.678,255.0,1
1295712.0,0.2173,-0.9196,-5.0005,255.0,1
1295723.0,0.2107,-0.6436,-5.2673,255.0,1
1295734.0,0.2009,-0.4843,-5.488,255.0,1
1295744.0,0.1966,-0.4691,-4.54,255.0,1
1295754.0,0.1922,-0.4331,-3.7559,255.0,1
1295762.0,0.1922,-0.4123,-3.1071,255.0,1
1295773.0,0.1889,-0.4342,-2.5704,255.0,1
1295784.0,0.178,-0.4614,-0.9959,255.0,1
1295794.0,0.1726,-0.5432,0.3066,255.0,1
1295804.0,0.166,-0.6109,1.3841,255.0,1
1295813.0,0.166,-0.685,3.4061,255.0,1
1295823.0,0.1595,-0.6894,5.0787,255.0,1
1295834.0,0.1453,-0.6938,6.4625,255.0,1
1295844.0,0.1388,-0.7025,7.6073,255.0,1
1295855.0,0.1333,-0.6829,9.6848,255.0,1
1295863.0,0.1333,-0.589,11.4035,255.0,1
1295873.0,0.13,-0.3643,12.8253,255.0,1
1295885.0,0.1268,-0.2116,15.132,255.0,1
1295895.0,0.1257,-0.0982,17.0403,255.0,1
1295905.0,0.1246,-0.1233,18.619,255.0,1
1295913.0,0.1246,-0.1418,19.9249,255.0,1
1295924.0,0.1235,-0.0676,21.0054,255.0,1
1295935.0,0.1257,0.0545,21.8992,255.0,1
1295945.0,0.1268,0.0982,23.7691,255.0,1
1295955.0,0.1278,0.1451,26.4465,255.0,1
1295964.0,0.1278,0.1778,27.531,255.0,1
1295974.0,0.13,0.1931,28.4281,255.0,1
1295985.0,0.1333,0.1854,30.3008,255.0,1
1295995.0,0.1355,0.1876,31.85,255.0,1
1296005.0,0.1377,0.2236,33.1316,255.0,1
1296014.0,0.1377,0.1953,35.3224,255.0,1
1296024.0,0.1398,0.2018,38.2652,255.0,1
1296035.0,0.1431,0.2138,39.5693,255.0,1
1296045.0,0.1453,0.1887,40.6481,255.0,1
1296055.0,0.1464,0.1811,42.671,255.0,1
1296064.0,0.1464,0.1527,44.3446,255.0,1
1296074.0,0.1486,0.156,45.729,255.0,1
1296085.0,0.1518,0.1778,48.0049,255.0,1
1296095.0,0.154,0.1909,49.8876,255.0,1
1296105.0,0.1551,0.1494,50.3146,255.0,1
1296114.0,0.1551,0.1331,51.7984,255.0,1
1296124.0,0.1562,0.1134,54.1564,255.0,1
1296135.0,0.1584,0.1244,56.1071,255.0,1
1296145.0,0.1595,0.1014,57.7208,255.0,1
1296156.0,0.1606,0.0949,60.1864,255.0,1
1296164.0,0.1606,0.1102,62.226,255.0,1
1296174.0,0.1617,0.1069,63.9134,255.0,1
1296185.0,0.1638,0.1254,65.3093,255.0,1
1296196.0,0.166,0.1462,66.464,255.0,1
1296206.0,0.1671,0.1462,68.5499,255.0,1
1296214.0,0.1671,0.1876,70.2754,255.0,1
1296225.0,0.1715,0.2062,71.7029,255.0,1
1296236.0,0.1737,0.2509,74.0143,255.0,1
1296246.0,0.1758,0.2596,75.9265,255.0,1
1296256.0,0.178,0.2367,76.3779,255.0,1
1296265.0,0.178,0.2367,77.8818,255.0,1
1296275.0,0.1813,0.2454,79.126,255.0,1
1296286.0,0.1857,0.2727,81.2857,255.0,1
1296296.0,0.1889,0.2913,84.203,255.0,1
1296306.0,0.1911,0.2913,85.4858,255.0,1
1296315.0,0.1911,0.2913,86.547,255.0,1
1296325.0,0.1966,0.2978,88.5555,255.0,1
1296336.0,0.1998,0.252,90.217,255.0,1
1296346.0,0.2009,0.1942,91.5915,255.0,1
1296356.0,0.2031,0.1822,93.8591,255.0,1
1296365.0,0.2042,0.1822,95.7351,255.0,1
1296375.0,0.2053,0.168,97.287,255.0,1
1296386.0,0.2064,0.0665,98.5708,255.0,1
1296396.0,0.2064,-0.0425,100.7634,255.0,1
1296406.0,0.2053,-0.1036,102.5773,255.0,1
1296415.0,0.2053,-0.1036,104.0779,255.0,1
1296425.0,0.2042,-0.2203,106.4497,255.0,1
1296436.0,0.1987,-0.3469,108.4119,255.0,1
1296446.0,0.1955,-0.3872,110.0352,255.0,1
1296457.0,0.1911,-0.4767,111.3781,255.0,1
1296465.0,0.1868,-0.4767,112.489,255.0,1
1296475.0,0.1824,-0.4745,114.5385,255.0,1
1296486.0,0.178,-0.4211,117.3646,255.0,1
1296496.0,0.1737,-0.4232,118.572,255.0,1
1296507.0,0.1693,-0.4494,119.5708,255.0,1
1296516.0,0.1649,-0.4494,121.5276,255.0,1
1296526.0,0.1617,-0.4429,124.277,255.0,1
1296536.0,0.1584,-0.3371,126.5514,255.0,1
1296547.0,0.1551,-0.3229,127.3025,255.0,1
1296557.0,0.1518,-0.3043,129.0543,255.0,1
1296566.0,0.1497,-0.3043,131.6341,255.0,1
1296576.0,0.1475,-0.2705,133.7682,255.0,1
1296587.0,0.1464,-0.1364,134.4032,255.0,1
1296597.0,0.1453,-0.1178,134.9286,255.0,1
1296607.0,0.1442,-0.1178,136.4937,255.0,1
1296616.0,0.1431,-0.1178,137.7885,255.0,1
1296626.0,0.1431,-0.0491,138.8596,255.0,1
1296637.0,0.1431,0.0164,138.6152,255.0,1
1296647.0,0.1442,0.0196,138.413,255.0,1
1296657.0,0.1442,0.072,139.3763,255.0,1
1296666.0,0.1464,0.072,141.3036,255.0,1
1296676.0,0.1486,0.1996,142.8981,255.0,1
1296687.0,0.1518,0.3033,143.0866,255.0,1
1296697.0,0.1551,0.3469,144.3731,255.0,1
1296707.0,0.1584,0.3556,146.5679,255.0,1
1296716.0,0.1628,0.3556,147.2531,255.0,1
1296727.0,0.1649,0.3687,147.8199,255.0,1
1296737.0,0.1682,0.2705,150.5498,255.0,1
1296747.0,0.1704,0.2596,152.8082,255.0,1
1296757.0,0.1726,0.2683,153.546,255.0,1
1296767.0,0.1748,0.2683,154.1563,255.0,1
1296777.0,0.1769,0.228,155.7918,255.0,1
1296787.0,0.1791,0.204,158.2752,255.0,1
1296797.0,0.1813,0.2913,159.1992,255.0,1
1296808.0,0.1846,0.2891,159.9636,255.0,1
1296817.0,0.1868,0.2891,162.8569,255.0,1
1296827.0,0.19,0.3392,165.2506,255.0,1
1296838.0,0.1944,0.3992,166.1002,255.0,1
1296848.0,0.1977,0.36,166.8031,255.0,1
1296858.0,0.2009,0.3425,168.5151,255.0,1
1296867.0,0.2042,0.3425,171.0619,255.0,1
1296877.0,0.2075,0.3611,173.1688,255.0,1
1296888.0,0.2097,0.1854,174.9118,255.0,1
1296898.0,0.2118,0.2062,176.3537,255.0,1
1296908.0,0.2129,0.1854,177.5465,255.0,1
1296917.0,0.2151,0.1854,178.5333,255.0,1
1296928.0,0.2151,0.0545,180.4802,255.0,1
1296938.0,0.2151,-0.024,183.2213,255.0,1
1296948.0,0.2151,-0.0109,184.3584,255.0,1
1296958.0,0.214,-0.1244,185.2991,255.0,1
1296967.0,0.2118,-0.2269,187.2078,255.0,1
1296977.0,0.2097,-0.2476,188.7868,255.0,1
1296988.0,0.2064,-0.3327,191.2236,255.0,1
1296998.0,0.202,-0.4483,193.2395,255.0,1
1297008.0,0.1966,-0.4745,193.7767,255.0,1
1297018.0,0.1922,-0.4745,195.3516,255.0,1
1297028.0,0.1868,-0.5432,197.785,255.0,1
1297038.0,0.1824,-0.4974,198.6676,255.0,1
1297048.0,0.1791,-0.3665,200.5282,255.0,1
1297058.0,0.1748,-0.4309,203.1979,255.0,1
1297068.0,0.1715,-0.4309,204.276,255.0,1
1297078.0,0.1693,-0.2029,205.1679,255.0,1
1297088.0,0.1671,-0.2847,207.0362,255.0,1
1297098.0,0.1638,-0.3033,208.5818,255.0,1
1297109.0,0.1617,-0.168,209.8605,255.0,1
1297118.0,0.1595,-0.2585,210.9183,255.0,1
1297128.0,0.1573,-0.2389,211.7933,255.0,1
1297138.0,0.1562,-0.108,213.6478,255.0,1
1297149.0,0.1551,-0.1287,215.1819,255.0,1
1297159.0,0.154,-0.0894,216.451,255.0,1
1297168.0,0.154,0.036,218.6314,255.0,1
1297178.0,0.1551,0.0218,220.4352,255.0,1
1297189.0,0.1551,0.0142,221.9275,255.0,1
1297199.0,0.1551,0.0753,223.162,255.0,1
1297209.0,0.1562,0.0196,224.1832,255.0,1
1297218.0,0.1551,-0.0338,226.1586,255.0,1
1297229.0,0.1551,-0.0567,227.7927,255.0,1
1297239.0,0.154,-0.0774,229.1446,255.0,1
1297249.0,0.1529,-0.1265,230.263,255.0,1
1297259.0,0.1518,-0.1342,231.1882,255.0,1
1297269.0,0.1508,-0.1145,233.0841,255.0,1
1297279.0,0.1497,-0.1244,234.6526,255.0,1
1297289.0,0.1486,-0.1145,235.9501,255.0,1
1297299.0,0.1464,-0.1178,238.154,255.0,1
1297309.0,0.1453,-0.1789,238.8467,255.0,1
1297319.0,0.1431,-0.1778,240.5503,255.0,1
1297329.0,0.1409,-0.2029,243.0901,255.0,1
1297339.0,0.1388,-0.2607,244.0607,255.0,1
1297349.0,0.1366,-0.2422,244.8637,255.0,1
1297359.0,0.1344,-0.2673,245.528,255.0,1
1297369.0,0.1311,-0.2509,247.208,255.0,1
1297379.0,0.13,-0.1996,249.7283,255.0,1
1297389.0,0.1278,-0.204,250.6828,255.0,1
1297399.0,0.1268,-0.1124,251.4725,255.0,1
1297409.0,0.1257,-0.1331,253.2562,255.0,1
1297419.0,0.1246,-0.0753,254.7319,255.0,1
1297429.0,0.1246,-0.0262,255.9526,255.0,1
1297439.0,0.1246,-0.0185,256.9625,255.0,1
1297449.0,0.1246,0.0393,257.798,255.0,1
1297460.0,0.1246,0.0262,258.4892,255.0,1
1297470.0,0.1257,0.1102,260.1914,255.0,1
1297480.0,0.1268,0.1364,261.5997,255.0,1
1297490.0,0.1289,0.2214,262.7646,255.0,1
1297500.0,0.1322,0.2967,264.8589,255.0,1
1297510.0,0.1355,0.324,266.5915,255.0,1
1297520.0,0.1398,0.468,268.0247,255.0,1
1297530.0,0.1442,0.4243,268.08,255.0,1
1297540.0,0.1497,0.637,269.2561,255.0,1
1297550.0,0.1562,0.5858,271.3597,255.0,1
1297560.0,0.1628,0.6676,271.9694,255.0,1
1297570.0,0.1693,0.7047,273.6042,255.0,1
1297580.0,0.1748,0.5498,274.9567,255.0,1
1297590.0,0.1813,0.7276,276.0756,255.0,1
1297600.0,0.1857,0.4309,277.0012,255.0,1
1297610.0,0.1911,0.5749,277.7669,255.0,1
1297620.0,0.1944,0.3785,279.5309,255.0,1
1297630.0,0.1987,0.384,280.9902,255.0,1
1297640.0,0.202,0.324,282.1974,255.0,1
1297650.0,0.2031,0.1865,284.3266,255.0,1
1297660.0,0.2064,0.2662,286.088,255.0,1
1297670.0,0.2064,0.0295,286.4147,255.0,1
1297680.0,0.2086,0.1724,286.685,255.0,1
1297690.0,0.2075,-0.0796,288.039,255.0,1
1297700.0,0.2075,0.0469,290.2897,255.0,1
1297710.0,0.2064,-0.1963,292.1516,255.0,1
1297720.0,0.2053,-0.0698,292.5615,255.0,1
1297730.0,0.2031,-0.2171,292.9005,255.0,1
1297740.0,0.202,-0.1134,294.3115,255.0,1
1297751.0,0.2009,-0.1582,295.4787,255.0,1
1297761.0,0.1987,-0.1167,297.5749,255.0,1
1297771.0,0.1977,-0.1374,299.309,255.0,1
1297781.0,0.1955,-0.1996,299.613,255.0,1
1297791.0,0.1944,-0.1462,299.8646,255.0,1
1297801.0,0.1911,-0.3065,301.2032,255.0,1
1297811.0,0.1889,-0.2302,303.441,255.0,1
1297821.0,0.1857,-0.3927,305.2924,255.0,1
1297831.0,0.1835,-0.2574,305.6935,255.0,1
1297841.0,0.1791,-0.4407,306.0252,255.0,1
1297851.0,0.1758,-0.2869,307.4302,255.0,1
1297861.0,0.1726,-0.4003,308.5925,255.0,1
1297871.0,0.1693,-0.2487,309.5541,255.0,1
1297881.0,0.166,-0.3545,311.48,255.0,1
1297891.0,0.1638,-0.2062,313.0733,255.0,1
1297901.0,0.1617,-0.2967,313.2609,255.0,1
1297911.0,0.1595,-0.1767,314.5466,255.0,1
1297921.0,0.1573,-0.2662,316.7407,255.0,1
1297931.0,0.1551,-0.1647,317.4253,255.0,1
1297941.0,0.154,-0.2094,317.9917,255.0,1
1297951.0,0.1529,-0.0993,319.5907,255.0,1
1297962.0,0.1508,-0.1691,319.7831,255.0,1
1297972.0,0.1497,-0.0807,319.9422,255.0,1
1297982.0,0.1486,-0.1451,321.2043,255.0,1
1297992.0,0.1486,-0.0676,323.3789,255.0,1
1298002.0,0.1464,-0.1145,325.1779,255.0,1
1298012.0,0.1464,-0.0665,325.5357,255.0,1
1298022.0,0.1453,-0.0785,325.8317,255.0,1
1298032.0,0.1453,-0.0524,327.207,255.0,1
1298042.0,0.1442,-0.1113,328.3448,255.0,1
1298052.0,0.1431,-0.1244,329.2861,255.0,1
1298062.0,0.1409,-0.1396,331.1953,255.0,1
1298072.0,0.1398,-0.2116,332.7747,255.0,1
1298082.0,0.1377,-0.1876,332.9508,255.0,1
1298092.0,0.1344,-0.2934,333.0965,255.0,1
1298102.0,0.1322,-0.1985,334.3475,255.0,1
1298112.0,0.1289,-0.3447,335.3825,255.0,1
1298122.0,0.1278,-0.1942,336.2386,255.0,1
1298132.0,0.1235,-0.3698,338.0774,255.0,1
1298142.0,0.1224,-0.1931,339.5986,255.0,1
1298152.0,0.118,-0.3643,339.7265,255.0,1
1298162.0,0.1158,-0.2258,340.9629,255.0,1
1298172.0,0.1137,-0.3076,341.9857,255.0,1
1298183.0,0.1104,-0.276,342.8318,255.0,1
1298193.0,0.1082,-0.2487,343.5317,255.0,1
1298203.0,0.1049,-0.3065,345.2413,255.0,1
1298213.0,0.1028,-0.216,346.6555,255.0,1
1298223.0,0.0995,-0.3469,346.6951,225.04,1
1298233.0,0.0984,-0.1767,347.8582,255.0,1
1298243.0,0.0951,-0.3338,348.8205,253.22,1
1298253.0,0.094,-0.12,349.6165,255.0,1
1298263.0,0.0918,-0.2345,350.2751,255.0,1
1298273.0,0.0908,-0.1156,351.9504,255.0,1
1298283.0,0.0886,-0.1331,353.3363,255.0,1
1298293.0,0.0875,-0.1549,353.3524,255.0,1
1298303.0,0.0875,0.0087,354.4961,255.0,1
1298313.0,0.0864,-0.1069,355.4423,255.0,1
1298323.0,0.0875,0.0785,356.2251,255.0,1
1298333.0,0.0864,-0.0894,356.8727,255.0,1
1298344.0,0.0875,0.0654,357.4084,255.0,1
1298353.0,0.0864,-0.0316,358.9821,255.0,1
1298363.0,0.0853,-0.0862,360.284,255.0,1
1298373.0,0.0853,-0.024,361.361,255.0,1
1298384.0,0.0842,-0.1756,362.252,255.0,1
1298394.0,0.0831,-0.0251,362.989,255.0,1
1298404.0,0.082,-0.168,362.4683,255.0,1
1298414.0,0.082,-0.0185,363.168,255.0,1
1298424.0,0.082,-0.012,364.8773,255.0,1
1298434.0,0.082,-0.0142,365.1609,255.0,1
1298444.0,0.0831,0.1069,366.526,255.0,1
1298454.0,0.0831,0.0327,367.6553,255.0,1
1298464.0,0.0853,0.2094,368.5896,255.0,1
1298474.0,0.0853,0.0894,369.3624,255.0,1
1298484.0,0.0875,0.1374,370.0018,255.0,1
1298495.0,0.0886,0.1462,371.6613,255.0,1
1298504.0,0.0886,0.0207,371.9036,255.0,1
1298514.0,0.0897,0.144,372.104,255.0,1
1298524.0,0.0908,0.0218,373.4004,255.0,1
1298535.0,0.0908,0.0916,374.4728,255.0,1
1298545.0,0.0918,0.0938,376.4905,255.0,1
1298555.0,0.0929,0.0578,377.0291,255.0,1
1298564.0,0.094,0.1822,377.4748,255.0,1
1298574.0,0.0951,0.0807,378.9739,255.0,1
1298585.0,0.0973,0.1953,379.0836,255.0,1
1298595.0,0.0984,0.1549,380.3049,255.0,1
1298605.0,0.0995,0.0971,381.3152,255.0,1
1298614.0,0.1017,0.1724,381.0206,255.0,1
1298624.0,0.1017,0.0556,381.9073,255.0,1
1298635.0,0.1028,0.1462,382.6408,255.0,1
1298645.0,0.1038,0.0764,384.3782,255.0,1
1298656.0,0.1038,-0.0076,385.8155,255.0,1
1298665.0,0.1049,0.0709,385.874,255.0,1
1298675.0,0.1049,-0.024,387.0529,255.0,1
1298686.0,0.1049,0.0349,386.8976,255.0,1
1298696.0,0.1049,0.0251,387.8997,255.0,1
1298706.0,0.1049,-0.0284,388.7287,255.0,1
1298715.0,0.106,0.0709,389.4145,255.0,1
1298725.0,0.106,0.0447,391.1123,255.0,1
1298736.0,0.106,0.0556,391.3864,255.0,1
1298746.0,0.1082,0.1233,391.6132,255.0,1
1298756.0,0.1082,0.0774,392.9312,255.0,1
1298765.0,0.1104,0.156,394.0216,255.0,1
1298775.0,0.1115,0.1658,393.7932,255.0,1
1298786.0,0.1137,0.1658,394.7347,255.0,1
1298796.0,0.1158,0.2269,395.5136,255.0,1
1298806.0,0.118,0.2367,396.158,255.0,1
1298815.0,0.1202,0.2542,397.8215,255.0,1
1298825.0,0.1224,0.2487,399.1978,255.0,1
1298837.0,0.1246,0.2487,399.2057,255.0,1
1298847.0,0.1278,0.2574,399.2124,255.0,1
1298857.0,0.1289,0.204,400.3483,255.0,1
1298865.0,0.1311,0.2062,401.2881,255.0,1
1298876.0,0.1333,0.2378,402.0655,255.0,1
1298887.0,0.1355,0.1833,402.7087,255.0,1
1298897.0,0.1377,0.2127,403.2408,255.0,1
1298907.0,0.1398,0.2269,403.6809,255.0,1
1298916.0,0.1409,0.1636,405.1755,255.0,1
1298926.0,0.1431,0.1516,406.412,255.0,1
1298937.0,0.1442,0.0993,406.3044,255.0,1
1298947.0,0.1442,0.0415,407.3459,255.0,1
1298958.0,0.1442,0.0175,408.2074,255.0,1
1298966.0,0.1442,-0.0436,408.9202,255.0,1
1298976.0,0.1431,-0.1244,410.6404,255.0,1
1298987.0,0.142,-0.0927,410.9329,255.0,1
1298997.0,0.1398,-0.1953,411.1749,255.0,1
1299007.0,0.1377,-0.2378,412.5056,255.0,1
1299016.0,0.1355,-0.2138,412.476,255.0,1
1299026.0,0.1322,-0.3196,412.4514,255.0,1
1299038.0,0.1289,-0.3294,413.5617,255.0,1
1299048.0,0.1268,-0.2629,414.4801,255.0,1
1299058.0,0.1235,-0.3033,415.2399,255.0,1
1299066.0,0.1213,-0.2574,415.8685,255.0,1
1299076.0,0.1202,-0.1396,416.3885,255.0,1
1299088.0,0.1191,-0.1342,416.8187,255.0,1
1299098.0,0.118,-0.0284,418.3051,255.0,1
1299108.0,0.1191,0.0873,419.5347,255.0,1
1299116.0,0.1202,0.1025,419.4214,255.0,1
1299127.0,0.1224,0.2116,420.4583,255.0,1
1299138.0,0.1257,0.3403,421.316,255.0,1
1299148.0,0.1289,0.3382,420.895,255.0,1
1299158.0,0.1322,0.4025,421.6773,255.0,1
1299167.0,0.1377,0.4832,423.455,255.0,1
1299177.0,0.142,0.444,423.7951,255.0,1
1299189.0,0.1464,0.4723,424.0764,255.0,1
1299199.0,0.1508,0.5072,425.4397,255.0,1
1299209.0,0.1551,0.4429,425.437,255.0,1
1299217.0,0.1595,0.3829,425.4348,255.0,1
1299227.0,0.1638,0.4821,426.5634,255.0,1
1299239.0,0.1671,0.3807,427.4971,255.0,1
1299249.0,0.1704,0.3218,428.2695,255.0,1
1299259.0,0.1748,0.4145,428.9085,255.0,1
1299267.0,0.178,0.3033,429.4372,255.0,1
1299277.0,0.1802,0.2236,429.8745,255.0,1
1299289.0,0.1824,0.2531,431.3668,255.0,1
1299299.0,0.1835,0.1527,432.6013,255.0,1
1299309.0,0.1835,0.0273,432.4921,255.0,1
1299317.0,0.1835,-0.0131,432.4018,255.0,1
1299327.0,0.1835,-0.0698,433.4575,255.0,1
1299339.0,0.1813,-0.192,434.3309,255.0,1
1299349.0,0.1791,-0.2247,435.0534,255.0,1
1299359.0,0.178,-0.1647,435.6512,255.0,1
1299367.0,0.1758,-0.1887,436.1457,255.0,1
1299377.0,0.1737,-0.2138,436.5547,255.0,1
1299389.0,0.1726,-0.156,436.8932,255.0,1
1299400.0,0.1704,-0.1593,438.3036,255.0,1
1299410.0,0.1682,-0.2465,438.34,255.0,1
1299418.0,0.1671,-0.1396,438.37,255.0,1
1299428.0,0.1649,-0.1505,439.5254,255.0,1
1299440.0,0.1638,-0.2018,440.4812,255.0,1
1299450.0,0.1628,-0.1124,441.2719,255.0,1
1299460.0,0.1617,-0.0622,441.926,255.0,1
1299468.0,0.1606,-0.0905,442.4672,255.0,1
1299478.0,0.1606,-0.0698,442.9148,255.0,1
1299490.0,0.1606,0.0142,443.2852,255.0,1
1299500.0,0.1606,0.072,443.5916,255.0,1
1299510.0,0.1606,-0.0153,443.845,255.0,1
1299518.0,0.1617,0.0916,445.1852,255.0,1
1299528.0,0.1628,0.12,447.4244,255.0,1
1299540.0,0.1628,0.0404,448.1464,255.0,1
1299550.0,0.1638,0.0927,447.6131,255.0,1
1299560.0,0.1649,0.1145,447.1719,255.0,1
1299568.0,0.166,0.1091,447.9374,255.0,1
1299578.0,0.1671,0.0469,448.5707,255.0,1
1299590.0,0.1682,0.1364,449.0947,255.0,1
1299600.0,0.1693,0.1527,450.6586,255.0,1
1299611.0,0.1704,0.0764,450.8219,255.0,1
1299618.0,0.1715,0.1625,450.957,255.0,1
1299628.0,0.1737,0.2291,452.1992,255.0,1
1299641.0,0.1769,0.2694,453.2269,255.0,1
1299651.0,0.1791,0.2029,452.9466,255.0,1
1299661.0,0.1813,0.3,452.7147,255.0,1
1299668.0,0.1846,0.3283,453.6534,255.0,1
1299678.0,0.1868,0.2454,454.4299,255.0,1
1299691.0,0.19,0.2585,455.0723,255.0,1
1299701.0,0.1922,0.2782,455.6037,255.0,1
1299711.0,0.1955,0.2673,456.0433,255.0,1
1299719.0,0.1966,0.1287,456.407,255.0,1
1299729.0,0.1977,0.1985,456.7079,255.0,1
1299741.0,0.1998,0.1734,458.0873,255.0,1
1299751.0,0.2009,0.1516,459.2284,255.0,1
1299761.0,0.202,0.0524,459.042,255.0,1
1299769.0,0.2031,0.1178,460.0182,255.0,1
1299779.0,0.2042,0.1014,460.8258,255.0,1
1299792.0,0.2042,-0.0033,460.3634,255.0,1
1299801.0,0.2042,-0.0262,461.1114,255.0,1
1299812.0,0.2042,0.0055,461.7302,255.0,1
1299819.0,0.2031,-0.0207,462.2421,255.0,1
1299829.0,0.202,-0.1702,462.6656,255.0,1
1299842.0,0.2009,-0.1222,463.0159,255.0,1
1299852.0,0.1998,-0.1233,464.4363,255.0,1
1299862.0,0.1977,-0.1516,465.6113,255.0,1
1299869.0,0.1955,-0.252,465.4528,255.0,1
1299879.0,0.1944,-0.1658,465.3217,255.0,1
1299892.0,0.1922,-0.1625,466.3438,255.0,1
1299902.0,0.1911,-0.1658,467.1893,255.0,1
1299912.0,0.1889,-0.2367,467.8888,255.0,1
1299919.0,0.1868,-0.1353,467.337,255.0,1
1299929.0,0.1857,-0.1254,468.0109,255.0,1
1299942.0,0.1846,-0.1265,469.699,255.0,1
1299952.0,0.1824,-0.2062,469.965,255.0,1
1299962.0,0.1824,-0.0796,470.185,255.0,1
1299969.0,0.1813,-0.0491,470.3671,255.0,1
1299979.0,0.1802,-0.1036,471.6482,255.0,1
1299992.0,0.1791,-0.1124,472.7079,255.0,1
1300002.0,0.1791,-0.0153,472.4542,255.0,1
1300012.0,0.1791,0.0011,472.2443,255.0,1
1300020.0,0.1791,-0.0196,473.2011,255.0,1
1300030.0,0.178,-0.1047,473.9927,255.0,1
1300042.0,0.178,-0.0185,473.5171,255.0,1
1300053.0,0.178,0.0251,474.2541,255.0,1
1300063.0,0.178,-0.0295,474.8638,255.0,1
1300070.0,0.1769,-0.0764,475.3681,255.0,1
1300080.0,0.1769,-0.0044,475.7854,255.0,1
1300093.0,0.1769,0.024,476.1306,255.0,1
1300102.0,0.1769,0.0087,477.5466,255.0,1
1300113.0,0.1758,-0.1091,477.5876,255.0,1
1300120.0,0.1758,-0.0142,477.6215,255.0,1
1300130.0,0.1758,0.0175,477.6495,255.0,1
1300143.0,0.1758,0.0131,478.8033,255.0,1
1300153.0,0.1758,-0.1047,479.7577,255.0,1
1300163.0,0.1748,-0.0316,479.4168,255.0,1
1300170.0,0.1748,-0.0044,480.2653,255.0,1
1300182.0,0.1748,-0.0011,480.9672,255.0,1
1300193.0,0.1737,-0.1178,481.5478,255.0,1
1300203.0,0.1726,-0.084,482.0281,255.0,1
1300213.0,0.1726,-0.0338,482.4255,255.0,1
1300220.0,0.1726,0.0011,482.7543,255.0,1
1300230.0,0.1715,-0.0916,483.0263,255.0,1
1300243.0,0.1704,-0.1047,483.2513,255.0,1
1300253.0,0.1704,-0.0044,483.4374,255.0,1
1300263.0,0.1715,0.0349,483.5913,255.0,1
1300270.0,0.1715,-0.0011,484.8492,255.0,1
1300280.0,0.1704,-0.0567,485.8899,255.0,1
1300294.0,0.1704,0.0055,485.6202,255.0,1
1300303.0,0.1715,0.0753,485.3972,255.0,1
1300313.0,0.1726,0.1091,486.3431,255.0,1
1300320.0,0.1726,-0.0131,488.2563,255.0,1
1300331.0,0.1726,0.0316,488.7084,255.0,1
1300344.0,0.1737,0.12,487.9519,255.0,1
1300354.0,0.1758,0.1593,488.4566,255.0,1
1300364.0,0.1758,0.0818,488.8741,255.0,1
1300371.0,0.1758,0.0131,489.2195,255.0,1
1300381.0,0.1769,0.0785,489.5053,255.0,1
1300394.0,0.178,0.1593,489.7417,255.0,1
1300404.0,0.1802,0.144,491.0677,255.0,1
1300414.0,0.1802,-0.012,492.1648,255.0,1
1300421.0,0.1802,0.0196,493.0723,255.0,1
1300431.0,0.1813,0.0894,492.6926,255.0,1
1300444.0,0.1824,0.1014,492.3784,255.0,1
1300454.0,0.1824,0.0142,493.2491,255.0,1
1300464.0,0.1813,-0.0622,493.9693,255.0,1
1300471.0,0.1813,0.0055,493.4346,255.0,1
1300481.0,0.1813,0.0425,492.9923,255.0,1
1300494.0,0.1824,0.0229,493.7569,255.0,1
1300504.0,0.1813,-0.084,495.5199,255.0,1
1300514.0,0.1802,-0.1254,496.9784,255.0,1
1300521.0,0.1791,-0.0404,497.0545,255.0,1
1300531.0,0.1791,0.0065,497.1174,255.0,1
1300544.0,0.1791,-0.0436,497.1695,255.0,1
1300554.0,0.178,-0.1473,497.2126,255.0,1
1300564.0,0.1769,-0.108,498.3787,255.0,1
1300571.0,0.1769,0.0,499.3434,255.0,1
1300581.0,0.1769,0.0327,499.011,255.0,1
1300594.0,0.1758,-0.0665,498.736,255.0,1
1300604.0,0.1758,-0.0807,499.6389,255.0,1
1300614.0,0.1748,-0.0665,500.386,255.0,1
1301044.1904761905,0.16710952380952382,-0.06255238095238096,1004.9424904761904,230.71428571428572,1
1301863.6009070296,0.1524609977324263,-0.05503310657596372,1966.0024723356007,184.45578231292518,1
1302975.657920311,0.13258085519922255,-0.04482837706511176,3270.2981620019436,121.67638483965015,1
1304246.580221204,0.10986069230413255,-0.03316582905270952,4760.921807334907,49.928502013050135,1
1305532.632549489,0.08687005127933908,-0.021364441183016773,6269.290972255167,-22.67352227577132,1
1306708.4518210634,0.06585003662809935,-0.01057460084501198,7648.371351610833,-89.05251591126522,1
1307688.3012140424,0.048333357752066236,-0.0015830672300079871,8797.605001073889,-144.3683439408435,1
1308434.8531325024,0.03498731670366005,0.0052676250480902945,9673.211591140978,-186.51373672528405,1
1308954.7732185728,0.025692752402091457,0.010038642884623026,10283.009037794845,-215.864992414448,1
1309284.8812097285,0.019791441734428858,0.013067860558612062,10670.1820197973,-234.50071031232991,1
1309475.086290347,0.01639116273068041,0.014813266932672412,10893.267404665381,-245.23843348206185,1
1309573.8941244343,0.014624784027434461,0.01571997154257389,11009.155916285163,-250.81647149231222,1
1309619.7691902607,0.013804679629498842,0.01614094154002815,11062.961296680061,-253.4062748542142,1
1309638.589730087,0.01346822654316628,0.016313647180009383,11085.035298893354,-254.46875828473807,1
1309645.3113514534,0.013348064726618937,0.016375327765716968,11092.918871112386,-254.8482166527823,1
1309647.3598455843,0.013311443982528318,0.016394125658504042,11095.321483598187,-254.96386110780531,1
1309647.8780658257,0.01330217980619587,0.016398881077810293,11095.929287352035,-254.99311640148673,1
1309647.9825808322,0.013300311400885124,0.0163998401539729,11096.051869621719,-254.9990166287838,1
1309647.9983410316,0.013300029657227154,0.01639998477656885,11096.070354249687,-254.99990634559845,1
1309647.9999210015,0.013300001412248911,0.016399999275074708,11096.072207345223,-254.99999554026658,1
1309648.0,0.0133,0.0164,11096.0723,-255.0,1
1309658.0,0.0133,0.0251,19818.6289,-255.0,1
1309668.0,0.0144,0.0295,16395.3945,-255.0,1
1309678.0,0.0144,0.0753,13563.4502,255.0,1
1309689.0,0.0155,0.1418,11219.5312,255.0,1
1309698.0,0.0166,0.1418,9280.4736,255.0,1
1309708.0,0.0177,0.1004,7677.4751,255.0,1
1309719.0,0.0188,0.0982,6351.3594,255.0,1
1309728.0,0.0199,0.0905,5254.3013,255.0,1
1309739.0,0.0199,-0.0251,4346.7358,255.0,1
1309748.0,0.0188,-0.0251,3595.9326,255.0,1
1309759.0,0.0188,-0.0665,2975.9448,255.0,1
1309769.0,0.0166,-0.1451,2463.0461,-255.0,1
1309779.0,0.0155,-0.1833,2038.7396,-255.0,1
1309789.0,0.0133,-0.1931,1687.7227,-255.0,1
1309798.0,0.0122,-0.1505,1397.3361,-255.0,1
1309809.0,0.0111,-0.0382,1157.1075,255.0,1
1309819.0,0.0111,-0.0578,957.2426,255.0,1
1309829.0,0.01,-0.0578,791.9,255.0,1
1309839.0,0.0111,0.0589,656.2471,255.0,1
1309849.0,0.01,-0.0469,544.0253,174.81,1
1309859.0,0.01,-0.0284,451.1873,179.61,1
1309869.0,0.01,-0.0033,374.3851,124.01,1
1309879.0,0.0089,-0.1124,310.8488,-118.7,1
1309889.0,0.0079,-0.1058,259.4175,-103.33,1
1309899.0,0.0068,-0.084,215.7393,-78.41,1
1309909.0,0.0068,-0.0709,179.6056,-79.41,1
1309919.0,0.0057,-0.0513,150.8437,-56.29,1
1309929.0,0.0057,-0.0185,125.9193,64.78,1
1309939.0,0.0057,0.0338,105.3,89.23,1
1309949.0,0.0068,0.0535,89.3727,102.18,1
1309959.0,0.0068,0.0633,75.066,106.08,1
1309969.0,0.0079,0.0742,63.2305,115.11,1
1309979.0,0.0089,0.0665,54.5699,115.1,1
1309990.0,0.0089,0.0567,47.4051,109.74,1
1309999.0,0.01,0.1069,40.3474,138.78,1
1310009.0,0.0111,0.0556,34.5088,117.18,1
1310019.0,0.0111,0.0578,30.8092,118.06,1
1310030.0,0.0122,0.0469,27.7486,116.8,1
1310040.0,0.0122,0.0502,24.0861,118.24,1
1310050.0,0.0122,0.0447,21.0563,115.35,1
1310060.0,0.0133,0.024,19.6803,109.28,1
1310070.0,0.0133,0.024,18.5419,109.22,1
1310080.0,0.0133,-0.0076,17.6002,93.35,1
1310090.0,0.0133,0.0022,16.8212,103.46,1
1310100.0,0.0133,-0.0338,16.1767,84.73,1
1310110.0,0.0122,-0.0349,15.6435,74.0,1
1310120.0,0.0122,-0.0338,15.2025,74.78,1
1310130.0,0.0122,-0.0425,14.8376,70.6,1
1310140.0,0.0111,-0.0404,14.5357,67.48,1
1310150.0,0.0111,-0.0556,14.286,59.96,1
1310160.0,0.01,-0.0556,14.0794,55.69,1
1310170.0,0.01,-0.0491,15.039,59.09,1
1310180.0,0.0089,-0.0415,14.7024,58.6,1
1310190.0,0.0089,-0.0524,14.4238,53.18,1
1310200.0,0.0089,-0.0338,15.324,62.54,1
1310210.0,0.0079,-0.0415,14.9381,54.37,1
1310220.0,0.0079,-0.0251,14.6189,62.56,1
1310230.0,0.0079,-0.0251,14.3548,62.57,1
1310240.0,0.0079,-0.0153,14.1363,67.49,1
1310250.0,0.0079,-0.0131,13.9556,68.58,1
1310260.0,0.0068,-0.0153,13.8061,63.13,1
1310270.0,0.0068,-0.0033,13.6824,69.14,1
1310280.0,0.0068,-0.0033,14.7106,69.19,1
1310290.0,0.0068,-0.0076,15.5611,67.06,1
1310301.0,0.0068,-0.0185,15.1343,61.59,1
1310311.0,0.0068,-0.0229,14.7812,59.39,1
1310321.0,0.0068,-0.0218,14.4891,59.93,1
1310331.0,0.0068,-0.0175,14.2474,62.1,1
1310341.0,0.0057,-0.0349,14.0475,49.0,1
1310351.0,0.0057,-0.0349,13.8821,48.99,1
1310361.0,0.0057,-0.0545,13.7453,-48.18,1
1310371.0,0.0046,-0.0524,14.7626,-54.66,1
1310381.0,0.0046,-0.0556,15.6042,-58.03,1
1310391.0,0.0035,-0.0654,15.1699,-65.61,1
1310401.0,0.0035,-0.0513,14.8106,-59.2,1
1310411.0,0.0024,-0.0665,14.5134,-68.66,1
1310421.0,0.0013,-0.0556,14.2676,-71.69,1
1310431.0,0.0013,-0.0458,14.0642,-60.93,1
1310441.0,0.0013,-0.0556,13.8959,-68.14,1
1310451.0,0.0002,-0.0491,13.7567,-70.16,1
1310461.0,0.0002,-0.0469,13.6415,-66.75,1
1310471.0,-0.0009,-0.0447,13.5463,-69.07,1
1310481.0,-0.0009,-0.024,13.4674,-61.01,1
1310491.0,-0.0009,-0.0218,13.4022,-56.67,1
1310501.0,-0.0009,-0.024,13.3483,-61.24,1
1310512.0,-0.0009,0.0076,13.3037,46.23,1
1310522.0,-0.0009,0.0175,13.2668,50.7,1
1310532.0,-0.0009,0.0207,13.2362,51.98,1
1310542.0,-0.0009,0.0436,12.0805,63.1,1
1310552.0,0.0002,0.0404,11.1243,65.56,1
1310562.0,0.0002,0.0622,11.4639,76.3,1
1310572.0,0.0013,0.0578,11.7447,78.35,1
1310582.0,0.0013,0.0545,11.9771,76.61,1
1310592.0,0.0024,0.0567,12.1693,81.98,1
1310602.0,0.0024,0.0622,12.3283,84.65,1
1310612.0,0.0035,0.0513,12.4599,83.5,1
1310622.0,0.0035,0.048,12.5687,81.82,1
1310632.0,0.0046,0.0458,12.6588,85.06,1
1310642.0,0.0046,0.0393,12.7332,81.76,1
1310652.0,0.0046,0.0284,12.7949,76.29,1
1310662.0,0.0046,0.0065,12.8458,65.36,1
1310672.0,0.0046,0.0098,12.888,66.99,1
1310682.0,0.0057,0.0229,12.9229,78.93,1
1310692.0,0.0046,-0.0109,14.0822,56.52,1
1310702.0,0.0046,-0.0109,13.9109,56.53,1
1310712.0,0.0046,-0.0109,13.7691,56.54,1
1310723.0,0.0046,-0.0218,14.7823,52.19,1
1310733.0,0.0046,-0.0175,14.49,53.18,1
1310743.0,0.0035,-0.0153,14.2481,49.94,1
1310753.0,0.0035,-0.0382,14.0481,-53.08,1
1310763.0,0.0035,-0.0142,13.8826,51.07,1
1310773.0,0.0035,-0.0164,13.7457,49.88,1
1310783.0,0.0035,-0.0316,13.6324,-45.17,1
1310793.0,0.0035,-0.0065,13.5387,54.65,1
1310803.0,0.0024,-0.0185,13.4612,44.23,1
1310814.0,0.0024,-0.0087,13.3971,49.1,1
1310824.0,0.0024,0.0033,14.4745,55.12,1
1310833.0,0.0024,-0.0273,15.3659,-47.66,1
1310843.0,0.0024,-0.012,14.9728,47.46,1
1310854.0,0.0024,-0.0033,14.6476,51.8,1
1310864.0,0.0024,-0.0447,14.3785,-60.57,1
1310874.0,0.0024,-0.0011,14.156,53.4,1
1310884.0,0.0024,-0.0033,13.9718,52.18,1
1310893.0,0.0013,-0.0262,13.8195,-54.25,1
1310903.0,0.0024,0.0196,13.6935,63.86,1
1310914.0,0.0024,0.0065,13.5892,57.17,1
1310924.0,0.0013,-0.0229,13.503,-52.51,1
1310934.0,0.0024,0.0415,13.4317,74.82,1
1310943.0,0.0024,-0.0033,13.3726,52.3,1
1310954.0,0.0024,-0.0022,13.3238,52.72,1
1310964.0,0.0024,0.0393,13.2834,73.34,1
1310975.0,0.0024,-0.0196,13.25,-43.5,1
1310985.0,0.0024,-0.0109,13.2224,48.1,1
1310994.0,0.0024,0.012,13.1995,59.5,1
1311004.0,0.0024,-0.0404,13.1806,-57.16,1
1311015.0,0.0013,-0.0229,13.1649,-57.65,1
1311025.0,0.0013,-0.0142,13.152,-43.9,1
1311035.0,0.0013,-0.0665,13.1413,-73.53,1
1311044.0,0.0013,-0.0098,13.1324,45.43,1
1311055.0,0.0002,-0.0207,14.2556,-57.27,1
1311065.0,0.0002,-0.0458,15.1847,-69.4,1
1311075.0,0.0002,-0.0055,14.8229,-43.58,1
1311085.0,0.0002,-0.0393,14.5236,-60.87,1
1311094.0,-0.0009,-0.0469,14.276,-74.59,1
1311105.0,-0.0009,-0.0098,12.9406,-57.62,1
1311115.0,-0.0009,-0.0545,12.9664,-76.21,1
1311126.0,-0.002,-0.0524,12.9877,-80.44,1
1311136.0,-0.002,-0.0338,13.0054,-69.92,1
1311144.0,-0.002,-0.0513,13.02,-80.71,1
1311154.0,-0.0031,-0.0415,11.9016,-80.85,1
1311165.0,-0.0031,-0.0371,12.1069,-75.16,1
1311176.0,-0.0041,-0.0654,12.2767,-93.83,1
1311185.0,-0.0041,-0.0415,12.4171,-80.88,1
1311194.0,-0.0041,-0.0295,12.5334,-76.15,1
1311205.0,-0.0052,-0.0633,12.6295,-95.36,1
1311216.0,-0.0052,-0.0393,11.5785,-85.7,1
1311225.0,-0.0063,-0.0436,10.7091,-91.11,1
1311236.0,-0.0063,-0.0633,11.1203,-102.11,1
1311245.0,-0.0074,-0.0469,11.4606,-98.27,1
1311255.0,-0.0074,-0.0458,10.6115,-99.73,1
1311266.0,-0.0074,-0.0556,9.9091,-102.19,1
1311276.0,-0.0085,-0.0327,9.328,-94.05,1
1311286.0,-0.0085,-0.0556,8.8473,-108.78,1
1311295.0,-0.0096,-0.048,9.5801,-105.94,1
1311305.0,-0.0096,-0.0295,9.0559,-102.06,1
1311315.0,-0.0096,-0.0284,8.6222,-99.9,1
1311326.0,-0.0107,-0.0295,8.2634,-106.59,1
1311336.0,-0.0107,-0.0295,7.9666,-101.87,1
1311345.0,-0.0107,0.0033,7.721,-83.55,1
1311355.0,-0.0107,0.024,7.5179,-70.43,1
1311365.0,-0.0107,0.0295,7.3498,-69.48,1
1311376.0,-0.0096,0.0218,7.2108,-73.57,1
1311386.0,-0.0096,0.0349,7.0958,-71.0,1
1311395.0,-0.0096,0.0524,5.8702,-62.53,1
1311405.0,-0.0085,0.0273,5.9867,-62.67,1
1311415.0,-0.0085,0.0393,6.0832,-58.13,1
1311427.0,-0.0085,0.0349,5.0324,-57.29,1
1311436.0,-0.0085,0.0338,4.1632,-59.4,1
1311446.0,-0.0074,0.0262,4.5746,-60.24,1
1311456.0,-0.0074,0.0,4.9149,-75.56,1
1311467.0,-0.0074,-0.0098,4.066,-77.08,1
1311477.0,-0.0074,-0.0022,3.3637,-75.59,1
1311486.0,-0.0074,-0.0185,3.9132,-83.73,1
1311496.0,-0.0085,-0.0185,4.3678,-90.17,1
1311506.0,-0.0085,-0.0229,3.6133,-89.89,1
1311516.0,-0.0085,-0.0415,2.9892,-100.19,1
1311527.0,-0.0096,-0.0447,2.4729,-103.94,1
1311537.0,-0.0096,-0.0393,2.0457,-98.23,1
1311546.0,-0.0107,-0.072,1.6924,-121.6,1
1311556.0,-0.0107,-0.0676,2.5306,-122.78,1
1311566.0,-0.0118,-0.0796,3.224,-133.96,1
1311577.0,-0.0129,-0.072,2.6671,-129.92,1
1311587.0,-0.014,-0.1025,2.2064,-152.94,1
1311596.0,-0.014,-0.1004,1.8253,-150.58,1
1311606.0,-0.0151,-0.0873,0.3795,-148.29,1
1311616.0,-0.0161,-0.1036,-0.8165,-159.79,1
1311627.0,-0.0172,-0.0971,-0.6755,-162.05,1
1311637.0,-0.0183,-0.1004,-0.5588,-170.1,1
1311646.0,-0.0194,-0.1047,-0.4623,-172.15,1
1311657.0,-0.0205,-0.1091,-1.5129,-181.15,1
1311667.0,-0.0216,-0.1167,-2.3821,-192.49,1
1311678.0,-0.0227,-0.1254,-1.9707,-199.71,1
1311688.0,-0.0238,-0.132,-2.7608,-206.13,1
1311697.0,-0.0249,-0.1342,-3.4144,-214.73,1
1311707.0,-0.026,-0.1036,-3.9552,-202.36,1
1311717.0,-0.0271,-0.0905,-5.533,-195.85,1
1311729.0,-0.0281,-0.0993,-6.8383,-208.17,1
1311740.0,-0.0292,-0.0622,-7.9181,-196.04,1
1311747.0,-0.0292,-0.0545,-8.8115,-186.66,1
1311757.0,-0.0303,-0.0731,-10.681,-201.85,1
1311769.0,-0.0303,-0.0425,-12.2276,-189.98,1
1311778.0,-0.0314,-0.0284,-12.3765,-180.72,1
1311790.0,-0.0314,-0.0502,-13.6303,-194.41,1
1311797.0,-0.0314,-0.024,-15.798,-183.74,1
1311809.0,-0.0325,-0.0153,-16.4607,-179.49,1
1311820.0,-0.0325,-0.0567,-17.009,-209.1,1
1311830.0,-0.0325,-0.0098,-18.5931,-178.71,1
1311840.0,-0.0325,-0.0098,-19.9035,-183.22,1
1311847.0,-0.0336,-0.0567,-20.9876,-208.64,1
1311857.0,-0.0336,-0.0425,-21.8845,-203.69,1
1311870.0,-0.0336,-0.0044,-22.6264,-183.31,1
1311880.0,-0.0347,-0.0949,-23.2402,-226.61,1
1311890.0,-0.0347,-0.0131,-24.8785,-189.71,1
1311897.0,-0.0347,-0.0065,-26.2338,-201.36,1
1311907.0,-0.0358,-0.0949,-27.355,-247.13,1
1311920.0,-0.0358,-0.0229,-28.2825,-193.13,1
1311930.0,-0.0358,0.0404,-29.0499,-177.4,1
1311940.0,-0.0358,-0.06,-30.8151,-229.82,1
1311948.0,-0.0369,-0.0425,-32.2755,-206.52,1
1311958.0,-0.0358,0.0415,-33.4837,-185.71,1
1311971.0,-0.0369,-0.0415,-34.4831,-205.41,1
1311980.0,-0.0369,-0.0142,-35.3099,-193.36,1
1311991.0,-0.0358,0.0687,-35.9939,-169.77,1
1311998.0,-0.0358,-0.0131,-37.6903,-188.02,1
1312008.0,-0.0358,-0.0295,-39.0936,-198.68,1
1312021.0,-0.0358,0.0491,-40.2546,-169.84,1
1312031.0,-0.0358,-0.0109,-42.3455,-188.98,1
1312040.0,-0.0369,-0.0524,-42.9448,-225.57,1
1312048.0,-0.0369,-0.0382,-43.4405,-208.49,1
1312061.0,-0.0369,-0.0131,-44.9811,-211.47,1
1312071.0,-0.038,-0.072,-46.2557,-228.32,1
1312081.0,-0.038,-0.012,-47.31,-199.41,1
1312091.0,-0.038,0.0196,-48.1823,-193.9,1
1312098.0,-0.038,-0.0644,-48.9039,-225.92,1
1312108.0,-0.038,0.0273,-49.5008,-200.82,1
1312121.0,-0.038,0.0295,-51.1252,-177.9,1
1312131.0,-0.038,-0.0425,-53.5994,-224.5,1
1312141.0,-0.038,0.0,-55.6463,-193.49,1
1312148.0,-0.038,0.0404,-57.3397,-202.6,1
1312158.0,-0.038,-0.0305,-57.61,-222.47,1
1312171.0,-0.038,-0.0273,-57.8337,-204.39,1
1312181.0,-0.038,0.0393,-59.1492,-221.91,1
1312191.0,-0.038,-0.0229,-60.2375,-198.48,1
1312198.0,-0.038,-0.0153,-61.1378,-196.99,1
1312208.0,-0.038,0.0415,-63.0131,-197.78,1
1312222.0,-0.038,-0.0131,-64.5645,-195.74,1
1312231.0,-0.038,0.0196,-65.8479,-194.96,1
1312242.0,-0.038,0.0098,-68.0402,-208.08,1
1312248.0,-0.038,-0.0175,-68.7233,-198.41,1
1312259.0,-0.038,-0.0098,-69.2884,-217.43,1
1312272.0,-0.038,-0.0065,-70.8863,-193.63,1
1312281.0,-0.038,-0.0273,-71.0778,-215.18,1
1312292.0,-0.038,0.0011,-71.2362,-212.67,1
1312299.0,-0.038,-0.0055,-72.4977,-193.66,1
1312311.0,-0.038,-0.012,-74.6719,-198.72,1
1312322.0,-0.038,-0.0164,-76.4705,-220.15,1
1312332.0,-0.0391,-0.0142,-76.8279,-225.28,1
1312342.0,-0.0391,-0.0131,-78.2541,-203.46,1
1312349.0,-0.0391,-0.0491,-79.434,-229.3,1
1312362.0,-0.0391,-0.0022,-80.41,-202.07,1
1312371.0,-0.0391,-0.0033,-81.2175,-203.51,1
1312381.0,-0.0391,-0.0098,-83.016,-220.14,1
1312392.0,-0.0391,0.0033,-85.6343,-196.92,1
1312399.0,-0.0391,0.0218,-86.6699,-218.23,1
1312409.0,-0.0391,-0.0447,-87.5266,-219.28,1
1312422.0,-0.0391,-0.0098,-88.2354,-211.79,1
1312432.0,-0.0391,0.012,-88.8217,-234.56,1
1312442.0,-0.0391,-0.0338,-90.4372,-211.32,1
1312449.0,-0.0391,0.0175,-91.7737,-217.19,1
1312459.0,-0.0391,0.0098,-92.8794,-189.52,1
1312472.0,-0.0401,-0.0229,-94.9245,-212.51,1
1312482.0,-0.0401,0.0065,-96.6164,-211.12,1
1312492.0,-0.0391,0.0109,-96.8856,-193.95,1
1312499.0,-0.0401,-0.024,-97.1083,-220.19,1
1312512.0,-0.0391,0.0185,-99.5535,-192.17,1
1312522.0,-0.0391,-0.0022,-101.5764,-202.52,1
1312532.0,-0.0401,-0.024,-102.1193,-227.07,1
1312542.0,-0.0401,-0.0327,-102.5685,-227.9,1
1312549.0,-0.0401,0.0109,-102.9401,-235.51,1
1312559.0,-0.0401,-0.0513,-104.378,-235.62,1
1312572.0,-0.0412,-0.0404,-106.698,-227.93,1
1312582.0,-0.0401,0.048,-108.6173,-207.13,1
1312593.0,-0.0412,-0.0316,-109.0746,-228.05,1
1312600.0,-0.0412,-0.0262,-109.4529,-221.03,1
1312612.0,-0.0412,-0.0065,-110.8964,-236.84,1
1312623.0,-0.0412,-0.0033,-112.0905,-213.33,1
1312632.0,-0.0412,-0.012,-114.2089,-222.0,1
1312643.0,-0.0412,0.0251,-115.9613,-196.64,1
1312650.0,-0.0412,0.012,-117.4111,-216.11,1
1312660.0,-0.0412,0.0011,-118.6105,-243.14,1
1312673.0,-0.0412,0.0098,-119.6027,-210.39,1
1312683.0,-0.0401,0.0109,-121.554,-197.95,1
1312693.0,-0.0401,-0.0044,-123.1682,-207.38,1
1312700.0,-0.0401,0.012,-123.3732,-200.55,1
1312710.0,-0.0401,0.036,-123.5427,-229.43,1
1312723.0,-0.0401,-0.0153,-125.944,-213.12,1
1312733.0,-0.0401,-0.012,-127.9305,-212.06,1
1312743.0,-0.0401,0.0349,-128.4433,-188.93,1
1312750.0,-0.0401,-0.0164,-128.8676,-215.79,1
1312760.0,-0.0401,0.0087,-130.3491,-232.61,1
1312773.0,-0.0401,-0.0371,-131.5747,-224.34,1
1312783.0,-0.0412,-0.0382,-132.5886,-230.71,1
1312793.0,-0.0412,-0.0251,-134.5579,-230.66,1
1312800.0,-0.0412,-0.0131,-135.0565,-219.66,1
1312810.0,-0.0412,0.0229,-135.469,-255.0,1
1312823.0,-0.0423,-0.0785,-138.0713,-255.0,1
1312833.0,-0.0423,-0.0894,-140.2241,-252.43,1
1312843.0,-0.0423,0.024,-140.8745,-222.75,1
1312850.0,-0.0423,0.0131,-141.4126,-255.0,1
1312860.0,-0.0423,0.0458,-142.9882,-178.24,1
1312873.0,-0.0434,-0.1036,-145.4222,-255.0,1
1312883.0,-0.0434,-0.096,-146.3052,-255.0,1
1312893.0,-0.0434,0.0993,-147.0358,-255.0,1
1312900.0,-0.0423,0.0851,-148.7706,-158.85,1
1312910.0,-0.0423,-0.036,-150.2058,-242.7,1
1312924.0,-0.0445,-0.1778,-151.3931,-255.0,1
1312934.0,-0.0434,0.1342,-152.3754,-217.73,1
1312944.0,-0.0423,0.1102,-154.3184,-148.65,1
1312951.0,-0.0423,-0.0654,-155.9259,-255.0,1
1312961.0,-0.0445,-0.1538,-157.2556,-255.0,1
1312974.0,-0.0434,0.0687,-158.3557,-248.28,1
1312984.0,-0.0423,0.0851,-159.2658,-162.43,1
1312994.0,-0.0434,-0.0687,-161.1492,-255.0,1
1313001.0,-0.0445,-0.096,-162.7073,-255.0,1
1313011.0,-0.0434,0.0447,-163.9963,-255.0,1
1313024.0,-0.0434,0.0633,-166.1931,-179.41,1
1313034.0,-0.0434,-0.0611,-168.0104,-243.45,1
1313044.0,-0.0445,-0.0873,-168.3834,-255.0,1
1313051.0,-0.0434,0.0993,-169.8224,-239.58,1
1313061.0,-0.0434,0.0535,-171.0129,-239.66,1
1313074.0,-0.0434,-0.0687,-171.9977,-242.71,1
1313084.0,-0.0445,-0.1036,-173.943,-255.0,1
1313094.0,-0.0434,0.1058,-175.5522,-164.76,1
1313101.0,-0.0434,0.0665,-175.753,-224.08,1
1313111.0,-0.0445,-0.1113,-177.0496,-255.0,1
1313124.0,-0.0445,-0.0044,-179.2527,-255.0,1
1313134.0,-0.0434,0.0556,-179.9448,-190.96,1
1313144.0,-0.0434,-0.0011,-181.6479,-212.14,1
1313151.0,-0.0445,-0.0949,-183.0568,-255.0,1
1313161.0,-0.0434,0.0905,-184.2223,-164.95,1
1313174.0,-0.0434,-0.0022,-185.1865,-215.64,1
1313184.0,-0.0445,-0.0665,-185.9842,-255.0,1
1313195.0,-0.0445,-0.0251,-187.7746,-242.66,1
1313201.0,-0.0445,0.0055,-189.2557,-246.91,1
1313211.0,-0.0456,-0.0764,-190.481,-255.0,1
1313225.0,-0.0456,-0.0611,-191.4947,-255.0,1
1313235.0,-0.0456,0.0316,-192.3333,-242.72,1
1313245.0,-0.0467,-0.1025,-194.1575,-255.0,1
1313251.0,-0.0478,-0.0916,-195.6666,-255.0,1
1313262.0,-0.0478,-0.0927,-196.9151,-255.0,1
1313275.0,-0.0489,-0.0927,-199.0784,-255.0,1
1313285.0,-0.05,-0.0556,-200.868,-255.0,1
1313295.0,-0.05,0.0153,-201.2181,-255.0,1
1313302.0,-0.05,-0.0774,-201.5076,-255.0,1
1313312.0,-0.05,0.0338,-204.0082,-255.0,1
1313325.0,-0.05,0.0338,-206.0768,-250.26,1
1313335.0,-0.0511,-0.0949,-206.6577,-255.0,1
1313345.0,-0.05,0.048,-208.2687,-255.0,1
1313352.0,-0.05,0.048,-210.7319,-221.53,1
1313362.0,-0.0511,-0.1036,-211.6392,-255.0,1
1313375.0,-0.05,0.0796,-213.5202,-201.48,1
1313385.0,-0.05,-0.048,-215.0764,-255.0,1
1313395.0,-0.0521,-0.1265,-216.3637,-255.0,1
1313402.0,-0.0511,0.0938,-218.5592,-255.0,1
1313412.0,-0.0521,-0.1047,-219.245,-255.0,1
1313425.0,-0.0532,-0.1538,-220.9428,-255.0,1
1313435.0,-0.0521,0.096,-222.3474,-255.0,1
1313445.0,-0.0532,-0.1527,-222.3788,-255.0,1
1313452.0,-0.0554,-0.1265,-224.6658,-255.0,1
1313462.0,-0.0543,0.0316,-226.5578,-255.0,1
1313475.0,-0.0565,-0.1505,-226.9925,-255.0,1
1313485.0,-0.0565,-0.0862,-228.4827,-255.0,1
1313495.0,-0.0576,-0.0425,-229.7154,-255.0,1
1313502.0,-0.0587,-0.1538,-231.8657,-255.0,1
1313512.0,-0.0587,-0.024,-233.6445,-255.0,1
1313525.0,-0.0609,-0.1287,-235.1162,-255.0,1
1313535.0,-0.062,-0.1473,-237.4641,-255.0,1
1313546.0,-0.062,-0.0545,-238.276,-255.0,1
1313552.0,-0.0641,-0.204,-238.9476,-255.0,1
1313562.0,-0.0652,-0.0916,-240.6338,-255.0,1
1313575.0,-0.0663,-0.1484,-242.0287,-255.0,1
1313585.0,-0.0696,-0.2553,-244.3131,-255.0,1
1313596.0,-0.0696,-0.0971,-246.203,-255.0,1
1313603.0,-0.0729,-0.2629,-246.6359,-255.0,1
1313613.0,-0.075,-0.1953,-248.1246,-255.0,1
1313625.0,-0.0761,-0.1844,-249.3561,-255.0,1
1313636.0,-0.0794,-0.3632,-250.3749,-255.0,1
1313646.0,-0.0816,-0.1953,-252.3482,-255.0,1
1313653.0,-0.0849,-0.3382,-253.9807,-255.0,1
1313663.0,-0.0881,-0.3425,-255.3312,-255.0,1
1313676.0,-0.0914,-0.2749,-256.4485,-255.0,1
1313686.0,-0.0958,-0.5171,-258.5032,-255.0,1
1313696.0,-0.099,-0.3338,-260.2031,-255.0,1
1313703.0,-0.1045,-0.5203,-261.6093,-255.0,1
1313713.0,-0.1089,-0.5258,-262.7726,-255.0,1
1313726.0,-0.1143,-0.4658,-263.735,-255.0,1
1313736.0,-0.1209,-0.7516,-265.6617,-255.0,1
1313746.0,-0.1263,-0.5487,-267.2556,-255.0,1
1313753.0,-0.134,-0.8225,-268.5742,-255.0,1
1313763.0,-0.1427,-0.7985,-268.5345,-255.0,1
1313776.0,-0.1503,-0.8312,-269.6321,-255.0,1
1313786.0,-0.1601,-1.0701,-271.6707,-255.0,1
1313796.0,-0.17,-0.9479,-273.3572,-255.0,1
1313803.0,-0.182,-1.2774,-274.7523,-255.0,1
1313813.0,-0.1939,-1.2195,-274.776,-255.0,1
1313826.0,-0.207,-1.3166,-275.9261,-255.0,1
1313836.0,-0.219,-1.2621,-278.008,-255.0,1
1313846.0,-0.2289,-1.0745,-279.7303,-255.0,1
1313853.0,-0.2398,-1.0603,-281.1552,-255.0,1
1313863.0,-0.2463,-0.637,-282.3339,-255.0,1
1313876.0,-0.2529,-0.7189,-283.3091,-255.0,1
1313886.0,-0.2561,-0.3774,-285.2462,-255.0,1
1313896.0,-0.2572,-0.1134,-286.8488,-255.0,1
1313904.0,-0.255,0.2563,-288.1746,-255.0,1
1313914.0,-0.2507,0.4102,-289.2714,-255.0,1
1313926.0,-0.2452,0.6087,-290.1787,-255.0,1
1313936.0,-0.2387,0.6665,-292.0598,-255.0,1
1313947.0,-0.231,0.7909,-293.616,-255.0,1
1313954.0,-0.2234,0.8214,-294.9034,-255.0,1
1313964.0,-0.2158,0.7527,-297.0989,-255.0,1
1313976.0,-0.2081,0.8127,-298.9152,-255.0,1
1313986.0,-0.2016,0.673,-299.2873,-255.0,1
1313997.0,-0.1961,0.5301,-300.7256,-255.0,1
1314004.0,-0.1929,0.3829,-301.9155,-255.0,1
1314014.0,-0.1896,0.3098,-302.8998,-255.0,1
1314027.0,-0.1874,0.2138,-303.7141,-255.0,1
1314037.0,-0.1863,0.1418,-304.3878,-255.0,1
1314047.0,-0.1863,-0.0175,-306.0756,-255.0,1
1314054.0,-0.1874,-0.0993,-307.4719,-255.0,1
1314064.0,-0.1907,-0.3,-308.627,-255.0,1
1314077.0,-0.1929,-0.3283,-309.5826,-255.0,1
1314087.0,-0.1983,-0.4952,-310.3731,-255.0,1
1314097.0,-0.2027,-0.4614,-311.0271,-255.0,1
1314104.0,-0.2081,-0.6174,-312.6987,-255.0,1
1314114.0,-0.2136,-0.4734,-314.0815,-255.0,1
1314127.0,-0.219,-0.6021,-315.2254,-255.0,1
1314137.0,-0.2223,-0.336,-316.1718,-255.0,1
1314147.0,-0.2267,-0.4811,-316.9547,-255.0,1
1314154.0,-0.2289,-0.1582,-318.7328,-255.0,1
1314164.0,-0.231,-0.2945,-320.2039,-255.0,1
1314177.0,-0.2299,0.0894,-321.4208,-255.0,1
1314187.0,-0.231,-0.0851,-322.4275,-255.0,1
1314197.0,-0.2289,0.2847,-323.2604,-255.0,1
1314205.0,-0.2278,0.1254,-325.0799,-255.0,1
1314215.0,-0.2234,0.4025,-326.5851,-255.0,1
1314227.0,-0.2212,0.2476,-327.8303,-255.0,1
1314237.0,-0.2179,0.4102,-328.8604,-255.0,1
1314247.0,-0.2147,0.2705,-329.7126,-255.0,1
1314255.0,-0.2114,0.3229,-330.4176,-255.0,1
1314265.0,-0.2092,0.2236,-331.0009,-255.0,1
1314277.0,-0.2081,0.2029,-332.6139,-255.0,1
1314287.0,-0.2059,0.1614,-333.9482,-255.0,1
1314297.0,-0.2059,0.0513,-335.0522,-255.0,1
1314305.0,-0.2049,0.0753,-335.9654,-255.0,1
1314315.0,-0.2059,-0.0774,-336.7209,-255.0,1
1314327.0,-0.2059,-0.0044,-337.3459,-255.0,1
1314337.0,-0.207,-0.1734,-338.9934,-255.0,1
1314348.0,-0.2081,-0.0622,-340.3563,-255.0,1
1314355.0,-0.2103,-0.2378,-341.4839,-255.0,1
1314365.0,-0.2114,-0.1036,-342.4167,-255.0,1
1314378.0,-0.2136,-0.2411,-343.1883,-255.0,1
1314388.0,-0.2147,-0.1527,-344.9572,-255.0,1
1314398.0,-0.2169,-0.18,-346.4205,-255.0,1
1314405.0,-0.2179,-0.1353,-346.5006,-255.0,1
1314415.0,-0.219,-0.084,-346.5669,-255.0,1
1314428.0,-0.2201,-0.1156,-348.8827,-255.0,1
1314438.0,-0.2201,0.0327,-350.7985,-255.0,1
1314448.0,-0.2201,-0.0665,-351.2529,-255.0,1
1314455.0,-0.219,0.1178,-351.6288,-255.0,1
1314465.0,-0.219,0.0196,-353.0703,-255.0,1
1314478.0,-0.2169,0.1353,-354.2628,-255.0,1
1314488.0,-0.2158,0.1014,-354.1188,-255.0,1
1314498.0,-0.2147,0.0884,-355.1302,-255.0,1
1314506.0,-0.2147,0.1538,-357.0974,-255.0,1
1314516.0,-0.2147,0.0229,-358.7248,-255.0,1
1314528.0,-0.2125,0.1789,-358.9406,-255.0,1
1314538.0,-0.2114,0.0,-359.1191,-255.0,1
1314548.0,-0.2114,0.0884,-360.3973,-255.0,1
1314556.0,-0.2114,0.0273,-361.4548,-255.0,1
1314566.0,-0.2114,-0.0164,-363.46,-255.0,1
1314578.0,-0.2125,0.024,-365.1189,-255.0,1
1314588.0,-0.2125,-0.1091,-365.3608,-255.0,1
1314598.0,-0.2136,0.012,-365.5609,-255.0,1
1314606.0,-0.2136,-0.0905,-366.8569,-255.0,1
1314616.0,-0.2136,-0.0524,-369.0595,-255.0,1
1314628.0,-0.2158,-0.0447,-369.7513,-255.0,1
1314638.0,-0.2158,-0.1418,-370.3235,-255.0,1
1314648.0,-0.2169,0.0098,-370.7968,-255.0,1
1314656.0,-0.2169,-0.1222,-371.1884,-255.0,1
1314666.0,-0.2169,-0.0338,-372.6429,-255.0,1
1314678.0,-0.2179,-0.0087,-373.8462,-255.0,1
1314688.0,-0.2169,-0.0753,-374.8416,-255.0,1
1314699.0,-0.2169,0.0818,-375.6651,-255.0,1
1314706.0,-0.2169,-0.0513,-376.3463,-255.0,1
1314716.0,-0.2169,0.048,-378.0404,-255.0,1
1314729.0,-0.2158,0.0644,-379.4419,-255.0,1
1314739.0,-0.2147,-0.0087,-379.4708,-255.0,1
1314749.0,-0.2147,0.1342,-380.6252,-255.0,1
1314756.0,-0.2147,-0.0055,-381.5802,-255.0,1
1314766.0,-0.2147,0.0785,-382.3702,-255.0,1
1314779.0,-0.2136,0.0611,-383.0238,-255.0,1
1314789.0,-0.2125,-0.0436,-383.5645,-255.0,1
1314799.0,-0.2136,0.1113,-385.1423,-255.0,1
1314807.0,-0.2136,-0.048,-385.3171,-255.0,1
1314817.0,-0.2136,-0.0251,-385.4617,-255.0,1
1314829.0,-0.2147,0.0469,-386.7118,-255.0,1
1314839.0,-0.2136,-0.1025,-387.7459,-255.0,1
1314849.0,-0.2147,0.0469,-389.732,-255.0,1
1314857.0,-0.2147,-0.0535,-391.375,-255.0,1
1314867.0,-0.2147,-0.0884,-391.6037,-255.0,1
1314879.0,-0.2158,0.0382,-392.9234,-255.0,1
1314889.0,-0.2158,-0.1069,-392.8846,-255.0,1
1314899.0,-0.2158,-0.0229,-392.8526,-255.0,1
1314907.0,-0.2158,0.0087,-395.0871,-255.0,1
1314917.0,-0.2169,-0.0982,-395.8051,-255.0,1
1314929.0,-0.2169,0.0535,-396.3991,-255.0,1
1314939.0,-0.2169,-0.0142,-396.8905,-255.0,1
1314949.0,-0.2158,-0.06,-397.297,-255.0,1
1314957.0,-0.2158,0.1014,-398.7638,-255.0,1
1314967.0,-0.2169,-0.0273,-399.9773,-255.0,1
1314979.0,-0.2158,-0.0055,-400.9811,-255.0,1
1314989.0,-0.2158,0.1091,-401.8116,-255.0,1
1314999.0,-0.2158,-0.0654,-402.4986,-255.0,1
1315007.0,-0.2158,0.0469,-403.067,-255.0,1
1315017.0,-0.2147,0.0622,-403.5372,-255.0,1
1315029.0,-0.2147,-0.0753,-405.0566,-255.0,1
1315039.0,-0.2147,0.0796,-406.3137,-255.0,1
1315050.0,-0.2158,0.0033,-406.2231,-255.0,1
1315057.0,-0.2158,-0.0753,-407.2786,-255.0,1
1315067.0,-0.2147,0.0676,-409.2823,-255.0,1
1315080.0,-0.2158,-0.0316,-409.8094,-255.0,1
1315090.0,-0.2158,-0.0938,-409.115,-255.0,1
1315100.0,-0.2158,0.0633,-409.6711,-255.0,1
1315108.0,-0.2158,-0.0578,-411.2615,-255.0,1
1315118.0,-0.2169,-0.0753,-412.5773,-255.0,1
1315130.0,-0.2169,0.0764,-413.6657,-255.0,1
1315140.0,-0.2169,-0.0393,-414.5662,-255.0,1
1315150.0,-0.2169,-0.0698,-415.3112,-255.0,1
1315158.0,-0.2169,0.072,-415.9274,-255.0,1
1315168.0,-0.2169,-0.0382,-416.4373,-255.0,1
1315180.0,-0.2158,-0.0436,-416.859,-255.0,1
1315190.0,-0.2169,0.0982,-417.2079,-255.0,1
1315200.0,-0.2169,-0.0567,-418.6271,-255.0,1
1315208.0,-0.2169,-0.0076,-419.8011,-255.0,1
1315218.0,-0.2158,0.0949,-420.7723,-255.0,1
1315230.0,-0.2169,-0.0229,-421.5758,-255.0,1
1315240.0,-0.2158,-0.0327,-421.11,-255.0,1
1315250.0,-0.2158,0.0894,-421.8552,-255.0,1
1315258.0,-0.2158,-0.0295,-423.6021,-255.0,1
1315545.0476190476,-0.2013047619047619,-0.029238095238095237,-841.6337904761904,-230.71428571428572,1
1316091.804988662,-0.17369478458049886,-0.02873922902494331,-1637.884629478458,-184.45578231292518,1
1316833.8328474245,-0.13622410106899902,-0.028062196307094264,-2718.5107681243926,-121.67638483965015,1
1317681.8646860104,-0.09340046277014205,-0.0272884446295525,-3953.512069434032,-49.928502013050135,1
1318539.9921417222,-0.05006701925344157,-0.02650548162251619,-5203.215767187834,22.67352227577132,1
1319324.5658155158,-0.01044787089531541,-0.025789629730368708,-6345.802005134166,89.05251591126522,1
1319978.377210344,0.022568086069789724,-0.025193086486912472,-7297.957203422778,144.3683439408435,1
1320476.519225451,0.04772310090034601,-0.024738577349041054,-8023.408783071243,186.51373672528405,1
1320823.4395574005,0.06524177194305486,-0.02442204419945203,-8528.633990326425,215.864992414448,1
1321043.706434829,0.07636473768445731,-0.02422107077114154,-8849.411899694795,234.50071031232991,1
1321170.6221118234,0.08277368461164634,-0.024105271795781685,-9034.24107604514,245.23843348206185,1
1321236.5523336385,0.08610300769070557,-0.024045116483906438,-9130.256232590775,250.81647149231222,1
1321267.1627937672,0.0876487648345545,-0.024017187231964356,-9174.834698129818,253.4062748542142,1
1321279.7209312557,0.08828292161151817,-0.02400572907732145,-9193.123299376606,254.46875828473807,1
1321284.2059803589,0.08850940617471947,-0.024001636879234702,-9199.65494267903,254.8482166527823,1
1321285.5728524665,0.08857843004159988,-0.02400038973315112,-9201.645538733103,254.96386110780531,1
1321285.918638565,0.08859589143649521,-0.024000074234885926,-9202.149112139638,254.99311640148673,1
1321285.9883769378,0.08859941306235646,-0.024000010604983704,-9202.250673162805,254.9990166287838,1
1321285.9988930416,0.0885999441011768,-0.02400000100999845,-9202.265987920266,254.99990634559845,1
1321285.9999472876,0.08859999733815127,-0.024000000048095164,-9202.267523234297,254.99999554026658,1
1321286.0,0.0886,-0.024,-9202.2676,255.0,1
1321296.0,0.0886,-0.0327,-16427.3066,255.0,1
1321307.0,0.0886,-0.0371,-13588.7197,255.0,1
1321317.0,0.0875,-0.0491,-11240.4365,255.0,1
1321327.0,0.0864,-0.1265,-9298.8975,255.0,1
1321337.0,0.0853,-0.1025,-7691.5864,255.0,1
1321347.0,0.0853,-0.0873,-6361.9028,255.0,1
1321357.0,0.0831,-0.1625,-5261.8931,255.0,1
1321367.0,0.082,-0.1309,-4350.7554,255.0,1
1321377.0,0.0809,-0.1396,-3596.9968,255.0,1
1321387.0,0.0788,-0.1778,-2973.4333,255.0,1
1321397.0,0.0777,-0.1473,-2457.5769,255.0,1
1321407.0,0.0755,-0.1625,-2029.6929,255.0,1
1321417.0,0.0744,-0.1898,-1674.5858,255.0,1
1321427.0,0.0722,-0.1571,-1381.9464,255.0,1
1321437.0,0.0711,-0.1473,-1139.854,255.0,1
1321447.0,0.0689,-0.1865,-938.4472,255.0,1
1321457.0,0.0678,-0.156,-771.829,255.0,1
1321467.0,0.0668,-0.1473,-632.8599,255.0,1
1321477.0,0.0646,-0.1822,-517.8947,255.0,1
1321487.0,0.0624,-0.1898,-422.7873,255.0,1
1321497.0,0.0613,-0.1604,-342.977,255.0,1
1321508.0,0.0591,-0.1647,-278.0827,227.14,1
1321518.0,0.058,-0.1669,-223.267,212.31,1
1321528.0,0.0569,-0.1494,-176.789,214.71,1
1321538.0,0.0559,-0.1156,-139.4696,223.77,1
1321548.0,0.0548,-0.108,-108.5962,214.65,1
1321558.0,0.0537,-0.0807,-81.9251,222.09,1
1321568.0,0.0526,-0.0458,-59.8608,238.02,1
1321578.0,0.0526,-0.0567,-41.6077,228.89,1
1321588.0,0.0526,-0.0044,-26.5073,255.0,1
1321598.0,0.0526,0.0218,-14.0153,255.0,1
1321608.0,0.0526,-0.0065,-2.5504,249.09,1
1321618.0,0.0537,0.0447,8.0646,255.0,1
1321628.0,0.0537,0.036,16.8462,255.0,1
1321638.0,0.0537,0.0251,24.1109,255.0,1
1321648.0,0.0537,0.0382,31.2513,255.0,1
1321658.0,0.0548,0.0371,36.0278,255.0,1
1321668.0,0.0548,0.0022,39.9793,255.0,1
1321678.0,0.0548,0.0371,44.3788,255.0,1
1321688.0,0.0548,-0.012,48.0184,255.0,1
1321698.0,0.0548,-0.0044,51.0293,255.0,1
1321708.0,0.0548,-0.0033,53.5201,255.0,1
1321718.0,0.0548,-0.0284,56.7112,255.0,1
1321729.0,0.0537,-0.0327,60.4816,241.5,1
1321739.0,0.0537,-0.0218,63.6008,248.94,1
1321749.0,0.0537,-0.0447,66.1812,250.68,1
1321759.0,0.0526,-0.0709,68.3159,229.97,1
1321769.0,0.0515,-0.0873,70.0818,205.26,1
1321779.0,0.0504,-0.1407,71.5428,186.71,1
1321789.0,0.0493,-0.1004,72.7514,192.39,1
1321799.0,0.0482,-0.12,74.8817,178.97,1
1321809.0,0.0471,-0.1254,77.7746,170.47,1
1321819.0,0.046,-0.1124,80.1677,193.4,1
1321829.0,0.0449,-0.0894,81.0171,178.54,1
1321839.0,0.0439,-0.0894,81.7197,184.63,1
1321849.0,0.0428,-0.0894,82.3009,170.4,1
1321859.0,0.0417,-0.1036,82.7818,159.86,1
1321869.0,0.0417,-0.0665,84.3101,179.2,1
1321879.0,0.0406,-0.0425,85.5744,190.63,1
1321889.0,0.0406,-0.0491,86.6203,188.51,1
1321900.0,0.0406,-0.0142,87.4856,205.91,1
1321910.0,0.0395,-0.0371,88.2014,194.24,1
1321919.0,0.0395,-0.036,88.7936,185.83,1
1321929.0,0.0395,-0.0175,89.2835,195.75,1
1321940.0,0.0395,-0.024,89.6888,193.0,1
1321950.0,0.0384,-0.0229,91.1545,189.68,1
1321960.0,0.0384,0.0098,93.4976,215.95,1
1321970.0,0.0384,-0.0382,94.3055,210.9,1
1321980.0,0.0384,-0.0164,93.8433,198.44,1
1321990.0,0.0384,0.0033,94.5915,202.97,1
1322000.0,0.0373,-0.0524,95.2104,167.26,1
1322011.0,0.0373,-0.0295,95.7225,185.04,1
1322020.0,0.0373,0.0011,97.2765,195.32,1
1322030.0,0.0373,-0.0436,98.5622,196.91,1
1322041.0,0.0373,-0.0044,99.6258,191.16,1
1322051.0,0.0373,-0.0185,99.3752,185.2,1
1322061.0,0.0362,-0.0556,100.2983,163.27,1
1322070.0,0.0362,-0.0098,102.1925,200.66,1
1322080.0,0.0362,0.0022,102.6291,191.85,1
1322091.0,0.0362,-0.0196,102.9902,181.8,1
1322101.0,0.0362,0.0142,103.2889,199.4,1
1322111.0,0.0362,-0.0109,104.6666,187.49,1
1322120.0,0.0362,-0.0207,105.8063,183.1,1
1322131.0,0.0362,0.0207,105.6186,204.16,1
1322141.0,0.0362,-0.0153,106.5938,186.51,1
1322151.0,0.0362,0.0011,107.4006,213.83,1
1322161.0,0.0362,0.0349,108.0681,209.61,1
1322170.0,0.0362,-0.0436,108.6202,171.03,1
1322181.0,0.0362,-0.0065,109.077,190.13,1
1322192.0,0.0362,0.0142,110.5854,206.26,1
1322202.0,0.0362,0.0044,111.8332,195.85,1
1322212.0,0.0362,0.0316,112.8655,209.97,1
1322221.0,0.0362,0.0185,112.589,206.88,1
1322231.0,0.0362,-0.0458,113.4908,171.48,1
1322242.0,0.0362,0.0,115.3673,194.82,1
1322252.0,0.0362,0.0207,115.7892,205.46,1
1322262.0,0.0362,-0.024,116.1382,217.88,1
1322271.0,0.0362,0.0164,116.4269,199.08,1
1322281.0,0.0362,-0.0142,117.7963,184.96,1
1322292.0,0.0351,-0.0567,118.9291,160.25,1
1322302.0,0.0351,-0.0044,119.8662,198.7,1
1322313.0,0.0362,0.0338,120.6415,213.89,1
1322321.0,0.0362,-0.0044,121.2829,200.27,1
1322331.0,0.0362,-0.0109,121.8135,187.07,1
1322342.0,0.0362,-0.0033,122.2524,191.74,1
1322352.0,0.0351,-0.0185,123.7461,192.04,1
1322363.0,0.0351,0.0164,124.9817,225.34,1
1322371.0,0.0362,0.0153,124.8734,197.83,1
1322381.0,0.0351,-0.0164,124.7838,178.99,1
1322393.0,0.0351,-0.0251,125.8402,175.78,1
1322403.0,0.0351,-0.0098,127.8446,186.54,1
1322413.0,0.0351,0.0185,128.3723,233.64,1
1322422.0,0.0362,0.0349,127.6784,207.57,1
1322432.0,0.0362,-0.0153,129.3653,184.03,1
1322443.0,0.0362,-0.0065,130.7608,189.64,1
1322453.0,0.0362,0.0022,131.9153,207.58,1
1322463.0,0.0362,0.0229,132.8704,231.73,1
1322472.0,0.0362,0.0404,132.53,220.97,1
1322482.0,0.0351,-0.0207,133.3789,175.72,1
1322493.0,0.0351,-0.048,134.0812,163.6,1
1322503.0,0.0351,-0.0175,134.6622,180.09,1
1322513.0,0.0351,0.0153,135.1428,197.42,1
1322522.0,0.0351,0.0295,135.5404,205.29,1
1322532.0,0.0351,-0.0338,136.9998,176.48,1
1322544.0,0.034,-0.0447,138.2072,164.87,1
1322553.0,0.034,0.0065,139.2059,218.27,1
1322563.0,0.0351,0.0491,140.0322,234.41,1
1322572.0,0.0351,-0.0022,140.7158,186.12,1
1322582.0,0.0351,0.0098,141.2813,193.54,1
1322592.0,0.0351,-0.0131,141.7491,189.51,1
1322604.0,0.0384,0.0175,142.1361,211.67,1
1322614.0,0.0384,0.0513,142.4563,255.0,1
1322622.0,0.0384,0.0218,143.8516,211.88,1
1322632.0,0.0384,-0.0142,145.006,190.4,1
1322644.0,0.0373,-0.0905,144.8304,193.85,1
1322655.0,0.0384,0.0535,145.8157,222.07,1
1322664.0,0.0373,-0.0404,147.7613,211.14,1
1322672.0,0.0373,-0.0164,148.2403,182.44,1
1322683.0,0.0373,-0.0055,148.6366,193.66,1
1322694.0,0.0373,-0.0513,150.095,169.4,1
1322704.0,0.0362,-0.0502,151.3014,167.44,1
1322714.0,0.0362,-0.0393,152.2995,174.39,1
1322723.0,0.0362,0.0371,151.9946,213.66,1
1322733.0,0.0362,-0.0665,151.7425,208.8,1
1322745.0,0.0351,-0.0251,152.6644,173.75,1
1322755.0,0.0351,-0.0196,154.5575,204.64,1
1322765.0,0.0351,0.0218,156.1236,197.29,1
1322773.0,0.0351,-0.048,156.2888,204.05,1
1322783.0,0.0351,0.0142,156.4254,191.54,1
1322795.0,0.0351,-0.0229,156.5384,192.02,1
1322805.0,0.0351,0.0022,157.7624,187.5,1
1322815.0,0.034,-0.0545,158.7749,186.08,1
1322823.0,0.034,0.0098,159.6126,186.63,1
1322833.0,0.034,-0.0404,160.3056,184.55,1
1322845.0,0.034,0.0207,159.7484,192.9,1
1322855.0,0.034,-0.0185,160.4179,202.4,1
1322865.0,0.034,-0.0207,162.1023,179.42,1
1322873.0,0.034,-0.024,162.3652,185.02,1
1322883.0,0.034,0.0665,162.5828,216.61,1
1322895.0,0.034,-0.0295,162.7627,211.21,1
1322905.0,0.034,-0.0262,162.9116,178.45,1
1322915.0,0.034,0.0065,164.1653,185.27,1
1322923.0,0.034,0.0458,165.2024,207.06,1
1322933.0,0.034,-0.06,166.0603,188.35,1
1322946.0,0.034,0.0175,166.7701,228.32,1
1322956.0,0.034,0.0109,167.3573,185.48,1
1322965.0,0.034,0.0153,167.8431,190.23,1
1322974.0,0.034,-0.0207,168.2449,177.43,1
1322986.0,0.034,0.0142,168.5774,229.62,1
1322996.0,0.034,-0.0175,168.8524,173.67,1
1323006.0,0.034,0.024,170.2104,216.51,1
1323016.0,0.034,-0.0164,171.3339,184.99,1
1323024.0,0.034,-0.0185,171.1328,175.06,1
1323034.0,0.034,0.0218,172.0969,198.13,1
1323046.0,0.034,0.048,172.8945,235.6,1
1323056.0,0.034,-0.0556,173.5544,191.22,1
1323066.0,0.034,-0.0087,174.1002,178.32,1
1323074.0,0.0351,0.0698,174.5518,246.13,1
1323084.0,0.034,-0.0524,176.0559,157.64,1
1323096.0,0.034,-0.0349,177.3002,195.69,1
1323106.0,0.034,0.0676,177.199,217.66,1
1323116.0,0.034,-0.0338,177.1153,191.96,1
1323124.0,0.0329,-0.0971,178.1766,172.39,1
1323134.0,0.0329,0.0273,179.0546,190.27,1
1323146.0,0.034,0.048,179.7809,207.68,1
1323157.0,0.0329,-0.1069,180.3818,129.06,1
1323167.0,0.0329,-0.0327,180.8789,168.78,1
1323174.0,0.0329,0.0425,181.2901,205.45,1
1323184.0,0.0329,-0.0044,182.7608,183.31,1
1323197.0,0.0319,-0.0851,183.9774,172.11,1
1323207.0,0.0319,0.0022,183.8534,179.67,1
1323217.0,0.0329,0.048,183.7509,208.39,1
1323224.0,0.0319,-0.0785,183.666,177.52,1
1323235.0,0.0319,-0.0033,184.7263,175.86,1
1323247.0,0.0329,0.0665,185.6035,216.93,1
1323257.0,0.0329,-0.0087,186.3291,217.39,1
1323267.0,0.0319,-0.0545,186.9294,149.74,1
1323275.0,0.0319,0.0207,186.2955,189.16,1
1323285.0,0.0329,0.0916,186.9016,253.56,1
1323297.0,0.0319,-0.0665,188.5336,145.38,1
1323307.0,0.0319,-0.0262,188.7531,167.15,1
1323317.0,0.0329,0.1145,188.9347,243.15,1
1323325.0,0.0329,-0.0447,190.2155,164.68,1
1323335.0,0.0319,-0.108,190.1445,173.46,1
1323348.0,0.0329,0.0807,190.0858,222.98,1
1323357.0,0.034,0.1091,192.2982,255.0,1
1323367.0,0.0319,-0.1614,192.998,160.75,1
1323375.0,0.0319,-0.024,192.4464,160.86,1
1323385.0,0.0329,0.1429,194.2511,254.86,1
1323398.0,0.0329,-0.0611,194.6136,203.98,1
1323408.0,0.0319,-0.1331,194.9134,106.21,1
1323418.0,0.0319,0.0873,196.292,219.46,1
1323425.0,0.0329,0.0349,196.3019,249.2,1
1323435.0,0.0308,-0.1527,197.4406,92.89,1
1323448.0,0.0308,-0.072,199.5132,136.31,1
1323458.0,0.0319,0.1047,200.0972,255.0,1
1323468.0,0.0308,-0.1014,199.4499,120.47,1
1323475.0,0.0286,-0.1724,200.0449,78.84,1
1323485.0,0.0297,0.0513,201.6676,231.75,1
1323498.0,0.0297,0.0087,201.8795,172.93,1
1323508.0,0.0275,-0.1822,202.0548,70.97,1
1323518.0,0.0264,-0.0567,203.3304,188.84,1
1323526.0,0.0275,0.0218,203.2551,200.01,1
1323536.0,0.0253,-0.1265,203.1928,84.15,1
1323548.0,0.0253,-0.1102,204.2718,134.18,1
1323558.0,0.0253,0.024,205.1644,209.06,1
1323568.0,0.0242,-0.0884,205.9028,96.82,1
1323576.0,0.0231,-0.0796,206.5137,117.17,1
1323586.0,0.0231,-0.0175,205.8886,184.37,1
1323599.0,0.0231,-0.0567,206.5019,107.13,1
1323608.0,0.022,-0.0796,207.0093,107.64,1
1323618.0,0.022,-0.0218,206.2986,159.74,1
1323626.0,0.0209,-0.0622,206.8411,98.8,1
1323636.0,0.0209,-0.0753,207.2899,165.56,1
1323649.0,0.0209,-0.0109,207.6612,120.74,1
1323659.0,0.0209,-0.0415,207.9684,109.36,1
1323669.0,0.0199,-0.0796,208.2225,165.46,1
1323676.0,0.0199,0.0033,208.4327,174.08,1
1323686.0,0.0199,-0.0469,208.6066,94.87,1
1323699.0,0.0188,-0.0458,209.881,150.25,1
1323709.0,0.0188,-0.0065,209.8047,185.13,1
1323719.0,0.0188,-0.0556,209.7416,81.88,1
1323726.0,0.0177,-0.0469,210.8199,119.95,1
1323736.0,0.0188,0.0131,210.5815,195.16,1
1323749.0,0.0177,-0.0491,210.3842,80.97,1
1323759.0,0.0177,-0.0644,210.2211,103.89,1
1323769.0,0.0177,0.0087,210.086,152.95,1
1323776.0,0.0166,-0.0436,211.1049,85.15,1
1323786.0,0.0155,-0.0796,211.9477,136.32,1
1323799.0,0.0155,-0.0076,211.5145,97.37,1
1323809.0,0.0155,-0.0404,211.1561,85.56,1
1323819.0,0.0144,-0.0905,211.9901,123.78,1
1323826.0,0.0144,-0.0327,212.68,154.54,1
1323837.0,0.0144,-0.0491,212.1203,69.64,1
1323850.0,0.0133,-0.0644,211.6572,96.24,1
1323859.0,0.0133,-0.0284,211.2742,159.91,1
1323869.0,0.0122,-0.0611,212.0878,77.37,1
1323877.0,0.0111,-0.084,212.7608,39.82,1
1323887.0,0.0111,-0.0687,212.1871,92.19,1
1323900.0,0.01,-0.0687,212.8431,46.83,1
1323910.0,0.0089,-0.0971,213.3857,-89.19,1
1323920.0,0.0089,-0.0349,212.7041,67.05,1
1323927.0,0.0079,-0.0993,213.2707,-181.72,1
1323937.0,0.0079,-0.0502,213.7395,128.02,1
1323950.0,0.0068,-0.0502,214.1272,60.07,1
1323960.0,0.0068,-0.0676,214.448,-92.89,1
1323970.0,0.0057,-0.0218,213.5829,117.44,1
1323977.0,0.0057,-0.0698,212.8672,-77.04,1
1323987.0,0.0046,-0.0829,213.4057,-86.92,1
1324000.0,0.0046,0.0142,212.7206,107.3,1
1324010.0,0.0046,-0.0644,212.1538,-78.93,1
1324020.0,0.0035,-0.0905,212.8155,-95.3,1
1324027.0,0.0035,0.0142,212.2324,133.01,1
1324037.0,0.0024,-0.0535,211.75,-131.43,1
1324050.0,0.0024,-0.0567,211.3509,-158.53,1
1324060.0,0.0024,-0.0076,211.0207,135.35,1
1324070.0,0.0013,-0.0851,210.7476,-168.34,1
1324077.0,0.0013,0.0033,210.5217,77.77,1
1324090.0,0.0013,0.0153,210.3347,117.6,1
1324100.0,0.0013,-0.0654,210.1801,-183.98,1
1324110.0,0.0013,-0.0207,210.0522,-50.23,1
1324120.0,0.0013,0.0153,208.8159,127.66,1
1324127.0,0.0002,-0.0709,207.7931,-89.91,1
1324137.0,0.0002,0.0098,208.0775,142.42,1
1324151.0,0.0002,0.036,208.3127,86.74,1
1324161.0,0.0002,-0.0687,207.3768,-99.85,1
1324171.0,0.0002,-0.0273,206.6026,-185.36,1
1324178.0,0.0002,0.0273,207.0926,106.4,1
1324188.0,-0.0009,-0.06,206.3675,-98.74,1
1324201.0,-0.0009,-0.0218,205.7676,-184.79,1
1324211.0,-0.0009,0.0425,206.4019,114.81,1
1324221.0,-0.0009,-0.0382,205.7961,-87.08,1
1324228.0,-0.0009,-0.048,205.2949,-166.43,1
1324238.0,-0.0009,0.0491,204.8803,182.25,1
1324251.0,-0.0009,0.0382,203.4068,85.27,1
1324261.0,-0.0009,-0.0731,203.3183,-167.69,1
1324271.0,0.0002,0.0949,203.2451,206.75,1
1324278.0,0.0002,0.0153,202.0541,78.4,1
1324288.0,-0.0009,-0.0513,202.1992,-156.87,1
1324301.0,0.0002,0.0589,202.3193,167.91,1
1324311.0,0.0002,0.0535,201.2882,94.5,1
1324321.0,0.0002,-0.0862,201.5656,-122.95,1
1324328.0,0.0002,0.036,201.7952,118.66,1
1324338.0,0.0013,0.0753,200.8546,136.24,1
1324351.0,0.0002,-0.0884,200.0764,-146.74,1
1324361.0,0.0002,0.0404,200.5632,125.34,1
1324371.0,0.0002,0.0425,200.9659,107.18,1
1324378.0,0.0002,-0.0894,200.1685,-164.81,1
1324388.0,0.0002,-0.0022,199.5089,59.55,1
1324401.0,0.0002,0.0305,198.9632,96.96,1
1324411.0,-0.0009,-0.108,198.5117,-162.19,1
1324421.0,-0.0009,0.0,199.2688,-57.79,1
1324428.0,-0.0009,-0.0033,199.895,-60.15,1
1324438.0,-0.002,-0.1145,198.1521,-161.29,1
1324451.0,-0.002,-0.0011,197.8408,-60.74,1
1324462.0,-0.002,0.0218,197.5832,69.33,1
1324472.0,-0.002,-0.0665,196.2396,-93.49,1
1324479.0,-0.0031,-0.0371,196.2586,-108.18,1
1324489.0,-0.0031,0.0229,196.2743,65.65,1
1324502.0,-0.0031,-0.0011,196.2873,-64.9,1
1324512.0,-0.0031,-0.0665,195.1676,-167.62,1
1324522.0,-0.0031,0.0425,195.3717,115.02,1
1324529.0,-0.0031,-0.0251,195.5406,-76.35,1
1324539.0,-0.0041,-0.0873,194.5499,-149.43,1
1324552.0,-0.0031,0.0622,194.8607,114.45,1
1324562.0,-0.0031,-0.0065,193.9874,-69.26,1
1324572.0,-0.0041,-0.0905,192.1344,-116.0,1
1324579.0,-0.0041,0.0175,191.7319,-142.04,1
1324592.0,-0.0041,0.0076,192.5295,-57.25,1
1324602.0,-0.0041,-0.0654,192.0589,-109.78,1
1324612.0,-0.0052,-0.036,191.6695,-165.48,1
1324622.0,-0.0041,0.0327,191.3474,77.62,1
1324629.0,-0.0052,-0.0327,189.9504,-87.38,1
1324639.0,-0.0052,-0.06,189.9252,-160.42,1
1324652.0,-0.0052,0.0218,189.9044,-47.31,1
1324662.0,-0.0052,0.0207,188.7566,-64.09,1
1324672.0,-0.0052,-0.0469,187.8072,-115.91,1
1324679.0,-0.0052,0.0371,187.0217,-43.36,1
1324692.0,-0.0052,0.0185,186.3718,-71.26,1
1324702.0,-0.0052,-0.0305,185.8343,-91.85,1
1324712.0,-0.0052,0.0305,185.3896,-50.54,1
1324722.0,-0.0052,0.0022,185.0217,-82.56,1
1324729.0,-0.0052,-0.0415,184.7173,-88.28,1
1324739.0,-0.0052,0.0371,184.4655,-50.79,1
1324752.0,-0.0052,-0.0469,184.2572,-97.35,1
1324762.0,-0.0063,-0.0545,184.0849,-103.11,1
1324772.0,-0.0063,0.0044,183.9424,-74.65,1
1324779.0,-0.0063,-0.012,183.8244,-83.63,1
1324789.0,-0.0074,-0.0971,183.7269,-131.17,1
1324802.0,-0.0074,-0.0415,183.6462,-103.87,1
1324813.0,-0.0074,0.0393,183.5794,-80.67,1
1324823.0,-0.0085,-0.1069,183.5242,-141.55,1
1324830.0,-0.0085,-0.0502,182.3479,-111.38,1
1324840.0,-0.0085,-0.0055,180.2444,-89.38,1
1324853.0,-0.0096,-0.0545,179.6347,-118.71,1
1324863.0,-0.0096,-0.0687,180.2608,-126.28,1
1324873.0,-0.0107,-0.0524,179.6483,-122.71,1
1324880.0,-0.0107,0.0055,179.1416,-119.13,1
1324890.0,-0.0118,-0.0993,178.7224,-156.96,1
1324903.0,-0.0118,-0.0556,178.3755,-125.25,1
1324913.0,-0.0118,-0.0109,178.0887,-103.78,1
1324923.0,-0.0129,-0.0676,176.7208,-181.06,1
1324930.0,-0.0129,-0.0633,176.7197,-129.62,1
1324940.0,-0.014,-0.0818,176.7188,-148.05,1
1324953.0,-0.014,-0.0131,175.5876,-128.06,1
1324963.0,-0.0151,-0.0524,174.6518,-135.15,1
1324973.0,-0.0151,-0.0305,173.8776,-124.32,1
1324980.0,-0.0151,-0.0371,173.2371,-128.63,1
1324990.0,-0.0161,-0.0284,172.7073,-173.45,1
1325003.0,-0.0161,-0.0491,172.2689,-134.63,1
1325013.0,-0.0172,-0.0513,171.9063,-145.98,1
1325023.0,-0.0172,-0.0055,170.4758,-119.55,1
1325030.0,-0.0172,-0.0349,169.2924,-168.88,1
1325040.0,-0.0172,-0.0316,169.444,-130.27,1
1325053.0,-0.0183,-0.0425,168.4388,-152.13,1
1325063.0,-0.0172,0.0262,167.6072,-114.31,1
1325074.0,-0.0183,-0.0611,166.9193,-150.53,1
1325080.0,-0.0183,-0.0251,166.3502,-133.86,1
1325090.0,-0.0183,-0.0196,165.8794,-132.2,1
1325103.0,-0.0183,0.0196,164.3595,-149.94,1
1325113.0,-0.0183,-0.0502,163.102,-143.88,1
1325124.0,-0.0194,-0.0196,162.0618,-134.41,1
1325131.0,-0.0194,-0.0065,162.3317,-129.14,1
1325144.0,-0.0194,-0.0218,161.4246,-173.27,1
1325154.0,-0.0194,-0.0393,159.5436,-148.52,1
1325164.0,-0.0205,-0.0371,159.118,-146.21,1
1325174.0,-0.0194,-0.0011,158.7659,-125.25,1
1325181.0,-0.0205,-0.0436,158.4746,-182.37,1
1325191.0,-0.0205,-0.0295,158.2337,-160.61,1
1325204.0,-0.0194,-0.0327,158.0343,-138.05,1
1325214.0,-0.0194,-0.0033,156.7389,-129.12,1
1325224.0,-0.0194,-0.0262,154.5368,-152.69,1
1325231.0,-0.0194,-0.0207,153.8455,-145.88,1
1325241.0,-0.0183,-0.0284,154.4041,-132.56,1
1325254.0,-0.0183,-0.0087,153.7357,-136.69,1
1325264.0,-0.0183,-0.0175,152.0523,-133.04,1
1325274.0,-0.0183,-0.0382,150.6597,-138.59,1
1325281.0,-0.0161,-0.0196,149.5076,-121.63,1
1325291.0,-0.0161,-0.0338,149.685,-150.61,1
1325304.0,-0.0161,-0.0295,148.7012,-159.88,1
1325314.0,-0.0172,-0.0851,146.7569,-153.85,1
1325324.0,-0.0172,-0.0098,146.2789,-131.62,1
1325331.0,-0.0183,-0.0436,147.014,-139.02,1
1325341.0,-0.0183,-0.0316,146.4916,-154.41,1
1325354.0,-0.0194,-0.1309,144.929,-186.93,1
1325364.0,-0.0161,-0.0218,144.7667,-120.81,1
1325374.0,-0.0161,-0.06,144.6325,-141.1,1
1325381.0,-0.0172,-0.0393,143.391,-138.05,1
1325391.0,-0.0183,-0.1473,142.3639,-228.22,1
1325404.0,-0.0183,-0.0676,141.5142,-151.02,1
1325414.0,-0.0194,-0.0545,139.6808,-178.37,1
1325424.0,-0.0205,-0.0894,138.164,-194.28,1
1325431.0,-0.0205,-0.0731,138.0398,-166.61,1
1325441.0,-0.0216,-0.1069,136.8065,-209.74,1
1325454.0,-0.0227,-0.0785,134.6557,-188.33,1
1325464.0,-0.0227,-0.036,134.0069,-147.83,1
1325475.0,-0.0227,0.0098,133.4702,-171.12,1
1325482.0,-0.0238,-0.1178,133.0262,-191.22,1
1325492.0,-0.0249,-0.048,131.5284,-163.16,1
1325505.0,-0.0238,0.0535,129.1588,-165.45,1
1325515.0,-0.0238,0.0109,128.329,-125.42,1
1325525.0,-0.0249,-0.0425,127.6425,-176.03,1
1325532.0,-0.026,-0.0971,125.9441,-190.78,1
1325542.0,-0.026,-0.0065,124.5391,-147.64,1
1325555.0,-0.0249,0.0654,123.3767,-150.87,1
1325565.0,-0.0249,-0.0207,122.4152,-148.89,1
1325575.0,-0.026,-0.0502,121.6197,-180.52,1
1325582.0,-0.0271,-0.1091,120.9616,-203.07,1
1325592.0,-0.0271,-0.0295,119.2867,-166.99,1
1325605.0,-0.0271,-0.0044,117.9011,-157.57,1
1325615.0,-0.0271,-0.0567,116.7548,-210.47,1
1325625.0,-0.0281,-0.0502,115.8065,-178.14,1
1325632.0,-0.0292,-0.1134,115.022,-236.68,1
1325642.0,-0.0292,-0.0654,113.2425,-194.32,1
1325655.0,-0.0303,-0.0262,111.7704,-177.9,1
1325665.0,-0.0303,-0.024,110.5526,-186.22,1
1325675.0,-0.0303,-0.0556,109.5451,-210.13,1
1325682.0,-0.0314,-0.0665,108.7116,-211.26,1
1325692.0,-0.0314,-0.0349,106.8916,-183.73,1
1325705.0,-0.0314,-0.0033,105.3859,-169.29,1
1325715.0,-0.0314,0.0076,104.1404,-169.12,1
1325725.0,-0.0314,-0.0044,101.9795,-180.58,1
1325733.0,-0.0314,-0.0251,100.1918,-181.0,1
1325745.0,-0.0325,-0.0164,98.7129,-187.08,1
1325755.0,-0.0325,0.0033,97.4894,-175.14,1
1325765.0,-0.0325,0.0076,96.4773,-170.08,1
1325776.0,-0.0325,-0.0142,95.64,-205.7,1
1325782.0,-0.0325,-0.0109,93.8168,-177.17,1
1325795.0,-0.0325,-0.0207,92.3086,-203.99,1
1325805.0,-0.0325,-0.0207,91.0608,-190.45,1
1325815.0,-0.0336,-0.0251,90.0286,-193.78,1
1325826.0,-0.0336,0.0076,89.1747,-176.73,1
1325833.0,-0.0336,-0.0371,87.3377,-194.19,1
1325846.0,-0.0336,0.0076,85.8181,-188.5,1
1325856.0,-0.0336,0.0022,84.5609,-178.39,1
1325866.0,-0.0336,-0.0109,83.5209,-181.22,1
1325876.0,-0.0336,-0.0044,81.53,-196.6,1
1325883.0,-0.0336,-0.0011,79.883,-177.57,1
1325893.0,-0.0347,-0.0284,79.651,-196.39,1
1325906.0,-0.0347,-0.0065,78.3286,-188.16,1
1325916.0,-0.0336,0.0295,76.1041,-161.7,1
1325926.0,-0.0336,-0.0011,75.3943,-209.11,1
1325934.0,-0.0336,0.0065,74.8071,-170.26,1
1325946.0,-0.0336,0.0207,73.1908,-173.82,1
1325956.0,-0.0336,-0.0218,70.7233,-190.53,1
1325966.0,-0.0347,-0.0131,68.6819,-185.56,1
1325976.0,-0.0336,0.0327,68.1236,-166.61,1
1325983.0,-0.0336,-0.0305,66.5313,-192.74,1
1325993.0,-0.0347,-0.0229,65.214,-191.67,1
1326006.0,-0.0336,0.0327,65.2547,-173.86,1
1326016.0,-0.0347,-0.0229,64.1579,-191.13,1
1326026.0,-0.0347,-0.0327,62.1201,-196.73,1
1326033.0,-0.0347,0.0185,60.4342,-180.04,1
1326043.0,-0.0347,-0.0087,59.0396,-196.14,1
1326056.0,-0.0347,-0.0447,57.8858,-218.42,1
1326066.0,-0.0347,-0.0087,56.9313,-191.63,1
1326076.0,-0.0347,-0.0295,55.0112,-206.96,1
1326084.0,-0.0358,-0.0262,53.4227,-194.11,1
1326096.0,-0.0358,-0.0142,52.1086,-209.23,1
1326106.0,-0.0358,0.0,51.0215,-181.61,1
1326116.0,-0.0358,-0.0425,50.1222,-204.06,1
1326126.0,-0.0358,0.0185,48.2477,-196.37,1
1326135.0,-0.0358,0.0109,46.697,-190.62,1
1326146.0,-0.0358,-0.0033,45.4141,-194.8,1
1326156.0,-0.0358,0.0087,44.3528,-174.81,1
1326166.0,-0.0358,0.0262,43.4749,-167.6,1
1326177.0,-0.0347,0.0295,41.6181,-175.31,1
1326184.0,-0.0358,-0.0305,38.9515,-196.26,1
1326194.0,-0.0347,0.0404,37.876,-165.9,1
1326206.0,-0.0358,-0.0196,36.9862,-210.48,1
1326216.0,-0.0358,-0.0305,35.1197,-195.41,1
1326227.0,-0.0358,0.0022,33.5755,-196.98,1
1326234.0,-0.0358,-0.0065,32.2981,-187.48,1
1326244.0,-0.0358,-0.0753,31.2413,-218.29,1
1326257.0,-0.0369,-0.0196,30.3671,-217.9,1
1326267.0,-0.0369,0.0022,28.5133,-182.86,1
1326277.0,-0.0369,-0.0611,26.9798,-226.18,1
1326285.0,-0.0369,-0.0316,25.7111,-200.56,1
1326297.0,-0.0369,0.0033,24.6616,-190.44,1
1326307.0,-0.0391,-0.0153,23.7934,-223.11,1
1326317.0,-0.0391,-0.0491,21.9446,-217.06,1
1326327.0,-0.0391,0.0207,20.4151,-196.94,1
1326334.0,-0.0391,0.0142,18.0194,-197.18,1
1326344.0,-0.0391,-0.0338,16.0374,-209.18,1
1326357.0,-0.0391,0.0284,15.5283,-179.32,1
1326367.0,-0.0391,0.0109,13.9766,-192.1,1
1326377.0,-0.0391,-0.0098,11.5625,-199.56,1
1326384.0,-0.0391,0.0142,9.5653,-197.6,1
1326394.0,-0.0391,0.0295,9.0436,-188.22,1
1326407.0,-0.0391,-0.0175,8.612,-202.87,1
1326417.0,-0.0391,0.0229,7.1245,-184.45,1
1326427.0,-0.038,0.0436,4.7634,-180.56,1
1326436.0,-0.038,-0.0142,2.8101,-196.85,1
1326447.0,-0.038,-0.0109,2.3247,-204.3,1
1326457.0,-0.038,0.0218,0.7927,-178.96,1
1326467.0,-0.0391,-0.0251,-1.6052,-216.93,1
1326477.0,-0.0391,-0.0338,-2.4585,-211.22,1
1326484.0,-0.0391,-0.0076,-3.1643,-213.53,1
1326495.0,-0.0391,-0.0502,-4.8788,-218.83,1
1326507.0,-0.0401,-0.0731,-6.2971,-255.0,1
1326517.0,-0.0401,-0.0273,-7.4704,-245.51,1
1326528.0,-0.0412,-0.036,-8.4411,-215.17,1
1326535.0,-0.0412,-0.0774,-10.3746,-253.64,1
1326545.0,-0.0412,-0.0262,-11.9741,-234.88,1
1326558.0,-0.0423,-0.0393,-13.2973,-221.41,1
1326567.0,-0.0423,-0.0382,-15.5225,-229.21,1
1326578.0,-0.0423,-0.0131,-17.3634,-232.14,1
1326585.0,-0.0423,-0.0153,-18.8862,-217.27,1
1326595.0,-0.0434,-0.0207,-20.1461,-233.66,1
1326608.0,-0.0434,-0.0055,-21.1883,-215.18,1
1326618.0,-0.0434,0.0,-23.181,-209.42,1
1326628.0,-0.0434,0.0251,-24.8295,-199.41,1
1326635.0,-0.0434,0.0044,-26.1932,-223.4,1
1326645.0,-0.0423,0.036,-28.452,-190.92,1
1326658.0,-0.0423,0.0196,-30.3205,-198.98,1
1326668.0,-0.0423,-0.0022,-31.8663,-213.92,1
1326678.0,-0.0423,0.0349,-33.1451,-191.48,1
1326685.0,-0.0423,-0.0011,-35.3336,-236.52,1
1326695.0,-0.0423,-0.0491,-37.144,-231.53,1
1326708.0,-0.0423,-0.0109,-38.6417,-227.31,1
1326718.0,-0.0423,-0.0185,-39.8807,-228.23,1
1326728.0,-0.0434,-0.0415,-40.9057,-232.17,1
1326737.0,-0.0434,-0.0131,-42.8842,-219.3,1
1326748.0,-0.0434,-0.0185,-44.5209,-247.17,1
1326758.0,-0.0434,-0.0382,-45.8749,-230.54,1
1326768.0,-0.0434,0.0,-46.995,-244.19,1
1326778.0,-0.0434,0.0131,-47.9217,-241.85,1
1326785.0,-0.0445,-0.0229,-49.8188,-222.06,1
1326795.0,-0.0434,0.0393,-52.5187,-191.2,1
1326808.0,-0.0434,0.0065,-53.6218,-236.46,1
1326818.0,-0.0434,0.0011,-54.5343,-207.58,1
1326828.0,-0.0434,0.0382,-56.4197,-229.93,1
1326837.0,-0.0434,0.0164,-57.9795,-198.64,1
1326848.0,-0.0434,-0.0131,-59.2698,-218.93,1
1326858.0,-0.0434,0.0349,-61.4678,-197.56,1
1326868.0,-0.0423,0.0207,-63.2861,-197.23,1
1326879.0,-0.0434,-0.0196,-63.6598,-223.18,1
1326887.0,-0.0423,0.0229,-65.0995,-198.74,1
1326898.0,-0.0423,-0.0065,-67.421,-214.49,1
1326908.0,-0.0434,-0.0458,-69.3416,-253.98,1
1326918.0,-0.0434,-0.0371,-70.9304,-246.23,1
1326929.0,-0.0434,-0.024,-72.2447,-247.32,1
1326936.0,-0.0445,-0.0971,-73.3321,-255.0,1
1326946.0,-0.0456,-0.0687,-74.2316,-255.0,1
1326959.0,-0.0456,-0.0305,-74.9758,-254.61,1
1326969.0,-0.0467,-0.0589,-76.7219,-255.0,1
1326979.0,-0.0467,-0.0535,-79.2969,-250.2,1
1326986.0,-0.0467,-0.0513,-80.2966,-251.09,1
1326996.0,-0.0478,-0.0698,-81.1237,-255.0,1
1327009.0,-0.0478,-0.0415,-82.9384,-248.32,1
1327019.0,-0.0489,-0.0665,-84.4396,-255.0,1
1327029.0,-0.0489,-0.0469,-86.8121,-255.0,1
1327036.0,-0.05,-0.0284,-88.7747,-255.0,1
1327046.0,-0.05,-0.0458,-90.3984,-255.0,1
1327059.0,-0.0511,-0.0633,-92.8721,-255.0,1
1327069.0,-0.0511,-0.0316,-94.9185,-255.0,1
1327079.0,-0.0511,-0.0349,-96.6115,-255.0,1
1327087.0,-0.0521,-0.0545,-98.012,-255.0,1
1327099.0,-0.0521,-0.0022,-99.1706,-255.0,1
1327109.0,-0.0521,-0.0229,-101.2596,-255.0,1
1327119.0,-0.0521,-0.048,-102.9878,-255.0,1
1327129.0,-0.0532,-0.0142,-104.4174,-255.0,1
1327136.0,-0.0532,-0.0393,-106.7307,-255.0,1
1327147.0,-0.0532,-0.0316,-108.6443,-255.0,1
1327159.0,-0.0543,-0.0153,-110.2274,-255.0,1
1327169.0,-0.0543,-0.0207,-112.6676,-255.0,1
1327179.0,-0.0543,-0.0382,-114.6863,-255.0,1
1327187.0,-0.0543,-0.0164,-115.2258,-255.0,1
1327197.0,-0.0543,-0.0131,-116.8026,-255.0,1
1327209.0,-0.0554,-0.0535,-119.2376,-255.0,1
1327219.0,-0.0554,-0.0382,-121.252,-255.0,1
1327230.0,-0.0554,-0.0087,-122.9184,-255.0,1
1327237.0,-0.0565,-0.0273,-125.4275,-255.0,1
1327247.0,-0.0565,-0.0033,-127.5032,-255.0,1
1327260.0,-0.0565,-0.0458,-129.2204,-255.0,1
1327270.0,-0.0576,-0.0589,-131.7714,-255.0,1
1327280.0,-0.0576,-0.0229,-132.7514,-255.0,1
1327287.0,-0.0576,0.0131,-133.562,-255.0,1
1327297.0,-0.0576,-0.0807,-136.4937,-255.0,1
1327310.0,-0.0587,-0.0807,-138.9189,-255.0,1
1327320.0,-0.0598,-0.1287,-139.7948,-255.0,1
1327330.0,-0.0598,0.0425,-141.6499,-255.0,1
1327337.0,-0.0598,-0.0076,-144.315,-255.0,1
1327347.0,-0.0609,-0.1516,-146.5198,-255.0,1
1327360.0,-0.0631,-0.1516,-147.2133,-255.0,1
1327370.0,-0.062,0.0207,-147.787,-255.0,1
1327380.0,-0.062,0.0175,-150.5226,-255.0,1
1327387.0,-0.0631,-0.1004,-153.9162,-255.0,1
1327397.0,-0.0652,-0.2356,-155.5931,-255.0,1
1327410.0,-0.0663,-0.0567,-155.8499,-255.0,1
1327420.0,-0.0663,-0.0098,-158.3233,-255.0,1
1327430.0,-0.0663,-0.0884,-160.3695,-255.0,1
1327437.0,-0.0696,-0.2782,-160.9317,-255.0,1
1327447.0,-0.0707,-0.1145,-163.6579,-255.0,1
1327460.0,-0.0718,-0.0665,-165.9131,-255.0,1
1327470.0,-0.0729,-0.1331,-166.6483,-255.0,1
1327480.0,-0.075,-0.3076,-168.3871,-255.0,1
1327488.0,-0.0761,-0.1756,-170.956,-255.0,1
1327498.0,-0.0772,-0.1702,-173.0811,-255.0,1
1327510.0,-0.0794,-0.2313,-173.7087,-255.0,1
1327520.0,-0.0827,-0.3153,-175.3584,-255.0,1
1327530.0,-0.0849,-0.2596,-177.8537,-255.0,1
1327538.0,-0.0881,-0.288,-178.7874,-255.0,1
1327548.0,-0.0914,-0.3807,-180.6904,-255.0,1
1327560.0,-0.0947,-0.3458,-183.3952,-255.0,1
1327570.0,-0.099,-0.4091,-184.5023,-255.0,1
1327581.0,-0.1034,-0.4461,-185.4181,-255.0,1
1327588.0,-0.1078,-0.4811,-187.3063,-255.0,1
1327598.0,-0.1132,-0.5214,-188.8683,-255.0,1
1327610.0,-0.1252,-0.6109,-190.1605,-255.0,1
1327621.0,-0.1252,-0.6676,-192.3601,-255.0,1
1327631.0,-0.1394,-0.6512,-195.3102,-255.0,1
1327638.0,-0.1394,-0.8127,-196.6202,-255.0,1
1327648.0,-0.1481,-0.853,-197.7039,-255.0,1
1327661.0,-0.1667,-0.8748,-199.731,-255.0,1
1327671.0,-0.1776,-1.0527,-200.2774,-255.0,1
1327681.0,-0.1885,-1.1432,-201.86,-255.0,1
1327688.0,-0.1885,-1.1476,-204.2997,-255.0,1
1327698.0,-0.2005,-1.2435,-205.1875,-255.0,1
1327711.0,-0.2223,-1.1923,-205.9219,-255.0,1
1327721.0,-0.231,-0.9981,-207.66,-255.0,1
1327731.0,-0.2387,-0.9119,-210.2284,-255.0,1
1327738.0,-0.2387,-0.781,-212.3531,-255.0,1
1327749.0,-0.243,-0.4843,-214.1109,-255.0,1
1327761.0,-0.2463,-0.2869,-215.565,-255.0,1
1327771.0,-0.243,-0.0447,-216.768,-255.0,1
1327781.0,-0.2387,0.2956,-217.7631,-255.0,1
1327789.0,-0.2387,0.4832,-219.7169,-255.0,1
1327799.0,-0.2332,0.5181,-222.4637,-255.0,1
1327811.0,-0.2179,0.9152,-223.6056,-255.0,1
1327821.0,-0.2103,0.7178,-224.5502,-255.0,1
1327831.0,-0.2016,0.7429,-226.4622,-255.0,1
1327839.0,-0.2016,0.9523,-228.0439,-255.0,1
1327849.0,-0.1961,0.5803,-229.3524,-255.0,1
1327861.0,-0.1852,0.5661,-231.5654,-255.0,1
1327871.0,-0.183,0.5301,-233.3962,-255.0,1
1327881.0,-0.1798,0.2171,-234.9107,-255.0,1
1327889.0,-0.1798,0.3469,-236.1636,-255.0,1
1327899.0,-0.1776,0.2018,-237.2001,-255.0,1
1327911.0,-0.1776,-0.0153,-239.1881,-255.0,1
1327921.0,-0.1809,0.0109,-239.7022,-255.0,1
1327932.0,-0.183,-0.2553,-241.258,-255.0,1
1327939.0,-0.183,-0.3098,-242.5451,-255.0,1
1327949.0,-0.1863,-0.3076,-243.6099,-255.0,1
1327961.0,-0.1961,-0.5956,-245.6212,-255.0,1
1327971.0,-0.2027,-0.4451,-246.1546,-255.0,1
1327982.0,-0.2081,-0.612,-247.7264,-255.0,1
1327989.0,-0.2081,-0.5738,-250.1572,-255.0,1
1327999.0,-0.2114,-0.3818,-252.1681,-255.0,1
1328012.0,-0.2201,-0.5541,-253.8317,-255.0,1
1328022.0,-0.2223,-0.3022,-254.0775,-255.0,1
1328032.0,-0.2245,-0.2498,-255.4113,-255.0,1
1328040.0,-0.2245,-0.1833,-257.6452,-255.0,1
1328050.0,-0.2234,0.1254,-258.3627,-255.0,1
1328062.0,-0.2201,0.0011,-258.9563,-255.0,1
1328072.0,-0.2179,0.3076,-260.5779,-255.0,1
1328082.0,-0.2136,0.228,-263.0499,-255.0,1
1328090.0,-0.2136,0.3807,-263.9644,-255.0,1
1328100.0,-0.2103,0.3949,-265.8514,-255.0,1
1328112.0,-0.2027,0.3011,-267.4125,-255.0,1
1328122.0,-0.2016,0.4167,-268.704,-255.0,1
1328132.0,-0.1983,0.1953,-270.9029,-255.0,1
1328140.0,-0.1983,0.3054,-271.5915,-255.0,1
1328150.0,-0.1972,0.1167,-272.1611,-255.0,1
1328162.0,-0.1961,0.1025,-273.7628,-255.0,1
1328172.0,-0.1961,0.0567,-275.088,-255.0,1
1328182.0,-0.1961,-0.0709,-276.1842,-255.0,1
1328190.0,-0.1961,-0.0098,-278.2215,-255.0,1
1328200.0,-0.1983,-0.1953,-278.7765,-255.0,1
1328212.0,-0.2016,-0.0993,-280.3661,-255.0,1
1328222.0,-0.2038,-0.2487,-281.6811,-255.0,1
1328232.0,-0.2059,-0.1789,-282.769,-255.0,1
1328240.0,-0.2059,-0.2542,-284.7994,-255.0,1
1328250.0,-0.2081,-0.2302,-285.3487,-255.0,1
1328262.0,-0.2125,-0.1942,-285.8031,-255.0,1
1328272.0,-0.2125,-0.2247,-287.3095,-255.0,1
1328283.0,-0.2147,-0.0545,-289.6862,-255.0,1
1328290.0,-0.2147,-0.1658,-290.5219,-255.0,1
1328300.0,-0.2136,0.1014,-291.2132,-255.0,1
1328313.0,-0.2114,-0.0676,-292.9156,-255.0,1
1328323.0,-0.2114,0.2062,-294.324,-255.0,1
1328333.0,-0.2092,-0.0033,-295.4891,-255.0,1
1328341.0,-0.2092,0.2738,-297.5835,-255.0,1
1328351.0,-0.2081,0.0796,-298.1856,-255.0,1
1328363.0,-0.2049,0.2553,-298.6837,-255.0,1
1328373.0,-0.2038,0.0862,-300.2263,-255.0,1
1328383.0,-0.2027,0.1953,-301.5024,-255.0,1
1328391.0,-0.2027,0.0415,-303.6886,-255.0,1
1328401.0,-0.2016,0.0927,-305.4971,-255.0,1
1328413.0,-0.2016,-0.0065,-305.8628,-255.0,1
1328423.0,-0.2016,0.0284,-306.1653,-255.0,1
1328433.0,-0.2027,-0.0415,-307.5461,-255.0,1
1328441.0,-0.2027,-0.0491,-308.6884,-255.0,1
1328451.0,-0.2038,-0.0982,-309.6334,-255.0,1
1328463.0,-0.2059,-0.096,-311.5457,-255.0,1
1328473.0,-0.207,-0.1189,-313.1276,-255.0,1
1328483.0,-0.2081,-0.1451,-314.4363,-255.0,1
1328491.0,-0.2081,-0.1189,-315.519,-255.0,1
1328501.0,-0.2092,-0.1298,-316.4146,-255.0,1
1328513.0,-0.2114,-0.0665,-317.1555,-255.0,1
1328523.0,-0.2114,-0.0818,-317.7685,-255.0,1
1328533.0,-0.2114,-0.0055,-319.4061,-255.0,1
1328541.0,-0.2114,-0.0011,-320.7608,-255.0,1
1328551.0,-0.2103,0.0469,-321.8816,-255.0,1
1328563.0,-0.2092,0.0622,-322.8087,-255.0,1
1328573.0,-0.2081,0.0884,-324.7062,-255.0,1
1328584.0,-0.207,0.12,-326.2759,-255.0,1
1328591.0,-0.207,0.0818,-326.444,-255.0,1
1328601.0,-0.2059,0.1331,-327.7136,-255.0,1
1328613.0,-0.2049,0.0305,-328.7639,-255.0,1
1328623.0,-0.2049,0.1124,-329.6328,-255.0,1
1328634.0,-0.2038,-0.0305,-331.4821,-255.0,1
1328642.0,-0.2038,0.0851,-331.8815,-255.0,1
1328652.0,-0.2049,-0.0873,-333.3424,-255.0,1
1328664.0,-0.2059,0.0578,-334.5509,-255.0,1
1328674.0,-0.2049,-0.1538,-335.5507,-255.0,1
1328684.0,-0.207,0.0327,-336.3778,-255.0,1
1328692.0,-0.207,-0.1669,-337.0621,-255.0,1
1328702.0,-0.207,0.0,-338.7586,-255.0,1
1328714.0,-0.2081,-0.1462,-340.1622,-255.0,1
1328724.0,-0.2092,-0.0316,-341.3232,-255.0,1
1328734.0,-0.2103,-0.0764,-342.2838,-255.0,1
1328742.0,-0.2103,-0.0447,-344.2089,-255.0,1
1328752.0,-0.2103,0.0044,-344.671,-255.0,1
1328764.0,-0.2092,-0.0447,-345.0533,-255.0,1
1328774.0,-0.2103,0.0873,-345.3695,-255.0,1
1328784.0,-0.2081,-0.0469,-346.7616,-255.0,1
1328792.0,-0.2081,0.1407,-349.0438,-255.0,1
1328803.0,-0.2081,-0.012,-349.8013,-255.0,1
1328814.0,-0.207,0.1265,-350.4279,-255.0,1
1328824.0,-0.207,0.0295,-350.9463,-255.0,1
1328834.0,-0.2059,0.0589,-352.5056,-255.0,1
1328842.0,-0.2059,0.0676,-353.7957,-255.0,1
1328852.0,-0.2059,-0.0207,-353.7324,-255.0,1
1328864.0,-0.2059,0.0818,-354.8105,-255.0,1
1328874.0,-0.2049,-0.0709,-355.7024,-255.0,1
1328884.0,-0.2059,0.0622,-356.4402,-255.0,1
1328893.0,-0.2059,-0.0676,-358.1812,-255.0,1
1328903.0,-0.2059,-0.0196,-359.6214,-255.0,1
1328914.0,-0.207,-0.0284,-360.8128,-255.0,1
1328924.0,-0.207,-0.0807,-361.7985,-255.0,1
1328935.0,-0.2081,0.0175,-362.6139,-255.0,1
1328943.0,-0.2081,-0.1233,-363.2885,-255.0,1
1328953.0,-0.2081,0.0251,-364.977,-255.0,1
1328964.0,-0.2092,-0.0654,-366.3739,-255.0,1
1328975.0,-0.2081,-0.0207,-366.399,-255.0,1
1328985.0,-0.2092,0.024,-367.5502,-255.0,1
1328993.0,-0.2092,-0.0535,-368.5027,-255.0,1
1329003.0,-0.2081,0.0971,-369.2905,-255.0,1
1329015.0,-0.2081,-0.0447,-369.9423,-255.0,1
1329025.0,-0.2081,0.06,-370.4815,-255.0,1
1329035.0,-0.2081,0.0458,-372.0581,-255.0,1
1329043.0,-0.2081,-0.0076,-373.3624,-255.0,1
1329053.0,-0.207,0.0938,-374.4414,-255.0,1
1329065.0,-0.2059,-0.0316,-375.334,-255.0,1
1329075.0,-0.2059,0.0742,-376.0724,-255.0,1
1329085.0,-0.2059,0.0164,-376.6833,-255.0,1
1329094.0,-0.2059,-0.024,-377.1887,-255.0,1
1329104.0,-0.2059,0.0676,-378.7373,-255.0,1
1329115.0,-0.2059,-0.0742,-380.0184,-255.0,1
1329125.0,-0.2059,0.0284,-381.0782,-255.0,1
1329135.0,-0.207,-0.0273,-381.955,-255.0,1
1329144.0,-0.207,-0.072,-381.5497,-255.0,1
1329154.0,-0.207,0.0447,-382.3451,-255.0,1
1329165.0,-0.2081,-0.0982,-384.1335,-255.0,1
1329175.0,-0.2081,0.0044,-385.613,-255.0,1
1329186.0,-0.2092,-0.0022,-386.837,-255.0,1
