timestamp_ms,angle_rad,velocity,wheel_vel,pwm,is_valid,user_free
36524.80952380953,0.2499952380952381,-0.011504761904761905,926.9525333333333,255.0,0,0
39109.208616780044,0.22922426303854876,-0.004275736961451247,2293.0872634920634,255.0,0,0
42616.60738581147,0.20103508260447037,0.005535082604470358,4147.127254421768,255.0,0,0
46625.06312184738,0.16881887639409507,0.01674744782266648,6266.030101198574,255.0,1,0
50681.23856902657,0.13621914391931053,0.02809329357917446,8410.157981865581,255.0,1,0
54389.741835018984,0.10641367422807896,0.0384666382708389,10370.50347276113,255.0,1,0
57480.16122334599,0.0815757828187193,0.04711109218055926,12004.124715174086,255.0,1,0
59834.76647159514,0.06265167507825481,0.053697342778441445,13248.788518917292,255.0,1,0
61474.580840911505,0.04947238575900275,0.05828419587339511,14115.607953667024,255.0,1,0
62515.73282142984,0.04110458301662049,0.061196483552730774,14665.96949953987,255.0,1,0
63115.634676871356,0.03628313476981928,0.06287451597749084,14983.082580733271,255.0,1,0
63427.27200437344,0.033778486329922544,0.06374622113321037,15147.816648885688,255.0,1,0
63571.96076357083,0.03261561383997049,0.06415094138408013,15224.300323385025,255.0,1,0
63631.32025452361,0.03213853794665683,0.06431698046136004,15255.678241128342,255.0,1,0
63652.52007272103,0.03196815369904481,0.06437628013181715,15266.884640322383,255.0,1,0
63658.98096969548,0.03191622707120114,0.06439435241233742,15270.299923886283,255.0,1,0
63660.61542279914,0.031903090870704975,0.06439892426901665,15271.163909311674,255.0,1,0
63660.94506039988,0.031900441552957855,0.06439984632414524,15271.338158473096,255.0,1,0
63660.99476765713,0.03190004205266265,0.06439998536420431,15271.364434140296,255.0,1,0
63660.99975084081,0.03190000200250774,0.06439999930305734,15271.367068292395,255.0,1,0
63661.0,0.0319,0.0644,15271.3672,255.0,1,0
63669.0,0.0319,0.0731,27713.3477,-255.0,1,0
63679.0,0.0319,0.0764,22926.4746,255.0,1,0
63691.0,0.034,0.0884,18966.4297,255.0,1,0
63701.0,0.034,0.0742,15690.3945,255.0,1,0
63711.0,0.0351,0.0295,12980.2227,255.0,1,0
63719.0,0.0351,0.132,10739.3037,255.0,1,0
63730.0,0.0362,0.0327,8885.4541,255.0,1,0
63741.0,0.0351,-0.144,7350.6865,255.0,1,0
63751.0,0.034,0.0535,6082.1475,255.0,1,0
63761.0,0.0329,-0.0687,5033.8511,255.0,1,0
63769.0,0.0329,-0.1844,4166.6245,255.0,1,0
63779.0,0.0308,-0.1374,3449.1929,255.0,1,0
63791.0,0.0275,-0.1276,2856.8123,255.0,1,0
63801.0,0.0264,-0.1931,2366.7522,-255.0,1,0
63812.0,0.0253,-0.18,1961.3391,-255.0,1,0
63820.0,0.0253,-0.1516,1625.9524,255.0,1,0
63830.0,0.0231,-0.1636,1348.4963,255.0,1,0
63841.0,0.022,-0.1549,1118.9647,255.0,1,0
63852.0,0.0231,0.0284,929.0797,255.0,1,0
63862.0,0.0209,0.0764,771.993,255.0,1,0
63870.0,0.0209,-0.2793,642.0397,-255.0,1,0
63880.0,0.0209,-0.0415,535.6634,241.04,1,0
63892.0,0.0209,0.1309,447.6613,255.0,1,0
63902.0,0.0188,-0.0884,374.8597,125.93,1,0
63912.0,0.0209,-0.2073,314.6329,-103.78,1,0
63920.0,0.0209,0.2334,264.809,255.0,1,0
63931.0,0.0209,0.0731,223.5911,179.59,1,0
63942.0,0.0209,-0.216,189.4926,-84.51,1,0
63952.0,0.0242,0.2083,162.4144,255.0,1,0
63962.0,0.0253,0.384,140.0134,255.0,1,0
63970.0,0.0253,0.0273,120.3512,180.85,1,0
63981.0,0.0253,0.0404,105.2157,165.54,1,0
63992.0,0.0319,0.3872,93.825,255.0,1,0
64002.0,0.0319,0.2956,84.4018,255.0,1,0
64012.0,0.034,-0.0567,75.4757,163.24,1,0
64020.0,0.034,0.2803,68.0915,255.0,1,0
64031.0,0.0373,0.3272,64.2437,255.0,1,0
64042.0,0.0373,0.0654,61.0605,225.69,1,0
64052.0,0.0395,-0.0469,57.2967,178.57,1,0
64062.0,0.0417,0.2596,54.1829,255.0,1,0
64072.0,0.0395,0.1484,52.7375,255.0,1,0
64082.0,0.0406,-0.1385,51.5418,150.45,1,0
64092.0,0.0417,0.0698,50.5526,244.92,1,0
64102.0,0.0417,0.1451,50.8648,255.0,1,0
64113.0,0.0406,-0.0011,51.123,206.08,1,0
64122.0,0.0417,-0.1538,51.3367,147.0,1,0
64132.0,0.0417,0.1309,51.5134,255.0,1,0
64142.0,0.0406,0.0316,52.7901,229.36,1,0
64152.0,0.0406,-0.1985,53.8463,106.47,1,0
64163.0,0.0406,-0.0142,54.7201,202.4,1,0
64173.0,0.0395,0.0371,55.4429,221.64,1,0
64182.0,0.0373,-0.1276,56.0409,129.84,1,0
64193.0,0.0373,-0.2345,56.5356,83.09,1,0
64203.0,0.0373,0.0687,56.9448,227.93,1,0
64213.0,0.0351,-0.0404,58.4139,165.16,1,0
64223.0,0.0351,-0.2411,59.6292,67.3,1,0
64233.0,0.0362,0.0022,60.6346,191.24,1,0
64243.0,0.0362,0.1385,61.4663,255.0,1,0
64253.0,0.0351,-0.0556,62.1544,159.6,1,0
64263.0,0.0373,-0.072,62.7236,159.17,1,0
64273.0,0.0384,0.2596,63.1945,255.0,1,0
64283.0,0.0373,0.0862,63.5841,238.63,1,0
64293.0,0.0384,-0.0611,63.9063,171.59,1,0
64303.0,0.0417,0.1091,65.3034,255.0,1,0
64313.0,0.0406,0.2585,66.4592,255.0,1,0
64322.0,0.0406,-0.0393,67.4154,204.83,1,0
64333.0,0.0417,-0.0982,69.3369,189.43,1,0
64343.0,0.0428,0.2127,70.9265,255.0,1,0
64353.0,0.0417,0.108,72.2415,255.0,1,0
64363.0,0.0417,-0.1538,73.3294,133.48,1,0
64372.0,0.0417,0.0153,74.2294,225.14,1,0
64382.0,0.0428,0.1265,74.9739,255.0,1,0
64393.0,0.0406,-0.0687,75.5899,190.83,1,0
64403.0,0.0406,-0.2062,77.2299,126.65,1,0
64414.0,0.0417,0.0774,79.7172,246.59,1,0
64422.0,0.0417,0.0229,81.7748,220.81,1,0
64432.0,0.0384,-0.2443,82.3465,100.36,1,0
64443.0,0.0395,-0.0513,82.8195,173.69,1,0
64453.0,0.0373,0.0589,84.3413,221.52,1,0
64464.0,0.0351,-0.1287,84.4697,150.46,1,0
64472.0,0.0351,-0.2738,85.7065,44.47,1,0
64482.0,0.0351,0.0415,87.8601,203.75,1,0
64493.0,0.034,0.036,88.5112,197.92,1,0
64503.0,0.0329,-0.2171,89.0499,74.31,1,0
64514.0,0.034,-0.096,89.4955,148.62,1,0
64522.0,0.034,0.1331,89.8642,246.17,1,0
64533.0,0.0319,-0.0436,90.1691,194.15,1,0
64544.0,0.0319,-0.2029,91.5519,65.61,1,0
64554.0,0.0329,0.0284,92.6959,191.72,1,0
64564.0,0.0319,0.1124,93.6422,226.15,1,0
64573.0,0.0319,-0.132,94.4251,122.08,1,0
64583.0,0.0308,-0.1036,95.0728,116.09,1,0
64594.0,0.0319,-0.0044,95.6086,169.03,1,0
64604.0,0.0308,-0.2051,96.0518,65.43,1,0
64614.0,0.0297,-0.0153,96.4185,156.86,1,0
64623.0,0.0297,-0.0153,96.7219,169.09,1,0
64633.0,0.0308,0.1265,98.1033,231.96,1,0
64644.0,0.0297,-0.096,98.1157,123.37,1,0
64654.0,0.0308,0.0873,98.1259,212.85,1,0
64664.0,0.0308,0.0044,99.2648,172.13,1,0
64673.0,0.0297,0.0044,100.207,168.36,1,0
64683.0,0.0297,-0.0796,100.9865,159.3,1,0
64694.0,0.0308,0.1145,101.6313,224.34,1,0
64704.0,0.0297,-0.0742,102.1648,135.18,1,0
64714.0,0.0297,-0.0535,102.6061,136.99,1,0
64723.0,0.0297,-0.0535,102.9712,137.97,1,0
64734.0,0.0297,0.012,104.4037,171.56,1,0
64744.0,0.0286,-0.0545,105.5888,158.71,1,0
64754.0,0.0286,0.048,105.4387,183.17,1,0
64764.0,0.0286,0.0033,105.3145,161.83,1,0
64773.0,0.0286,0.0033,105.2118,174.18,1,0
64784.0,0.0286,-0.036,106.2573,146.42,1,0
64794.0,0.0286,0.0098,108.2527,165.56,1,0
64804.0,0.0286,-0.0065,108.773,158.21,1,0
64815.0,0.0286,0.0175,108.0729,174.98,1,0
64824.0,0.0297,0.0175,108.6242,175.14,1,0
64834.0,0.0297,0.0371,109.0803,185.51,1,0
64845.0,0.0297,0.0185,109.4576,176.68,1,0
64855.0,0.0297,0.0164,109.7697,182.24,1,0
64865.0,0.0297,0.012,110.028,173.22,1,0
64874.0,0.0297,0.012,111.3721,175.8,1,0
64884.0,0.0308,0.012,111.3536,178.1,1,0
64895.0,0.0308,-0.0022,111.3382,171.31,1,0
64905.0,0.0308,0.0022,112.456,173.82,1,0
64915.0,0.0308,0.0,113.3808,173.0,1,0
64924.0,0.0308,0.0,114.1458,175.31,1,0
64934.0,0.0308,0.0164,113.6481,181.21,1,0
64945.0,0.0319,0.0196,113.2365,187.35,1,0
64955.0,0.0319,0.0196,114.0264,187.54,1,0
64965.0,0.0319,0.0076,115.8104,183.87,1,0
64974.0,0.0319,0.0076,117.2862,181.7,1,0
64984.0,0.0319,0.0033,117.3767,179.65,1,0
64995.0,0.0319,0.0447,117.4515,200.49,1,0
65005.0,0.0329,0.0305,117.5133,197.85,1,0
65015.0,0.0329,0.0262,117.5645,195.74,1,0
65024.0,0.0329,0.0262,118.7374,200.08,1,0
65035.0,0.0329,0.0251,119.7077,194.91,1,0
65045.0,0.0329,0.0251,119.3798,195.04,1,0
65055.0,0.034,0.0513,120.2391,223.15,1,0
65065.0,0.034,-0.0033,122.0805,184.26,1,0
65075.0,0.034,-0.0033,122.4733,184.65,1,0
65085.0,0.034,0.0218,122.7983,197.51,1,0
65095.0,0.034,-0.0055,123.0671,187.28,1,0
65105.0,0.034,0.048,123.2895,210.65,1,1
65116.0,0.034,-0.0262,124.604,173.9,1,1
65125.0,0.034,-0.0262,125.6915,188.84,1,1
65135.0,0.034,-0.0033,126.5911,183.91,1,1
65145.0,0.034,-0.0033,127.3353,187.63,1,1
65156.0,0.034,0.0273,127.951,199.8,1,1
65166.0,0.034,0.0316,129.5908,202.54,1,1
65175.0,0.034,0.0316,130.9474,204.03,1,1
65185.0,0.034,-0.0065,130.9391,185.08,1,1
65196.0,0.034,-0.0087,130.9323,183.04,1,1
65206.0,0.034,0.0305,130.9267,202.91,1,1
65216.0,0.0351,0.0436,132.0526,217.23,1,1
65225.0,0.0351,0.0436,132.9839,217.04,1,1
65235.0,0.034,-0.0524,132.6239,161.3,1,1
65246.0,0.034,-0.012,133.4566,181.8,1,1
65256.0,0.034,0.0327,135.276,204.51,1,1
65266.0,0.034,0.0076,136.7811,192.26,1,1
65275.0,0.034,0.0076,136.8957,197.64,1,1
65285.0,0.0329,-0.0731,136.9905,147.1,1,1
65296.0,0.0329,-0.0098,138.1995,179.06,1,1
65306.0,0.034,0.0611,139.1996,219.15,1,1
65316.0,0.0329,-0.0295,140.027,176.02,1,1
65326.0,0.0329,-0.0415,139.5809,162.98,1,1
65336.0,0.0319,-0.0742,140.3425,142.59,1,1
65346.0,0.0329,0.0273,142.1029,198.04,1,1
65356.0,0.0329,0.0905,142.4288,247.68,1,1
65366.0,0.0329,-0.0753,142.6984,152.1,1,1
65376.0,0.0319,-0.0753,142.9214,140.04,1,1
65386.0,0.0319,-0.0196,144.2365,168.64,1,1
65396.0,0.0329,0.0611,145.3244,216.09,1,1
65406.0,0.0329,0.0196,145.0938,200.73,1,1
65417.0,0.0319,-0.06,144.9031,158.06,1,1
65426.0,0.0319,-0.06,145.8758,174.16,1,1
65436.0,0.0319,0.0229,147.811,186.79,1,1
65446.0,0.0319,0.0796,148.2815,234.23,1,1
65457.0,0.0319,-0.0676,148.6707,141.45,1,1
65467.0,0.0308,-0.0491,148.9926,147.65,1,1
65476.0,0.0308,-0.0491,149.259,148.69,1,1
65486.0,0.0319,0.0436,150.6098,228.63,1,1
65497.0,0.0319,-0.0185,150.5968,198.61,1,1
65507.0,0.0308,-0.0273,150.5861,154.37,1,1
65517.0,0.0308,-0.0316,152.8382,154.29,1,1
65526.0,0.0319,-0.0316,153.5708,182.23,1,1
65537.0,0.0319,-0.0109,153.0464,183.49,1,1
65547.0,0.0308,-0.024,153.7431,157.59,1,1
65557.0,0.0329,-0.0207,154.3194,179.07,1,1
65567.0,0.034,0.0829,154.7962,237.45,1,1
65577.0,0.034,-0.0284,155.1906,176.39,1,1
65587.0,0.034,-0.012,155.5169,178.83,1,1
65597.0,0.034,0.0218,156.9173,202.36,1,1
65607.0,0.0351,0.0753,158.0759,228.63,1,1
65617.0,0.0351,-0.0098,157.9038,190.16,1,1
65627.0,0.034,-0.0251,158.8919,175.45,1,1
65637.0,0.034,-0.0218,159.7094,177.86,1,1
65647.0,0.0351,0.0916,160.3857,255.0,1,1
65657.0,0.0351,-0.0055,160.9451,195.44,1,1
65667.0,0.0351,-0.0404,161.4079,171.74,1,1
65677.0,0.0351,-0.0044,162.9213,198.06,1,1
65687.0,0.0351,0.0611,163.0428,229.44,1,1
65697.0,0.0351,-0.0142,163.1433,194.86,1,1
65707.0,0.0351,-0.0382,164.3569,173.05,1,1
65718.0,0.0351,-0.0196,165.361,183.28,1,1
65727.0,0.0329,0.0393,166.1915,204.78,1,1
65737.0,0.0319,-0.0567,166.8787,156.19,1,1
65747.0,0.0319,-0.0273,167.4471,167.85,1,1
65757.0,0.0319,0.024,167.9174,193.98,1,1
65768.0,0.0319,0.024,168.3064,194.37,1,1
65777.0,0.0319,-0.0622,168.6282,157.89,1,1
65788.0,0.0319,-0.0142,170.025,175.14,1,1
65798.0,0.0319,0.0818,171.1805,223.61,1,1
65808.0,0.0319,-0.0164,171.0058,174.79,1,1
65818.0,0.0319,-0.012,170.8614,177.18,1,1
65828.0,0.0319,0.0207,171.8724,193.83,1,1
65838.0,0.0329,0.0807,172.7088,228.43,1,1
65848.0,0.0329,-0.0262,172.2702,176.11,1,1
65858.0,0.0329,0.0316,173.0379,204.01,1,1
65868.0,0.0329,0.0251,173.6729,200.91,1,1
65878.0,0.034,0.0524,174.1983,219.06,1,1
65888.0,0.034,-0.0109,175.7634,212.79,1,1
65898.0,0.034,0.0033,177.0582,191.6,1,1
65908.0,0.0351,0.0851,176.9989,237.59,1,1
65918.0,0.034,-0.0371,176.9498,172.71,1,1
65928.0,0.034,-0.024,178.0397,179.84,1,1
65938.0,0.034,0.0393,178.9413,255.0,1,1
65948.0,0.0351,0.0425,179.6872,212.32,1,1
65958.0,0.034,-0.0644,180.3042,164.4,1,1
65968.0,0.034,0.0251,180.8147,216.55,1,1
65978.0,0.034,-0.0393,181.237,183.47,1,1
65988.0,0.034,0.0273,182.7169,226.62,1,1
65998.0,0.034,-0.0316,183.9411,169.13,1,1
66008.0,0.034,-0.0371,183.8234,174.57,1,1
66018.0,0.034,0.0404,184.8565,207.8,1,1
66028.0,0.0329,-0.0753,186.8417,147.24,1,1
66038.0,0.0329,-0.0349,187.3535,204.19,1,1
66048.0,0.034,0.0873,186.6463,230.09,1,1
66059.0,0.0329,-0.048,187.1918,159.82,1,1
66069.0,0.0329,-0.0676,188.7737,185.03,1,1
66079.0,0.0329,0.0251,188.9517,194.5,1,1
66089.0,0.0329,0.0436,189.099,205.54,1,1
66099.0,0.0329,-0.0687,190.3514,189.65,1,1
66109.0,0.0329,0.024,191.3874,193.34,1,1
66119.0,0.034,0.06,191.114,217.61,1,1
66129.0,0.0329,-0.0458,192.0183,171.42,1,1
66139.0,0.0329,-0.0295,192.7665,170.25,1,1
66149.0,0.034,0.1069,192.2549,243.97,1,1
66159.0,0.034,-0.0349,194.0926,204.65,1,1
66169.0,0.0329,-0.0436,195.613,162.49,1,1
66179.0,0.034,0.0785,195.7402,229.41,1,1
66189.0,0.034,0.0567,195.8454,241.67,1,1
66199.0,0.034,-0.0829,195.9325,147.88,1,1
66209.0,0.034,0.0458,197.1351,213.71,1,1
66219.0,0.0351,0.084,198.1299,255.0,1,1
66229.0,0.034,-0.1102,198.9529,136.19,1,1
66239.0,0.034,-0.0131,199.6337,207.97,1,1
66249.0,0.0351,0.1222,200.1969,255.0,1,1
66259.0,0.034,-0.1233,201.7934,137.2,1,1
66269.0,0.0329,-0.0545,201.9836,171.97,1,1
66280.0,0.034,0.1014,202.1409,255.0,1,1
66290.0,0.0329,-0.0829,203.4016,166.23,1,1
66300.0,0.0319,-0.108,204.4445,114.19,1,1
66310.0,0.0329,0.0698,205.3073,211.61,1,1
66320.0,0.0329,-0.0316,206.021,224.95,1,1
66330.0,0.0319,-0.0993,205.481,120.46,1,1
66340.0,0.0319,0.0164,206.1647,182.06,1,1
66350.0,0.0319,0.0327,207.8609,255.0,1,1
66360.0,0.0319,-0.0785,208.1335,131.95,1,1
66370.0,0.0308,-0.0371,208.3591,151.88,1,1
66380.0,0.0319,0.0873,209.6762,255.0,1,1
66390.0,0.0308,-0.072,210.7658,214.62,1,1
66400.0,0.0308,-0.0731,210.5367,125.65,1,1
66410.0,0.0319,0.1058,211.4777,255.0,1,1
66420.0,0.0308,-0.06,212.2561,184.02,1,1
66430.0,0.0297,-0.1167,212.9001,176.05,1,1
66440.0,0.0308,0.1004,213.4329,255.0,1,1
66450.0,0.0308,-0.0131,213.8736,150.37,1,1
66460.0,0.0297,-0.1353,215.3687,90.81,1,1
66470.0,0.0297,0.0524,215.4751,255.0,1,1
66480.0,0.0297,-0.0218,215.5631,144.46,1,1
66491.0,0.0286,-0.0905,216.7664,111.08,1,1
66501.0,0.0286,0.0164,217.7618,208.6,1,1
66511.0,0.0286,-0.0305,218.5853,143.48,1,1
66521.0,0.0275,-0.0764,219.2666,178.67,1,1
66531.0,0.0286,0.0316,219.8302,251.11,1,1
66541.0,0.0275,-0.0262,219.1659,133.87,1,1
66551.0,0.0275,-0.0349,219.7469,168.32,1,1
66561.0,0.0275,0.0109,221.3581,251.9,1,1
66571.0,0.0275,-0.0316,221.5604,128.08,1,1
66581.0,0.0264,-0.0371,221.7278,189.75,1,1
66591.0,0.0275,0.0305,221.8663,170.9,1,1
66601.0,0.0264,-0.0502,223.1113,121.12,1,1
66611.0,0.0264,-0.0436,224.1413,161.62,1,1
66621.0,0.0275,0.0676,223.8629,188.48,1,1
66631.0,0.0264,-0.0273,224.7631,155.28,1,1
66642.0,0.0264,-0.012,225.5078,198.68,1,1
66652.0,0.0275,0.0556,224.9933,212.13,1,1
66662.0,0.0275,0.0131,225.6982,208.58,1,1
66671.0,0.0275,0.0076,226.2814,255.0,1,1
66681.0,0.0286,0.0785,226.7638,185.15,1,1
66692.0,0.0286,0.0153,227.163,164.31,1,1
66702.0,0.0286,0.0196,227.4931,218.34,1,1
66712.0,0.0286,0.0338,228.8968,171.78,1,1
66722.0,0.0286,0.0055,228.9275,203.26,1,1
66732.0,0.0297,0.0687,228.9529,196.83,1,1
66742.0,0.0297,0.0196,230.1044,198.61,1,1
66752.0,0.0297,-0.0295,231.057,213.36,1,1
66763.0,0.0308,0.1145,230.7145,228.28,1,1
66772.0,0.0308,0.024,230.4313,217.01,1,1
66782.0,0.0308,0.0011,231.3274,255.0,1,1
66793.0,0.0319,0.0785,232.0688,199.07,1,1
66803.0,0.0319,0.0207,233.8126,233.52,1,1
66813.0,0.0319,0.0164,234.1247,172.54,1,1
66822.0,0.0329,0.0665,234.3829,207.73,1,1
66833.0,0.0329,-0.0065,235.727,239.84,1,1
66843.0,0.0329,0.0469,236.8389,255.0,1,1
66853.0,0.0329,0.0076,237.7588,240.16,1,1
66863.0,0.0329,-0.0131,237.3893,255.0,1,1
66872.0,0.0329,0.0393,238.2141,172.06,1,1
66882.0,0.0329,-0.0556,240.0269,164.35,1,1
66893.0,0.0329,0.0033,240.3961,166.72,1,1
66903.0,0.0329,0.0142,240.7016,178.86,1,1
66914.0,0.0319,-0.0851,242.0847,229.87,1,1
66922.0,0.0319,0.0109,243.229,169.54,1,1
66932.0,0.0319,-0.0175,244.1756,255.0,1,1
66944.0,0.0308,-0.0622,243.8283,255.0,1,1
66954.0,0.0319,0.0349,244.6714,168.42,1,1
66964.0,0.0319,-0.0229,245.3689,255.0,1,1
66973.0,0.0319,-0.0098,245.9459,141.59,1,1
66983.0,0.0308,-0.0447,247.5537,138.07,1,1
66994.0,0.0308,-0.0349,247.7533,255.0,1,1
67004.0,0.0308,0.0295,249.049,159.38,1,1
67014.0,0.0297,-0.1124,248.9903,214.85,1,1
67023.0,0.0297,0.0087,248.9418,149.31,1,1
67033.0,0.0297,0.0087,250.0322,153.91,1,1
67045.0,0.0286,-0.0971,249.8037,214.01,1,1
67055.0,0.0297,0.0338,250.7452,165.32,1,1
67064.0,0.0286,-0.0305,251.524,223.52,1,1
67073.0,0.0286,0.0153,252.1684,154.19,1,1
67083.0,0.0286,-0.0065,252.7014,197.75,1,1
67095.0,0.0286,-0.0109,253.1424,255.0,1,1
67105.0,0.0297,0.0382,254.6377,153.9,1,1
67115.0,0.0286,-0.024,254.7442,255.0,1,1
67123.0,0.0297,0.0175,254.8324,131.44,1,1
67135.0,0.0297,0.0164,254.9052,143.9,1,1
67145.0,0.0286,-0.0316,254.9655,255.0,1,1
67155.0,0.0297,0.0513,256.1459,149.54,1,1
67165.0,0.0286,-0.0447,257.1224,255.0,1,1
67173.0,0.0297,0.0556,257.9303,153.07,1,1
67183.0,0.0297,-0.0044,258.5986,130.88,1,1
67195.0,0.0297,-0.0218,259.1515,216.03,1,1
67205.0,0.0297,0.036,259.6088,160.1,1,1
67215.0,0.0297,-0.0153,259.9872,255.0,1,1
67224.0,0.0297,0.048,260.3002,162.96,1,1
67234.0,0.0297,0.0087,260.5592,255.0,1,1
67245.0,0.0308,0.0284,260.7734,255.0,1,1
67256.0,0.0308,0.0425,262.0811,156.4,1,1
67265.0,0.0308,0.012,263.163,255.0,1,1
67274.0,0.0319,0.0545,264.058,164.18,1,1
67284.0,0.0308,-0.0556,264.7983,217.62,1,1
67296.0,0.0319,0.0589,265.4108,255.0,1,1
67306.0,0.0319,0.012,265.9175,242.15,1,1
67316.0,0.0319,-0.0229,266.3367,255.0,1,1
67324.0,0.0319,0.0142,266.6835,132.44,1,1
67334.0,0.0319,-0.0196,266.9704,236.0,1,1
67346.0,0.0319,0.0327,268.3382,154.26,1,1
67356.0,0.0308,-0.0993,269.4698,227.2,1,1
67366.0,0.0308,0.0447,270.4059,225.69,1,1
67374.0,0.0308,0.0011,271.1803,255.0,1,1
67384.0,0.0308,-0.0709,271.821,111.94,1,1
67396.0,0.0308,-0.0098,272.351,137.47,1,1
67407.0,0.0297,-0.0382,272.7894,255.0,1,1
67416.0,0.0297,0.0098,273.1522,134.32,1,1
67424.0,0.0286,-0.1036,273.4522,255.0,1,1
67434.0,0.0297,0.072,274.8309,152.58,1,1
67447.0,0.0297,-0.0305,275.9715,116.48,1,1
67456.0,0.0286,-0.0676,275.7846,105.51,1,1
67467.0,0.0286,-0.0469,275.6299,125.42,1,1
67474.0,0.0286,0.0022,276.6325,255.0,1,1
67484.0,0.0286,0.0502,277.4619,149.83,1,1
67497.0,0.0275,-0.0971,278.1481,255.0,1,1
67507.0,0.0286,0.0535,278.7158,146.66,1,1
67517.0,0.0275,-0.0425,279.1853,133.09,1,1
67525.0,0.0286,0.0709,279.5738,255.0,1,1
67537.0,0.0286,-0.0076,279.8952,255.0,1,1
67547.0,0.0286,-0.0142,281.2916,144.65,1,1
67557.0,0.0286,0.0164,281.3162,140.85,1,1
67567.0,0.0286,0.0262,281.3366,156.89,1,1
67575.0,0.0286,-0.0065,282.484,149.65,1,1
67585.0,0.0286,-0.0611,282.3027,255.0,1,1
67597.0,0.0297,0.1494,282.1527,205.26,1,1
67607.0,0.0297,-0.0295,283.1591,255.0,1,1
67618.0,0.0297,-0.012,283.9917,112.14,1,1
67625.0,0.0286,-0.0502,284.6805,108.02,1,1
67635.0,0.0297,0.0993,285.2503,255.0,1,1
67647.0,0.0297,0.0349,285.7217,255.0,1,1
67657.0,0.0297,-0.0633,287.2422,92.1,1,1
67668.0,0.0297,0.012,287.3695,143.79,1,1
67675.0,0.0297,0.0469,287.4748,255.0,1,1
67685.0,0.0297,0.0,288.6924,128.8,1,1
67698.0,0.0286,-0.1134,289.6997,255.0,1,1
67708.0,0.0308,0.1473,290.5331,190.76,1,1
67718.0,0.0297,-0.0491,290.092,255.0,1,1
67725.0,0.0297,-0.0295,289.7271,106.39,1,1
67735.0,0.0297,-0.0513,290.5557,255.0,1,1
67748.0,0.0308,0.1222,292.3717,193.94,1,1
67758.0,0.0297,-0.0316,292.7435,255.0,1,1
67768.0,0.0297,-0.0447,293.0511,94.17,1,1
67775.0,0.0297,-0.0087,293.3056,127.94,1,1
67786.0,0.0297,0.0436,293.5161,255.0,1,1
67798.0,0.0308,0.0273,294.8207,255.0,1,1
67808.0,0.0297,-0.0774,295.9,84.6,1,1
67818.0,0.0297,0.0196,295.6624,147.58,1,1
67826.0,0.0297,-0.0076,296.5963,255.0,1,1
67836.0,0.0297,-0.0185,297.369,118.83,1,1
67848.0,0.0286,-0.1276,298.0081,255.0,1,1
67858.0,0.0297,0.1527,298.5369,199.0,1,1
67868.0,0.0286,-0.1036,298.9743,81.29,1,1
67876.0,0.0286,-0.0545,300.4667,117.92,1,1
67886.0,0.0275,-0.0829,300.5708,255.0,1,1
67898.0,0.0297,0.2083,300.6569,234.73,1,1
67908.0,0.0286,-0.0884,300.7281,224.07,1,1
67919.0,0.0286,-0.0098,301.9176,128.21,1,1
67926.0,0.0275,-0.0731,302.9016,255.0,1,1
67936.0,0.0286,0.1156,302.5851,185.85,1,1
67949.0,0.0286,-0.0545,303.4538,255.0,1,1
67959.0,0.0286,0.0022,304.1724,119.0,1,1
67969.0,0.0286,-0.0185,304.7669,199.21,1,1
67976.0,0.0286,0.0076,305.2588,182.98,1,1
67989.0,0.0286,-0.0164,305.6656,255.0,1,1
67999.0,0.0286,0.0087,307.1327,124.11,1,1
68009.0,0.0275,-0.0327,307.2159,120.14,1,1
68019.0,0.0286,0.0218,307.2847,156.53,1,1
68026.0,0.0286,0.0131,307.3416,255.0,1,1
68036.0,0.0275,-0.0633,307.3887,97.14,1,1
68049.0,0.0275,0.0295,308.5582,155.91,1,1
68059.0,0.0275,0.0142,309.5257,158.21,1,1
68069.0,0.0286,0.0491,310.326,255.0,1,1
68076.0,0.0275,-0.0644,309.8576,107.05,1,1
68086.0,0.0286,0.0938,309.4702,200.6,1,1
68099.0,0.0286,0.0218,310.2801,172.92,1,1
68109.0,0.0297,0.0993,310.9501,255.0,1,1
68119.0,0.0297,-0.072,311.5044,123.53,1,1
68127.0,0.0308,0.1451,311.963,244.47,1,1
68139.0,0.0308,0.0065,312.3423,181.64,1,1
68150.0,0.0319,0.1374,312.6562,255.0,1,1
68160.0,0.0319,-0.06,312.9158,162.58,1,1
68170.0,0.0329,0.1658,313.1306,255.0,1,1
68177.0,0.0329,-0.0055,313.3083,153.11,1,1
68187.0,0.034,0.1473,313.4552,255.0,1,1
68200.0,0.034,-0.0589,314.7073,213.0,1,1
68210.0,0.0351,0.1756,315.7432,255.0,1,1
68220.0,0.0351,-0.0196,315.4696,136.89,1,1
68227.0,0.0373,0.168,316.3738,255.0,1,1
68237.0,0.0384,-0.0633,317.1218,192.51,1,1
68248.0,0.0428,0.1625,317.7406,255.0,1,1
68259.0,0.0417,-0.0076,318.2525,159.72,1,1
68269.0,0.0439,0.1789,318.676,255.0,1,1
68277.0,0.0439,-0.0545,320.1568,174.55,1,1
68287.0,0.0493,0.1865,320.2514,255.0,1,1
68300.0,0.0493,-0.0295,320.3296,174.3,1,1
68310.0,0.0504,0.192,321.5248,255.0,1,1
68320.0,0.0504,-0.0262,322.5136,187.01,1,1
68327.0,0.0526,0.1833,323.3315,255.0,1,1
68337.0,0.0526,-0.0153,322.8777,187.95,1,1
68350.0,0.0548,0.2105,323.6328,255.0,1,1
68360.0,0.0548,0.0338,324.2574,220.84,1,1
68370.0,0.0559,0.1811,324.7742,255.0,1,1
68377.0,0.0569,0.0524,326.3322,239.02,1,1
68387.0,0.0591,0.2127,326.4906,255.0,1,1
68401.0,0.0602,0.0796,326.6216,255.0,1,1
68410.0,0.0613,0.1396,327.8606,255.0,1,1
68420.0,0.0624,0.1625,328.8855,255.0,1,1
68428.0,0.0635,0.1374,329.7334,255.0,1,1
68438.0,0.0657,0.1963,330.4348,255.0,1,1
68451.0,0.0668,0.0851,331.015,255.0,1,1
68461.0,0.0689,0.2716,331.4951,255.0,1,1
68471.0,0.07,0.0633,331.8922,255.0,1,1
68478.0,0.0733,0.3098,333.3513,255.0,1,1
68488.0,0.0733,0.036,334.5583,255.0,1,1
68501.0,0.0766,0.3491,335.5568,255.0,1,1
68511.0,0.0777,0.0633,336.3828,255.0,1,1
68521.0,0.0809,0.372,337.0662,255.0,1,1
68528.0,0.082,0.0993,337.6316,255.0,1,1
68538.0,0.0853,0.3632,339.2298,255.0,1,1
68551.0,0.0875,0.1811,340.5519,255.0,1,1
68561.0,0.0908,0.3829,341.6457,255.0,1,1
68571.0,0.0929,0.264,342.5506,255.0,1,1
68578.0,0.0973,0.3622,343.2991,255.0,1,1
68588.0,0.1006,0.4058,345.0489,255.0,1,1
68601.0,0.1038,0.3589,345.3659,255.0,1,1
68611.0,0.1093,0.5498,345.6281,255.0,1,1
68621.0,0.1137,0.3611,346.9756,255.0,1,1
68628.0,0.1202,0.6992,348.0903,255.0,1,1
68638.0,0.1246,0.4538,349.0125,255.0,1,1
68651.0,0.1322,0.7592,349.7754,255.0,1,1
68661.0,0.1377,0.612,350.4065,255.0,1,1
68671.0,0.1453,0.8181,352.0591,255.0,1,1
68678.0,0.1529,0.8159,353.4262,255.0,1,1
68688.0,0.1617,0.8814,353.4268,255.0,1,1
68701.0,0.1726,1.0854,354.5577,255.0,1,1
68711.0,0.1824,0.9959,355.4933,255.0,0,1
68721.0,0.1955,1.3472,356.2672,255.0,0,1
68728.0,0.2064,1.2065,356.9075,255.0,0,1
68738.0,0.2217,1.5424,357.4373,255.0,0,1
68752.0,0.2369,1.5424,359.006,255.0,0,1
68762.0,0.2544,1.7966,359.1732,255.0,0,1
68772.0,0.2686,1.5413,359.3116,255.0,0,1
68779.0,0.2838,1.5141,359.426,255.0,0,1
68789.0,0.2937,1.0199,359.5207,255.0,0,1
68802.0,0.3035,1.0199,359.599,255.0,0,1
68812.0,0.3067,0.3818,359.6638,255.0,0,1
68822.0,0.3057,-0.1091,360.8479,255.0,0,1
68829.0,0.3013,-0.5247,360.697,255.0,0,1
68839.0,0.2926,-0.8552,360.5721,255.0,0,1
68852.0,0.2882,-0.5138,360.4689,255.0,0,1
68862.0,0.286,-0.2607,360.3834,255.0,0,1
68872.0,0.2849,-0.0687,360.3127,255.0,0,1
68879.0,0.2817,-0.2978,360.2542,255.0,0,1
68889.0,0.2784,-0.3731,361.3364,255.0,0,1
68902.0,0.2751,-0.3022,361.1011,255.0,0,1
68912.0,0.2697,-0.5792,360.9064,255.0,0,1
68922.0,0.2653,-0.4396,360.7454,255.0,0,1
68929.0,0.2598,-0.5989,360.6122,255.0,0,1
68939.0,0.2555,-0.42,360.502,255.0,0,1
68952.0,0.2511,-0.4287,359.2803,255.0,0,1
68962.0,0.2478,-0.3578,359.4002,255.0,0,1
68972.0,0.2467,-0.1636,359.4993,255.0,0,1
68979.0,0.2446,-0.2258,359.5813,255.0,0,1
68989.0,0.2446,0.0131,359.6492,255.0,0,1
69002.0,0.2435,-0.0665,359.7053,255.0,0,0
69012.0,0.2446,0.1134,359.7518,255.0,0,0
69023.0,0.2457,0.0742,358.6597,255.0,0,0
69029.0,0.2467,0.096,358.8867,255.0,0,0
69039.0,0.2489,0.2673,359.0746,255.0,0,0
69053.0,0.2511,0.1669,358.0995,255.0,0,0
69063.0,0.2544,0.3556,357.2928,255.0,0,0
69073.0,0.2566,0.2487,357.7559,255.0,0,0
69080.0,0.2598,0.3153,358.1391,255.0,0,0
69090.0,0.262,0.2356,357.3256,255.0,0,0
69103.0,0.2631,0.1691,357.783,255.0,0,0
69113.0,0.2653,0.2083,358.1615,255.0,0,0
69123.0,0.2653,-0.0164,357.3441,255.0,0,0
69130.0,0.2675,0.1527,356.6678,255.0,0,0
69140.0,0.2664,-0.1036,357.239,255.0,0,0
69153.0,0.2664,0.0022,357.7114,255.0,0,0
69163.0,0.2642,-0.1756,356.9717,255.0,0,0
69173.0,0.2631,-0.1636,356.3598,255.0,0,0
69180.0,0.2609,-0.1473,355.8536,255.0,0,0
69190.0,0.2587,-0.2902,356.5654,255.0,0,0
69203.0,0.2577,-0.096,357.1541,255.0,0,0
69213.0,0.2555,-0.2662,356.5107,255.0,0,0
69223.0,0.2544,-0.0774,355.9785,255.0,0,0
69230.0,0.2522,-0.1745,355.5381,255.0,0,0
69240.0,0.2522,0.0022,356.3043,255.0,0,0
69253.0,0.2522,-0.0382,355.8077,255.0,0,0
69263.0,0.2522,-0.0033,355.3969,255.0,0,0
69273.0,0.2533,0.1058,355.057,255.0,0,0
69280.0,0.2533,0.0011,354.7758,255.0,0,0
69290.0,0.2555,0.2007,354.5432,255.0,0,0
69303.0,0.2555,0.0382,354.3508,255.0,0,0
69313.0,0.2577,0.1745,355.3221,255.0,0,0
69323.0,0.2577,0.0676,354.9951,255.0,0,0
69330.0,0.2587,0.1036,354.7246,255.0,0,0
69340.0,0.2598,0.1287,354.5009,255.0,0,0
69353.0,0.2598,-0.024,354.3158,255.0,0,0
69363.0,0.2609,0.1538,354.1626,255.0,0,0
69374.0,0.2609,-0.084,354.0359,255.0,0,0
69380.0,0.2609,0.0665,353.9311,255.0,0,0
69391.0,0.2598,-0.1014,352.7139,255.0,0,0
69403.0,0.2598,-0.0131,352.8374,255.0,0,0
69413.0,0.2587,-0.0949,352.9396,255.0,0,0
69424.0,0.2577,-0.1222,353.0242,255.0,0,0
69431.0,0.2577,-0.0055,353.0941,255.0,0,0
69441.0,0.2566,-0.1822,352.0215,255.0,0,0
69454.0,0.2566,0.0316,352.2647,255.0,0,0
69464.0,0.2555,-0.1451,352.4658,255.0,0,0
69474.0,0.2555,0.0371,352.6322,255.0,0,0
69481.0,0.2544,-0.0916,351.6394,255.0,0,0
69491.0,0.2555,0.0491,351.9485,255.0,0,0
69504.0,0.2555,0.0175,352.2043,255.0,0,0
69514.0,0.2555,-0.0164,351.2853,255.0,0,0
69524.0,0.2566,0.1244,351.6556,255.0,0,0
69531.0,0.2555,-0.0327,351.9619,255.0,0,0
69541.0,0.2577,0.1527,351.0849,255.0,0,0
69554.0,0.2577,-0.0229,350.3593,255.0,0,0
69564.0,0.2587,0.1189,350.8895,255.0,0,0
69574.0,0.2577,-0.0262,350.1977,255.0,0,0
69581.0,0.2587,0.0131,350.7559,255.0,0,0
69591.0,0.2577,-0.0142,351.2176,255.0,0,0
69604.0,0.2566,-0.1494,350.4691,255.0,0,0
69614.0,0.2566,-0.0273,350.9804,255.0,0,0
69624.0,0.2533,-0.3011,350.2729,255.0,0,0
69631.0,0.2522,-0.1189,349.6875,255.0,0,0
69641.0,0.2489,-0.3523,350.3338,255.0,0,0
69654.0,0.2478,-0.1462,349.738,255.0,0,0
69664.0,0.2446,-0.3174,349.2451,255.0,0,0
69674.0,0.2424,-0.1724,349.9677,255.0,0,0
69681.0,0.2413,-0.1734,349.4352,255.0,0,0
69691.0,0.2391,-0.2116,348.9945,255.0,0,0
69704.0,0.2391,-0.036,349.7605,255.0,0,0
69714.0,0.2358,-0.252,349.2636,255.0,0,0
69724.0,0.2369,0.0829,348.8527,255.0,0,0
69732.0,0.2358,-0.1309,348.5126,255.0,0,0
69742.0,0.238,0.1887,348.2314,255.0,0,0
69754.0,0.2369,-0.0447,347.9986,255.0,0,0
69764.0,0.2391,0.1582,347.8061,255.0,0,0
69775.0,0.2391,0.0284,347.6469,255.0,0,0
69782.0,0.2391,-0.0218,347.5152,255.0,0,0
69792.0,0.2391,0.0622,347.4062,255.0,0,0
69805.0,0.238,-0.132,347.316,255.0,0,0
69815.0,0.2391,0.1353,347.2414,255.0,0,0
69825.0,0.238,-0.1549,347.1797,255.0,0,0
69832.0,0.2391,0.1429,348.2592,255.0,0,0
69842.0,0.238,-0.1145,348.0217,255.0,0,0
69855.0,0.2391,0.0818,347.8252,255.0,0,0
69865.0,0.238,-0.1124,347.6627,255.0,0,0
69875.0,0.2369,-0.0393,346.3977,255.0,0,0
69882.0,0.2369,-0.048,345.3513,255.0,0,0
69892.0,0.2347,-0.1702,345.616,255.0,0,0
69905.0,0.2358,0.0382,345.8351,255.0,0,0
69915.0,0.2337,-0.2531,346.0163,255.0,0,0
69925.0,0.2337,0.0665,346.1662,255.0,0,0
69932.0,0.2315,-0.2531,345.1597,255.0,0,0
69942.0,0.2315,0.0436,345.4575,255.0,0,0
69955.0,0.2304,-0.18,345.7039,255.0,0,0
69965.0,0.2304,0.0502,345.9078,255.0,0,0
69975.0,0.2304,-0.0687,346.0765,255.0,0,0
69982.0,0.2304,-0.0087,345.0855,255.0,0,0
69992.0,0.2304,0.0524,344.2657,255.0,0,0
70005.0,0.2293,-0.1331,344.718,255.0,0,0
70015.0,0.2304,0.1342,345.0921,255.0,0,0
70025.0,0.2293,-0.1658,344.2711,255.0,0,0
70033.0,0.2304,0.1767,343.592,255.0,0,0
70043.0,0.2293,-0.1484,343.0302,255.0,0,0
70055.0,0.2304,0.1374,343.6959,255.0,0,0
70065.0,0.2293,-0.1614,344.2466,255.0,0,0
70075.0,0.2282,-0.0153,343.5717,255.0,0,0
70083.0,0.2271,-0.1429,343.0133,255.0,0,0
70093.0,0.226,-0.108,343.6819,255.0,0,0
70105.0,0.226,-0.0153,344.2351,255.0,0,0
70115.0,0.2238,-0.1985,343.5622,255.0,0,0
70126.0,0.2249,0.0633,343.0055,255.0,0,0
70133.0,0.2227,-0.2585,342.545,255.0,0,0
70143.0,0.2227,0.0535,342.164,255.0,0,0
70155.0,0.2206,-0.2771,341.8488,255.0,0,0
70165.0,0.2206,0.0415,342.7185,255.0,0,0
70176.0,0.2184,-0.2225,342.3076,255.0,0,0
70183.0,0.2184,-0.0087,341.9676,255.0,0,0
70193.0,0.2173,-0.12,342.8168,255.0,0,0
70206.0,0.2162,-0.0753,342.3889,255.0,0,0
70216.0,0.2162,0.0109,342.0349,255.0,0,0
70226.0,0.2151,-0.1265,341.742,255.0,0,0
70233.0,0.2162,0.1276,341.4997,255.0,0,0
70243.0,0.2151,-0.1527,341.2993,255.0,0,0
70256.0,0.2162,0.1974,341.1334,255.0,0,0
70266.0,0.2162,-0.1265,340.9962,255.0,0,0
70276.0,0.2184,0.2247,340.8828,255.0,0,0
70283.0,0.2173,-0.0818,340.7889,255.0,0,0
70293.0,0.2195,0.2258,340.7112,255.0,0,0
70306.0,0.2217,-0.0076,339.5165,255.0,0,0
70316.0,0.2217,0.1909,339.6586,255.0,0,0
70326.0,0.2227,0.0535,339.7762,255.0,0,0
70334.0,0.2227,0.0513,338.7429,255.0,0,0
70344.0,0.2238,0.1134,339.0186,255.0,0,0
70356.0,0.2238,-0.0436,339.2468,255.0,0,0
70366.0,0.2227,0.1244,339.4355,255.0,0,0
70376.0,0.2238,-0.1604,339.5916,255.0,0,0
70384.0,0.2238,0.12,339.7207,255.0,0,0
70394.0,0.2217,-0.2454,339.8275,255.0,0,0
70406.0,0.2195,0.0589,339.916,255.0,0,0
70416.0,0.2195,-0.2727,338.8586,255.0,0,0
70426.0,0.2173,0.0698,337.9838,255.0,0,0
70434.0,0.2173,-0.2258,338.3907,255.0,0,0
70444.0,0.2184,0.0611,338.7272,255.0,0,0
70456.0,0.2173,-0.1113,337.8752,255.0,0,0
70466.0,0.2173,0.0229,337.1703,255.0,0,0
70476.0,0.2173,-0.0153,337.7177,255.0,0,0
70484.0,0.2173,-0.0469,338.1705,255.0,0,0
70494.0,0.2173,0.084,337.4146,255.0,0,0
70506.0,0.2173,-0.1265,336.7892,255.0,0,0
70516.0,0.2151,0.1189,336.2719,255.0,0,0
70527.0,0.2151,-0.24,334.7134,255.0,0,0
70534.0,0.2151,0.0033,333.4241,255.0,0,0
70544.0,0.2129,-0.2978,332.3575,255.0,0,0
70557.0,0.2097,0.0436,331.4752,255.0,0,0
70567.0,0.2107,-0.3425,329.6147,255.0,0,0
70577.0,0.2086,0.0698,326.9452,255.0,0,0
70584.0,0.2086,-0.2269,324.7367,255.0,0,0
70594.0,0.2097,0.1429,322.9097,255.0,0,0
70607.0,0.2086,-0.1876,321.3983,255.0,0,0
70617.0,0.2086,0.1527,319.0174,255.0,0,0
70627.0,0.2097,-0.096,317.0478,255.0,0,0
70635.0,0.2097,0.1963,315.4183,255.0,0,0
70645.0,0.2097,-0.0905,312.9398,255.0,0,0
70657.0,0.2107,0.2094,310.8895,255.0,0,0
70667.0,0.2129,-0.0567,309.1933,255.0,0,0
70677.0,0.2107,0.1909,306.6595,255.0,0,0
70685.0,0.2107,-0.1298,304.5634,255.0,0,0
70695.0,0.2129,0.1691,302.8294,255.0,0,0
70707.0,0.2129,-0.1702,300.2644,255.0,0,0
70717.0,0.2107,0.1342,298.1424,255.0,0,0
70727.0,0.2118,-0.2302,296.3869,255.0,0,0
70735.0,0.2118,0.1156,293.8042,255.0,0,0
70745.0,0.2086,-0.2553,291.6676,255.0,0,0
70757.0,0.2075,0.12,289.9,255.0,0,0
70767.0,0.2086,-0.2313,287.3073,255.0,0,0
70777.0,0.2075,0.0796,285.1624,255.0,0,0
70787.0,0.2075,-0.1407,282.2574,255.0,0,0
70797.0,0.2064,0.0011,279.8542,255.0,0,0
70807.0,0.2053,-0.0545,277.8662,255.0,0,0
70817.0,0.2064,-0.1113,275.091,255.0,0,0
70828.0,0.2042,0.0251,271.6646,255.0,0,0
70835.0,0.2042,-0.1756,268.8301,255.0,0,0
70845.0,0.2042,0.0349,266.4852,255.0,0,0
70857.0,0.2031,-0.132,263.4149,255.0,0,0
70867.0,0.2031,-0.0458,259.7443,255.0,0,0
70878.0,0.202,-0.0065,256.7078,255.0,0,0
70885.0,0.202,-0.1254,254.1957,255.0,0,0
70896.0,0.202,0.0349,250.9871,255.0,0,0
70908.0,0.2009,-0.0927,247.2021,255.0,0,0
70918.0,0.2009,-0.0567,244.071,255.0,0,0
70928.0,0.1987,0.0065,241.4807,255.0,0,0
70936.0,0.1987,-0.144,238.2073,255.0,0,0
70946.0,0.1987,0.0109,234.3688,255.0,0,0
70958.0,0.1977,-0.0589,231.1933,255.0,0,0
70968.0,0.1977,-0.0949,228.5663,255.0,0,0
70978.0,0.1977,0.0327,225.2626,255.0,0,0
70986.0,0.1977,-0.048,222.5295,255.0,0,0
70996.0,0.1977,-0.0229,219.138,255.0,0,0
71008.0,0.1977,0.0469,215.2018,255.0,0,0
71018.0,0.1977,-0.0207,213.076,255.0,0,0
71028.0,0.1977,-0.0098,210.1868,255.0,0,0
71036.0,0.1977,0.0229,206.6662,255.0,0,0
71047.0,0.1977,0.0153,204.8843,255.0,0,0
71058.0,0.1977,-0.0229,202.2796,255.0,0,0
71068.0,0.1977,-0.0131,198.9943,255.0,0,0
71078.0,0.1977,0.0502,197.407,255.0,0,0
71086.0,0.1977,-0.0229,194.9633,255.0,0,0
71096.0,0.1977,-0.0415,191.8112,255.0,0,0
71108.0,0.1977,0.0458,190.3341,255.0,0,0
71118.0,0.1977,0.0065,187.9816,255.0,0,0
71128.0,0.1977,-0.0774,186.0355,255.0,0,0
71136.0,0.1977,0.024,183.295,255.0,0,0
71147.0,0.1977,0.0535,181.0279,255.0,0,0
71158.0,0.1977,-0.0687,180.2829,255.0,0,0
71168.0,0.1977,-0.0098,177.4055,255.0,0,0
71178.0,0.1977,0.0567,175.0251,255.0,0,0
71187.0,0.1977,-0.024,174.1865,255.0,0,0
71197.0,0.1966,-0.0502,172.3621,255.0,0,0
71208.0,0.1977,0.0218,169.7224,255.0,0,0
71218.0,0.1966,0.0349,168.6691,255.0,0,0
71229.0,0.1966,-0.0796,167.7978,255.0,0,0
71237.0,0.1966,-0.0207,165.9465,255.0,0,0
71247.0,0.1966,0.0207,164.4149,255.0,0,0
71259.0,0.1955,-0.0295,162.0174,255.0,0,0
71269.0,0.1955,-0.0884,160.034,255.0,0,0
71279.0,0.1933,-0.0316,158.3932,255.0,0,0
71287.0,0.1933,0.024,157.0358,255.0,0,0
71297.0,0.1922,-0.0436,155.9129,255.0,0,0
71309.0,0.1922,-0.0502,153.8534,255.0,0,0
71319.0,0.1922,-0.0436,153.2802,255.0,0,0
71329.0,0.1922,0.0327,151.6754,255.0,0,0
71337.0,0.1922,-0.0305,149.2174,255.0,0,0
71347.0,0.1933,-0.0578,148.3144,255.0,0,0
71359.0,0.1933,-0.0447,147.5674,255.0,0,0
71369.0,0.1933,0.0273,145.8189,255.0,0,0
71379.0,0.1922,-0.0065,143.242,255.0,0,0
71387.0,0.1922,-0.0502,142.2406,255.0,0,0
71397.0,0.1922,-0.0415,141.4122,255.0,0,0
71409.0,0.1922,-0.0044,139.5964,255.0,0,0
71419.0,0.1922,0.0436,138.0942,255.0,0,0
71429.0,0.1911,-0.0404,136.8515,255.0,0,0
71438.0,0.1911,-0.048,135.8235,255.0,0,0
71448.0,0.1911,-0.0382,134.973,255.0,0,0
71459.0,0.1911,0.0142,133.1389,255.0,0,0
71469.0,0.19,-0.0033,131.6216,255.0,0,0
71479.0,0.19,-0.0807,130.3664,255.0,0,0
71488.0,0.19,-0.0327,128.1975,255.0,0,0
71498.0,0.19,-0.0338,126.4033,255.0,0,0
71509.0,0.19,0.0218,126.0494,255.0,0,0
71519.0,0.19,-0.0131,124.6262,255.0,0,0
71530.0,0.19,-0.0349,122.3183,255.0,0,0
71538.0,0.19,0.0055,121.5395,255.0,0,0
71549.0,0.19,0.0153,120.8953,255.0,0,0
71560.0,0.19,0.0654,119.2318,255.0,0,0
71570.0,0.19,-0.0055,116.7252,255.0,0,0
71580.0,0.19,-0.0196,115.782,255.0,0,0
71588.0,0.19,0.0065,115.0018,255.0,0,0
71598.0,0.19,0.0098,113.2258,255.0,0,0
71610.0,0.19,0.024,111.7565,255.0,0,0
71620.0,0.1889,-0.048,109.4106,255.0,0,0
71630.0,0.1889,-0.0415,107.4698,255.0,0,0
71638.0,0.1889,-0.0458,105.8643,255.0,0,0
71649.0,0.1878,-0.0556,103.4056,255.0,0,0
71660.0,0.1868,-0.0829,101.3716,255.0,0,0
71670.0,0.1857,-0.108,99.6889,255.0,0,0
71680.0,0.1846,-0.0949,98.2969,255.0,0,0
71689.0,0.1846,-0.1156,96.0148,255.0,0,0
71699.0,0.1835,-0.0578,94.1269,255.0,0,0
71710.0,0.1835,-0.0905,92.5651,255.0,0,0
71720.0,0.1824,-0.0938,90.1425,255.0,0,0
71730.0,0.1813,-0.096,88.1384,255.0,0,0
71739.0,0.1813,-0.0731,85.3499,255.0,0,0
71749.0,0.1813,-0.072,83.0431,255.0,0,0
71760.0,0.1813,-0.0284,82.2653,255.0,0,0
71770.0,0.1813,-0.0164,80.4913,255.0,0,0
71780.0,0.1813,0.0142,77.8932,255.0,0,0
71790.0,0.1813,-0.0175,75.7439,255.0,0,0
71800.0,0.1824,-0.0022,72.8353,255.0,0,0
71810.0,0.1824,0.0076,70.4291,255.0,0,0
71820.0,0.1824,0.0196,68.4386,255.0,0,0
71830.0,0.1835,0.0436,66.7918,255.0,0,0
71839.0,0.1835,0.0436,65.4295,255.0,0,0
71849.0,0.1835,0.0633,63.172,255.0,0,0
71860.0,0.1857,0.1025,61.3045,255.0,0,0
71870.0,0.1878,0.1233,59.7595,255.0,0,0
71881.0,0.1889,0.1145,58.4814,255.0,0,0
71889.0,0.1889,0.1145,57.424,255.0,0,0
71899.0,0.19,0.1167,55.4188,255.0,0,0
71910.0,0.1922,0.0916,53.7599,255.0,0,0
71921.0,0.1933,0.0993,52.3876,255.0,0,0
71931.0,0.1944,0.0851,50.1218,255.0,0,0
71940.0,0.1955,0.0851,48.2474,255.0,0,0
71950.0,0.1966,0.0851,46.6967,255.0,0,0
71961.0,0.1977,0.0884,46.5444,255.0,0,0
71971.0,0.1987,0.0851,46.4184,255.0,0,0
71981.0,0.1998,0.0764,45.1837,255.0,0,0
71990.0,0.1998,0.0764,44.1622,255.0,0,0
72000.0,0.202,0.0785,43.3172,255.0,0,0
72011.0,0.202,0.0371,42.6181,255.0,0,0
72021.0,0.2031,0.0164,42.0398,255.0,0,0
72031.0,0.2031,0.0,40.4308,255.0,0,0
72041.0,0.2031,-0.0033,39.0998,255.0,0,0
72051.0,0.2031,0.0,39.1292,255.0,0,0
72061.0,0.2031,-0.0229,38.023,255.0,0,0
72071.0,0.2031,-0.0098,37.1079,255.0,0,0
72081.0,0.2031,-0.0229,36.3508,255.0,0,0
72091.0,0.2031,-0.0175,35.7245,255.0,0,0
72101.0,0.2031,-0.0087,35.2064,255.0,0,0
72111.0,0.2031,-0.0076,34.7778,255.0,0,0
72121.0,0.2031,-0.0109,34.4232,255.0,0,0
72131.0,0.2042,-0.0131,34.1299,255.0,0,0
72141.0,0.2042,-0.0164,33.8872,255.0,0,0
72151.0,0.2031,-0.0305,32.5559,255.0,0,0
72161.0,0.2031,-0.0273,32.5851,255.0,0,0
72171.0,0.2031,-0.036,33.7398,255.0,0,0
72182.0,0.2031,-0.0207,33.5645,255.0,0,0
72191.0,0.2031,-0.0207,33.4195,255.0,0,0
72201.0,0.2031,0.0295,33.2995,255.0,0,0
72211.0,0.2031,0.0,33.2003,255.0,0,0
72222.0,0.2031,-0.0087,33.1181,255.0,0,0
72232.0,0.2042,0.0044,31.9197,255.0,0,0
72242.0,0.2042,0.0065,32.0588,255.0,0,0
72252.0,0.2042,0.0044,32.1739,255.0,0,0
72262.0,0.2042,0.0098,31.1385,255.0,0,0
72272.0,0.2042,0.0033,31.4126,255.0,0,0
72282.0,0.2042,0.0065,31.6392,255.0,0,0
72292.0,0.2042,0.012,30.6963,255.0,0,0
72302.0,0.2053,0.0316,29.9162,255.0,0,0
72312.0,0.2053,0.0251,30.4013,255.0,0,0
72322.0,0.2053,0.0218,30.8027,255.0,0,0
72332.0,0.2064,0.0295,31.1347,255.0,0,0
72341.0,0.2064,0.0295,31.4094,255.0,0,0
72351.0,0.2064,0.0273,30.5061,255.0,0,0
72362.0,0.2075,0.0327,29.7589,255.0,0,0
72372.0,0.2075,0.0218,30.2712,255.0,0,0
72382.0,0.2075,0.0218,30.695,255.0,0,0
72392.0,0.2086,0.0175,31.0456,255.0,0,0
72402.0,0.2086,0.0109,31.3357,255.0,0,0
72412.0,0.2086,0.0,30.4451,255.0,0,0
72422.0,0.2086,0.0022,30.8389,255.0,0,0
72432.0,0.2086,0.0,31.1647,255.0,0,0
72442.0,0.2086,-0.0065,30.3037,255.0,0,0
72452.0,0.2086,-0.0218,29.5914,255.0,0,0
72462.0,0.2086,-0.0273,30.1326,255.0,0,0
72472.0,0.2086,-0.0338,30.5804,255.0,0,0
72483.0,0.2086,-0.0316,29.8203,255.0,0,0
72492.0,0.2086,-0.0087,29.1915,255.0,0,0
72502.0,0.2086,0.0109,28.6713,255.0,0,0
72512.0,0.2086,0.0033,29.3715,255.0,0,0
72522.0,0.2086,0.0164,29.9507,255.0,0,0
72533.0,0.2086,0.0251,29.2994,255.0,0,0
72542.0,0.2086,0.0196,28.7606,255.0,0,0
72552.0,0.2097,0.036,28.3148,255.0,0,0
72563.0,0.2097,0.0251,29.0766,255.0,0,0
72573.0,0.2107,0.0393,29.7068,255.0,0,0
72583.0,0.2107,0.0404,29.0976,255.0,0,0
72592.0,0.2107,0.0404,28.5936,255.0,0,0
72602.0,0.2107,0.0065,29.3072,255.0,0,0
72613.0,0.2118,0.06,29.8975,255.0,0,0
72623.0,0.2118,0.0535,29.2554,255.0,0,0
72633.0,0.2129,0.0382,29.8547,255.0,0,0
72642.0,0.2129,0.0295,30.3505,255.0,0,0
72653.0,0.2129,0.0295,29.6301,255.0,0,0
72663.0,0.214,0.0218,29.0342,255.0,0,0
72673.0,0.214,0.0185,28.5412,255.0,0,0
72683.0,0.214,0.0087,28.1333,255.0,0,0
72693.0,0.2151,0.036,27.7959,255.0,0,0
72703.0,0.2151,0.0065,27.5168,255.0,0,0
72713.0,0.2151,0.0109,28.4164,255.0,0,0
72723.0,0.2151,0.0131,29.1606,255.0,0,0
72733.0,0.2151,0.0098,28.6457,255.0,0,0
72743.0,0.2151,0.0142,28.2198,255.0,0,0
72753.0,0.2151,0.0087,27.8675,255.0,0,0
72763.0,0.2151,0.0207,27.576,255.0,0,0
72773.0,0.2162,0.0262,27.3349,255.0,0,0
72783.0,0.2162,0.0207,27.1354,255.0,0,0
72793.0,0.2162,0.0251,28.1008,255.0,0,0
72803.0,0.2173,0.0229,28.8995,255.0,0,0
72813.0,0.2173,0.0305,28.4298,255.0,0,0
72823.0,0.2173,0.0436,28.0412,255.0,0,0
72833.0,0.2184,0.0425,27.7197,255.0,0,0
72843.0,0.2184,0.0535,27.4537,255.0,0,0
72853.0,0.2195,0.0535,27.2337,255.0,0,0
72863.0,0.2195,0.0545,28.1822,255.0,0,0
72874.0,0.2206,0.0589,28.9669,255.0,0,0
72884.0,0.2217,0.0665,28.4855,255.0,0,0
72894.0,0.2217,0.0502,28.0872,255.0,0,0
72904.0,0.2227,0.0633,27.7578,255.0,0,0
72914.0,0.2227,0.0349,27.4853,255.0,0,0
72924.0,0.2227,0.0338,27.2598,255.0,0,0
72934.0,0.2238,0.0185,27.0733,255.0,0,0
72944.0,0.2238,0.0087,26.919,255.0,0,0
72954.0,0.2238,-0.0153,26.7913,255.0,0,0
72964.0,0.2227,-0.0349,26.6857,255.0,0,0
72974.0,0.2227,-0.0513,26.5984,255.0,0,0
72984.0,0.2227,-0.0611,26.5261,255.0,0,0
73164.90476190476,0.2126761904761905,-0.057671428571428575,32.44493333333333,247.94333333333333,0,0
73509.48526077098,0.19358321995464853,-0.051140816326530614,43.71890158730159,234.50206349206348,0,0
73977.13022351798,0.16767133138969875,-0.04227784256559767,59.01928707482993,216.26034013605442,1,0
74511.58160951456,0.13805774445832755,-0.03214872969596002,76.50544191771947,195.41265630061548,1,0
75052.39551201109,0.10809161482539242,-0.021899032149302874,94.1997652706434,174.31678575284988,1,0
75546.85393715078,0.08069401058956602,-0.012527880106644912,110.37743233617385,155.02913268060706,1,0
75958.90262476719,0.05786267372637735,-0.004718586737763274,123.85882155744923,138.95608845373803,1,0
76272.84448199873,0.04046736944966217,0.0012313510670989248,134.13035620223047,126.7099595189807,1,0
76491.48256114214,0.0283527825426641,0.005375057752627956,141.28374640127456,118.18140543941755,1,0
76630.30038916969,0.020660981331871674,0.008005982632328929,145.82558144828667,112.76645046826633,1,0
76710.28589960461,0.016229038729462703,0.009521896491585205,148.44254354680317,109.64640498488873,1,0
76751.83681411626,0.013926730884055445,0.010309384210679373,149.80200437720134,108.02560213638088,1,0
76771.12831013952,0.012857802241544931,0.010675003508830237,150.43318261988622,107.2730865281451,1,0
76779.04277004651,0.012419267413848311,0.010825001169610078,150.69212753996206,106.96436217604837,1,0
76781.86936287043,0.01226264783252809,0.010878571762745736,150.78460786856058,106.85410347887097,1,0
76782.73080068344,0.012214916150601926,0.010894898038748985,150.8127923496573,106.82050082830261,1,0
76782.9487239397,0.012202841171543225,0.01089902819785695,150.81992235231567,106.81200015777193,1,0
76782.99267484853,0.012200405881649033,0.010899861171122422,150.82136033604507,106.81028573682457,1,0
76782.99930236653,0.012200038655395146,0.010899986778202135,150.82157717486143,106.8100272130309,1,0
76782.99996677936,0.012200001840733103,0.010899999370390578,150.82159891308862,106.81000129585861,1,0
76783.0,0.0122,0.0109,150.8216,106.81,1,0
76793.0,0.0122,0.0065,251.3867,117.12,1,0
76803.0,0.0133,0.0207,207.9652,122.32,1,0
76813.0,0.0133,0.0065,172.0438,111.08,1,0
76823.0,0.0133,0.0065,142.327,108.24,1,0
76833.0,0.0133,0.0098,117.7431,107.87,1,0
76843.0,0.0133,-0.0044,97.4056,99.32,1,0
76853.0,0.0133,-0.0022,80.5809,99.33,1,0
76864.0,0.0133,0.0044,67.7928,101.84,1,0
76874.0,0.0133,-0.0011,57.2136,98.51,1,0
76884.0,0.0133,0.0087,47.3312,102.89,1,0
76894.0,0.0133,0.0502,39.1558,123.2,1,0
76904.0,0.0133,0.0196,32.3925,107.59,1,0
76914.0,0.0133,0.0055,27.9279,100.28,1,0
76924.0,0.0133,0.012,24.2345,103.37,1,0
76934.0,0.0133,-0.0022,20.0485,96.09,1,0
76944.0,0.0133,0.0044,17.7161,99.25,1,0
76954.0,0.0133,0.0,15.7865,96.98,1,0
76964.0,0.0133,-0.0033,13.0597,95.22,1,0
76974.0,0.0133,-0.0065,10.8039,93.48,1,0
76984.0,0.0133,-0.0142,10.0683,89.63,1,0
76994.0,0.0133,-0.0087,9.4597,92.34,1,0
77004.0,0.0133,-0.0022,8.9563,95.59,1,0
77014.0,0.0133,-0.024,8.5398,84.67,1,0
77024.0,0.0133,-0.0295,7.0647,81.87,1,0
77034.0,0.0122,-0.0305,6.9749,76.96,1,0
77044.0,0.0122,-0.0295,6.9007,77.51,1,0
77054.0,0.0122,-0.0262,6.8392,79.15,1,0
77064.0,0.0122,-0.024,6.7884,80.24,1,0
77075.0,0.0111,-0.0295,6.7464,73.15,1,0
77085.0,0.0111,-0.0218,6.7116,76.97,1,0
77095.0,0.0111,-0.0196,6.6828,78.06,1,0
77105.0,0.0111,-0.0393,6.659,68.25,1,0
77115.0,0.01,-0.0469,6.6393,60.07,1,0
77125.0,0.01,-0.0502,6.623,58.43,1,0
77135.0,0.0089,-0.0502,6.6095,54.07,1,0
77145.0,0.0089,-0.0415,6.5984,58.43,1,0
77155.0,0.0089,-0.0469,5.4587,55.65,1,0
77165.0,0.0079,-0.0349,5.6463,57.3,1,0
77175.0,0.0079,-0.0218,6.932,63.9,1,0
77185.0,0.0079,-0.0218,6.8652,63.9,1,0
77195.0,0.0079,-0.0185,6.8099,65.53,1,0
77205.0,0.0079,0.0033,6.7641,76.44,1,0
77215.0,0.0079,-0.0055,6.7263,72.07,1,0
77225.0,0.0079,0.0,6.695,74.8,1,0
77235.0,0.0079,-0.0022,6.669,73.71,1,0
77245.0,0.0079,0.0065,6.6476,78.07,1,0
77256.0,0.0079,-0.0076,6.6299,70.98,1,0
77265.0,0.0079,-0.0153,6.6152,67.16,1,0
77275.0,0.0079,-0.0164,6.6031,66.61,1,0
77286.0,0.0068,-0.0109,6.5931,64.98,1,0
77296.0,0.0068,-0.0262,6.5848,57.34,1,0
77306.0,0.0068,-0.024,6.5779,58.43,1,0
77316.0,0.0068,-0.0273,6.5722,56.8,1,0
77326.0,0.0068,-0.0175,7.698,61.76,1,0
77336.0,0.0057,-0.0305,7.4988,50.84,1,0
77346.0,0.0057,-0.0316,7.3341,50.29,1,0
77356.0,0.0057,-0.0295,7.1978,51.37,1,0
77366.0,0.0046,-0.0284,7.085,47.55,1,0
77376.0,0.0046,-0.0295,6.9917,47.0,1,0
77386.0,0.0046,-0.0295,6.9146,46.99,1,0
77396.0,0.0046,-0.0164,7.9812,53.59,1,0
77406.0,0.0046,-0.0131,7.7332,55.21,1,0
77416.0,0.0046,-0.0153,7.5279,54.11,1,0
77426.0,0.0035,-0.012,7.3581,51.38,1,0
77437.0,0.0035,-0.0175,7.2177,48.64,1,0
77446.0,0.0035,-0.0251,8.232,44.87,1,0
77457.0,0.0035,-0.0218,7.9406,46.5,1,0
77467.0,0.0035,-0.0327,7.6995,-45.67,1,0
77477.0,0.0024,-0.0251,7.5001,-46.21,1,0
77487.0,0.0024,-0.0295,7.3351,-56.76,1,0
77497.0,0.0024,-0.0425,8.3292,-61.2,1,0
77507.0,0.0013,-0.0458,8.021,-66.44,1,0
77517.0,0.0013,-0.0469,7.766,-67.41,1,0
77527.0,0.0002,-0.0535,7.5551,-74.42,1,0
77537.0,0.0002,-0.0654,7.3806,-74.68,1,0
77547.0,-0.0009,-0.0709,7.2363,-87.3,1,0
77557.0,-0.0009,-0.0731,7.1169,-84.78,1,0
77567.0,-0.002,-0.0698,7.0181,-89.66,1,0
77577.0,-0.0031,-0.0622,6.9364,-88.91,1,0
77587.0,-0.0031,-0.06,6.8688,-87.77,1,0
77597.0,-0.0041,-0.0469,6.8129,-86.6,1,0
77607.0,-0.0041,-0.0567,6.7666,-92.38,1,0
77617.0,-0.0041,-0.0404,6.7283,-77.64,1,0
77628.0,-0.0052,-0.048,6.6966,-89.58,1,0
77638.0,-0.0052,-0.0349,5.5399,-86.19,1,0
77647.0,-0.0063,-0.0327,4.583,-88.0,1,0
77657.0,-0.0063,-0.0327,4.9219,-86.83,1,0
77669.0,-0.0063,-0.0207,5.2023,-81.91,1,0
77678.0,-0.0063,-0.0098,4.3037,-75.24,1,0
77689.0,-0.0063,-0.0109,4.6908,-77.95,1,0
77697.0,-0.0063,-0.0033,5.0111,-70.76,1,0
77708.0,-0.0063,0.0044,4.1455,-68.17,1,0
77719.0,-0.0063,0.0349,3.4295,-54.99,1,0
77729.0,-0.0063,0.0229,2.8371,-60.71,1,0
77739.0,-0.0052,0.0185,3.4776,-56.27,1,0
77748.0,-0.0052,0.0251,4.0074,-54.2,1,0
77759.0,-0.0052,0.0185,3.3152,-55.3,1,0
77769.0,-0.0052,0.0251,2.7426,-53.29,1,0
77779.0,-0.0052,0.0131,2.2689,-60.36,1,0
77789.0,-0.0052,0.0076,1.877,-62.97,1,0
77798.0,-0.0052,0.0087,2.6833,-61.35,1,0
77808.0,-0.0052,0.0076,3.3503,-64.11,1,0
77819.0,-0.0052,0.0055,2.7716,-68.09,1,0
77829.0,-0.0052,-0.0011,2.2929,-65.51,1,0
77839.0,-0.0052,0.0033,1.8968,-62.48,1,0
77848.0,-0.0052,0.0131,1.5692,-61.01,1,1
77860.0,-0.0052,0.0076,1.2981,-61.47,1,1
77870.0,-0.0052,0.0022,1.0739,-62.23,1,1
77879.0,-0.0052,0.0022,0.8884,-59.48,1,1
77890.0,-0.0052,0.0011,0.735,-59.71,1,1
77898.0,-0.0052,0.0098,0.608,-58.16,1,1
77909.0,-0.0041,0.0218,0.503,-56.47,1,1
77920.0,-0.0041,0.012,0.4161,-61.55,1,1
77930.0,-0.0041,0.0065,0.3442,-66.58,1,1
77940.0,-0.0041,0.0196,-0.8457,-52.68,1,1
77948.0,-0.0041,0.0142,-1.8301,-50.18,1,1
77960.0,-0.0041,0.0207,-1.514,-45.47,1,1
77970.0,-0.0041,0.0196,-1.2525,-52.05,1,1
77980.0,-0.0031,0.0218,-1.0362,-40.26,1,1
77990.0,-0.0031,0.0284,-0.8572,48.2,1,1
77999.0,-0.0031,0.0262,-0.7091,46.45,1,1
78009.0,-0.0031,0.0273,-0.5866,46.48,1,1
78020.0,-0.002,0.0196,-1.6158,46.68,1,1
78030.0,-0.002,0.0469,-2.4672,60.03,1,1
78041.0,-0.002,0.0229,-2.0411,47.75,1,1
78049.0,-0.002,0.0185,-1.6885,45.33,1,1
78061.0,-0.002,0.0142,-1.3969,-43.07,1,1
78071.0,-0.0009,0.0109,-1.1556,45.55,1,1
78081.0,-0.0009,0.0033,-0.956,-44.38,1,1
78091.0,-0.0009,0.0065,-0.7909,-42.82,1,1
78099.0,-0.0009,0.0,-0.6543,-46.16,1,1
78110.0,-0.0009,0.0,-0.5412,-46.21,1,1
78120.0,-0.0009,-0.0055,-0.4478,-54.21,1,1
78130.0,-0.0009,0.0044,-0.3704,-43.4,1,1
78141.0,-0.0009,-0.0131,-0.3064,-57.53,1,1
78149.0,-0.0009,-0.0033,-0.2535,-46.81,1,1
78160.0,-0.0009,-0.0033,-0.2097,-47.06,1,1
78171.0,-0.0009,-0.0175,-0.1735,-63.77,1,1
78181.0,-0.0009,-0.0033,-0.1435,-46.16,1,1
78191.0,-0.0009,0.0022,-0.1187,-43.81,1,1
78199.0,-0.0009,-0.0011,-0.0982,-45.74,1,1
78210.0,-0.0009,-0.0022,-0.0813,-46.53,1,1
78221.0,-0.0009,0.0,-0.0672,-45.63,1,1
78231.0,-0.0009,0.0305,-0.0556,55.38,1,1
78241.0,-0.0009,0.012,-0.046,45.98,1,1
78249.0,-0.0009,0.0044,-0.0381,-43.83,1,1
78261.0,-0.0009,-0.0098,-0.0315,-57.28,1,1
78271.0,-0.0009,0.0076,-0.026,44.39,1,1
78281.0,-0.0009,-0.0055,-0.0215,-51.4,1,1
78291.0,-0.0009,-0.0109,-0.0178,-57.02,1,1
78300.0,-0.0009,-0.0022,-0.0147,-45.76,1,1
78310.0,-0.0009,-0.0098,-1.1427,-55.21,1,1
78321.0,-0.0009,0.0011,-2.0758,-44.15,1,1
78331.0,-0.0009,-0.0065,-1.7173,-56.69,1,1
78342.0,-0.0009,-0.0131,-1.4207,-55.98,1,1
78350.0,-0.0009,0.0044,-1.1753,-41.76,1,1
78362.0,-0.0009,0.0044,-0.9723,-42.25,1,1
78373.0,-0.0009,-0.012,-0.8043,-57.11,1,1
78383.0,-0.0009,0.012,-0.6654,47.65,1,1
78392.0,-0.0009,0.0033,-0.5505,-43.09,1,1
78400.0,0.0002,-0.0076,-0.4554,-44.52,1,1
78411.0,0.0002,0.0098,-0.3767,49.87,1,1
78422.0,0.0002,0.0033,-0.3117,46.37,1,1
78433.0,0.0002,-0.0055,-0.2578,-44.08,1,1
78443.0,0.0002,-0.0055,-0.2133,-44.22,1,1
78450.0,0.0002,0.0087,-0.1764,48.67,1,1
78463.0,-0.0009,-0.012,-0.146,-59.38,1,1
78473.0,0.0002,0.0109,-0.1208,50.57,1,1
78482.0,0.0002,-0.0076,-0.0999,-44.85,1,1
78492.0,0.0002,-0.0131,-0.0826,-55.11,1,1
78500.0,0.0002,0.0033,-0.0684,47.11,1,1
78512.0,0.0002,-0.0207,-0.0566,-51.11,1,1
78523.0,0.0002,-0.0251,-0.0468,-66.11,1,1
78533.0,0.0002,0.0185,-0.0387,55.63,1,1
78544.0,0.0002,-0.0644,-0.032,-76.4,1,1
78550.0,-0.0009,-0.0295,-0.0265,-64.2,1,1
78564.0,-0.0009,0.0153,-0.0219,49.55,1,1
78574.0,-0.0009,-0.0251,-0.0181,-57.01,1,1
78584.0,-0.0009,-0.0229,-0.015,-65.73,1,1
78593.0,-0.0009,0.012,-0.0124,47.98,1,1
78601.0,-0.0009,-0.0305,-0.0103,-71.19,1,1
78613.0,-0.0009,-0.0131,-0.0085,-54.0,1,1
78623.0,-0.0009,0.0142,-0.007,49.64,1,1
78633.0,-0.0009,-0.0295,-0.0058,-66.01,1,1
78643.0,-0.002,-0.0229,-0.0048,-62.42,1,1
78651.0,-0.002,0.012,-0.004,-42.0,1,1
78661.0,-0.002,-0.0316,-0.0033,-74.84,1,1
78674.0,-0.002,-0.0011,-0.0027,-51.28,1,1
78684.0,-0.002,0.0175,-0.0023,46.8,1,1
78694.0,-0.002,-0.0382,-0.0019,-71.68,1,1
78701.0,-0.002,0.0,-0.0015,-50.41,1,1
78713.0,-0.002,0.012,-0.0013,-42.53,1,1
78724.0,-0.002,-0.0404,-0.0011,-77.53,1,1
78734.0,-0.002,-0.0076,-0.0009,-58.32,1,1
78744.0,-0.002,0.0087,-0.0007,-43.53,1,1
78751.0,-0.0031,-0.0284,-0.0006,-73.29,1,1
78764.0,-0.0031,-0.0131,-0.0005,-60.04,1,1
78774.0,-0.0031,0.0142,-1.1309,-45.81,1,1
78784.0,-0.0031,-0.0251,-2.0661,-70.13,1,1
78794.0,-0.0031,0.0044,-1.7092,-59.38,1,1
78801.0,-0.0031,0.0218,-1.414,-41.55,1,1
78814.0,-0.0031,-0.0207,-1.1697,-74.88,1,1
78824.0,-0.0031,0.0065,-0.9677,-48.62,1,1
78834.0,-0.0031,0.0065,-0.8005,-51.36,1,1
78844.0,-0.0031,-0.024,-0.6623,-66.87,1,1
78851.0,-0.002,0.0556,-0.5479,65.15,1,1
78864.0,-0.002,0.0076,-0.4532,-45.22,1,1
78874.0,-0.0031,-0.0175,-0.375,-68.76,1,1
78885.0,-0.002,0.0175,-0.3102,45.82,1,1
78895.0,-0.002,0.0022,-0.2566,-51.26,1,1
78902.0,-0.0031,-0.0218,-0.2123,-75.9,1,1
78912.0,-0.002,0.024,-0.1756,50.0,1,1
78925.0,-0.002,-0.0044,-0.1453,-52.75,1,1
78934.0,-0.0031,-0.0404,-0.1202,-80.53,1,1
78945.0,-0.0031,0.0305,-0.0994,48.71,1,1
78952.0,-0.0031,-0.0033,-0.0823,-61.96,1,1
78962.0,-0.0031,-0.036,-0.068,-72.54,1,1
78975.0,-0.0031,0.0229,-0.0563,-41.25,1,1
78985.0,-0.0031,0.0,-0.0466,-56.33,1,1
78995.0,-0.0031,-0.048,-0.0385,-80.3,1,1
79002.0,-0.0031,0.0295,-0.0319,47.48,1,1
79014.0,-0.0031,-0.0076,-0.0264,-59.45,1,1
79025.0,-0.0031,-0.0305,-0.0218,-70.94,1,1
79035.0,-0.0031,0.0447,-0.018,54.64,1,1
79045.0,-0.0031,-0.0175,-0.0149,-66.83,1,1
79052.0,-0.0031,0.0175,-0.0123,-44.87,1,1
79062.0,-0.002,0.0305,-0.0102,51.62,1,1
79075.0,-0.0031,-0.0153,-0.0085,-65.97,1,1
79085.0,-0.0031,-0.0207,-0.007,-69.38,1,1
79095.0,-0.002,0.0415,-0.0058,57.62,1,1
79102.0,-0.0031,-0.0251,-0.0048,-70.44,1,1
79115.0,-0.0031,-0.0142,-0.004,-66.81,1,1
79125.0,-0.002,0.0393,-0.0033,56.95,1,1
79135.0,-0.0031,-0.0164,-0.0027,-65.75,1,1
79145.0,-0.0031,-0.0338,-0.0022,-80.55,1,1
79152.0,-0.002,0.0382,-0.0019,57.17,1,1
79162.0,-0.002,-0.0033,-0.0015,-58.41,1,1
79175.0,-0.0031,-0.0327,-0.0013,-74.76,1,1
79185.0,-0.002,0.0393,-0.001,58.0,1,1
79196.0,-0.0031,-0.0284,-0.0009,-78.23,1,1
79202.0,-0.0031,-0.0371,-0.0007,-70.06,1,1
79213.0,-0.0031,0.0535,-0.0006,60.37,1,1
79226.0,-0.0031,-0.0185,-0.0005,-75.7,1,1
79236.0,-0.0031,-0.0207,-0.0004,-62.87,1,1
79246.0,-0.002,0.0447,-0.0003,60.55,1,1
79253.0,-0.002,-0.0033,-0.0003,-55.18,1,1
79263.0,-0.0031,-0.036,-0.0002,-72.56,1,1
79276.0,-0.002,0.0502,-0.0002,62.62,1,1
79286.0,-0.002,-0.0142,-1.1307,-60.17,1,1
79296.0,-0.0031,-0.012,-2.0659,-66.45,1,1
79303.0,-0.002,0.0535,-1.709,64.61,1,1
79316.0,-0.002,-0.0011,-1.4138,-58.68,1,1
79326.0,-0.002,0.0,-1.1696,-58.33,1,1
79336.0,-0.002,0.0425,-0.9676,60.21,1,1
79346.0,-0.002,0.0185,-0.8005,47.45,1,1
79353.0,-0.002,-0.0185,-0.6622,-57.66,1,1
79363.0,-0.0009,0.0578,-0.5478,70.35,1,1
79376.0,-0.0009,0.0196,-0.4532,50.87,1,1
79386.0,-0.0009,-0.0153,-0.3749,-55.97,1,1
79396.0,-0.0009,0.0371,-0.3102,59.45,1,1
79403.0,-0.0009,0.0142,-0.2566,47.71,1,1
79413.0,-0.0009,-0.0229,-1.3428,-63.3,1,1
79426.0,-0.0009,0.0393,-2.2413,60.81,1,1
79436.0,0.0002,0.012,-1.8542,51.2,1,1
79446.0,-0.0009,-0.0251,-1.5339,-61.16,1,1
79453.0,-0.0009,0.0142,-1.269,47.86,1,1
79463.0,-0.0009,-0.0371,-1.0498,-71.35,1,1
79476.0,-0.0009,-0.0262,-0.8685,-57.78,1,1
79486.0,-0.0009,0.0142,-0.7185,48.02,1,1
79496.0,-0.0009,0.0076,-0.5944,44.46,1,1
79504.0,-0.0009,-0.0338,-0.4917,-65.58,1,1
79517.0,-0.0009,0.0098,-0.4068,45.55,1,1
79527.0,-0.0009,0.0109,-0.3365,45.87,1,1
79537.0,-0.0009,-0.0207,-0.2784,-58.15,1,1
79547.0,-0.0009,0.0175,-0.2303,49.08,1,1
79554.0,-0.0009,0.0098,-0.1905,45.09,1,1
79564.0,-0.0009,-0.0022,-0.1576,-46.95,1,1
79577.0,-0.0009,0.0284,-0.1304,54.11,1,1
79587.0,-0.0009,0.0098,-0.1079,44.75,1,1
79597.0,-0.0009,-0.0316,-0.0892,-71.37,1,1
79604.0,-0.0009,-0.0011,-0.0738,-45.47,1,1
79616.0,-0.0009,0.0055,-0.0611,-42.49,1,1
79627.0,-0.002,-0.0458,-0.0505,-76.92,1,1
79637.0,-0.002,-0.0044,-0.0418,-60.01,1,1
79647.0,-0.002,0.0076,-0.0346,-44.78,1,1
79655.0,-0.002,-0.0338,-0.0286,-68.03,1,1
79667.0,-0.002,0.0022,-0.0237,-54.29,1,1
79677.0,-0.002,-0.0142,-0.0196,-61.97,1,1
79687.0,-0.002,-0.0218,-0.0162,-67.48,1,1
79697.0,-0.002,0.0098,-0.0134,-42.68,1,1
79704.0,-0.002,0.012,-0.0111,-42.23,1,1
79714.0,-0.002,-0.0327,-0.0092,-70.33,1,1
79727.0,-0.002,0.0196,-0.0076,47.26,1,1
79737.0,-0.002,0.0131,-0.0063,-42.36,1,1
79747.0,-0.002,-0.024,-0.0052,-66.51,1,1
79755.0,-0.002,0.0185,-0.0043,46.28,1,1
79767.0,-0.002,0.0131,-0.0036,-42.71,1,1
79777.0,-0.002,-0.0327,-1.1334,-67.02,1,1
79787.0,-0.002,0.0273,-2.0682,49.98,1,1
79797.0,-0.002,0.0207,-1.7109,46.47,1,1
79805.0,-0.002,-0.0305,-1.4154,-68.54,1,1
79817.0,-0.002,0.0196,-1.1709,45.99,1,1
79827.0,-0.002,0.0164,-0.9687,44.15,1,1
79837.0,-0.002,-0.0349,-0.8014,-71.82,1,1
79847.0,-0.002,0.0196,-0.6629,46.04,1,1
79854.0,-0.002,0.0185,-0.5484,45.27,1,1
79864.0,-0.002,0.0316,-0.4537,51.64,1,1
79878.0,-0.0009,0.0316,-0.3753,55.87,1,1
79888.0,-0.0009,0.0251,-0.3105,52.48,1,1
79898.0,-0.0009,-0.0349,-0.2569,-70.85,1,1
79905.0,-0.0009,0.0153,-0.2125,48.39,1,1
79915.0,-0.002,-0.0338,-0.1758,-71.91,1,1
79928.0,-0.002,-0.0338,-0.1454,-73.51,1,1
79938.0,-0.002,0.0,-0.1203,-50.69,1,1
79948.0,-0.002,0.0,-0.0995,-55.03,1,1
79955.0,-0.002,-0.0447,-0.0823,-75.91,1,1
79968.0,-0.002,0.0055,-0.0681,-45.38,1,1
79978.0,-0.0031,-0.0458,-0.0564,-84.29,1,1
79988.0,-0.002,0.024,-0.0466,49.94,1,1
79998.0,-0.002,0.0142,-0.0386,-41.42,1,1
80005.0,-0.0031,-0.0185,-0.0319,-62.6,1,1
80015.0,-0.002,0.0327,-0.0264,52.93,1,1
80028.0,-0.002,0.0065,-0.0218,-46.34,1,1
80038.0,-0.002,-0.0142,-0.0181,-63.22,1,1
80048.0,-0.002,0.036,-0.0149,54.7,1,1
80056.0,-0.002,0.0033,-1.1429,-54.21,1,1
80068.0,-0.002,-0.0055,-2.076,-53.84,1,1
80078.0,-0.002,0.0425,-1.7174,58.25,1,1
80088.0,-0.002,0.0011,-1.4207,-67.73,1,1
80098.0,-0.002,0.0087,-1.1753,-42.82,1,1
80106.0,-0.0009,0.0338,-0.9723,59.36,1,1
80118.0,-0.0009,0.0022,-0.8044,-43.02,1,1
80128.0,-0.0009,0.0262,-0.6654,54.47,1,1
80138.0,-0.0009,0.0338,-0.5505,57.91,1,1
80149.0,-0.0009,-0.0098,-0.4554,-54.33,1,1
80155.0,-0.0009,0.024,-0.3768,53.02,1,1
80165.0,0.0002,0.0251,-0.3117,57.62,1,1
80179.0,-0.0009,-0.0109,-0.2578,-59.28,1,1
80189.0,0.0002,0.0295,-0.2133,60.48,1,1
80199.0,0.0002,0.0196,-0.1765,55.19,1,1
80205.0,0.0002,-0.0262,-0.146,-57.07,1,1
80216.0,0.0002,0.0284,-0.1208,59.42,1,1
80229.0,0.0002,-0.0142,-0.0999,-53.26,1,1
80239.0,-0.0009,-0.0349,-0.0826,-65.42,1,1
80249.0,-0.0009,0.0098,-0.0684,46.08,1,1
80256.0,-0.0009,-0.0185,-0.0566,-64.8,1,1
80266.0,-0.0009,-0.0382,-0.0468,-66.16,1,1
80279.0,-0.0009,0.0251,-0.0387,54.43,1,1
80289.0,-0.0009,-0.0218,-0.032,-60.63,1,1
80299.0,-0.0009,-0.012,-0.0265,-52.27,1,1
80307.0,-0.0009,0.036,-0.0219,59.55,1,1
80319.0,-0.0009,-0.0185,-0.0181,-58.21,1,1
80329.0,-0.0009,-0.0087,-0.015,-50.98,1,1
80339.0,-0.0009,0.0295,-0.0124,55.99,1,1
80349.0,-0.0009,-0.0207,-0.0103,-63.72,1,1
80356.0,-0.0009,-0.0011,-0.0085,-44.69,1,1
80366.0,-0.0009,0.0349,-0.007,58.74,1,1
80379.0,-0.0009,-0.0295,-0.0058,-64.92,1,1
80389.0,-0.0009,0.0098,-0.0048,46.24,1,1
80399.0,0.0002,0.0415,-0.004,66.05,1,1
80406.0,-0.0009,-0.0382,-0.0033,-68.5,1,1
80416.0,-0.0009,0.0284,-0.0027,55.17,1,1
80429.0,0.0002,0.0316,-0.0023,60.87,1,1
80439.0,-0.0009,-0.0305,-0.0019,-74.33,1,1
80449.0,0.0002,0.0327,-0.0015,62.79,1,1
80456.0,0.0002,0.024,-0.0013,57.91,1,1
80466.0,0.0002,-0.0229,-0.0011,-56.03,1,1
80479.0,0.0002,0.0349,-0.0009,63.18,1,1
80489.0,0.0002,0.012,-0.0007,51.35,1,1
80500.0,0.0002,-0.0284,-0.0006,-61.3,1,1
80508.0,0.0002,0.0491,-0.0005,70.19,1,1
80519.0,0.0002,0.0055,-0.0004,48.01,1,1
80529.0,0.0002,-0.0185,-0.0003,-56.44,1,1
80539.0,0.0013,0.0524,-0.0003,76.15,1,1
80550.0,0.0013,0.012,-0.0002,55.62,1,1
80557.0,0.0013,-0.0022,-0.0002,48.24,1,1
80567.0,0.0013,0.0633,1.1303,80.79,1,1
80580.0,0.0013,0.0055,2.0656,51.75,1,1
80589.0,0.0013,-0.0175,1.7088,-45.93,1,1
80600.0,0.0024,0.06,1.4137,83.1,1,1
80608.0,0.0024,0.0087,1.1695,57.36,1,1
80620.0,0.0024,-0.0076,0.9675,49.09,1,1
80630.0,0.0024,0.0469,0.8004,76.3,1,1
80640.0,0.0024,0.0033,0.6621,54.43,1,1
80650.0,0.0024,-0.0065,0.5478,49.47,1,1
80658.0,0.0035,0.0491,0.4531,81.62,1,1
80670.0,0.0035,0.0131,0.3749,63.59,1,1
80680.0,0.0035,0.0022,0.3101,58.12,1,1
80690.0,0.0035,0.0415,0.2566,77.73,1,1
80700.0,0.0035,-0.0131,1.3427,50.5,1,1
80707.0,0.0035,0.0,2.2413,57.08,1,1
80717.0,0.0035,0.048,1.8542,81.05,1,1
80730.0,0.0035,-0.0087,1.5339,52.67,1,1
80740.0,0.0035,0.0044,1.269,59.19,1,1
80750.0,0.0046,0.0305,1.0498,76.63,1,1
80758.0,0.0046,-0.0087,0.8684,56.99,1,1
80770.0,0.0046,0.0131,0.7184,67.89,1,1
80780.0,0.0046,0.0371,0.5943,79.88,1,1
80790.0,0.0046,0.0065,0.4917,64.6,1,1
80800.0,0.0046,0.0316,1.5373,77.19,1,1
80809.0,0.0057,0.0371,2.4022,84.32,1,1
80820.0,0.0057,-0.0065,1.9873,62.48,1,1
80830.0,0.0057,0.0153,1.644,73.37,1,1
80840.0,0.0057,0.0305,1.3601,81.0,1,1
80850.0,0.0057,-0.0065,1.1251,62.44,1,1
80857.0,0.0057,0.0251,2.0613,78.3,1,1
80867.0,0.0068,0.0338,2.8358,87.06,1,1
80880.0,0.0068,-0.012,2.3459,64.13,1,1
80890.0,0.0068,0.012,1.9407,76.11,1,1
80901.0,0.0068,0.0229,1.6055,81.55,1,1
80908.0,0.0068,-0.0076,2.4587,66.32,1,1
80918.0,0.0068,0.0273,3.1645,83.81,1,1
80930.0,0.0068,0.0262,2.6179,83.23,1,1
80940.0,0.0068,-0.0044,2.1657,67.94,1,1
80951.0,0.0079,0.0338,1.7916,91.38,1,1
80959.0,0.0079,0.0273,2.6127,88.14,1,1
80971.0,0.0079,0.0033,3.2919,76.17,1,1
80981.0,0.0079,0.0305,2.7233,89.78,1,1
80991.0,0.0079,0.012,2.2529,80.49,1,1
81001.0,0.0079,0.0065,2.9943,77.8,1,1
81010.0,0.0089,0.0458,3.6076,101.82,1,1
81021.0,0.0089,0.0087,4.1149,83.3,1,1
81031.0,0.0089,0.0065,4.5347,82.23,1,1
81041.0,0.0089,0.036,3.7514,96.92,1,1
81051.0,0.0089,0.0065,4.2339,82.22,1,1
81058.0,0.0089,0.0044,4.6331,81.15,1,1
81068.0,0.0089,0.0316,3.8329,94.74,1,1
81081.0,0.0089,-0.0033,4.3013,77.31,1,1
81091.0,0.0089,0.0,4.6889,78.97,1,1
81101.0,0.01,0.0458,3.879,106.2,1,1
81110.0,0.01,-0.0055,4.3395,80.59,1,1
81121.0,0.01,-0.0044,4.7204,81.16,1,1
81131.0,0.01,0.0349,5.0356,100.81,1,1
81141.0,0.01,-0.0098,5.2963,78.46,1,1
81151.0,0.01,0.0,5.512,83.39,1,1
81160.0,0.01,0.0284,5.6904,97.58,1,1
81171.0,0.01,-0.012,5.838,77.41,1,1
81181.0,0.01,-0.0022,5.9601,82.32,1,1
81191.0,0.01,0.0196,6.0611,93.24,1,1
81201.0,0.01,-0.0251,6.1447,70.89,1,1
81210.0,0.01,0.0109,6.2139,88.89,1,1
81221.0,0.01,0.0196,6.2711,93.26,1,1
81231.0,0.01,-0.0207,6.3184,73.08,1,1
81241.0,0.01,0.0098,7.488,88.41,1,1
81251.0,0.01,0.0185,7.3251,92.77,1,1
81260.0,0.01,-0.0142,7.1904,76.41,1,1
81271.0,0.01,0.0087,7.0789,87.86,1,1
81281.0,0.01,0.0022,6.9867,84.58,1,1
81291.0,0.01,-0.0229,8.0409,72.09,1,1
81302.0,0.01,0.0251,8.913,96.13,1,1
81310.0,0.01,0.0251,8.504,96.12,1,1
81321.0,0.01,-0.0175,8.1656,74.83,1,1
81331.0,0.01,0.0131,9.0162,90.15,1,1
81342.0,0.01,-0.0055,8.5893,80.86,1,1
81352.0,0.01,-0.012,8.2362,77.57,1,1
81360.0,0.0111,0.0273,7.9441,101.56,1,1
81372.0,0.0111,0.0022,7.7024,89.01,1,1
81382.0,0.01,-0.0229,8.633,72.15,1,1
81392.0,0.0111,0.0196,9.4029,97.82,1,1
81402.0,0.01,-0.0153,8.9092,75.98,1,1
81409.0,0.01,0.0,8.5008,83.6,1,1
81419.0,0.0111,0.0338,9.2935,104.91,1,1
81432.0,0.0111,-0.0076,9.9493,84.22,1,1
81442.0,0.0111,0.0044,10.4918,90.25,1,1
81452.0,0.0111,0.0305,9.81,103.31,1,1
81460.0,0.0111,-0.0011,9.2461,87.47,1,1
81472.0,0.0111,-0.0109,9.91,82.6,1,1
81482.0,0.0111,0.0262,10.4593,101.17,1,1
81492.0,0.0111,-0.0076,10.9137,84.29,1,1
81502.0,0.0111,-0.0164,10.1591,79.89,1,1
81511.0,0.0111,0.0415,9.5348,108.77,1,1
81522.0,0.0111,-0.0142,10.1489,80.99,1,1
81532.0,0.0111,-0.0055,10.6569,85.38,1,1
81542.0,0.0111,0.0229,11.0772,99.58,1,1
81552.0,0.0111,-0.0218,11.4248,77.24,1,1
81561.0,0.0111,-0.0022,11.7124,87.08,1,1
81572.0,0.0111,0.0175,11.9504,96.91,1,1
81582.0,0.0111,-0.0175,12.1472,79.47,1,1
81592.0,0.0111,0.0055,12.3101,90.93,1,1
81602.0,0.0111,0.0185,12.4448,97.49,1,1
81610.0,0.0111,-0.0447,12.5562,65.86,1,1
81620.0,0.0111,-0.0033,12.6484,86.59,1,1
81632.0,0.0111,0.0098,12.7247,93.15,1,1
81642.0,0.0111,-0.0185,12.7878,78.97,1,1
81653.0,0.0111,0.012,12.84,94.25,1,1
81662.0,0.0111,0.0153,12.8832,95.89,1,1
81672.0,0.0111,-0.0185,12.9189,78.99,1,1
81682.0,0.0111,0.0218,12.9484,99.17,1,1
81692.0,0.0111,0.0033,12.9729,89.91,1,1
81703.0,0.0111,-0.0185,12.9931,79.0,1,1
81712.0,0.0111,0.0327,13.0098,104.64,1,1
81723.0,0.0111,0.012,14.1542,94.33,1,1
81733.0,0.0111,-0.0109,15.1009,82.93,1,1
81743.0,0.0111,0.0196,14.7535,98.19,1,1
81753.0,0.0111,0.0022,14.4662,89.45,1,1
81760.0,0.0122,-0.0164,14.2285,84.53,1,1
81770.0,0.0122,0.0295,15.1623,107.49,1,1
81783.0,0.0122,0.0,15.9349,92.8,1,1
81793.0,0.0122,-0.0055,15.4435,90.06,1,1
81803.0,0.0122,0.0251,15.037,105.31,1,1
81810.0,0.0122,-0.0055,15.8312,90.08,1,1
81820.0,0.0122,-0.0229,16.4882,81.39,1,1
81833.0,0.0122,0.0273,15.9012,106.46,1,1
81843.0,0.0122,-0.0098,16.5461,87.95,1,1
81853.0,0.0122,-0.0164,17.0797,84.7,1,1
81862.0,0.0133,0.0305,16.3905,112.49,1,1
81873.0,0.0122,-0.0185,16.9509,83.61,1,1
81883.0,0.0122,-0.0196,17.4145,83.09,1,1
81893.0,0.0122,0.0262,16.6676,105.97,1,1
81903.0,0.0122,-0.0229,17.1801,81.45,1,1
81910.0,0.0122,-0.012,17.6041,86.93,1,1
81921.0,0.0122,0.0251,16.8244,105.44,1,1
81933.0,0.0122,-0.0207,17.3099,82.56,1,1
81943.0,0.0122,-0.0185,17.7115,83.67,1,1
81953.0,0.0122,0.0295,18.0437,107.69,1,1
81962.0,0.0122,-0.0218,18.3186,82.07,1,1
81973.0,0.0122,-0.0098,18.5459,88.09,1,1
81983.0,0.0122,0.0262,18.734,106.1,1,1
81993.0,0.0122,-0.024,17.7592,80.97,1,1
82004.0,0.0122,0.0087,18.0832,97.35,1,1
82012.0,0.0122,0.0295,19.4817,107.78,1,1
82023.0,0.0122,-0.0142,19.5082,85.97,1,1
82033.0,0.0122,0.0142,19.5301,100.16,1,1
82043.0,0.0133,0.0338,19.5482,114.34,1,1
82054.0,0.0133,-0.0164,19.5632,89.26,1,1
82061.0,0.0133,0.0044,20.7061,99.68,1,1
82071.0,0.0133,0.0305,20.5211,112.76,1,1
82083.0,0.0133,-0.0164,20.368,89.31,1,1
82094.0,0.0133,0.0065,20.2414,100.76,1,1
82104.0,0.0133,0.0229,20.1366,108.94,1,1
82113.0,0.0133,-0.0185,21.1805,88.27,1,1
82124.0,0.0133,0.012,22.044,103.59,1,1
82134.0,0.0133,0.0262,22.7584,110.71,1,1
82144.0,0.0133,-0.0218,22.2189,86.69,1,1
82154.0,0.0133,0.0251,21.7726,110.13,1,1
82161.0,0.0133,0.0229,22.5339,109.08,1,1
82171.0,0.0133,-0.0295,22.0331,82.88,1,1
82184.0,0.0133,0.0022,21.6189,98.68,1,1
82194.0,0.0133,0.012,22.4067,103.63,1,1
82204.0,0.0133,-0.024,23.0585,85.67,1,1
82213.0,0.0133,0.0076,23.5976,101.51,1,1
82224.0,0.0133,0.0087,24.0437,102.09,1,1
82234.0,0.0133,-0.0131,23.2822,91.14,1,1
82244.0,0.0133,0.0022,22.6522,98.75,1,1
82254.0,0.0133,0.0033,23.2615,99.33,1,1
82263.0,0.0133,-0.0196,23.7656,87.91,1,1
82274.0,0.0133,0.0011,24.1826,98.29,1,1
82284.0,0.0133,0.0011,24.5276,98.31,1,1
82294.0,0.0122,-0.0175,24.813,84.7,1,1
82304.0,0.0133,0.0153,23.9186,105.38,1,1
82314.0,0.0133,0.0022,23.1787,98.81,1,1
82324.0,0.0133,-0.0065,24.8276,94.53,1,1
82334.0,0.0133,0.0316,26.1917,113.69,1,1
82344.0,0.0133,0.0087,26.1897,102.24,1,1
82354.0,0.0133,-0.0175,26.188,89.15,1,1
82364.0,0.0133,0.0175,26.1866,106.61,1,1
82374.0,0.0133,0.0109,26.1854,103.34,1,1
82384.0,0.0133,-0.0207,26.1845,87.53,1,1
82394.0,0.0133,0.0251,26.1837,110.44,1,1
82405.0,0.0133,-0.0044,26.1831,95.72,1,1
82414.0,0.0133,-0.0196,27.313,88.14,1,1
82424.0,0.0133,0.0175,28.2478,106.73,1,1
82434.0,0.0133,-0.0055,27.8906,95.27,1,1
82444.0,0.0133,-0.0185,27.5951,88.71,1,1
82455.0,0.0133,0.0044,27.3507,100.16,1,1
82464.0,0.0133,-0.0076,27.1485,94.15,1,1
82475.0,0.0133,-0.0131,26.9812,91.42,1,1
82485.0,0.0133,0.0185,27.9733,107.29,1,1
82495.0,0.0133,-0.0022,28.794,96.97,1,1
82505.0,0.0133,-0.012,28.3425,92.04,1,1
82514.0,0.0133,0.0251,27.969,110.57,1,1
82525.0,0.0133,-0.0131,28.7905,91.53,1,1
82535.0,0.0133,-0.0338,29.47,81.2,1,1
82545.0,0.0133,0.0251,28.9018,110.63,1,1
82555.0,0.0133,-0.0033,29.5621,96.49,1,1
82562.0,0.0133,-0.0109,30.1084,92.7,1,1
82572.0,0.0133,0.036,30.5604,116.18,1,1
82585.0,0.0133,0.0033,30.9342,99.84,1,1
82595.0,0.0133,-0.0022,30.113,97.07,1,1
82605.0,0.0133,0.0295,30.5642,112.92,1,1
82615.0,0.0133,-0.0022,30.9374,97.12,1,1
82625.0,0.0144,-0.0065,31.2462,99.32,1,1
82635.0,0.0133,0.0262,31.5016,111.34,1,1
82645.0,0.0133,-0.0131,31.7129,91.72,1,1
82655.0,0.0144,-0.0153,31.8877,95.01,1,1
82665.0,0.0144,0.0207,32.0323,113.02,1,1
82675.0,0.0133,-0.0175,32.1519,89.57,1,1
82685.0,0.0144,-0.0098,31.1204,97.71,1,1
82695.0,0.0133,0.0273,31.3976,111.91,1,1
82705.0,0.0133,-0.0207,32.7573,87.98,1,1
82715.0,0.0133,0.0055,32.7517,101.07,1,1
82725.0,0.0144,0.0207,32.7471,113.08,1,1
82735.0,0.0144,-0.0044,33.8738,100.59,1,1
82745.0,0.0144,-0.0044,33.6753,100.59,1,1
82755.0,0.0144,0.0349,33.5112,120.22,1,1
82765.0,0.0144,-0.0011,34.5059,102.27,1,1
82775.0,0.0144,0.0109,34.1982,108.26,1,1
82785.0,0.0144,0.0273,33.9438,116.43,1,1
82795.0,0.0144,-0.0109,34.8637,97.39,1,1
82806.0,0.0155,0.0065,34.4943,110.47,1,1
82815.0,0.0155,0.0371,34.1887,125.73,1,1
82825.0,0.0155,-0.0076,35.0664,103.42,1,1
82835.0,0.0155,0.0055,35.7924,110.0,1,1
82845.0,0.0155,0.0251,36.3931,119.86,1,1
82856.0,0.0155,-0.0142,35.7595,100.19,1,1
82865.0,0.0155,-0.0033,35.2353,105.63,1,1
82876.0,0.0155,0.0218,35.9322,118.21,1,1
82886.0,0.0155,-0.0153,36.5087,99.7,1,1
82896.0,0.0155,0.0033,36.9857,109.0,1,1
82906.0,0.0155,0.0273,36.2497,120.97,1,1
82915.0,0.0155,-0.0229,36.7714,95.91,1,1
82926.0,0.0155,0.0076,37.203,111.21,1,1
82936.0,0.0155,0.0273,37.56,121.05,1,1
82946.0,0.0155,-0.0142,37.8553,100.34,1,1
82956.0,0.0155,0.0044,38.0997,109.63,1,1
82965.0,0.0155,0.0251,39.4323,120.07,1,1
82976.0,0.0155,-0.0131,39.4043,100.98,1,1
82986.0,0.0155,0.0109,39.3811,112.98,1,1
82996.0,0.0155,0.0273,39.3619,121.17,1,1
83006.0,0.0155,-0.0207,39.346,97.17,1,1
83016.0,0.0155,0.0044,39.3328,109.72,1,1
83026.0,0.0155,0.0055,39.322,110.27,1,1
83036.0,0.0155,-0.0273,39.313,93.91,1,1
83046.0,0.0155,-0.0033,39.3055,105.92,1,1
83056.0,0.0155,0.0033,39.2994,109.19,1,1
83065.0,0.0155,-0.0076,40.4248,103.8,1,1
83076.0,0.0155,0.0033,41.3558,109.31,1,1
83086.0,0.0166,0.0164,40.9955,120.2,1,1
83096.0,0.0166,0.0164,41.828,120.25,1,1
83106.0,0.0166,0.0065,42.5166,115.38,1,1
83115.0,0.0166,0.0087,41.9558,116.45,1,1
83126.0,0.0166,0.0055,42.6224,114.85,1,1
83136.0,0.0166,0.0022,43.1738,113.25,1,1
83146.0,0.0166,0.0175,42.4995,120.85,1,1
83157.0,0.0166,-0.0175,43.0722,103.44,1,1
83166.0,0.0166,0.0044,43.5459,114.37,1,1
83176.0,0.0177,0.0055,42.8073,119.25,1,1
83186.0,0.0177,-0.0033,43.3268,114.92,1,1
83196.0,0.0177,0.0076,43.7566,120.4,1,1
83207.0,0.0177,0.0109,44.1121,122.06,1,1
83215.0,0.0177,0.0,44.4062,116.63,1,1
83227.0,0.0177,0.0022,44.6496,117.74,1,1
83236.0,0.0177,0.024,45.9813,128.72,1,1
83247.0,0.0177,0.0022,45.9526,117.81,1,1
83257.0,0.0188,0.0251,45.9288,133.64,1,1
83266.0,0.0188,0.0185,45.9091,130.37,1,1
83277.0,0.0188,0.0033,45.8929,122.74,1,1
83287.0,0.0188,0.0142,47.0099,128.25,1,1
83297.0,0.0188,0.0087,46.8035,125.52,1,1
83307.0,0.0199,0.0,46.6327,125.52,1,1
83316.0,0.0199,0.0011,46.4915,126.06,1,1
83327.0,0.0188,0.0055,46.3746,123.88,1,1
83337.0,0.0188,-0.0131,47.4084,114.67,1,1
83347.0,0.0199,-0.0011,48.2637,125.08,1,1
83357.0,0.0199,0.0185,48.9712,134.94,1,1
83366.0,0.0199,0.0011,49.5565,126.25,1,1
83377.0,0.0199,0.0098,50.0407,130.65,1,1
83387.0,0.0199,0.0,50.4413,125.77,1,1
83397.0,0.0199,-0.0087,50.7727,121.43,1,1
83407.0,0.0199,0.0,49.9164,125.75,1,1
83415.0,0.0199,0.0,49.2079,125.72,1,1
83425.0,0.0199,-0.024,49.7524,113.76,1,1
83437.0,0.0199,-0.0142,50.2027,118.69,1,1
83447.0,0.0199,-0.0109,50.5753,120.36,1,1
83457.0,0.0199,-0.0295,50.8836,111.11,1,1
83467.0,0.0199,0.0055,51.1386,128.58,1,1
83477.0,0.0199,-0.0033,52.48,124.29,1,1
83487.0,0.0199,-0.0033,53.5898,124.36,1,1
83497.0,0.0199,0.0098,53.3773,130.9,1,1
83508.0,0.0199,-0.0011,53.2016,125.44,1,1
83516.0,0.0199,0.0142,53.0562,133.08,1,1
83527.0,0.0199,-0.0033,52.9359,124.35,1,1
83537.0,0.0209,-0.0131,52.8364,123.8,1,1
83547.0,0.0209,0.0011,53.8846,130.96,1,1
83558.0,0.0209,-0.0087,54.7518,126.1,1,1
83566.0,0.0209,-0.0142,54.3386,123.36,1,1
83578.0,0.0209,-0.0044,55.1273,128.32,1,1
83588.0,0.0209,0.0,55.7798,130.54,1,1
83598.0,0.0209,-0.0044,55.1891,128.33,1,1
83608.0,0.0209,0.0033,55.8309,134.29,1,1
83617.0,0.0209,-0.0175,56.3619,121.59,1,1
83628.0,0.0209,-0.0055,56.8011,127.67,1,1
83638.0,0.0209,0.0022,57.1645,131.56,1,1
83648.0,0.0209,-0.0131,56.3346,123.92,1,1
83658.0,0.0209,-0.012,56.7786,124.53,1,1
83667.0,0.0209,-0.0033,57.1458,128.94,1,1
83678.0,0.0209,-0.0218,57.4497,119.71,1,1
83688.0,0.0209,-0.0098,57.701,125.74,1,1
83698.0,0.0209,-0.0055,57.909,127.95,1,1
83708.0,0.0209,-0.0022,59.2115,129.68,1,1
83717.0,0.0209,0.0175,60.289,139.57,1,1
83728.0,0.0209,-0.0033,60.0499,129.2,1,1
83738.0,0.0209,0.0,59.8522,130.84,1,1
83748.0,0.0209,0.0011,59.6885,131.39,1,1
83758.0,0.0209,-0.0185,59.5532,121.57,1,1
83767.0,0.0209,-0.0098,60.5717,126.0,1,1
83778.0,0.0209,-0.0022,61.4143,129.87,1,1
83788.0,0.0209,-0.0229,60.9808,119.49,1,1
83798.0,0.0209,-0.0065,60.6223,127.66,1,1
83808.0,0.0209,0.0022,61.4561,132.08,1,1
83818.0,0.0209,-0.0055,62.1459,128.31,1,1
83828.0,0.0209,0.0055,62.7166,133.8,1,1
83838.0,0.0209,-0.0011,63.1887,130.56,1,1
83848.0,0.0209,-0.0153,63.5793,123.5,1,1
83858.0,0.0209,-0.0033,63.9024,130.57,1,1
83868.0,0.0209,-0.0305,63.0392,115.71,1,1
83878.0,0.0209,-0.012,63.4556,125.04,1,1
83888.0,0.0209,-0.0076,64.9305,127.33,1,1
83898.0,0.0209,-0.0109,65.0202,125.73,1,1
83909.0,0.0209,0.0,65.0944,131.2,1,1
83918.0,0.0209,0.012,65.1558,137.23,1,1
83928.0,0.0209,0.0055,65.2066,133.97,1,1
83938.0,0.0209,0.0011,65.2486,131.81,1,1
83948.0,0.0209,0.0011,65.2834,134.96,1,1
83959.0,0.0209,-0.0164,65.3121,122.69,1,1
83968.0,0.0209,-0.0218,66.4664,120.12,1,1
83979.0,0.0209,-0.0033,67.4213,130.57,1,1
83989.0,0.0209,-0.0142,67.0808,123.97,1,1
83999.0,0.0209,-0.0033,67.9296,129.56,1,1
84009.0,0.0209,0.0087,68.6318,135.66,1,1
84018.0,0.0209,-0.0109,68.0822,125.86,1,1
84029.0,0.0209,-0.0011,68.758,130.86,1,1
84039.0,0.0209,0.0033,69.3171,134.15,1,1
84049.0,0.0209,-0.0153,68.6491,123.69,1,1
84059.0,0.0209,-0.0065,68.0965,128.07,1,1
84068.0,0.0209,-0.0142,68.7699,124.34,1,1
84079.0,0.0209,-0.0098,69.3269,129.73,1,1
84089.0,0.0209,0.012,69.7877,137.13,1,1
84099.0,0.0209,0.0033,71.2995,132.97,1,1
84109.0,0.0209,0.0076,71.4196,135.25,1,1
84119.0,0.0209,0.012,70.3884,137.44,1,1
84129.0,0.0209,-0.0055,70.6659,128.79,1,1
84139.0,0.0209,-0.0087,70.8955,127.21,1,1
84149.0,0.0209,-0.0087,71.0854,127.26,1,1
84159.0,0.0209,-0.0153,72.3729,124.1,1,1
84169.0,0.0209,0.0044,72.3076,133.94,1,1
84179.0,0.0209,-0.0044,72.2536,129.6,1,1
84189.0,0.0209,-0.0044,73.3394,129.68,1,1
84199.0,0.0209,-0.0076,74.2377,129.17,1,1
84209.0,0.0209,-0.0033,74.9808,130.22,1,1
84219.0,0.0209,-0.0153,74.465,124.23,1,1
84229.0,0.0209,-0.0109,74.0384,126.42,1,1
84239.0,0.0209,-0.012,73.6854,126.93,1,1
84249.0,0.0209,-0.0153,73.3934,124.12,1,1
84260.0,0.0209,0.0098,75.4128,136.83,1,1
84267.0,0.0209,0.0022,77.0834,133.15,1,1
84277.0,0.0209,0.0229,76.2045,143.5,1,1
84289.0,0.0209,0.0098,75.4774,136.93,1,1
84299.0,0.0209,-0.0065,76.0063,128.81,1,1
84310.0,0.0209,-0.0131,76.4439,125.58,1,1
84319.0,0.0209,-0.0153,76.806,124.53,1,1
84330.0,0.0209,-0.0153,77.1054,124.56,1,1
84340.0,0.0209,0.0076,77.3532,136.05,1,1
84350.0,0.0209,-0.0044,77.5582,130.07,1,1
84360.0,0.0209,-0.0011,77.7277,131.73,1,1
84368.0,0.0209,0.012,77.868,138.29,1,1
84378.0,0.0209,0.024,77.984,144.31,1,1
84390.0,0.0209,-0.0251,79.2105,119.85,1,1
84400.0,0.0209,-0.0065,80.2252,129.19,1,1
84410.0,0.0209,-0.0076,79.9341,128.63,1,1
84419.0,0.0209,-0.0033,79.6933,130.81,1,1
84430.0,0.0209,0.0055,80.6245,135.24,1,1
84440.0,0.0209,0.0044,81.3949,134.75,1,1
84450.0,0.022,-0.0022,80.9018,135.81,1,1
84460.0,0.022,0.0055,80.4938,139.61,1,1
84468.0,0.022,-0.0131,81.2868,130.4,1,1
84478.0,0.022,-0.0044,81.9428,134.81,1,1
84490.0,0.022,0.0055,82.4855,139.76,1,1
84500.0,0.022,-0.0044,82.9345,134.88,1,1
84510.0,0.022,0.0065,83.3059,140.37,1,1
84520.0,0.022,0.0164,83.6132,145.3,1,1
84530.0,0.022,-0.0044,82.7369,134.89,1,1
84540.0,0.022,-0.0098,83.1424,132.2,1,1
84550.0,0.022,-0.012,83.4779,131.13,1,1
84560.0,0.022,-0.0164,83.7555,128.97,1,1
84570.0,0.022,-0.0076,85.1156,133.43,1,1
84580.0,0.022,0.0109,85.1103,142.71,1,1
84590.0,0.022,-0.012,85.1059,131.26,1,1
84600.0,0.022,-0.0055,85.1022,134.54,1,1
84611.0,0.022,-0.0065,85.0992,134.0,1,1
84620.0,0.022,-0.0185,86.2272,128.08,1,1
84630.0,0.022,-0.0164,86.0299,129.16,1,1
84640.0,0.022,-0.0033,85.8667,138.85,1,1
84650.0,0.022,-0.0098,86.8621,133.13,1,1
84661.0,0.022,0.0033,87.6856,138.63,1,1
84671.0,0.022,-0.0098,88.3669,132.23,1,1
84681.0,0.0209,-0.0196,87.8,123.01,1,1
84691.0,0.0209,-0.0131,87.331,126.32,1,1
84701.0,0.0209,-0.0207,88.0735,122.6,1,1
84711.0,0.0209,-0.024,88.6878,128.38,1,1
84720.0,0.0209,0.0022,89.196,133.24,1,1
84731.0,0.0209,-0.0022,89.6164,131.31,1,1
84741.0,0.0209,0.0044,89.9641,134.79,1,1
84751.0,0.0209,-0.0022,90.2518,131.68,1,1
84761.0,0.0209,-0.0284,90.4899,118.72,1,1
84771.0,0.0209,-0.0109,90.6868,127.56,1,1
84781.0,0.0209,-0.0142,90.8497,129.16,1,1
84791.0,0.0209,-0.0065,90.9844,129.49,1,1
84801.0,0.0209,0.0044,91.0959,135.08,1,1
84811.0,0.0209,0.0185,91.1881,142.29,1,1
84821.0,0.0209,-0.0185,91.2644,123.84,1,1
84831.0,0.0209,-0.0109,91.3275,128.78,1,1
84841.0,0.0209,-0.0065,92.5102,129.92,1,1
84851.0,0.0209,-0.0131,93.4886,129.93,1,1
84861.0,0.0209,0.012,93.1676,138.95,1,1
84871.0,0.0209,0.0055,94.0325,135.87,1,1
84881.0,0.0209,-0.0033,94.748,131.67,1,1
84891.0,0.0209,0.0065,94.2094,136.63,1,1
84901.0,0.0209,0.0011,93.7638,133.94,1,1
84911.0,0.0209,-0.0164,94.5257,125.33,1,1
84921.0,0.0209,-0.0022,95.156,135.65,1,1
84931.0,0.0209,0.0109,95.6774,138.71,1,1
84941.0,0.0209,-0.0109,96.1088,127.95,1,1
84951.0,0.0209,0.0175,95.3351,142.17,1,1
84961.0,0.0209,-0.0207,94.6951,123.12,1,1
84971.0,0.0209,-0.0207,95.2962,123.22,1,1
84981.0,0.0209,0.0033,96.9239,138.52,1,1
84991.0,0.0209,0.0011,97.1399,133.93,1,1
85001.0,0.0209,0.0033,97.3187,135.15,1,1
85012.0,0.0209,0.0076,97.4666,137.44,1,1
85020.0,0.0209,-0.0087,97.5889,129.34,1,1
85031.0,0.0209,-0.0207,97.6901,123.41,1,1
85042.0,0.0209,0.0055,97.7738,137.61,1,1
85052.0,0.0209,-0.0175,98.9735,125.09,1,1
85062.0,0.0209,0.0109,98.8356,140.38,1,1
85072.0,0.0209,0.0055,98.7214,136.51,1,1
85082.0,0.0209,-0.0153,98.627,126.21,1,1
85092.0,0.0209,-0.0142,98.5489,126.81,1,1
85102.0,0.0209,0.0044,99.6148,136.2,1,1
85112.0,0.0209,-0.0153,100.4965,126.48,1,1
85120.0,0.0209,0.0044,101.226,136.38,1,1
85130.0,0.0209,0.0109,100.699,139.65,1,1
85142.0,0.0209,-0.0087,100.263,129.82,1,1
85152.0,0.0209,-0.012,101.0328,128.26,1,1
85162.0,0.0209,-0.0055,101.6696,131.59,1,1
85171.0,0.0209,-0.0164,102.1965,128.28,1,1
85181.0,0.0209,0.0076,102.6323,137.95,1,1
85192.0,0.0209,0.0164,102.9929,142.41,1,1
85202.0,0.0209,-0.0262,102.1607,121.13,1,1
85212.0,0.0209,-0.0033,101.4722,132.59,1,1
85222.0,0.0209,-0.0065,103.1636,131.11,1,1
85232.0,0.0209,-0.0131,104.5629,131.11,1,1
85242.0,0.0209,-0.0022,104.59,134.08,1,1
85252.0,0.0209,0.012,104.6124,140.09,1,1
85262.0,0.0209,-0.0044,104.631,132.02,1,1
85271.0,0.0209,-0.0065,104.6463,131.02,1,1
85281.0,0.0209,-0.0098,104.659,129.46,1,1
85292.0,0.0209,-0.0098,105.8,134.84,1,1
85302.0,0.0209,-0.0098,106.7439,129.03,1,1
85313.0,0.0209,0.0131,106.3943,140.64,1,1
85321.0,0.0209,-0.0022,106.105,133.13,1,1
85332.0,0.0209,-0.0055,105.8658,131.59,1,1
85342.0,0.0209,0.0044,105.6678,136.58,1,1
85353.0,0.0209,-0.0142,106.6346,130.6,1,1
85363.0,0.0209,0.0044,107.4343,136.43,1,1
85372.0,0.0209,0.0,106.9654,134.35,1,1
85383.0,0.0209,-0.0164,107.708,126.33,1,1
85393.0,0.0209,0.0273,108.3224,148.28,1,1
85403.0,0.0209,0.0033,107.7001,136.31,1,1
85413.0,0.0209,0.0033,108.3158,136.42,1,1
85422.0,0.0209,0.0033,108.8252,136.5,1,1
85432.0,0.0209,0.0175,109.2466,143.66,1,1
85443.0,0.0209,-0.0131,109.5952,128.45,1,1
85453.0,0.0209,0.0022,108.753,139.19,1,1
85463.0,0.0209,-0.0229,109.1869,125.24,1,1
85472.0,0.0209,-0.0229,110.6763,125.17,1,1
85483.0,0.0209,0.0109,110.7779,141.95,1,1
85493.0,0.0209,-0.0229,110.862,122.84,1,1
85503.0,0.0209,-0.012,110.9316,128.5,1,1
85513.0,0.0209,-0.0087,110.9891,131.34,1,1
85522.0,0.0209,-0.0087,112.1672,130.36,1,1
85532.0,0.0209,-0.0142,112.0114,129.85,1,1
85543.0,0.0209,0.0098,111.8824,139.57,1,1
85553.0,0.0209,-0.0175,111.7757,126.07,1,1
85563.0,0.0209,0.0109,111.6874,140.36,1,1
85573.0,0.0209,0.0044,112.7449,137.25,1,1
85583.0,0.0209,-0.0044,113.6198,134.08,1,1
85593.0,0.0209,0.0207,114.3435,145.55,1,1
85603.0,0.0209,-0.0098,113.8117,130.32,1,1
85613.0,0.0209,-0.0109,113.3718,129.8,1,1
85623.0,0.0209,0.012,114.1383,141.37,1,1
85633.0,0.0209,-0.0185,114.7725,126.19,1,1
85643.0,0.0209,0.0011,115.2971,136.08,1,1
85653.0,0.0209,0.0185,115.7311,144.87,1,1
85664.0,0.0209,-0.024,116.0901,123.65,1,1
85672.0,0.0209,-0.024,115.2567,123.61,1,1
85683.0,0.0209,-0.0076,115.6976,131.84,1,1
85694.0,0.0209,-0.0076,117.193,131.97,1,1
85703.0,0.0209,0.0098,117.2995,145.96,1,1
85714.0,0.0209,0.0109,116.2571,140.5,1,1
85723.0,0.0209,0.0109,116.5253,140.67,1,1
85733.0,0.0209,-0.0185,117.8777,129.31,1,1
85744.0,0.0209,-0.0076,117.8659,133.4,1,1
85754.0,0.0209,-0.0022,117.8562,133.92,1,1
85764.0,0.0209,0.0098,117.8482,140.1,1,1
85773.0,0.0209,0.0098,117.8415,140.25,1,1
85784.0,0.0209,-0.0044,117.8361,133.29,1,1
85794.0,0.0209,0.0033,118.962,142.53,1,1
85804.0,0.0209,-0.0044,119.8935,132.93,1,1
85814.0,0.0209,0.0164,119.5336,143.47,1,1
85823.0,0.0209,0.0164,119.2358,143.61,1,1
85833.0,0.0209,0.0044,120.12,137.81,1,1
85844.0,0.0209,-0.0098,120.8514,130.89,1,1
85854.0,0.0209,-0.0022,120.3261,137.89,1,1
85864.0,0.0209,-0.0055,121.0219,132.82,1,1
85873.0,0.0209,-0.0055,121.5976,133.01,1,1
85884.0,0.0209,-0.0087,122.0738,131.53,1,1
85894.0,0.0209,-0.0011,122.4678,137.56,1,1
85904.0,0.0209,0.0022,121.6632,136.84,1,1
85914.0,0.0209,0.0033,122.1281,137.54,1,1
85923.0,0.0209,0.0033,122.5127,137.66,1,1
85934.0,0.0209,0.0044,122.8309,138.31,1,1
85944.0,0.0209,0.0055,123.0941,138.94,1,1
85954.0,0.0209,-0.0229,123.3118,131.11,1,1
85965.0,0.0209,-0.0044,123.492,133.32,1,1
85974.0,0.0209,-0.0044,123.641,133.54,1,1
85984.0,0.0209,-0.0055,123.7643,133.16,1,1
85994.0,0.0209,0.0065,123.8663,140.35,1,1
86005.0,0.0209,-0.0109,125.0811,135.88,1,1
86015.0,0.0209,-0.0207,124.9557,125.14,1,1
86024.0,0.0209,-0.0207,124.8519,125.37,1,1
86034.0,0.0209,0.0044,125.8965,138.18,1,1
86045.0,0.0209,0.0076,126.7607,140.04,1,1
86055.0,0.0209,-0.0142,126.3451,129.22,1,1
86065.0,0.0209,-0.0065,126.0013,133.11,1,1
86074.0,0.0209,0.0,126.8474,136.53,1,1
86085.0,0.0209,-0.0065,127.5473,133.38,1,1
86095.0,0.0209,0.0109,128.1264,142.2,1,1
86105.0,0.0209,-0.0142,127.4749,139.08,1,1
86115.0,0.0209,-0.0087,126.936,131.12,1,1
86124.0,0.0209,-0.0087,127.6206,131.45,1,1
86135.0,0.0209,0.0065,128.187,139.36,1,1
86145.0,0.0209,0.0273,128.6556,149.95,1,1
86155.0,0.0209,-0.0109,129.0432,139.42,1,1
86165.0,0.0209,-0.0164,129.3638,127.34,1,1
86174.0,0.0209,-0.0164,128.4986,138.07,1,1
86185.0,0.0209,0.0305,128.9134,149.94,1,1
86195.0,0.0209,0.0142,130.387,142.37,1,1
86205.0,0.0209,-0.0087,130.4755,131.31,1,1
86215.0,0.0209,-0.0076,130.5488,132.18,1,1
86225.0,0.0209,-0.0076,130.6094,140.81,1,1
86235.0,0.0209,0.036,130.6595,153.34,1,1
86245.0,0.0209,0.0109,131.8315,146.52,1,1
86255.0,0.0209,-0.0295,132.8011,120.8,1,1
86265.0,0.0209,-0.0185,132.4727,126.61,1,1
86275.0,0.0209,0.0044,132.201,146.74,1,1
86285.0,0.0209,0.0458,131.9762,158.2,1,1
86295.0,0.0209,0.0,132.9208,138.94,1,1
86306.0,0.0209,-0.0382,132.5717,117.65,1,1
86316.0,0.0209,-0.0535,132.2829,109.16,1,1
86325.0,0.0209,0.0153,133.1745,146.01,1,1
86335.0,0.0209,0.0425,133.9121,157.59,1,1
86346.0,0.0209,-0.0229,134.5222,135.65,1,1
86356.0,0.0209,-0.0327,133.8965,119.03,1,1
86366.0,0.0209,-0.024,134.5094,127.04,1,1
86375.0,0.0209,0.0153,135.0164,145.61,1,1
86386.0,0.0209,0.0415,135.4358,156.73,1,1
86396.0,0.0209,-0.0415,135.7828,115.67,1,1
86406.0,0.0209,-0.0436,134.9394,114.79,1,1
86416.0,0.0209,-0.0251,135.3721,130.61,1,1
86426.0,0.0209,0.0654,136.8606,169.07,1,1
86436.0,0.0209,0.0545,136.9615,173.37,1,1
86446.0,0.0209,-0.0578,137.045,106.78,1,1
86456.0,0.0209,-0.0458,137.114,113.24,1,1
86466.0,0.0209,-0.0175,137.1711,141.41,1,1
86476.0,0.0209,0.0785,138.3489,174.37,1,1
86486.0,0.0209,0.0251,138.1927,158.71,1,1
86496.0,0.0209,-0.0633,138.0635,103.13,1,1
86506.0,0.0209,-0.0589,137.9566,123.78,1,1
86516.0,0.0209,0.0055,137.8682,136.31,1,1
86526.0,0.0209,0.1025,138.9256,187.94,1,1
86536.0,0.0209,-0.0295,139.8003,126.66,1,1
86546.0,0.0209,-0.0774,139.3934,96.14,1,1
86556.0,0.0199,-0.0513,139.0568,108.66,1,1
86566.0,0.0199,0.0316,139.9088,150.31,1,1
86576.0,0.0209,0.0709,140.6137,174.47,1,1
86586.0,0.0199,-0.0654,140.0663,117.68,1,1
86596.0,0.0199,-0.0611,140.744,99.04,1,1
86606.0,0.0199,-0.0327,142.4351,114.26,1,1
86617.0,0.0199,0.0785,142.7036,173.78,1,1
86626.0,0.0199,-0.0109,141.7953,125.98,1,1
86637.0,0.0199,-0.0687,141.0438,121.65,1,1
86647.0,0.0188,-0.0665,141.5526,102.04,1,1
86657.0,0.0188,0.0284,141.9736,144.94,1,1
86667.0,0.0199,0.0589,142.3218,158.56,1,1
86677.0,0.0188,-0.0578,142.6099,96.89,1,1
86687.0,0.0188,-0.0676,142.8482,98.06,1,1
86697.0,0.0177,-0.0251,144.1759,115.05,1,1
86707.0,0.0188,0.0709,144.1437,173.66,1,1
86717.0,0.0188,-0.0262,142.9866,112.64,1,1
86727.0,0.0188,-0.0382,143.1599,115.89,1,1
86737.0,0.0177,-0.06,144.4337,91.91,1,1
86747.0,0.0177,0.0524,145.4875,153.14,1,1
86757.0,0.0188,0.0284,145.2288,151.83,1,1
86767.0,0.0177,-0.048,145.0148,98.0,1,1
86777.0,0.0177,-0.0469,144.8377,119.21,1,1
86787.0,0.0177,-0.0044,145.8217,118.63,1,1
86797.0,0.0177,0.0698,146.6358,171.48,1,1
86807.0,0.0177,-0.0382,146.1787,138.29,1,1
86817.0,0.0177,-0.0284,146.9311,112.2,1,1
86827.0,0.0177,-0.0425,147.5535,96.3,1,1
86837.0,0.0177,0.084,146.938,161.22,1,1
86847.0,0.0177,-0.0327,146.4287,104.18,1,1
86857.0,0.0177,-0.0185,147.1379,112.43,1,1
86867.0,0.0166,-0.0578,147.7247,105.07,1,1
86877.0,0.0177,0.0535,148.21,163.71,1,1
86887.0,0.0177,-0.0011,148.6115,119.66,1,1
86897.0,0.0177,-0.0262,147.8132,129.19,1,1
86908.0,0.0166,-0.0589,148.2833,105.63,1,1
86918.0,0.0166,0.0196,148.6722,133.14,1,1
86928.0,0.0177,0.0535,147.8634,145.25,1,1
86938.0,0.0166,-0.0196,148.3248,123.72,1,1
86948.0,0.0166,-0.0371,149.837,96.18,1,1
86958.0,0.0166,-0.024,149.9575,104.19,1,1
86968.0,0.0155,0.0774,148.9267,163.14,1,1
86978.0,0.0155,-0.0502,149.2044,87.23,1,1
86988.0,0.0155,-0.0207,150.5647,133.5,1,1
86998.0,0.0144,-0.0458,150.5595,83.02,1,1
87008.0,0.0155,0.0742,150.5552,177.14,1,1
87018.0,0.0144,-0.0393,150.5517,85.2,1,1
87028.0,0.0144,-0.0207,150.5487,113.98,1,1
87038.0,0.0144,-0.0633,151.6768,74.0,1,1
87048.0,0.0155,0.0916,151.4795,180.4,1,1
87058.0,0.0144,-0.0175,151.3163,96.63,1,1
87068.0,0.0144,-0.0338,151.1813,94.24,1,1
87078.0,0.0133,-0.0622,151.0696,72.24,1,1
87088.0,0.0144,0.0567,152.1077,137.3,1,1
87098.0,0.0144,0.0153,151.836,117.47,1,1
87108.0,0.0155,-0.0393,151.6112,95.28,1,1
87119.0,0.0144,-0.0393,152.5558,113.58,1,1
87129.0,0.0155,0.048,153.3372,137.2,1,1
87139.0,0.0155,0.048,152.8531,138.12,1,1
87149.0,0.0155,-0.0404,152.4526,94.68,1,1
87159.0,0.0155,0.0044,153.2518,146.01,1,1
87169.0,0.0155,0.0676,153.913,146.16,1,1
87179.0,0.0155,-0.0545,154.46,86.28,1,1
87189.0,0.0155,-0.0545,154.9125,87.24,1,1
87199.0,0.0144,-0.0262,155.2868,119.82,1,1
87209.0,0.0155,0.0774,154.466,151.59,1,1
87219.0,0.0155,-0.0469,153.7869,90.41,1,1
87229.0,0.0144,-0.0142,154.3557,104.36,1,1
87239.0,0.0199,-0.024,154.8262,130.23,1,1
87249.0,0.0199,0.0949,155.2154,179.61,1,1
87259.0,0.0199,-0.0513,155.5374,107.27,1,1
87269.0,0.0199,-0.0022,155.8038,132.41,1,1
87279.0,0.0231,-0.0371,156.0242,134.81,1,1
87289.0,0.0231,0.0774,156.2065,192.67,1,1
87299.0,0.0231,-0.0458,156.3573,123.21,1,1
87309.0,0.0231,-0.0175,156.4821,137.97,1,1
87319.0,0.022,-0.0578,156.5853,115.99,1,1
87329.0,0.0231,0.06,156.6707,177.26,1,1
87340.0,0.022,-0.0458,156.7413,120.34,1,1
87350.0,0.022,-0.0404,156.7997,123.36,1,1
87360.0,0.0209,-0.0622,157.9786,108.42,1,1
87370.0,0.0209,0.0567,158.9538,168.15,1,1
87380.0,0.0199,-0.0676,158.6301,101.72,1,1
87390.0,0.0209,-0.0284,158.3623,125.82,1,1
87400.0,0.0231,-0.0578,158.1407,119.89,1,1
87410.0,0.0231,0.0458,157.9575,171.77,1,1
87420.0,0.0209,-0.0731,157.8058,103.64,1,1
87430.0,0.022,-0.0327,158.8109,128.33,1,1
87440.0,0.0242,-0.0676,159.6423,121.82,1,1
87450.0,0.0242,0.0436,160.3302,175.18,1,1
87460.0,0.022,-0.0796,160.8992,104.97,1,1
87470.0,0.022,-0.0404,160.2395,124.61,1,1
87480.0,0.0209,-0.0633,160.8242,125.66,1,1
87491.0,0.022,0.0349,161.3079,160.22,1,1
87501.0,0.0209,-0.0884,160.5776,94.63,1,1
87510.0,0.0209,-0.0425,161.1039,117.98,1,1
87520.0,0.0209,-0.0633,161.5393,120.54,1,1
87530.0,0.0166,0.0284,160.769,134.84,1,1
87540.0,0.0155,-0.0982,161.2622,67.79,1,1
87550.0,0.0155,-0.0404,162.8008,97.28,1,1
87561.0,0.0144,-0.0709,162.9431,88.47,1,1
87571.0,0.01,0.0011,161.9303,95.32,1,1
87581.0,0.0089,-0.0982,162.2229,-82.23,1,1
87591.0,0.0089,-0.0633,163.5956,61.78,1,1
87601.0,0.0089,-0.0207,163.6006,91.37,1,1
87611.0,0.0046,-0.0011,162.4742,74.06,1,1
87621.0,0.0035,-0.0687,162.6729,-80.76,1,1
87631.0,0.0035,-0.0622,163.9678,-69.18,1,1
87641.0,0.0035,0.0142,163.9085,89.16,1,1
87651.0,-0.0009,0.0164,162.729,60.75,1,1
87662.0,-0.0009,-0.048,161.7532,-84.8,1,1
87671.0,-0.002,-0.0338,162.0764,-77.18,1,1
87681.0,-0.0009,0.0524,163.4743,94.48,1,1
87692.0,-0.0009,-0.0164,163.5003,-86.05,1,1
87702.0,-0.0009,0.0164,162.3913,62.84,1,1
87712.0,-0.0009,-0.0349,162.6043,-72.46,1,1
87721.0,-0.0009,0.0698,162.7805,95.53,1,1
87731.0,-0.0009,0.0229,161.7958,64.73,1,1
87741.0,0.0002,0.0153,162.1117,65.37,1,1
87752.0,0.0002,0.0033,162.373,59.45,1,1
87763.0,0.0013,0.1287,161.4587,127.54,1,1
87771.0,0.0013,-0.0131,160.7023,55.4,1,1
87782.0,0.0013,0.0458,161.2071,84.96,1,1
87793.0,0.0013,0.0185,162.7552,89.33,1,1
87803.0,0.0024,0.1156,162.9053,122.11,1,1
87813.0,0.0024,-0.0087,161.8991,60.33,1,1
87822.0,0.0035,0.0513,162.1971,99.31,1,1
87832.0,0.0035,0.0087,162.4437,95.63,1,1
87842.0,0.0013,0.1244,161.5172,120.07,1,1
87852.0,-0.0009,0.0,161.8812,-59.25,1,1
87862.0,0.0002,0.0349,162.1823,77.87,1,1
87872.0,0.0002,0.0251,162.4314,88.56,1,1
87882.0,-0.0009,0.1331,162.6375,115.07,1,1
87892.0,-0.0031,0.0011,161.6775,-78.49,1,1
87903.0,-0.0009,0.0447,162.0138,83.51,1,1
87913.0,-0.0009,0.048,162.2921,89.53,1,1
87922.0,-0.002,0.1287,161.3917,109.38,1,1
87932.0,-0.002,0.012,161.7774,51.89,1,1
87944.0,-0.002,0.0654,163.227,90.95,1,1
87954.0,-0.0009,0.1036,163.2957,119.69,1,1
87963.0,0.0002,0.1178,162.222,111.6,1,1
87972.0,0.0013,0.0229,161.3338,69.48,1,1
87982.0,0.0046,0.06,161.7294,114.57,1,1
87992.0,0.0057,0.1233,163.1873,144.48,1,1
88003.0,0.0035,0.0949,163.2628,114.15,1,1
88013.0,0.0046,0.0513,162.1948,97.49,1,1
88023.0,0.0079,0.0589,162.4418,131.9,1,1
88033.0,0.0089,0.1429,162.6461,163.01,1,1
88043.0,0.0079,0.0742,162.8151,125.84,1,1
88054.0,0.0079,0.0633,164.0854,116.57,1,1
88064.0,0.0111,0.0502,164.0058,153.19,1,1
88073.0,0.0122,0.144,163.94,171.83,1,1
88083.0,0.01,0.0687,163.8855,126.74,1,1
88093.0,0.0111,0.0556,163.8404,125.57,1,1
88104.0,0.0144,0.0513,164.9337,164.63,1,1
88115.0,0.0155,0.156,164.7076,191.12,1,1
88123.0,0.0155,0.0273,164.5205,130.09,1,1
88133.0,0.0155,0.0589,165.4962,144.63,1,1
88145.0,0.0166,0.072,165.173,184.64,1,1
88154.0,0.0177,0.1473,164.9055,195.25,1,1
88165.0,0.0188,0.0295,165.8148,152.58,1,1
88173.0,0.022,0.0665,166.567,173.47,1,1
88183.0,0.022,0.0818,167.1893,201.13,1,1
88195.0,0.0231,0.1254,166.5735,206.78,1,1
88204.0,0.0231,0.0065,166.0642,162.12,1,1
88215.0,0.0264,0.0633,167.9038,200.82,1,1
88223.0,0.0264,0.0927,168.2952,203.68,1,1
88233.0,0.0275,0.0644,167.4884,197.1,1,1
88245.0,0.0275,0.0284,169.0821,177.88,1,1
88256.0,0.0286,0.0262,170.4004,214.59,1,1
88266.0,0.0297,0.0982,170.3605,218.83,1,1
88274.0,0.0297,0.0109,170.3276,189.17,1,1
88284.0,0.0297,-0.012,171.4308,164.72,1,1
88296.0,0.0297,0.0055,172.3434,207.25,1,1
88305.0,0.0308,0.0764,171.968,212.27,1,1
88317.0,0.0319,-0.0491,172.7878,160.76,1,1
88324.0,0.0319,0.0011,173.4661,203.2,1,1
88334.0,0.0319,0.0207,174.0272,188.22,1,1
88346.0,0.0319,0.0207,175.6219,190.01,1,1
88356.0,0.0319,-0.0524,176.9411,154.91,1,1
88366.0,0.0308,-0.0196,176.902,209.83,1,1
88374.0,0.0319,0.0491,175.7391,201.79,1,1
88384.0,0.0308,-0.048,175.9076,150.69,1,1
88397.0,0.0308,-0.0393,177.1775,170.24,1,1
88406.0,0.0308,0.0011,178.2281,176.25,1,1
88417.0,0.0308,0.0262,179.0972,190.17,1,1
88424.0,0.0308,-0.084,179.8161,136.19,1,1
88434.0,0.0308,-0.0065,180.4109,198.84,1,1
88447.0,0.0308,0.0218,180.903,187.62,1,1
88457.0,0.0297,-0.0393,181.31,153.91,1,1
88467.0,0.0297,-0.036,181.6468,180.58,1,1
88474.0,0.0297,0.024,181.9254,184.05,1,1
88484.0,0.0297,0.0218,182.1558,184.22,1,1
88497.0,0.0297,-0.0851,182.3465,147.48,1,1
88507.0,0.0297,0.0044,182.5042,182.54,1,1
88517.0,0.0297,0.0436,182.6347,194.94,1,1
88524.0,0.0297,-0.048,182.7426,159.6,1,1
88534.0,0.0286,-0.036,183.9624,151.53,1,1
88547.0,0.0297,0.0338,184.9715,191.83,1,1
88557.0,0.0297,0.0491,184.6758,200.17,1,1
88567.0,0.0286,-0.0818,185.5617,131.05,1,1
88575.0,0.0286,-0.0055,186.2946,169.79,1,1
88585.0,0.0297,0.0982,185.7703,226.29,1,1
88598.0,0.0297,-0.0415,186.4672,167.33,1,1
88608.0,0.0297,-0.0327,187.0436,177.94,1,1
88617.0,0.0297,0.0654,186.39,207.26,1,1
88625.0,0.0308,0.0491,186.9798,229.5,1,1
88635.0,0.0286,-0.1353,188.5982,100.99,1,1
88648.0,0.0297,0.036,189.9371,192.36,1,1
88658.0,0.0308,0.1004,189.9142,243.49,1,1
88668.0,0.0286,-0.1462,189.8953,96.86,1,1
88675.0,0.0286,-0.0175,191.0101,193.75,1,1
88685.0,0.0297,0.1254,190.8019,234.73,1,1
88698.0,0.0297,-0.06,191.7601,143.6,1,1
88708.0,0.0275,-0.1593,192.5528,123.17,1,1
88718.0,0.0286,0.0829,192.0781,207.97,1,1
88725.0,0.0297,0.0556,193.9464,200.65,1,1
88735.0,0.0275,-0.2291,195.492,-65.95,1,1
88748.0,0.0275,-0.0098,194.5096,161.77,1,1
88758.0,0.0286,0.1189,194.8275,231.43,1,1
88768.0,0.0264,-0.168,196.2209,135.64,1,1
88775.0,0.0253,-0.1167,196.2431,94.59,1,1
88785.0,0.0264,0.1331,196.2615,228.93,1,1
88798.0,0.0264,-0.0491,196.2767,135.84,1,1
88808.0,0.0242,-0.2214,197.4198,-134.9,1,1
88818.0,0.0253,0.0785,198.3654,216.34,1,1
88825.0,0.0253,0.0567,198.0172,192.79,1,1
88835.0,0.0231,-0.2313,198.8597,-78.09,1,1
88849.0,0.0231,-0.0218,199.5566,174.8,1,1
88858.0,0.0242,0.1778,199.0027,244.29,1,1
88869.0,0.0231,-0.1494,199.6749,119.99,1,1
88876.0,0.022,-0.1331,200.231,75.74,1,1
88886.0,0.0231,0.1669,200.6911,231.71,1,1
88899.0,0.0231,-0.0098,201.0717,199.11,1,1
88909.0,0.022,-0.18,201.3865,48.99,1,1
88919.0,0.0231,0.0993,202.7775,195.41,1,1
88926.0,0.0231,0.0338,202.7977,228.37,1,1
88936.0,0.0209,-0.1833,201.684,-157.24,1,1
88949.0,0.0209,0.0218,201.8931,195.69,1,1
88959.0,0.022,0.0556,203.1965,232.98,1,1
88969.0,0.0209,-0.156,203.1444,55.18,1,1
88976.0,0.0209,-0.0164,203.1012,194.6,1,1
88986.0,0.0209,0.1047,204.196,181.4,1,1
88999.0,0.0209,-0.1276,205.1017,68.79,1,1
89009.0,0.0209,-0.0731,205.851,187.93,1,1
89019.0,0.0209,0.1353,205.3403,193.37,1,1
89026.0,0.0209,-0.0589,204.9178,143.31,1,1
89036.0,0.0209,-0.0698,205.6989,180.58,1,1
89049.0,0.0209,0.0567,206.345,166.88,1,1
89059.0,0.0209,-0.0196,206.8795,124.31,1,1
89069.0,0.0209,-0.0316,207.3217,203.33,1,1
89076.0,0.0209,0.0469,207.6875,175.73,1,1
89086.0,0.0209,0.0,207.9901,118.97,1,1
89099.0,0.0209,-0.0295,208.2404,109.85,1,1
89109.0,0.0209,0.0709,208.4476,215.82,1,1
89119.0,0.0209,-0.0502,208.6189,100.72,1,1
89126.0,0.0209,-0.0371,208.7606,111.51,1,1
89136.0,0.0209,0.0884,208.8779,221.61,1,1
89149.0,0.0209,-0.0262,208.9749,117.21,1,1
89159.0,0.0209,-0.0785,209.0551,115.33,1,1
89169.0,0.0209,0.1036,209.1215,196.87,1,1
89176.0,0.0209,-0.0022,210.3069,206.02,1,1
89187.0,0.0209,-0.1091,211.2876,157.05,1,1
89200.0,0.0209,0.0829,210.9684,174.52,1,1
89210.0,0.0209,0.0393,210.7043,176.25,1,1
89220.0,0.0209,-0.108,211.6163,170.05,1,1
89227.0,0.0209,0.0371,212.3708,185.81,1,1
89237.0,0.0209,0.0709,211.8645,150.81,1,1
89250.0,0.0209,-0.0774,212.5761,83.14,1,1
89260.0,0.0209,0.0175,213.1648,213.29,1,1
89270.0,0.0209,0.036,213.6519,138.91,1,1
89277.0,0.0209,-0.0415,214.0548,105.59,1,1
89287.0,0.0209,0.0349,214.3881,176.37,1,1
89300.0,0.0209,0.0131,214.6638,136.88,1,1
89310.0,0.0209,-0.0469,214.892,191.05,1,1
89320.0,0.0209,0.0567,215.0807,198.28,1,1
89327.0,0.0209,0.0109,215.2368,129.94,1,1
89337.0,0.0209,-0.0251,216.4964,177.53,1,1
89350.0,0.0209,0.0458,216.408,236.9,1,1
89360.0,0.0209,0.0153,216.3349,125.36,1,1
89370.0,0.0209,-0.0207,217.4048,134.52,1,1
89377.0,0.0209,0.0524,217.1595,221.27,1,1
89387.0,0.0209,0.0,216.9565,121.18,1,1
89400.0,0.0209,-0.0044,217.9191,211.44,1,1
89410.0,0.022,0.0774,217.5849,162.48,1,1
89420.0,0.022,-0.0142,218.439,122.56,1,1
89427.0,0.0209,-0.0447,219.1456,144.3,1,1
89437.0,0.022,0.0796,218.5995,255.0,1,1
89450.0,0.022,-0.0131,219.2784,143.58,1,1
89460.0,0.022,-0.0262,219.8399,140.53,1,1
89471.0,0.022,0.0578,220.3045,196.91,1,1
89477.0,0.022,-0.0153,221.8193,119.47,1,1
89487.0,0.022,-0.0589,221.942,209.71,1,1
89501.0,0.022,0.0545,222.0435,149.58,1,1
89511.0,0.022,0.0065,223.2579,131.95,1,1
89521.0,0.0209,-0.0807,223.1321,115.08,1,1
89528.0,0.022,0.0229,223.028,145.54,1,1
89538.0,0.0209,-0.0218,222.9419,187.6,1,1
89551.0,0.0209,-0.024,222.8707,191.42,1,1
89561.0,0.0209,0.0218,223.9422,133.24,1,1
89571.0,0.0209,-0.0022,224.8287,143.5,1,1
89578.0,0.0209,-0.036,224.4316,231.24,1,1
89588.0,0.0209,0.024,225.2335,129.94,1,1
89601.0,0.0209,-0.0371,225.897,180.14,1,1
89611.0,0.0209,0.0207,225.3153,129.74,1,1
89621.0,0.0209,0.0142,225.9646,132.58,1,1
89628.0,0.0209,-0.0687,226.5018,108.58,1,1
89638.0,0.0209,0.0393,226.9462,152.25,1,1
89651.0,0.0209,0.0131,227.3138,203.37,1,1
89661.0,0.0209,-0.0393,227.6179,180.25,1,1
89671.0,0.0209,0.0382,227.8695,144.49,1,1
89679.0,0.0209,0.0087,228.0776,157.72,1,1
89691.0,0.0209,-0.0044,228.2498,249.43,1,1
89701.0,0.0209,0.0447,228.3923,141.26,1,1
89711.0,0.022,0.0196,229.6406,215.91,1,1
89721.0,0.022,0.0065,229.5428,127.69,1,1
89728.0,0.022,0.0338,229.4619,147.33,1,1
89738.0,0.022,-0.0425,230.5255,132.96,1,1
89751.0,0.022,0.0458,231.4054,159.76,1,1
89761.0,0.022,0.0338,232.1333,223.42,1,1
89771.0,0.022,-0.0578,231.6049,207.21,1,1
89778.0,0.022,0.0567,232.2984,153.52,1,1
89788.0,0.022,-0.0011,232.872,162.06,1,1
89801.0,0.022,-0.0185,232.2161,186.28,1,1
89811.0,0.022,-0.0022,232.8039,126.8,1,1
89822.0,0.022,-0.0164,233.2902,184.9,1,1
89828.0,0.022,-0.0033,233.6926,128.2,1,1
89838.0,0.022,0.0316,234.0254,199.98,1,1
89851.0,0.022,-0.0393,234.3007,174.63,1,1
89861.0,0.022,0.0436,235.659,150.82,1,1
89872.0,0.022,0.0055,235.6522,186.24,1,1
89879.0,0.022,-0.0207,234.516,225.11,1,1
89889.0,0.0231,0.048,235.8371,151.24,1,1
89902.0,0.022,-0.0218,236.93,225.47,1,1
89912.0,0.022,0.0022,236.7036,121.61,1,1
89922.0,0.0231,0.0491,236.5164,175.27,1,1
89929.0,0.022,-0.0371,236.3615,163.37,1,1
89939.0,0.0231,0.0633,237.3638,164.91,1,1
89952.0,0.0231,0.0011,238.193,195.87,1,1
89962.0,0.0231,-0.0196,238.879,235.78,1,1
89972.0,0.0242,0.0753,239.4465,168.01,1,1
89979.0,0.0231,-0.0447,238.7854,215.16,1,1
89989.0,0.0231,0.0262,239.3691,137.54,1,1
90002.0,0.0242,0.06,239.8519,179.7,1,1
90012.0,0.0231,-0.0884,240.2514,159.63,1,1
90022.0,0.0242,0.0469,241.7123,159.68,1,1
90029.0,0.0242,0.0087,241.7904,215.51,1,1
90039.0,0.0231,-0.0415,241.855,213.96,1,1
90052.0,0.0242,0.0589,241.9084,237.48,1,1
90062.0,0.0231,-0.0305,241.9527,231.16,1,1
90072.0,0.0231,0.0098,243.1198,118.11,1,1
90079.0,0.0242,0.0262,242.9548,197.81,1,1
90089.0,0.0231,-0.0262,242.8183,109.63,1,1
90102.0,0.0231,0.0087,243.8358,134.91,1,1
90112.0,0.0231,-0.048,244.6776,204.97,1,1
90122.0,0.0231,-0.0022,245.3741,128.46,1,1
90129.0,0.0231,-0.0022,245.9502,226.04,1,1
90139.0,0.022,-0.0676,246.4268,189.32,1,1
90152.0,0.0231,0.0316,246.8211,138.34,1,1
90162.0,0.022,-0.0513,247.1472,184.19,1,1
90172.0,0.022,-0.0251,248.5476,108.83,1,1
90180.0,0.022,0.0349,248.5755,205.78,1,1
90190.0,0.022,-0.0742,248.5987,236.01,1,1
90202.0,0.022,0.0022,249.7483,119.69,1,1
90212.0,0.0209,-0.0196,249.5688,239.3,1,1
90223.0,0.0209,-0.0142,249.4204,99.72,1,1
90230.0,0.0209,0.0196,249.2976,125.94,1,1
90240.0,0.0209,-0.0774,250.3265,96.54,1,1
90252.0,0.0209,0.0218,251.1777,139.23,1,1
90263.0,0.0209,-0.024,250.7514,249.1,1,1
90273.0,0.0209,-0.0938,251.5292,174.13,1,1
90280.0,0.0209,0.072,252.1726,255.0,1,1
90290.0,0.0209,-0.0774,252.7049,219.94,1,1
90303.0,0.0209,0.0087,253.1453,101.42,1,1
90313.0,0.0209,-0.0393,253.5096,151.73,1,1
90323.0,0.0199,-0.0207,254.9415,94.79,1,1
90330.0,0.0199,-0.0251,254.9955,127.77,1,1
90340.0,0.0188,-0.0829,255.0402,255.0,1,1
90353.0,0.0188,-0.0262,256.2077,78.96,1,1
90363.0,0.0188,-0.0535,256.0431,255.0,1,1
90373.0,0.0177,-0.0774,255.9069,42.19,1,1
90380.0,0.0177,-0.0295,256.9247,78.47,1,1
90390.0,0.0166,-0.0982,257.7667,49.58,1,1
90403.0,0.0155,-0.0415,258.4632,81.45,1,1
90413.0,0.0155,-0.0698,259.0395,230.65,1,1
90423.0,0.0144,-0.108,259.5162,80.3,1,1
90430.0,0.0144,-0.0175,258.7801,233.23,1,1
90440.0,0.0133,-0.0665,259.3016,119.66,1,1
90453.0,0.0122,-0.0731,260.8635,32.35,1,1
90463.0,0.0122,-0.0873,261.0252,134.05,1,1
90473.0,0.0111,-0.036,261.1589,52.05,1,1
90481.0,0.0111,-0.0676,261.2695,155.44,1,1
90491.0,0.01,-0.0764,261.3611,181.34,1,1
90503.0,0.01,-0.0578,261.4368,27.38,1,1
90513.0,0.0089,-0.0774,261.4994,24.33,1,1
90524.0,0.0079,-0.0731,261.5512,-105.9,1,1
90531.0,0.0079,-0.0535,261.5941,102.46,1,1
90541.0,0.0068,-0.0436,261.6295,46.99,1,1
90553.0,0.0068,-0.0393,261.6589,116.96,1,1
90563.0,0.0068,-0.0251,261.6831,255.0,1,1
90574.0,0.0057,-0.0371,261.7032,22.14,1,1
90581.0,0.0057,-0.0338,261.7198,255.0,1,1
90591.0,0.0057,-0.0207,261.7336,18.84,1,1
90604.0,0.0057,0.0,261.7449,70.53,1,1
90614.0,0.0057,-0.0338,262.8848,255.0,1,1
90624.0,0.0046,-0.0327,263.8279,6.68,1,1
90631.0,0.0046,-0.0207,263.4775,255.0,1,1
90641.0,0.0046,-0.0153,264.3181,1.46,1,1
90654.0,0.0046,-0.0371,265.0136,6.96,1,1
90664.0,0.0035,-0.0916,264.4584,-255.0,1,1
90674.0,0.0024,-0.0458,263.9991,-80.75,1,1
90681.0,0.0024,-0.012,264.7496,255.0,1,1
90691.0,0.0024,-0.0676,265.3705,-124.99,1,1
90704.0,0.0013,-0.0764,264.7537,-126.63,1,1
90714.0,0.0013,0.0229,264.2434,66.59,1,1
90724.0,0.0024,0.06,264.9518,132.85,1,1
90731.0,0.0013,-0.1342,265.5378,-255.0,1,1
90741.0,0.0013,0.012,264.892,117.11,1,1
90754.0,0.0024,0.168,264.3578,255.0,1,1
90764.0,0.0035,0.0589,263.9159,95.12,1,1
90774.0,0.0024,-0.0785,263.5503,-111.61,1,1
90782.0,0.0046,0.2083,263.2479,181.45,1,1
90792.0,0.0057,0.1724,262.9977,225.9,1,1
90804.0,0.0057,-0.0524,262.7907,-84.7,1,1
90814.0,0.0057,0.0567,262.6194,110.37,1,1
90824.0,0.0089,0.2563,262.4778,255.0,1,1
90832.0,0.01,0.1909,262.3606,167.16,1,1
90842.0,0.01,-0.0447,262.2637,244.85,1,1
90854.0,0.0111,0.1113,262.1835,121.21,1,1
90864.0,0.0144,0.2476,262.1172,212.63,1,1
90874.0,0.0144,0.0633,263.1928,255.0,1,1
90882.0,0.0144,0.0218,264.0826,81.61,1,1
90892.0,0.0155,0.1276,263.6882,255.0,1,1
90904.0,0.0177,0.168,264.4925,155.5,1,1
90914.0,0.0177,0.0764,265.1578,124.1,1,1
90925.0,0.0188,-0.0109,265.7082,96.36,1,1
90932.0,0.0188,0.1113,266.1636,166.68,1,1
90942.0,0.0199,0.0524,266.5403,255.0,1,1
90954.0,0.0209,0.0524,266.8519,124.5,1,1
90965.0,0.0209,0.0916,267.1097,255.0,1,1
90975.0,0.0209,0.0545,268.4534,112.62,1,1
90982.0,0.0209,-0.0142,268.4346,92.55,1,1
90992.0,0.0209,0.0676,268.419,144.89,1,1
91005.0,0.0209,-0.0033,268.4061,118.59,1,1
91015.0,0.0209,0.0524,269.5259,255.0,1,1
91025.0,0.022,0.0011,270.4524,102.23,1,1
91032.0,0.022,0.0316,270.0883,255.0,1,1
91042.0,0.022,0.0382,270.9175,110.17,1,1
91055.0,0.022,-0.0207,271.6036,105.43,1,1
91065.0,0.022,0.048,272.1711,255.0,1,1
91075.0,0.0231,-0.0131,272.6406,140.83,1,1
91083.0,0.0231,0.072,273.0291,255.0,1,1
91093.0,0.0231,-0.0185,273.3504,87.74,1,1
91105.0,0.022,-0.0098,273.6162,195.93,1,1
91115.0,0.0231,-0.0164,273.8361,101.37,1,1
91125.0,0.0231,0.0273,274.0181,255.0,1,1
91133.0,0.0231,0.0524,275.2991,141.17,1,1
91143.0,0.0231,-0.0633,276.3588,255.0,1,1
91155.0,0.0231,0.0415,276.105,123.63,1,1
91165.0,0.0231,-0.0545,275.895,88.43,1,1
91175.0,0.0231,0.06,276.8518,255.0,1,1
91183.0,0.0231,-0.0535,277.6434,72.02,1,1
91193.0,0.022,-0.0109,278.2982,255.0,1,1
91205.0,0.022,0.0338,278.8399,96.83,1,1
91215.0,0.022,-0.06,279.288,66.67,1,1
91225.0,0.022,-0.0033,279.6588,108.42,1,1
91233.0,0.022,-0.0644,279.9655,109.54,1,1
91243.0,0.022,0.0578,281.3497,255.0,1,1
91255.0,0.022,-0.0709,281.3643,75.12,1,1
91265.0,0.0209,0.0273,281.3764,205.87,1,1
91276.0,0.0209,-0.06,281.3864,85.29,1,1
91283.0,0.0209,-0.0065,281.3947,255.0,1,1
91293.0,0.0209,-0.0349,282.532,88.78,1,1
91306.0,0.022,0.0087,283.4729,255.0,1,1
91316.0,0.0209,0.0622,283.1208,120.48,1,1
91326.0,0.0209,-0.12,282.8295,43.41,1,1
91333.0,0.0209,0.0524,283.7191,141.0,1,1
91344.0,0.0209,-0.06,284.4549,93.97,1,1
91356.0,0.0209,0.0044,285.0637,255.0,1,1
91366.0,0.0209,-0.048,285.5673,84.1,1,1
91376.0,0.0209,0.0567,285.9839,213.99,1,1
91384.0,0.0209,-0.036,286.3286,100.07,1,1
91394.0,0.0209,-0.0295,286.6137,255.0,1,1
91406.0,0.0209,-0.012,286.8496,99.19,1,1
91416.0,0.0209,0.0164,287.0447,255.0,1,1
91426.0,0.0209,0.0894,287.2062,132.61,1,1
91434.0,0.0209,-0.1276,287.3397,38.63,1,1
91444.0,0.0209,0.0491,287.4502,138.64,1,1
91456.0,0.0209,-0.0447,288.6721,163.06,1,1
91466.0,0.0199,0.0578,289.6829,217.75,1,1
91476.0,0.0209,-0.0829,289.3887,79.78,1,1
91484.0,0.0209,0.048,290.2757,153.36,1,1
91494.0,0.0199,-0.0502,289.8791,106.2,1,1
91506.0,0.0199,0.012,289.5509,255.0,1,1
91516.0,0.0199,-0.0153,290.4099,94.38,1,1
91526.0,0.0209,0.0164,291.1206,255.0,1,1
91534.0,0.0209,0.0753,291.7085,137.63,1,1
91544.0,0.0209,-0.0698,292.1949,156.03,1,1
91556.0,0.0199,0.0196,292.5973,153.95,1,1
91566.0,0.0209,-0.0349,292.9301,255.0,1,1
91577.0,0.0209,0.1178,293.2054,152.37,1,1
91584.0,0.0209,-0.1036,293.4332,55.37,1,1
91594.0,0.0209,0.084,293.6217,255.0,1,1
91606.0,0.0209,-0.0774,293.7776,113.0,1,1
91616.0,0.0209,0.0676,295.037,223.37,1,1
91627.0,0.0209,-0.0556,294.9485,69.26,1,1
91635.0,0.0209,0.036,294.8752,128.09,1,1
91645.0,0.0199,-0.0949,295.9451,68.91,1,1
91657.0,0.0209,0.0654,296.8302,255.0,1,1
91667.0,0.0199,0.0033,296.4319,95.54,1,1
91677.0,0.0199,-0.0567,296.1024,163.15,1,1
91687.0,0.0199,0.0131,296.9603,112.38,1,1
91697.0,0.0209,-0.0098,297.67,255.0,1,1
91707.0,0.0199,0.036,298.2572,119.23,1,1
91717.0,0.0209,-0.072,298.7429,255.0,1,1
91727.0,0.0199,0.1156,298.0143,146.12,1,1
91735.0,0.0199,-0.1058,298.5419,61.07,1,1
91745.0,0.0209,0.0622,300.109,255.0,1,1
91757.0,0.0209,-0.0698,300.2749,255.0,1,1
91767.0,0.0199,0.1374,300.4121,157.33,1,1
91777.0,0.0209,-0.1331,300.5256,40.53,1,1
91785.0,0.0209,0.0764,300.6195,156.54,1,1
91795.0,0.0188,-0.1582,301.8277,-112.87,1,1
91807.0,0.0199,0.1091,302.8272,192.55,1,1
91817.0,0.0199,-0.0742,302.5236,98.33,1,1
91827.0,0.0188,0.0196,302.2724,145.63,1,1
91835.0,0.0188,-0.0894,303.1951,95.13,1,1
91845.0,0.0199,0.1178,303.9584,255.0,1,1
91857.0,0.0199,-0.0087,303.4594,120.19,1,1
91867.0,0.0199,0.012,304.177,137.73,1,1
91877.0,0.0209,0.012,304.7708,147.84,1,1
91885.0,0.0209,0.0425,304.1314,255.0,1,1
91896.0,0.0209,0.0164,303.6025,122.0,1,1
91907.0,0.0209,0.0185,304.2954,194.03,1,1
91917.0,0.0209,0.1145,304.8687,181.36,1,1
91928.0,0.0209,-0.0698,305.3429,255.0,1,1
91936.0,0.0209,0.0207,305.7353,119.55,1,1
91946.0,0.0209,0.0425,306.0598,255.0,1,1
91957.0,0.0209,0.1571,306.3283,181.41,1,1
91968.0,0.022,-0.1342,306.5504,231.63,1,1
91978.0,0.022,0.0371,306.7342,124.25,1,1
91986.0,0.022,0.0033,308.0167,255.0,1,1
91996.0,0.0231,0.1745,309.0777,181.18,1,1
92008.0,0.022,-0.1516,308.8249,165.85,1,1
92018.0,0.022,0.0731,308.6158,136.7,1,1
92028.0,0.0231,-0.0796,309.5733,255.0,1,1
92036.0,0.0231,0.1887,310.3654,182.65,1,1
92046.0,0.022,-0.1669,311.0208,105.8,1,1
92058.0,0.022,0.1233,311.5629,165.08,1,1
92068.0,0.0231,-0.1451,312.0114,255.0,1,1
92078.0,0.022,0.1516,312.3824,169.01,1,1
92086.0,0.022,-0.1473,311.5587,162.6,1,1
92097.0,0.0242,0.2073,312.0079,216.25,1,1
92108.0,0.0231,-0.1789,313.51,255.0,1,1
92118.0,0.022,0.1058,313.6222,148.28,1,1
92128.0,0.0242,-0.1069,313.715,253.2,1,1
92136.0,0.0242,0.2629,314.9222,237.98,1,1
92147.0,0.022,-0.2094,314.7904,-150.7,1,1
92158.0,0.022,0.0491,314.6814,148.67,1,1
92168.0,0.0242,-0.0927,315.7217,255.0,1,1
92178.0,0.022,0.2476,316.5823,235.08,1,1
92187.0,0.022,-0.2225,316.1638,-147.09,1,1
92197.0,0.0242,0.1778,315.8176,230.4,1,1
92208.0,0.0242,-0.1254,316.6616,255.0,1,1
92218.0,0.0231,0.132,317.3599,189.28,1,1
92229.0,0.0264,-0.1233,317.9376,255.0,1,1
92237.0,0.0264,0.3796,318.4155,255.0,1,1
92247.0,0.0253,-0.1789,318.8109,239.46,1,1
92258.0,0.0242,-0.0207,319.1379,96.85,1,1
92269.0,0.0286,-0.0251,319.4084,255.0,1,1
92279.0,0.0253,0.3807,319.6323,255.0,1,1
92287.0,0.0253,-0.2411,319.8174,-168.6,1,1
92297.0,0.0253,-0.0469,321.1011,104.03,1,1
92309.0,0.0286,-0.0033,322.1631,255.0,1,1
92319.0,0.0264,0.3611,323.0416,255.0,1,1
92329.0,0.0275,-0.2749,322.6379,-179.17,1,1
92337.0,0.0275,0.0905,322.3039,180.4,1,1
92348.0,0.0264,-0.0109,323.1581,255.0,1,1
92359.0,0.0275,0.2105,323.8647,255.0,1,1
92369.0,0.0297,-0.1996,323.3188,68.61,1,1
92379.0,0.0297,0.2858,322.8672,255.0,1,1
92388.0,0.0297,-0.0589,323.6241,255.0,1,1
92398.0,0.0297,0.0753,324.2503,255.0,1,1
92409.0,0.0329,-0.0687,324.7683,85.1,1,1
92419.0,0.0308,0.3272,326.3273,255.0,1,1
92429.0,0.0308,-0.1298,327.6171,81.65,1,1
92438.0,0.0308,-0.012,327.5535,255.0,1,1
92448.0,0.0319,0.0687,327.501,174.67,1,1
92459.0,0.0329,0.2454,328.588,255.0,1,1
92469.0,0.0319,-0.1222,329.4872,106.01,1,1
92479.0,0.034,-0.0764,329.1007,255.0,1,1
92488.0,0.034,0.2203,329.9114,255.0,1,1
92498.0,0.0351,0.0807,330.5821,255.0,1,1
92509.0,0.034,-0.0731,331.1369,118.86,1,1
92519.0,0.0373,0.2934,331.5959,255.0,1,1
92529.0,0.0362,-0.0894,331.9756,97.61,1,1
92538.0,0.0362,-0.0894,333.4202,255.0,1,1
92548.0,0.0373,0.108,333.4848,197.32,1,1
92559.0,0.0395,0.2836,333.5382,255.0,1,1
92569.0,0.0384,-0.12,334.713,90.5,1,1
92580.0,0.0406,0.1789,334.5542,255.0,1,1
92588.0,0.0406,0.1789,335.5535,255.0,1,1
92599.0,0.0417,-0.072,336.3801,144.88,1,1
92609.0,0.0417,-0.0524,337.064,169.69,1,1
92619.0,0.0428,0.1451,337.6297,255.0,1,1
92630.0,0.0428,0.0087,338.0977,255.0,1,1
92638.0,0.0439,0.0087,339.6154,190.64,1,1
92649.0,0.046,0.1669,339.7404,255.0,1,1
92660.0,0.046,0.0251,339.8438,209.96,1,1
92670.0,0.0471,0.1658,339.9294,255.0,1,1
92680.0,0.0482,0.0742,341.1307,235.85,1,1
92689.0,0.0482,0.0742,342.1245,255.0,1,1
92699.0,0.0515,0.3153,342.9467,255.0,1,1
92710.0,0.0537,0.2585,343.6268,255.0,1,1
92720.0,0.0548,0.0633,344.1894,248.71,1,1
92730.0,0.0569,0.3098,344.6549,255.0,1,1
92739.0,0.058,0.3098,345.0399,255.0,1,1
92749.0,0.0602,0.084,346.489,255.0,1,1
92760.0,0.0624,0.2509,346.5573,255.0,1,1
92770.0,0.0646,0.1942,346.6138,255.0,1,1
92780.0,0.0668,0.2738,347.791,255.0,1,1
92789.0,0.0668,0.2738,349.8954,255.0,1,1
92799.0,0.0711,0.0916,350.5058,255.0,1,1
92810.0,0.0733,0.1636,351.0107,255.0,1,1
92820.0,0.0766,0.3502,352.5589,255.0,1,1
92830.0,0.0788,0.2443,352.7092,255.0,1,1
92839.0,0.082,0.2443,353.9641,255.0,1,1
92849.0,0.0853,0.3207,355.0022,255.0,1,1
92860.0,0.0886,0.2913,355.861,255.0,1,1
92870.0,0.094,0.5149,356.5715,255.0,1,1
92880.0,0.0962,0.3043,357.1592,255.0,1,1
92889.0,0.1028,0.3043,358.776,255.0,1,1
92900.0,0.106,0.5869,360.1134,255.0,1,1
92910.0,0.1115,0.5661,361.2199,255.0,1,1
92920.0,0.118,0.6447,362.1352,255.0,1,1
92931.0,0.1246,0.6087,362.8925,255.0,1,1
92940.0,0.1322,0.6087,363.5189,255.0,1,1
92950.0,0.1388,0.8912,364.0371,255.0,1,1
92961.0,0.1486,1.0254,364.4659,255.0,1,1
92971.0,0.1573,0.8781,364.8205,255.0,1,1
92981.0,0.1682,1.1116,366.2444,255.0,1,1
92990.0,0.1802,1.1116,367.4223,255.0,0,1
93000.0,0.1911,1.1803,368.3968,255.0,0,1
93011.0,0.2064,1.5141,369.203,255.0,0,1
93021.0,0.2206,1.4781,368.7394,255.0,0,1
93031.0,0.238,1.7715,369.4865,255.0,0,1
93040.0,0.238,1.7715,370.1044,255.0,0,1
93050.0,0.2686,1.7246,370.6156,255.0,0,1
93061.0,0.2838,1.5097,371.0385,255.0,0,1
93071.0,0.2947,1.1432,370.2579,255.0,0,1
93081.0,0.3024,0.8192,370.7426,255.0,0,1
93090.0,0.3078,0.8192,371.1436,255.0,0,1
93101.0,0.3078,0.0807,371.4753,255.0,0,1
93111.0,0.3046,-0.4331,371.7498,255.0,0,1
93121.0,0.2958,-0.8465,371.9768,255.0,0,1
93131.0,0.2871,-0.8716,373.2951,255.0,0,1
93140.0,0.2849,-0.8716,373.2552,255.0,0,1
93150.0,0.2849,-0.2127,373.2222,255.0,0,1
93161.0,0.2838,-0.0556,373.1949,255.0,0,1
93171.0,0.2806,-0.3436,372.0418,255.0,0,1
93181.0,0.2784,-0.2225,372.2184,255.0,0,1
93191.0,0.274,-0.2225,372.3644,255.0,0,1
93201.0,0.2686,-0.5029,371.3548,255.0,0,1
93211.0,0.2642,-0.4374,370.5195,255.0,0,1
93221.0,0.2598,-0.5487,370.959,255.0,0,1
93232.0,0.2555,-0.3611,372.4532,255.0,0,1
93241.0,0.2511,-0.4745,372.5587,255.0,0,1
93251.0,0.2489,-0.2542,371.5155,255.0,0,1
93262.0,0.2478,-0.1265,370.6525,255.0,0,1
93272.0,0.2457,-0.1724,371.0691,255.0,0,1
93282.0,0.2457,-0.0611,371.4137,255.0,0,1
93291.0,0.2446,-0.1244,370.5682,255.0,0,1
93301.0,0.2457,0.1124,369.8689,255.0,0,1
93312.0,0.2457,0.0502,369.2903,255.0,0,1
93322.0,0.2478,0.1996,369.9422,255.0,0,1
93332.0,0.2511,0.3065,370.4814,255.0,0,1
93341.0,0.2533,0.3065,369.797,255.0,0,1
93351.0,0.2566,0.396,369.2309,255.0,0,1
93362.0,0.2598,0.2978,368.7625,255.0,0,1
93372.0,0.2631,0.3033,368.375,255.0,0,1
93382.0,0.2653,0.2967,368.0545,255.0,0,1
93392.0,0.2664,0.2967,368.9198,255.0,0,1
93402.0,0.2686,0.1942,369.6356,255.0,0,1
93412.0,0.2675,-0.0676,369.0973,255.0,0,1
93422.0,0.2675,-0.0687,368.652,255.0,0,1
93432.0,0.2664,-0.1233,368.2836,255.0,0,1
93442.0,0.2642,-0.1233,367.9789,255.0,0,1
93452.0,0.2642,-0.0218,367.7267,255.0,0,1
93462.0,0.262,-0.2171,367.5182,255.0,0,1
93472.0,0.262,-0.0349,367.3456,255.0,0,1
93482.0,0.2598,-0.1865,367.2029,255.0,0,1
93492.0,0.2587,-0.1865,367.0848,255.0,0,1
93502.0,0.2577,-0.1124,366.9871,255.0,0,1
93512.0,0.2566,-0.1963,366.9063,255.0,0,1
93522.0,0.2566,0.0044,366.8394,255.0,0,1
93533.0,0.2544,-0.132,366.7841,255.0,0,1
93542.0,0.2555,0.0698,366.7383,255.0,0,1
93552.0,0.2555,-0.0087,366.7005,255.0,0,1
93563.0,0.2555,0.0175,366.6692,255.0,0,1
93572.0,0.2566,0.1385,366.6433,255.0,0,1
93583.0,0.2566,-0.0273,366.6219,255.0,0,1
93592.0,0.2587,0.1778,366.6041,255.0,0,1
93603.0,0.2587,0.0371,365.4589,255.0,0,1
93613.0,0.2598,0.1178,364.5116,255.0,0,1
93623.0,0.2609,0.1102,364.8584,255.0,0,1
93633.0,0.2609,0.0087,365.1452,255.0,0,1
93643.0,0.2631,0.1604,365.3826,255.0,0,1
93653.0,0.262,-0.0753,365.5789,255.0,0,1
93663.0,0.2631,0.1004,365.7413,255.0,0,1
93673.0,0.262,-0.0687,364.7451,255.0,0,1
93683.0,0.262,-0.0502,363.9211,255.0,0,1
93693.0,0.262,0.0055,364.3699,255.0,0,0
93703.0,0.2598,-0.168,363.6106,255.0,0,0
93713.0,0.2598,0.0305,362.9825,255.0,0,0
93723.0,0.2587,-0.1702,363.5934,255.0,0,0
93733.0,0.2587,-0.0065,364.0988,255.0,0,0
93743.0,0.2577,-0.0862,363.3864,255.0,0,0
93753.0,0.2577,-0.072,362.797,255.0,0,0
93763.0,0.2577,0.0262,363.4399,255.0,0,0
93773.0,0.2566,-0.1222,362.8413,255.0,0,0
93783.0,0.2577,0.1036,362.346,255.0,0,0
93793.0,0.2566,-0.0295,363.0669,255.0,0,0
93803.0,0.2577,0.096,363.6632,255.0,0,0
93813.0,0.2587,0.0404,363.026,255.0,0,0
93823.0,0.2587,0.0262,362.4988,255.0,0,0
93834.0,0.2598,0.1571,362.0628,255.0,0,0
93843.0,0.2598,-0.0611,361.702,255.0,0,0
93854.0,0.2609,0.1636,362.5341,255.0,0,0
93863.0,0.2609,-0.0404,362.0919,255.0,0,0
93874.0,0.262,0.0862,361.7261,255.0,0,0
93884.0,0.262,-0.0044,361.4235,255.0,0,0
93893.0,0.2609,-0.048,361.1732,255.0,0,0
93904.0,0.262,0.1167,360.9661,255.0,0,0
93914.0,0.2609,-0.1625,360.7947,255.0,0,0
93924.0,0.2609,0.0578,360.653,255.0,0,0
93934.0,0.2598,-0.1331,360.5358,255.0,0,0
93944.0,0.2598,0.0098,361.5693,255.0,0,0
93954.0,0.2587,-0.0753,360.1632,255.0,0,0
93964.0,0.2587,-0.0927,359.0001,255.0,0,0
93974.0,0.2587,0.0447,360.2989,255.0,0,0
93984.0,0.2577,-0.1451,360.2428,255.0,0,0
93994.0,0.2577,0.0873,360.1964,255.0,0,0
94004.0,0.2577,-0.0654,360.158,255.0,0,0
94014.0,0.2577,0.0611,360.1263,255.0,0,0
94024.0,0.2577,0.0087,358.9695,255.0,0,0
94034.0,0.2577,0.0109,358.0125,255.0,0,0
94044.0,0.2587,0.1145,359.4818,255.0,0,0
94054.0,0.2587,-0.0676,359.5669,255.0,0,0
94064.0,0.2598,0.1527,358.5067,255.0,0,0
94074.0,0.2598,-0.0513,358.7602,255.0,0,0
94084.0,0.2609,0.1014,358.9699,255.0,0,0
94094.0,0.2609,-0.0022,358.0128,255.0,0,0
94104.0,0.2609,0.0022,358.3516,255.0,0,0
94114.0,0.2609,0.0633,358.6319,255.0,0,0
94125.0,0.2598,-0.1178,357.7332,255.0,0,0
94135.0,0.2609,0.0905,358.1203,255.0,0,0
94145.0,0.2598,-0.1265,358.4405,255.0,0,0
94155.0,0.2598,0.0589,357.5749,255.0,0,0
94165.0,0.2598,-0.0916,356.8588,255.0,0,0
94175.0,0.2587,-0.0327,357.3969,255.0,0,0
94185.0,0.2587,-0.0098,357.8421,255.0,0,0
94195.0,0.2577,-0.1102,357.0799,255.0,0,0
94205.0,0.2587,0.0807,356.4492,255.0,0,0
94215.0,0.2577,-0.1298,355.9276,255.0,0,0
94225.0,0.2587,0.0742,356.6266,255.0,0,0
94235.0,0.2577,-0.06,357.2048,255.0,0,0
94245.0,0.2577,0.048,356.5526,255.0,0,0
94255.0,0.2587,0.0185,356.0131,255.0,0,0
94265.0,0.2577,-0.0142,355.5668,255.0,0,0
94275.0,0.2598,0.1145,355.1975,255.0,0,0
94285.0,0.2587,-0.0894,354.8921,255.0,0,0
94295.0,0.2598,0.1342,355.7699,255.0,0,0
94305.0,0.2587,-0.0567,355.3656,255.0,0,0
94315.0,0.2598,0.0894,355.0311,255.0,0,0
94325.0,0.2598,-0.0316,355.8849,255.0,0,0
94335.0,0.2598,0.0131,355.4608,255.0,0,0
94346.0,0.2598,0.024,355.1098,255.0,0,0
94356.0,0.2587,-0.0873,354.8195,255.0,0,0
94366.0,0.2598,0.0993,354.5793,255.0,0,0
94376.0,0.2587,-0.1342,354.3806,255.0,0,0
94386.0,0.2598,0.0654,354.2163,255.0,0,0
94396.0,0.2587,-0.1004,354.0804,255.0,0,0
94406.0,0.2587,0.0327,353.9679,255.0,0,0
94416.0,0.2587,-0.036,353.8748,255.0,0,0
94426.0,0.2577,-0.0382,353.7978,255.0,0,0
94436.0,0.2587,0.0567,353.7341,255.0,0,0
94446.0,0.2577,-0.108,353.6815,255.0,0,0
94456.0,0.2587,0.1058,353.6378,255.0,0,0
94466.0,0.2577,-0.0905,352.4713,255.0,0,0
94476.0,0.2587,0.0851,351.5063,255.0,0,0
94486.0,0.2587,-0.0425,351.8384,255.0,0,0
94496.0,0.2587,0.0185,352.1132,255.0,0,0
94506.0,0.2587,0.0185,352.3405,255.0,0,0
94516.0,0.2587,-0.0327,352.5285,255.0,0,0
94526.0,0.2598,0.1047,352.6841,255.0,0,0
94536.0,0.2587,-0.0971,351.6823,255.0,0,0
94546.0,0.2577,-0.0851,351.984,255.0,0,0
94557.0,0.2566,-0.0851,352.2336,255.0,0,0
94567.0,0.2577,0.0807,351.3097,255.0,0,0
94577.0,0.2577,0.0218,351.6758,255.0,0,0
94587.0,0.2577,-0.0175,351.9786,255.0,0,0
94597.0,0.2566,-0.0774,351.0987,255.0,0,0
94607.0,0.2577,0.0633,350.3707,255.0,0,0
94617.0,0.2566,-0.1309,350.899,255.0,0,0
94627.0,0.2566,0.0873,350.2055,255.0,0,0
94637.0,0.2555,-0.1025,349.6318,255.0,0,0
94647.0,0.2566,0.0633,350.2877,255.0,0,0
94657.0,0.2555,-0.0774,350.8303,255.0,0,0
94667.0,0.2566,0.036,350.1487,255.0,0,0
94677.0,0.2566,-0.0011,349.5848,255.0,0,0
94687.0,0.2555,-0.0404,350.2488,255.0,0,0
94697.0,0.2566,0.0982,349.6677,255.0,0,0
94708.0,0.2555,-0.0894,349.1869,255.0,0,0
94718.0,0.2577,0.1364,348.7891,255.0,0,0
94728.0,0.2566,-0.0818,348.4601,255.0,0,0
94737.0,0.2577,0.1047,349.3184,255.0,0,0
94747.0,0.2566,-0.0665,348.8979,255.0,0,0
94758.0,0.2577,0.0611,348.5501,255.0,0,0
94768.0,0.2577,-0.012,349.3929,255.0,0,0
94778.0,0.2566,-0.0175,348.9595,255.0,0,0
94788.0,0.2577,0.0545,348.6011,255.0,0,0
94798.0,0.2566,-0.1091,348.3045,255.0,0,0
94808.0,0.2577,0.0982,348.0592,255.0,0,0
94818.0,0.2566,-0.1353,347.8563,255.0,0,0
94828.0,0.2566,0.0927,347.6884,255.0,0,0
94838.0,0.2566,-0.0993,347.5495,255.0,0,0
94848.0,0.2566,0.06,347.4346,255.0,0,0
94859.0,0.2566,-0.0676,347.3395,255.0,0,0
94869.0,0.2566,0.0131,346.1304,255.0,0,0
94879.0,0.2566,0.0164,346.2606,255.0,0,0
94888.0,0.2555,-0.072,347.4988,255.0,0,0
94898.0,0.2566,0.0884,347.3926,255.0,0,0
94909.0,0.2555,-0.0982,347.3048,255.0,0,0
94919.0,0.2566,0.1222,347.2321,255.0,0,0
94929.0,0.2555,-0.0873,346.0416,255.0,0,0
94938.0,0.2566,0.0993,345.0566,255.0,0,0
94948.0,0.2566,-0.072,345.3723,255.0,0,0
94959.0,0.2566,0.0633,345.6334,255.0,0,0
94969.0,0.2566,-0.0218,345.8495,255.0,0,0
94979.0,0.2566,-0.0098,346.0282,255.0,0,0
94988.0,0.2577,0.0578,345.0455,255.0,0,0
94998.0,0.2566,-0.0927,345.3631,255.0,0,0
95009.0,0.2577,0.1036,345.6259,255.0,0,0
95019.0,0.2566,-0.1036,345.8433,255.0,0,0
95029.0,0.2577,0.1014,344.8926,255.0,0,0
95039.0,0.2566,-0.1058,344.1061,255.0,0,0
95049.0,0.2566,0.0774,344.586,255.0,0,0
95060.0,0.2566,-0.0884,344.9829,255.0,0,0
95070.0,0.2566,0.0545,345.3113,255.0,0,0
95080.0,0.2566,-0.036,344.4525,255.0,0,0
95089.0,0.2566,-0.0207,343.7421,255.0,0,0
95099.0,0.2566,0.0491,343.1543,255.0,0,0
95110.0,0.2555,-0.096,343.7985,255.0,0,0
95120.0,0.2566,0.1102,343.201,255.0,0,0
95130.0,0.2555,-0.1025,342.7067,255.0,0,0
95139.0,0.2566,0.1047,343.4283,255.0,0,0
95149.0,0.2555,-0.0949,342.8947,255.0,0,0
95161.0,0.2566,0.1113,342.4533,255.0,0,0
95170.0,0.2566,-0.0818,343.2186,255.0,0,0
95181.0,0.2566,0.0829,343.8518,255.0,0,0
95189.0,0.2566,-0.0415,343.2451,255.0,0,0
95199.0,0.2566,0.0109,342.7431,255.0,0,0
95211.0,0.2566,0.0295,342.3279,255.0,0,0
95221.0,0.2566,-0.0829,341.9844,255.0,0,0
95231.0,0.2566,0.0916,341.7003,255.0,0,0
95239.0,0.2555,-0.1244,341.4652,255.0,0,0
95249.0,0.2566,0.0971,341.2707,255.0,0,0
95261.0,0.2555,-0.1167,342.2403,255.0,0,0
95271.0,0.2566,0.0949,341.912,255.0,0,0
95281.0,0.2555,-0.108,341.6403,255.0,0,0
95290.0,0.2566,0.0905,341.4156,255.0,0,0
95300.0,0.2555,-0.0905,340.0992,255.0,0,0
95311.0,0.2555,0.0425,340.1407,255.0,0,0
95321.0,0.2555,-0.0185,340.1749,255.0,0,0
95331.0,0.2555,0.0098,340.2033,255.0,0,0
95340.0,0.2566,0.06,340.2268,255.0,0,0
95350.0,0.2555,-0.0851,340.2462,255.0,0,0
95361.0,0.2566,0.1145,340.2623,255.0,0,0
95371.0,0.2555,-0.1014,340.2756,255.0,0,0
95382.0,0.2566,0.1134,340.2866,255.0,0,0
95390.0,0.2555,-0.1014,340.2957,255.0,0,0
95400.0,0.2566,0.1102,340.3032,255.0,0,0
95412.0,0.2555,-0.1069,340.3094,255.0,0,0
95422.0,0.2566,0.0982,339.1841,255.0,0,0
95432.0,0.2555,-0.0873,338.2531,255.0,0,0
95440.0,0.2566,0.0524,338.6134,255.0,0,0
95450.0,0.2566,-0.0164,338.9115,255.0,0,0
95462.0,0.2555,-0.0295,339.1581,255.0,0,0
95472.0,0.2566,0.0491,339.3622,255.0,0,0
95482.0,0.2555,-0.0971,339.5309,255.0,0,0
95490.0,0.2566,0.084,338.54,255.0,0,0
95500.0,0.2555,-0.1189,337.7203,255.0,0,0
95512.0,0.2566,0.1145,338.1726,255.0,0,0
95522.0,0.2544,-0.1298,338.5469,255.0,0,0
95532.0,0.2555,0.096,337.726,255.0,0,0
95541.0,0.2544,-0.1004,337.0468,255.0,0,0
95551.0,0.2555,0.108,337.6155,255.0,0,0
95563.0,0.2555,-0.0785,338.086,255.0,0,0
95573.0,0.2555,0.0774,337.3447,255.0,0,0
95583.0,0.2555,-0.0425,336.7314,255.0,0,0
95591.0,0.2555,0.036,337.3546,255.0,0,0
95601.0,0.2555,0.0044,336.7396,255.0,0,0
95613.0,0.2555,-0.0251,336.2309,255.0,0,0
95623.0,0.2566,0.0524,335.81,255.0,0,0
95633.0,0.2555,-0.0884,336.5923,255.0,0,0
95641.0,0.2566,0.1091,337.2395,255.0,0,0
95651.0,0.2555,-0.1113,336.6444,255.0,0,0
95663.0,0.2566,0.12,336.1521,255.0,0,0
95673.0,0.2555,-0.1429,335.7448,255.0,0,0
95683.0,0.2566,0.1134,335.4079,255.0,0,0
95691.0,0.2544,-0.1265,335.1292,255.0,0,0
95701.0,0.2555,0.1025,336.0291,255.0,0,0
95713.0,0.2555,-0.0949,335.6431,255.0,0,0
95723.0,0.2555,0.0676,335.3237,255.0,0,0
95733.0,0.2555,-0.0567,335.0595,255.0,0,0
95741.0,0.2555,0.0633,334.841,255.0,0,0
95751.0,0.2555,-0.012,334.6602,255.0,0,0
95764.0,0.2555,-0.0044,334.5106,255.0,0,0
95774.0,0.2555,0.0327,334.3868,255.0,0,0
95784.0,0.2555,-0.0513,334.2845,255.0,0,0
95791.0,0.2566,0.0785,334.1998,255.0,0,0
95801.0,0.2555,-0.096,334.1298,255.0,0,0
95814.0,0.2566,0.1178,334.0718,255.0,0,0
95824.0,0.2555,-0.1189,334.0238,255.0,0,0
95834.0,0.2566,0.132,333.9842,255.0,0,0
95842.0,0.2555,-0.1331,333.9514,255.0,0,0
95852.0,0.2566,0.12,333.9242,255.0,0,0
95864.0,0.2555,-0.1254,333.9018,255.0,0,0
95874.0,0.2566,0.096,333.8832,255.0,0,0
95884.0,0.2555,-0.0971,332.7373,255.0,0,0
95892.0,0.2555,0.072,332.9199,255.0,0,0
95902.0,0.2555,-0.0774,333.0709,255.0,0,0
95914.0,0.2555,0.0447,332.0653,255.0,0,0
95925.0,0.2555,-0.0371,332.364,255.0,0,0
95934.0,0.2555,0.0076,332.611,255.0,0,0
95942.0,0.2555,-0.0033,331.6848,255.0,0,0
95952.0,0.2544,-0.0447,332.0492,255.0,0,0
95964.0,0.2555,0.06,332.3506,255.0,0,0
95974.0,0.2544,-0.0829,331.4695,255.0,0,0
95984.0,0.2555,0.096,330.7405,255.0,0,0
95992.0,0.2544,-0.1134,331.2679,255.0,0,0
96002.0,0.2555,0.1265,331.7043,255.0,0,0
96015.0,0.2544,-0.1331,332.0653,255.0,0,0
96025.0,0.2555,0.1385,332.364,255.0,0,0
96035.0,0.2544,-0.1407,331.4805,255.0,0,0
96042.0,0.2555,0.1396,330.7496,255.0,0,0
96052.0,0.2544,-0.12,330.145,255.0,0,0
96065.0,0.2555,0.1222,330.7753,255.0,0,0
96075.0,0.2544,-0.1091,331.2968,255.0,0,0
96085.0,0.2555,0.1004,330.5976,255.0,0,0
96092.0,0.2544,-0.0862,330.0193,255.0,0,0
96103.0,0.2555,0.0731,329.5408,255.0,0,0
96115.0,0.2544,-0.0502,330.2755,255.0,0,0
96126.0,0.2555,0.0273,330.8832,255.0,0,0
96135.0,0.2555,-0.0153,330.2555,255.0,0,0
96143.0,0.2555,-0.0098,329.7362,255.0,0,0
96153.0,0.2555,0.0022,329.3066,255.0,0,0
96166.0,0.2544,-0.0502,328.9513,255.0,0,0
96175.0,0.2555,0.06,328.6573,255.0,0,0
96185.0,0.2544,-0.0862,329.5446,255.0,0,0
96193.0,0.2555,0.0982,329.1481,255.0,0,0
96203.0,0.2544,-0.1091,328.8201,255.0,0,0
96216.0,0.2555,0.1178,328.5487,255.0,0,0
96225.0,0.2544,-0.1331,328.3243,255.0,0,0
96235.0,0.2555,0.1429,328.1385,255.0,0,0
96243.0,0.2544,-0.1429,327.9849,255.0,0,0
96253.0,0.2555,0.1385,327.8578,255.0,0,0
96266.0,0.2544,-0.1451,327.7527,255.0,0,0
96276.0,0.2555,0.1418,327.6657,255.0,0,0
96286.0,0.2544,-0.1364,327.5938,255.0,0,0
96293.0,0.2555,0.132,327.5342,255.0,0,0
96303.0,0.2544,-0.1265,327.485,255.0,0,0
96316.0,0.2555,0.0993,328.5748,255.0,0,0
96326.0,0.2544,-0.0938,327.2153,255.0,0,0
96336.0,0.2555,0.0818,326.0907,255.0,0,0
96343.0,0.2544,-0.0818,326.2908,255.0,0,0
96353.0,0.2544,0.0393,326.4563,255.0,0,0
96366.0,0.2544,-0.0502,326.5933,255.0,0,0
96376.0,0.2544,0.0175,326.7065,255.0,0,0
96386.0,0.2544,-0.0229,326.8003,255.0,0,0
96393.0,0.2544,-0.0065,326.8778,255.0,0,0
96404.0,0.2544,0.0207,325.8115,255.0,0,0
96417.0,0.2533,-0.0382,326.0598,255.0,0,0
96426.0,0.2544,0.0458,326.2653,255.0,0,0
96436.0,0.2533,-0.0644,326.4352,255.0,0,0
96444.0,0.2544,0.0742,326.5758,255.0,0,0
96454.0,0.2533,-0.0982,325.5616,255.0,0,0
96467.0,0.2544,0.1004,324.7226,255.0,0,0
96477.0,0.2533,-0.1167,325.1591,255.0,0,0
96487.0,0.2544,0.1244,325.5201,255.0,0,0
96494.0,0.2533,-0.1244,324.6883,255.0,0,0
96504.0,0.2544,0.1342,325.1306,255.0,0,0
96517.0,0.2533,-0.144,325.4965,255.0,0,0
96527.0,0.2544,0.144,324.6688,255.0,0,0
96537.0,0.2533,-0.156,323.984,255.0,0,0
96544.0,0.2544,0.1451,324.548,255.0,0,0
96554.0,0.2533,-0.1484,325.0146,255.0,0,0
96567.0,0.2544,0.144,324.2701,255.0,0,0
96577.0,0.2533,-0.156,323.6542,255.0,0,0
96587.0,0.2544,0.1473,324.2752,255.0,0,0
96594.0,0.2533,-0.1516,323.6584,255.0,0,0
96604.0,0.2533,0.1364,323.1481,255.0,0,0
96911.66666666667,0.24374285714285718,0.13146190476190475,658.1874095238095,255.0,0,0
97497.69841269842,0.22553877551020413,0.12205600907029478,1296.357522902494,255.0,0,0
98293.02721088436,0.20083323615160353,0.10929086491739552,2162.4455339164233,255.0,0,0
99201.97440881115,0.1725983340274886,0.09470212874265352,3152.260403646628,255.0,1,0
100121.74240671325,0.14402730211618178,0.07993971713725982,4153.858783730764,255.0,1,0
100962.67314765233,0.1179052157972727,0.06644265509804273,5069.605874093403,255.0,1,0
101663.44876510155,0.09613681053151514,0.055195103398695156,5832.728449395602,255.0,1,0
102197.37304506286,0.07955135890046175,0.04662554019919224,6414.1551734353725,255.0,1,0
102569.21316860736,0.06800077651454957,0.04065745154239556,6819.077356248785,255.0,1,0
102805.30213593719,0.06066707341238311,0.03686818890315958,7076.170805654126,255.0,1,0
102941.33435044628,0.05644146352970624,0.03468485185864742,7224.3056026924405,255.0,1,0
103012.00043590555,0.05424634151273125,0.03355065079656318,7301.2587440110465,255.0,1,0
103044.80968986878,0.05322717771913572,0.03302405744630978,7336.986988194684,255.0,1,0
103058.26989662292,0.05280905923971191,0.03280801914876993,7351.644729398228,255.0,1,0
103063.07711332083,0.05265973121134626,0.032730862613934264,7356.879636970923,255.0,1,0
103064.5421698383,0.05261422171698721,0.03270734824141292,7358.475037374029,255.0,1,0
103064.91279425491,0.05260270889847375,0.03270139966503103,7358.878635690291,255.0,1,0
103064.98754203641,0.05260038698549625,0.03270019995214729,7358.960033670041,255.0,1,0
103064.99881352727,0.05260003685576155,0.03270001904306165,7358.9723079685755,255.0,1,0
103064.9999435013,0.05260000175503626,0.03270000090681246,7358.973538474695,255.0,1,0
103065.0,0.0526,0.0327,7358.9736,255.0,1,0
103075.0,0.0526,0.0196,13151.252,255.0,1,0
103085.0,0.0526,0.024,10879.6611,255.0,1,0
103095.0,0.0526,0.0087,9000.4395,255.0,1,0
103106.0,0.0515,0.0011,7445.811,255.0,1,0
103114.0,0.0515,-0.1036,6160.8413,255.0,1,0
103124.0,0.0504,-0.1309,5097.8218,255.0,1,0
103136.0,0.0471,-0.1145,4218.415,255.0,1,0
103146.0,0.046,-0.2247,3490.9072,255.0,1,0
103156.0,0.0439,-0.1494,2890.1907,255.0,1,0
103164.0,0.0439,-0.1287,2393.2349,255.0,1,0
103174.0,0.0417,-0.2193,1982.1169,255.0,1,0
103186.0,0.0384,-0.1963,1643.1411,255.0,1,0
103196.0,0.0362,-0.1527,1361.5854,255.0,1,0
103206.0,0.0351,-0.2062,1128.6624,255.0,1,0
103214.0,0.0351,-0.2236,937.1022,255.0,1,0
103225.0,0.0329,-0.1789,779.7603,255.0,1,0
103236.0,0.0286,-0.2029,648.4653,238.51,1,0
103246.0,0.0264,-0.2454,539.8487,-201.58,1,0
103256.0,0.0253,-0.1778,451.1237,132.11,1,0
103265.0,0.0253,-0.2018,377.724,-96.43,1,0
103275.0,0.022,-0.2345,317.0025,-123.36,1,0
103286.0,0.0209,-0.1658,266.7693,-67.49,1,0
103296.0,0.0209,-0.0338,225.2128,130.29,1,0
103306.0,0.0188,-0.1309,190.8342,71.35,1,0
103315.0,0.0188,-0.1953,162.3938,-91.88,1,0
103325.0,0.0188,0.0567,138.8658,157.82,1,0
103336.0,0.0177,-0.0109,119.4018,120.67,1,0
103346.0,0.0177,-0.0993,103.2998,71.32,1,0
103356.0,0.0177,-0.0055,91.1095,117.14,1,0
103365.0,0.0177,0.0164,81.0249,127.2,1,0
103375.0,0.0177,-0.0709,71.5516,82.83,1,0
103386.0,0.0166,-0.0742,63.7147,76.24,1,0
103396.0,0.0155,-0.0044,57.2314,106.32,1,0
103407.0,0.0155,-0.0851,51.8679,65.58,1,0
103415.0,0.0155,-0.084,48.5614,65.89,1,0
103425.0,0.0144,-0.0371,45.826,84.78,1,0
103436.0,0.0133,-0.0709,42.4326,63.29,1,0
103447.0,0.0133,-0.0731,39.6253,62.03,1,0
103457.0,0.0133,-0.0033,37.3029,96.79,1,0
103467.0,0.0133,-0.0284,35.3816,84.13,1,0
103477.0,0.0133,-0.0218,33.7923,87.31,1,0
103487.0,0.0133,0.0371,33.6079,116.74,1,0
103497.0,0.0133,0.0207,33.4554,108.54,1,0
103507.0,0.0144,-0.0098,32.1987,97.57,1,0
103515.0,0.0144,0.0524,31.1591,128.6,1,0
103526.0,0.0144,0.0295,31.4296,117.16,1,0
103537.0,0.0144,-0.0098,31.6533,97.54,1,0
103547.0,0.0144,0.0218,30.7079,113.31,1,0
103557.0,0.0144,0.012,31.0563,108.42,1,0
103567.0,0.0144,-0.0207,31.3445,92.07,1,0
103577.0,0.0144,0.0185,31.583,111.72,1,0
103587.0,0.0144,0.0109,31.7802,107.91,1,0
103597.0,0.0144,-0.0295,30.8129,87.69,1,0
103607.0,0.0144,0.0044,31.1431,104.62,1,0
103616.0,0.0144,-0.0022,31.4164,101.36,1,0
103627.0,0.0133,-0.0404,31.6424,77.92,1,0
103637.0,0.0133,-0.0175,31.8294,89.39,1,0
103647.0,0.0133,-0.0458,31.9841,75.22,1,0
103657.0,0.0122,-0.0251,32.112,81.23,1,0
103667.0,0.0122,-0.0196,32.2179,83.96,1,0
103677.0,0.0122,-0.0622,32.3055,62.7,1,0
103687.0,0.0111,-0.0284,32.3779,75.25,1,0
103697.0,0.0111,-0.0273,32.4379,75.8,1,0
103707.0,0.0111,-0.0578,32.4874,60.54,1,1
103717.0,0.0111,-0.0185,32.5285,80.18,1,1
103727.0,0.01,-0.0262,32.5624,72.0,1,1
103737.0,0.01,-0.0284,32.5905,70.91,1,1
103747.0,0.01,0.0076,32.6137,88.92,1,1
103758.0,0.01,-0.0022,32.6329,84.01,1,1
103767.0,0.01,-0.0011,32.6488,84.56,1,1
103778.0,0.01,0.0207,33.7924,95.53,1,1
103788.0,0.01,0.0011,33.6081,85.71,1,1
103798.0,0.01,-0.0076,33.4555,81.34,1,1
103808.0,0.01,0.0033,34.4598,86.85,1,1
103818.0,0.01,-0.0185,34.1602,75.93,1,1
103828.0,0.01,0.0033,33.9123,86.82,1,1
103838.0,0.01,-0.012,34.8377,79.24,1,1
103848.0,0.01,-0.024,34.4727,73.22,1,1
103858.0,0.01,-0.0305,34.1708,69.94,1,1
103867.0,0.01,-0.0305,35.0516,69.99,1,1
103877.0,0.0089,-0.0305,34.6497,65.6,1,1
103888.0,0.0089,-0.0393,34.3172,61.22,1,1
103898.0,0.0089,-0.0371,35.1727,62.36,1,1
103908.0,0.0079,-0.0251,34.7499,63.97,1,1
103918.0,0.0079,-0.0175,34.4001,67.77,1,1
103928.0,0.0079,-0.0022,35.2413,75.45,1,1
103938.0,0.0079,-0.0055,34.8066,73.79,1,1
103948.0,0.0079,0.0,34.4471,76.5,1,1
103958.0,0.0089,0.0218,35.2801,91.81,1,1
103968.0,0.0089,0.0131,35.9693,87.48,1,1
103978.0,0.0089,0.0131,36.5394,87.51,1,1
103988.0,0.0089,0.0338,35.8805,97.84,1,1
103998.0,0.01,0.0229,35.3354,96.73,1,1
104008.0,0.01,0.0229,36.015,96.77,1,1
104017.0,0.01,0.0229,36.5772,96.8,1,1
104027.0,0.0111,0.0404,35.9118,109.86,1,1
104038.0,0.0111,0.0305,35.3614,104.92,1,1
104048.0,0.0111,0.048,36.0365,113.69,1,1
104059.0,0.0122,0.0382,36.595,113.17,1,1
104068.0,0.0122,0.0382,37.057,113.2,1,1
104078.0,0.0133,0.0371,37.4393,117.04,1,1
104088.0,0.0133,0.0458,36.625,121.37,1,1
104098.0,0.0144,0.0415,35.9513,123.52,1,1
104109.0,0.0144,0.0622,36.5245,133.92,1,1
104118.0,0.0155,0.0622,38.1292,138.37,1,1
104128.0,0.0155,0.048,39.4568,131.35,1,1
104139.0,0.0166,0.072,39.4245,147.71,1,1
104149.0,0.0177,0.0491,39.3978,140.63,1,1
104159.0,0.0177,0.0502,39.3757,141.18,1,1
104168.0,0.0188,0.0502,39.3574,145.54,1,1
104178.0,0.0188,0.0633,39.3423,152.09,1,1
104189.0,0.0188,0.036,39.3298,138.46,1,1
104199.0,0.0199,0.0502,39.3195,149.92,1,1
104209.0,0.0199,0.0218,40.4414,135.81,1,1
104218.0,0.0209,0.0218,41.3696,140.22,1,1
104228.0,0.0209,0.0393,41.0069,148.94,1,1
104239.0,0.0209,0.0175,40.7069,138.02,1,1
104249.0,0.0209,0.0164,41.5892,137.53,1,1
104259.0,0.0209,0.0371,42.3191,147.93,1,1
104269.0,0.0209,0.0196,42.9229,139.24,1,1
104279.0,0.022,0.0404,43.4224,154.0,1,1
104289.0,0.022,0.0436,43.8357,155.67,1,1
104299.0,0.022,0.0327,44.1775,150.24,1,1
104309.0,0.0231,0.024,44.4604,150.26,1,1
104319.0,0.0231,0.024,44.6943,150.28,1,1
104329.0,0.0231,0.0109,44.8879,143.75,1,1
104339.0,0.0231,0.0262,45.048,151.4,1,1
104349.0,0.0242,0.0142,45.1805,149.78,1,1
104360.0,0.0242,0.0164,46.4206,150.94,1,1
104369.0,0.0242,0.0164,46.3159,150.94,1,1
104379.0,0.0242,0.0229,46.2294,154.22,1,1
104389.0,0.0253,0.0087,47.2883,151.55,1,1
104399.0,0.0253,0.0109,48.1643,152.7,1,1
104410.0,0.0253,0.0251,48.889,159.84,1,1
104420.0,0.0253,0.0109,49.4885,152.79,1,1
104429.0,0.0253,0.024,49.9845,159.36,1,1
104440.0,0.0264,0.0175,50.3948,160.48,1,1
104450.0,0.0264,0.0164,50.7342,159.97,1,1
104460.0,0.0264,-0.0011,51.015,151.26,1,1
104470.0,0.0264,0.0022,51.2473,152.92,1,1
104480.0,0.0264,-0.0109,51.4395,146.39,1,1
104490.0,0.0264,0.0,51.5984,151.86,1,1
104500.0,0.0264,-0.0022,51.73,150.79,1,1
104510.0,0.0264,0.0076,51.8388,155.71,1,1
104520.0,0.0264,0.0142,53.0593,159.06,1,1
104530.0,0.0275,0.0284,54.069,170.57,1,1
104540.0,0.0275,0.0065,53.7738,159.66,1,1
104550.0,0.0275,0.0164,54.66,164.62,1,1
104560.0,0.0275,0.0065,55.3932,159.76,1,1
104570.0,0.0275,-0.0044,55.9998,154.35,1,1
104580.0,0.0275,0.0,56.5016,156.57,1,1
104590.0,0.0275,-0.0055,55.7862,153.81,1,1
104600.0,0.0275,-0.0109,56.3249,151.12,1,1
104610.0,0.0275,0.0055,56.7705,159.33,1,1
104620.0,0.0275,0.0065,57.1392,159.91,1,1
104630.0,0.0275,-0.0087,58.5747,152.36,1,1
104640.0,0.0275,0.0098,59.7622,161.7,1,1
104650.0,0.0275,0.012,59.6141,162.79,1,1
104661.0,0.0275,-0.0131,59.4916,150.25,1,1
104670.0,0.0275,0.012,60.5208,163.91,1,1
104680.0,0.0275,-0.0153,60.2416,149.08,1,1
104690.0,0.0275,-0.0164,60.0107,148.56,1,1
104700.0,0.0275,0.0065,60.9502,160.09,1,1
104711.0,0.0275,0.0,61.7274,156.89,1,1
104721.0,0.0275,-0.0153,62.3704,149.31,1,1
104731.0,0.0275,0.0109,62.9023,162.45,1,1
104741.0,0.0275,-0.0098,63.3423,152.13,1,1
104751.0,0.0275,0.0142,63.7064,164.17,1,1
104761.0,0.0286,0.0142,64.0075,168.56,1,1
104771.0,0.0275,-0.012,64.2566,151.14,1,1
104781.0,0.0275,0.0022,64.4627,158.25,1,1
104791.0,0.0286,0.0131,64.6332,168.09,1,1
104801.0,0.0275,-0.0164,64.7743,149.02,1,1
104811.0,0.0275,-0.0087,66.0215,156.06,1,1
104821.0,0.0275,-0.0153,67.0532,149.3,1,1
104831.0,0.0275,-0.0153,66.7763,149.38,1,1
104841.0,0.0275,0.0055,67.6777,159.87,1,1
104851.0,0.0275,-0.0196,68.4234,147.43,1,1
104861.0,0.0275,-0.0196,69.0403,147.52,1,1
104871.0,0.0275,0.0131,69.5506,163.95,1,1
104881.0,0.0275,0.0131,68.8423,163.95,1,1
104891.0,0.0275,-0.0142,69.3868,150.37,1,1
104901.0,0.0275,0.0175,69.8373,166.24,1,1
104911.0,0.0275,-0.0076,70.21,153.74,1,1
104921.0,0.0286,0.0284,71.6488,176.21,1,1
104931.0,0.0286,0.0044,72.839,164.3,1,1
104941.0,0.0286,-0.0055,72.6932,159.4,1,1
104951.0,0.0286,-0.0284,72.5726,150.05,1,1
104962.0,0.0286,-0.0109,72.4728,156.41,1,1
104971.0,0.0286,-0.0109,72.3902,158.56,1,1
104981.0,0.0286,-0.0044,73.4524,159.58,1,1
104991.0,0.0286,0.0,74.3312,161.92,1,1
105001.0,0.0286,-0.0087,75.0581,157.68,1,1
105012.0,0.0286,0.0185,75.6595,171.42,1,1
105022.0,0.0286,-0.0011,76.157,161.69,1,1
105032.0,0.0286,0.0022,76.5686,163.4,1,1
105042.0,0.0286,-0.0033,76.9091,160.73,1,1
105052.0,0.0286,-0.0349,76.0603,144.9,1,1
105062.0,0.0286,-0.0109,76.4885,156.95,1,1
105072.0,0.0286,0.0065,77.9734,165.79,1,1
105082.0,0.0286,0.0,78.0712,162.55,1,1
105092.0,0.0286,0.0087,78.1522,166.93,1,1
105102.0,0.0286,0.0065,78.2191,165.86,1,1
105112.0,0.0286,0.0011,79.405,163.22,1,1
105122.0,0.0286,-0.0022,80.3861,161.66,1,1
105132.0,0.0286,-0.0033,80.0672,161.11,1,1
105142.0,0.0286,-0.0065,79.8034,159.47,1,1
105152.0,0.0286,-0.0044,80.7156,160.63,1,1
105162.0,0.0286,0.0076,81.4703,166.69,1,1
105172.0,0.0286,0.0153,82.0946,170.55,1,1
105182.0,0.0286,0.0044,82.6111,165.14,1,1
105192.0,0.0286,-0.0087,83.0384,158.63,1,1
105202.0,0.0286,-0.0164,83.3919,154.85,1,1
105212.0,0.0286,-0.0076,83.6843,159.24,1,1
105222.0,0.0286,-0.0044,85.0567,160.97,1,1
105232.0,0.0286,0.0098,85.0616,170.16,1,1
105242.0,0.0286,-0.0011,85.0656,162.34,1,1
105252.0,0.0286,0.0142,86.1994,170.12,1,1
105262.0,0.0286,0.0065,86.0069,166.34,1,1
105272.0,0.0286,-0.012,85.8476,157.1,1,1
105282.0,0.0286,-0.0044,86.8464,161.02,1,1
105292.0,0.0286,-0.0142,87.6726,158.29,1,1
105303.0,0.0286,-0.0022,88.3561,161.99,1,1
105313.0,0.0286,0.0065,88.9216,166.47,1,1
105323.0,0.0286,0.0044,89.3894,165.47,1,1
105333.0,0.0286,0.0022,89.7763,164.46,1,1
105343.0,0.0286,-0.0175,90.0965,154.71,1,1
105353.0,0.0286,-0.012,89.2308,157.42,1,1
105363.0,0.0286,0.0011,89.6452,169.26,1,1
105373.0,0.0286,0.0055,91.1185,165.63,1,1
105383.0,0.0286,0.0,91.2068,165.17,1,1
105393.0,0.0286,0.0131,92.4104,169.55,1,1
105403.0,0.0286,-0.012,93.4061,157.23,1,1
105413.0,0.0286,0.0033,93.0992,164.98,1,1
105423.0,0.0286,-0.0164,92.8454,155.25,1,1
105433.0,0.0286,-0.0076,93.766,160.81,1,1
105443.0,0.0286,0.0185,94.5275,172.84,1,1
105453.0,0.0286,0.0055,95.1575,174.81,1,1
105463.0,0.0286,-0.0022,95.6786,161.6,1,1
105473.0,0.0286,-0.0175,94.9793,154.2,1,1
105483.0,0.0286,-0.0109,95.5312,157.74,1,1
105493.0,0.0286,-0.0098,95.9879,158.5,1,1
105503.0,0.0286,0.0044,96.3656,165.76,1,1
105514.0,0.0297,0.0175,97.8086,178.98,1,1
105524.0,0.0297,0.0087,97.8718,172.35,1,1
105534.0,0.0297,0.0153,97.9242,175.76,1,1
105544.0,0.0297,-0.0131,97.9675,161.69,1,1
105554.0,0.0297,-0.0076,98.0033,164.51,1,1
105564.0,0.0297,-0.0022,99.1634,168.44,1,1
105574.0,0.0297,0.0033,100.1231,170.11,1,1
105584.0,0.0297,0.0011,100.9171,169.15,1,1
105594.0,0.0297,0.0065,101.5739,171.99,1,1
105604.0,0.0297,-0.0207,100.9868,158.37,1,1
105614.0,0.0297,-0.0109,100.5011,163.28,1,1
105624.0,0.0297,0.0033,102.3603,170.54,1,1
105634.0,0.0297,0.0011,103.8983,169.59,1,1
105644.0,0.0297,0.0207,104.0402,182.59,1,1
105654.0,0.0297,0.0033,104.1576,170.33,1,1
105664.0,0.0297,-0.0164,104.2547,160.63,1,1
105674.0,0.0297,-0.0044,104.335,166.72,1,1
105684.0,0.0297,0.0076,104.4015,180.12,1,1
105694.0,0.0297,-0.0065,105.5869,164.87,1,1
105704.0,0.0297,0.0098,106.5677,173.36,1,1
105714.0,0.0297,-0.0076,106.2485,164.81,1,1
105724.0,0.0297,-0.0338,105.9844,151.86,1,1
105735.0,0.0297,-0.0131,106.8965,162.42,1,1
105745.0,0.0297,0.0011,108.7815,169.75,1,1
105755.0,0.0297,0.0098,109.2104,174.23,1,1
105765.0,0.0297,0.0175,108.4348,178.06,1,1
105775.0,0.0297,0.0153,108.9236,177.06,1,1
105785.0,0.0297,-0.0175,109.328,160.78,1,1
105795.0,0.0297,-0.0011,109.6625,169.02,1,1
105805.0,0.0297,0.0,111.0697,174.94,1,1
105815.0,0.0297,0.0055,111.1034,174.91,1,1
105825.0,0.0297,0.0207,111.1313,179.15,1,1
105835.0,0.0297,-0.0065,112.2848,165.82,1,1
105845.0,0.0297,-0.0065,112.1086,165.98,1,1
105855.0,0.0297,0.0142,111.9629,182.76,1,1
105865.0,0.0297,0.0109,112.9728,174.19,1,1
105875.0,0.0297,0.0087,113.8083,175.52,1,1
105885.0,0.0297,0.0076,114.4994,172.87,1,1
105896.0,0.0297,-0.0131,115.0712,162.77,1,1
105905.0,0.0297,0.0044,115.5442,171.72,1,1
105915.0,0.0297,0.0022,115.9356,170.8,1,1
105925.0,0.0297,0.0131,116.2593,177.45,1,1
105935.0,0.0297,0.0087,116.5271,174.2,1,1
105946.0,0.0297,0.0076,116.7486,173.78,1,1
105956.0,0.0297,-0.0065,116.9319,166.79,1,1
105966.0,0.0297,0.0055,118.214,172.96,1,1
105976.0,0.0297,0.0044,119.2747,172.56,1,1
105986.0,0.0297,-0.0076,119.0217,166.59,1,1
105996.0,0.0297,0.0011,118.8123,170.97,1,1
106006.0,0.0297,0.0065,119.7697,173.81,1,1
106016.0,0.0297,0.0022,120.5616,171.72,1,1
106026.0,0.0297,0.0055,121.2168,173.43,1,1
106036.0,0.0308,0.024,121.7588,187.13,1,1
106046.0,0.0308,0.0087,121.0767,179.46,1,1
106057.0,0.0297,-0.0131,121.6429,164.25,1,1
106066.0,0.0308,0.0316,123.2418,191.12,1,1
106076.0,0.0308,0.0011,123.434,175.88,1,1
106087.0,0.0308,0.0196,123.5931,185.17,1,1
106097.0,0.0308,0.0131,123.7246,181.92,1,1
106107.0,0.0308,-0.0065,123.8335,172.13,1,1
106116.0,0.0308,0.024,125.054,188.55,1,1
106126.0,0.0308,0.0175,126.0637,184.19,1,1
106137.0,0.0308,-0.0153,125.7685,168.89,1,1
106146.0,0.0308,0.0087,125.5243,179.71,1,1
106156.0,0.0308,0.0022,126.4528,176.57,1,1
106166.0,0.0297,0.0022,128.3514,175.55,1,1
106177.0,0.0297,0.0011,128.7915,171.52,1,1
106188.0,0.0297,0.0229,128.0252,183.53,1,1
106197.0,0.0297,-0.0065,128.5217,168.8,1,1
106207.0,0.0297,0.0262,128.9324,184.11,1,1
106217.0,0.0308,0.0305,130.4027,190.89,1,1
106227.0,0.0308,-0.0153,131.6191,168.17,1,1
106238.0,0.0308,0.0033,131.4948,177.51,1,1
106248.0,0.0308,-0.0076,131.392,187.83,1,1
106258.0,0.0308,0.0251,131.307,186.43,1,1
106267.0,0.0308,0.0295,132.3672,192.31,1,1
106277.0,0.0308,-0.0142,133.2442,167.38,1,1
106288.0,0.0308,-0.0175,132.8392,166.09,1,1
106298.0,0.0308,0.0065,133.6347,178.46,1,1
106308.0,0.0308,0.0545,134.2928,202.76,1,1
106317.0,0.0308,0.0164,134.8372,183.92,1,1
106327.0,0.0308,-0.0087,135.2876,171.58,1,1
106338.0,0.0308,-0.0087,135.6602,184.31,1,1
106348.0,0.0308,-0.0033,137.0989,173.03,1,1
106358.0,0.0319,0.0774,138.2892,218.28,1,1
106367.0,0.0319,0.012,138.1433,185.88,1,1
106377.0,0.0319,-0.0349,136.8921,162.59,1,1
106388.0,0.0319,-0.0131,136.9876,173.73,1,1
106398.0,0.0319,0.0251,139.3275,193.2,1,1
106409.0,0.0329,0.0633,140.1328,224.2,1,1
106418.0,0.0329,0.0393,139.6685,203.97,1,1
106428.0,0.0329,-0.0218,140.4149,197.88,1,1
106439.0,0.0319,-0.0404,141.0323,157.24,1,1
106449.0,0.0329,0.0295,142.6737,200.63,1,1
106459.0,0.0329,0.0676,142.901,217.89,1,1
106468.0,0.0329,-0.0458,143.089,160.62,1,1
106478.0,0.0319,-0.0785,144.3751,168.82,1,1
106489.0,0.0319,-0.024,144.3085,164.46,1,1
106499.0,0.0319,0.0535,145.384,212.76,1,1
106509.0,0.0319,-0.0393,146.2736,157.86,1,1
106518.0,0.0319,-0.0567,145.8791,176.22,1,1
106528.0,0.0308,-0.072,146.6833,148.98,1,1
106539.0,0.0308,0.0305,148.479,186.28,1,1
106549.0,0.0308,0.0142,148.8341,192.1,1,1
106559.0,0.0308,-0.06,147.9973,141.82,1,1
106568.0,0.0297,-0.0731,148.4356,157.32,1,1
106578.0,0.0297,0.0098,149.9287,171.41,1,1
106588.0,0.0264,0.0589,150.0333,205.28,1,1
106600.0,0.0242,-0.0633,150.1199,112.91,1,1
106610.0,0.0242,-0.0273,151.3221,132.51,1,1
106618.0,0.0231,-0.0273,152.3166,132.58,1,1
106628.0,0.0242,0.0589,152.0088,179.5,1,1
106640.0,0.0242,-0.0415,151.7542,139.3,1,1
106650.0,0.0242,0.0,152.674,147.79,1,1
106660.0,0.0231,-0.0229,153.435,155.98,1,1
106669.0,0.0242,0.0851,154.0645,189.02,1,1
106679.0,0.0242,-0.0087,154.5853,143.35,1,1
106690.0,0.0242,-0.0065,155.0162,145.44,1,1
106700.0,0.0242,0.0131,155.3726,189.57,1,1
106709.0,0.0253,0.0993,155.6674,199.68,1,1
106719.0,0.0253,-0.0033,155.9113,149.82,1,1
106729.0,0.0286,0.0153,156.1131,173.32,1,1
106739.0,0.0319,0.0196,156.2801,221.96,1,1
106750.0,0.0329,0.1004,156.4182,230.62,1,1
106759.0,0.0329,0.0371,156.5324,200.44,1,1
106769.0,0.0351,0.0131,156.627,198.33,1,1
106779.0,0.0373,0.012,157.8356,238.97,1,1
106790.0,0.0384,0.0818,158.8356,254.99,1,1
106801.0,0.0384,0.0262,159.6628,215.64,1,1
106810.0,0.0384,-0.012,161.4776,198.18,1,1
106819.0,0.0406,-0.0273,161.8484,233.99,1,1
106829.0,0.0406,0.0262,162.1552,223.7,1,1
106841.0,0.0406,-0.0469,163.5396,202.56,1,1
106851.0,0.0395,-0.0862,164.6847,164.56,1,1
106861.0,0.0384,-0.0709,165.6321,194.48,1,1
106869.0,0.0384,-0.0305,166.4159,187.4,1,1
106879.0,0.0373,-0.1233,167.0643,156.12,1,1
106891.0,0.0362,-0.1156,167.6006,136.72,1,1
106901.0,0.0351,-0.0753,169.1749,158.38,1,1
106911.0,0.0351,-0.0349,170.4772,175.14,1,1
106920.0,0.0329,-0.1582,170.4241,105.85,1,1
106930.0,0.0329,-0.0873,170.3801,163.1,1,1
106942.0,0.0319,-0.0447,170.3438,156.95,1,1
106952.0,0.0319,-0.0535,171.4442,158.0,1,1
106962.0,0.0308,-0.1309,172.3545,111.15,1,1
106970.0,0.0297,-0.0578,171.9771,170.3,1,1
106980.0,0.0297,-0.0065,172.7954,167.01,1,1
106992.0,0.0286,-0.1036,173.4724,115.4,1,1
107002.0,0.0286,-0.0567,174.0324,147.23,1,1
107012.0,0.0286,-0.0142,174.4957,161.03,1,1
107020.0,0.0286,-0.0044,173.7484,166.69,1,1
107030.0,0.0275,-0.1058,174.2608,112.32,1,1
107042.0,0.0275,-0.0098,175.8151,189.29,1,1
107052.0,0.0275,0.0229,175.9705,174.05,1,1
107062.0,0.0264,-0.0545,176.099,135.22,1,1
107070.0,0.0264,-0.0404,176.2053,140.68,1,1
107080.0,0.0264,-0.0196,176.2933,159.04,1,1
107092.0,0.0264,0.0676,176.3661,193.84,1,1
107103.0,0.0264,-0.0873,176.4263,117.15,1,1
107113.0,0.0264,-0.0033,177.6066,187.11,1,1
107120.0,0.0264,0.0065,177.4525,161.63,1,1
107130.0,0.0264,0.0327,177.325,187.34,1,1
107143.0,0.0253,-0.0731,178.3501,118.02,1,1
107152.0,0.0253,0.0196,178.0676,165.37,1,1
107162.0,0.0264,0.0753,177.8339,198.35,1,1
107170.0,0.0253,-0.0709,178.7711,121.66,1,1
107182.0,0.0264,0.0164,179.5464,195.4,1,1
107193.0,0.0264,0.0327,180.1877,175.59,1,1
107203.0,0.0264,0.0382,180.7183,179.39,1,1
107213.0,0.0264,-0.0731,181.1573,138.23,1,1
107221.0,0.0264,0.0524,181.5204,186.21,1,1
107231.0,0.0275,0.0644,181.8208,197.49,1,1
107243.0,0.0264,-0.0513,182.0694,136.05,1,1
107253.0,0.0264,0.0142,182.2749,176.7,1,1
107263.0,0.0275,0.0545,182.445,193.41,1,1
107271.0,0.0275,0.036,182.5857,184.71,1,1
107281.0,0.0275,-0.0654,182.7021,166.92,1,1
107293.0,0.0275,0.0578,182.7984,192.13,1,1
107303.0,0.0286,0.0774,182.8781,207.48,1,1
107313.0,0.0275,-0.0535,184.0745,138.73,1,1
107321.0,0.0286,0.0284,185.0642,184.85,1,1
107331.0,0.0286,0.0535,184.7525,197.96,1,1
107343.0,0.0286,0.0458,185.6252,209.38,1,1
107354.0,0.0286,-0.0774,186.347,133.69,1,1
107363.0,0.0286,0.0513,185.8138,196.32,1,1
107371.0,0.0297,0.096,186.5031,226.88,1,1
107381.0,0.0286,-0.0687,188.2038,137.29,1,1
107394.0,0.0286,-0.0153,188.4803,164.53,1,1
107404.0,0.0297,0.1069,188.7091,230.39,1,1
107414.0,0.0297,-0.0131,188.8983,170.73,1,1
107421.0,0.0286,-0.1364,189.0548,145.84,1,1
107431.0,0.0297,0.0676,190.3148,206.26,1,1
107444.0,0.0297,0.1025,191.3572,225.09,1,1
107454.0,0.0286,-0.1614,191.089,128.45,1,1
107464.0,0.0286,-0.0251,190.8671,153.5,1,1
107471.0,0.0297,0.1658,191.8141,255.0,1,1
107482.0,0.0286,-0.0982,192.5975,150.06,1,1
107494.0,0.0275,-0.1494,193.2456,85.92,1,1
107504.0,0.0286,0.1004,193.7817,217.19,1,1
107514.0,0.0286,0.0382,194.2253,230.65,1,1
107522.0,0.0264,-0.2902,194.5922,-137.92,1,1
107532.0,0.0264,-0.0033,194.8957,160.18,1,1
107544.0,0.0275,0.1254,196.2773,246.71,1,1
107554.0,0.0253,-0.1909,197.4203,61.67,1,1
107564.0,0.0242,-0.1582,197.2354,74.66,1,1
107572.0,0.0253,0.1789,197.0823,255.0,1,1
107582.0,0.0253,-0.0447,198.0863,141.64,1,1
107595.0,0.0231,-0.2443,198.9168,-172.69,1,1
107604.0,0.0231,0.0513,199.6039,236.93,1,1
107614.0,0.0242,0.0894,200.1722,202.02,1,1
107622.0,0.022,-0.2051,199.5119,-141.14,1,1
107632.0,0.022,-0.0698,200.0962,157.73,1,1
107645.0,0.0231,0.1407,200.5796,237.0,1,1
107655.0,0.022,-0.1091,199.8489,100.56,1,1
107665.0,0.0209,-0.1527,200.375,112.43,1,1
107672.0,0.022,0.1549,200.8102,249.15,1,1
107682.0,0.022,-0.024,201.1702,128.93,1,1
107695.0,0.0209,-0.156,202.5985,126.46,1,1
107705.0,0.0209,0.0535,202.6497,183.99,1,1
107715.0,0.0209,0.0447,201.5615,152.7,1,1
107722.0,0.0209,-0.1276,202.9222,69.69,1,1
107732.0,0.0209,-0.0185,204.0479,174.94,1,1
107745.0,0.0209,0.0284,202.7182,145.56,1,1
107755.0,0.0199,-0.1025,202.7487,78.57,1,1
107765.0,0.0199,0.0109,203.9044,168.07,1,1
107772.0,0.0199,-0.0142,204.8604,123.03,1,1
107783.0,0.0188,-0.0774,205.6514,89.39,1,1
107796.0,0.0199,0.0447,205.1752,171.25,1,1
107805.0,0.0199,-0.0065,204.7813,197.42,1,1
107815.0,0.0188,-0.0654,205.5859,100.82,1,1
107823.0,0.0199,0.0491,206.2515,158.79,1,1
107833.0,0.0199,0.024,205.6717,209.85,1,1
107846.0,0.0188,-0.06,205.192,88.64,1,1
107856.0,0.0199,0.0349,205.9256,144.24,1,1
107866.0,0.0199,0.0404,206.5326,199.22,1,1
107873.0,0.0188,-0.0622,207.0347,90.24,1,1
107883.0,0.0188,0.0055,207.45,136.75,1,1
107896.0,0.0199,0.048,207.7937,173.16,1,1
107906.0,0.0199,-0.0458,208.078,107.24,1,1
107916.0,0.0188,-0.0175,208.3131,213.68,1,1
107923.0,0.0199,0.0458,208.5077,144.77,1,1
107933.0,0.0199,-0.0229,208.6686,114.45,1,1
107946.0,0.0188,-0.0218,208.8018,182.98,1,1
107956.0,0.0199,0.0393,208.9119,204.97,1,1
107966.0,0.0188,-0.0393,210.1336,94.19,1,1
107973.0,0.0188,-0.0229,211.1442,151.29,1,1
107983.0,0.0199,0.0578,210.8497,225.36,1,1
107996.0,0.0188,-0.0393,210.6062,91.22,1,1
108006.0,0.0188,-0.0349,211.5352,118.83,1,1
108016.0,0.0199,0.0633,212.3037,210.71,1,1
108023.0,0.0188,-0.012,211.8089,108.55,1,1
108033.0,0.0188,-0.0829,212.5302,104.08,1,1
108046.0,0.0188,0.0644,213.1268,151.88,1,1
108056.0,0.0188,-0.0087,213.6204,119.11,1,1
108066.0,0.0188,-0.0862,214.0288,159.86,1,1
108073.0,0.0188,0.0371,213.2361,137.12,1,1
108083.0,0.0188,-0.0055,213.7108,119.86,1,1
108097.0,0.0177,-0.0611,214.1035,127.53,1,1
108107.0,0.0188,0.0295,214.4284,208.36,1,1
108117.0,0.0188,-0.0055,214.6972,143.74,1,1
108124.0,0.0177,-0.0371,213.789,132.18,1,1
108134.0,0.0177,-0.0087,214.1682,130.92,1,1
108147.0,0.0177,-0.0087,215.6125,109.37,1,1
108157.0,0.0177,-0.0229,215.6767,173.41,1,1
108167.0,0.0177,0.0,215.7299,112.21,1,1
108174.0,0.0177,-0.0218,216.9043,105.87,1,1
108184.0,0.0177,0.0305,216.7455,217.25,1,1
108197.0,0.0177,0.0305,215.4835,127.34,1,1
108207.0,0.0177,-0.0109,215.57,129.91,1,1
108217.0,0.0188,0.0404,216.7721,171.59,1,1
108224.0,0.0177,-0.0338,217.7666,100.39,1,1
108234.0,0.0177,-0.0109,218.5893,179.29,1,1
108247.0,0.0188,0.0502,218.1394,215.72,1,1
108257.0,0.0177,-0.0382,217.7671,90.34,1,1
108267.0,0.0177,0.0065,218.5897,140.89,1,1
108274.0,0.0188,0.0447,218.1397,230.17,1,1
108284.0,0.0177,-0.0589,218.898,78.24,1,1
108297.0,0.0177,0.0098,219.5252,167.32,1,1
108307.0,0.0177,0.0218,218.9136,123.89,1,1
108317.0,0.0177,-0.0829,219.5382,74.02,1,1
108324.0,0.0177,0.0131,220.0549,174.14,1,1
108334.0,0.0177,0.0295,220.4823,130.89,1,1
108347.0,0.0177,-0.0545,220.8359,99.0,1,1
108357.0,0.0177,0.0065,221.1284,151.66,1,1
108367.0,0.0177,0.0087,221.3704,184.34,1,1
108374.0,0.0166,-0.024,222.7011,154.55,1,1
108384.0,0.0177,0.0196,222.6715,213.9,1,1
108398.0,0.0177,0.0175,222.6469,114.02,1,1
108408.0,0.0166,-0.0338,223.7571,90.19,1,1
108418.0,0.0177,0.0207,223.5451,219.8,1,1
108425.0,0.0177,-0.0055,223.3697,104.91,1,1
108438.0,0.0177,-0.0098,223.2245,162.73,1,1
108448.0,0.0177,0.0469,223.1045,203.97,1,1
108458.0,0.0177,-0.0305,224.1357,90.89,1,1
108468.0,0.0177,-0.0218,224.9887,116.97,1,1
108475.0,0.0177,0.0436,224.5639,255.0,1,1
108485.0,0.0177,-0.0338,225.3431,141.9,1,1
108498.0,0.0166,-0.0229,225.9876,137.01,1,1
108508.0,0.0177,0.0491,225.3903,126.0,1,1
108518.0,0.0166,-0.0807,226.0266,63.69,1,1
108525.0,0.0166,-0.0229,226.5531,240.58,1,1
108535.0,0.0166,0.06,226.9886,125.08,1,1
108548.0,0.0166,-0.0785,227.3489,114.49,1,1
108558.0,0.0166,-0.0262,227.6469,140.77,1,1
108568.0,0.0155,-0.0207,229.024,86.04,1,1
108575.0,0.0155,-0.0513,229.0327,102.14,1,1
108585.0,0.0155,-0.0229,227.9094,222.52,1,1
108598.0,0.0144,-0.0284,228.1107,72.96,1,1
108608.0,0.0144,-0.0535,229.4077,134.82,1,1
108618.0,0.0144,-0.0011,229.3501,90.79,1,1
108625.0,0.0144,-0.0469,229.3025,74.27,1,1
108635.0,0.0133,-0.0567,229.2631,201.0,1,1
108648.0,0.0144,0.0665,229.2305,122.73,1,1
108658.0,0.0133,-0.1036,230.3341,40.21,1,1
108668.0,0.0122,-0.0273,231.247,156.02,1,1
108675.0,0.0122,0.0011,232.0023,88.0,1,1
108685.0,0.0122,-0.0611,231.4966,92.71,1,1
108698.0,0.0122,-0.0098,231.0782,175.19,1,1
108708.0,0.0122,-0.0055,231.8626,83.31,1,1
108719.0,0.0111,-0.0556,231.381,153.82,1,1
108725.0,0.0122,0.0153,230.9826,91.39,1,1
108736.0,0.0111,-0.0251,231.7835,90.98,1,1
108749.0,0.0111,-0.0491,232.4461,98.44,1,1
108759.0,0.0111,0.0589,232.9942,117.8,1,1
108769.0,0.0111,-0.0644,233.4477,113.08,1,1
108776.0,0.0111,-0.0076,232.6923,203.91,1,1
108786.0,0.0111,0.0458,233.1979,100.87,1,1
108799.0,0.0111,-0.0338,233.6162,123.19,1,1
108809.0,0.0111,0.0295,232.8317,97.06,1,1
108819.0,0.0111,0.0076,233.3132,91.91,1,1
108826.0,0.0111,-0.0207,233.7116,190.2,1,1
108836.0,0.0111,0.0524,234.0411,108.19,1,1
108849.0,0.0111,-0.0207,234.3138,143.45,1,1
108859.0,0.0111,0.0185,233.4088,182.87,1,1
108869.0,0.0122,0.0425,232.6601,102.52,1,1
108876.0,0.0122,-0.0185,233.1713,108.15,1,1
108886.0,0.0122,0.0404,233.5941,156.98,1,1
108899.0,0.0122,0.0218,233.944,99.47,1,1
108909.0,0.0122,-0.0196,234.2334,200.38,1,1
108919.0,0.0133,0.0622,234.4728,118.23,1,1
108926.0,0.0133,-0.0087,234.6708,139.6,1,1
108936.0,0.0133,0.0033,234.8347,159.85,1,1
108949.0,0.0133,0.0774,234.9702,127.71,1,1
108959.0,0.0133,-0.0447,235.0824,116.8,1,1
108969.0,0.0133,0.0436,235.1752,215.57,1,1
108976.0,0.0144,0.048,236.3824,174.36,1,1
108986.0,0.0133,-0.0404,237.3811,170.84,1,1
108999.0,0.0144,0.0796,237.0768,122.28,1,1
109009.0,0.0144,-0.0033,236.8251,109.1,1,1
109020.0,0.0144,-0.024,236.6169,82.9,1,1
109026.0,0.0155,0.0818,237.5751,146.23,1,1
109036.0,0.0144,-0.0491,237.2373,129.27,1,1
109050.0,0.0144,0.0229,236.9578,227.52,1,1
109060.0,0.0155,0.0447,237.8572,177.71,1,1
109070.0,0.0155,-0.0251,237.4707,183.29,1,1
109077.0,0.0155,0.0687,238.2814,123.12,1,1
109087.0,0.0155,-0.0196,238.9521,98.64,1,1
109100.0,0.0155,-0.0175,238.3765,93.05,1,1
109110.0,0.0155,0.0589,239.0308,136.8,1,1
109120.0,0.0155,-0.0545,239.572,137.95,1,1
109127.0,0.0155,0.0087,238.8893,112.46,1,1
109137.0,0.0155,0.0338,239.455,194.25,1,1
109150.0,0.0155,-0.0502,239.923,187.89,1,1
109160.0,0.0155,0.0567,240.3102,125.97,1,1
109170.0,0.0155,0.0,240.6305,167.91,1,1
109177.0,0.0155,-0.0055,239.7649,97.75,1,1
109187.0,0.0166,0.0393,240.1794,130.33,1,1
109200.0,0.0155,-0.0262,240.5223,156.56,1,1
109210.0,0.0166,0.0425,240.8059,132.57,1,1
109220.0,0.0166,-0.0033,241.0406,186.48,1,1
109227.0,0.0166,0.0087,241.2347,235.72,1,1
109237.0,0.0166,0.0611,242.5258,129.25,1,1
109250.0,0.0166,-0.0338,242.4634,184.19,1,1
109260.0,0.0166,0.0251,242.4118,111.31,1,1
109270.0,0.0166,0.0076,243.4995,109.84,1,1
109277.0,0.0166,-0.0535,243.2689,120.54,1,1
109287.0,0.0166,0.0709,243.0781,146.87,1,1
109300.0,0.0166,-0.0567,244.0508,165.28,1,1
109310.0,0.0166,-0.0109,243.725,219.17,1,1
109321.0,0.0166,0.0687,243.4554,209.84,1,1
109327.0,0.0166,-0.0644,244.3629,179.06,1,1
109337.0,0.0166,0.0382,245.1137,107.6,1,1
109351.0,0.0166,0.0175,245.7348,146.36,1,1
109361.0,0.0166,-0.0785,245.1181,60.55,1,1
109371.0,0.0166,0.0491,245.7384,131.43,1,1
109377.0,0.0166,-0.0415,246.2516,180.83,1,1
109388.0,0.0166,-0.0142,246.6761,115.92,1,1
109401.0,0.0166,-0.0098,247.0273,177.23,1,1
109411.0,0.0155,-0.0142,246.1874,204.75,1,1
109421.0,0.0166,0.0327,246.623,111.79,1,1
109428.0,0.0155,-0.0447,246.9834,223.27,1,1
109438.0,0.0166,0.0316,247.2816,106.02,1,1
109451.0,0.0166,-0.0011,247.5282,125.89,1,1
109461.0,0.0155,-0.0622,247.7322,213.94,1,1
109471.0,0.0166,0.0545,247.901,117.01,1,1
109478.0,0.0155,-0.0502,248.0406,208.67,1,1
109488.0,0.0155,-0.0109,249.2867,77.92,1,1
109501.0,0.0155,0.0382,249.187,111.98,1,1
109511.0,0.0144,-0.1025,249.1045,100.37,1,1
109521.0,0.0155,0.0644,250.1667,131.55,1,1
109528.0,0.0155,-0.0295,249.915,187.3,1,1
109538.0,0.0144,-0.0393,249.7068,214.23,1,1
109551.0,0.0155,0.0524,249.5345,170.63,1,1
109561.0,0.0144,-0.0535,249.392,237.09,1,1
109571.0,0.0144,0.0098,250.4046,72.38,1,1
109578.0,0.0144,-0.0087,251.2423,84.55,1,1
109588.0,0.0144,-0.0404,251.9353,67.66,1,1
109601.0,0.0144,0.0273,252.5086,109.43,1,1
109611.0,0.0144,-0.0764,251.8524,220.87,1,1
109621.0,0.0144,0.0087,252.44,90.51,1,1
109628.0,0.0144,-0.0044,252.9261,225.25,1,1
109638.0,0.0133,-0.0676,252.1978,101.53,1,1
109651.0,0.0133,0.0164,252.7258,88.33,1,1
109661.0,0.0133,-0.0349,253.1625,222.11,1,1
109672.0,0.0133,-0.0175,253.5238,66.84,1,1
109678.0,0.0133,-0.0098,253.8228,126.28,1,1
109688.0,0.0122,-0.0513,254.07,255.0,1,1
109701.0,0.0122,0.0142,254.2746,85.29,1,1
109711.0,0.0122,-0.0665,254.4438,255.0,1,1
109722.0,0.0111,-0.0218,255.7143,31.96,1,1
109729.0,0.0111,-0.0338,255.6349,40.31,1,1
109739.0,0.01,-0.1178,255.5692,-255.0,1,1
109752.0,0.01,-0.0065,256.6453,104.24,1,1
109762.0,0.0089,-0.0894,256.4051,-76.22,1,1
109772.0,0.0089,-0.072,256.2063,68.1,1,1
109779.0,0.0089,0.0022,256.0419,255.0,1,1
109789.0,0.0089,0.0415,255.9059,95.65,1,1
109802.0,0.0089,-0.0338,255.7933,64.21,1,1
109812.0,0.0079,-0.0742,255.7002,-90.31,1,1
109822.0,0.0079,0.0262,256.7538,98.94,1,1
109829.0,0.0089,0.048,256.4948,244.08,1,1
109839.0,0.0079,-0.0284,256.2805,137.93,1,1
109852.0,0.0089,0.0316,257.2338,186.38,1,1
109862.0,0.0089,0.024,258.0224,212.89,1,1
109872.0,0.0089,0.0065,257.5443,61.05,1,1
109879.0,0.0089,-0.0305,256.0182,130.48,1,1
109889.0,0.0089,0.0305,255.8863,79.75,1,1
109902.0,0.0089,0.0284,256.9077,139.49,1,1
109912.0,0.0089,-0.0589,257.7526,255.0,1,1
109922.0,0.0089,-0.0055,258.4516,50.94,1,1
109929.0,0.0089,0.0338,257.8993,255.0,1,1
109939.0,0.0089,-0.0284,257.4425,20.74,1,1
109952.0,0.0089,-0.0218,258.195,46.78,1,1
109962.0,0.0079,-0.0502,258.8176,30.26,1,1
109972.0,0.0079,-0.0164,259.3326,56.6,1,1
109979.0,0.0079,-0.0491,259.7587,255.0,1,1
109989.0,0.0068,-0.0698,260.1112,-255.0,1,1
110002.0,0.0057,-0.0502,260.4028,56.53,1,1
110012.0,0.0057,-0.0578,260.644,-81.51,1,1
110023.0,0.0046,-0.0578,259.7131,-173.91,1,1
110030.0,0.0046,-0.0207,258.9429,255.0,1,1
110040.0,0.0057,0.0894,259.4363,113.82,1,1
110052.0,0.0057,-0.012,259.8445,227.27,1,1
110062.0,0.0046,-0.1353,259.0516,-254.13,1,1
110073.0,0.0057,0.1647,258.3958,255.0,1,1
110080.0,0.0068,0.0938,258.9837,109.03,1,1
110090.0,0.0068,-0.0273,258.3395,55.51,1,1
110103.0,0.0068,0.0458,257.8066,220.19,1,1
110113.0,0.0089,0.1767,258.4963,160.18,1,1
110123.0,0.0089,0.0633,257.9363,255.0,1,1
110130.0,0.0079,-0.1014,257.4731,-127.75,1,1
110140.0,0.01,0.1418,257.0899,146.75,1,1
110153.0,0.0111,0.1287,256.7728,250.94,1,1
110163.0,0.0111,0.0153,257.6411,87.17,1,1
110173.0,0.0111,-0.0131,258.3593,184.92,1,1
110180.0,0.0122,0.1102,258.9535,255.0,1,1
110190.0,0.0122,0.0425,258.3146,144.37,1,1
110203.0,0.0122,-0.0491,258.9165,255.0,1,1
110213.0,0.0122,0.0491,259.4145,77.95,1,1
110223.0,0.0133,0.0654,259.8264,255.0,1,1
110230.0,0.0122,-0.0742,261.2977,8.24,1,1
110240.0,0.0122,-0.0382,260.2538,43.1,1,1
110253.0,0.0122,0.0,260.5208,255.0,1,1
110263.0,0.0111,-0.0458,261.8722,26.04,1,1
110273.0,0.0111,-0.0709,261.8596,252.42,1,1
110280.0,0.01,-0.0578,261.8492,4.17,1,1
110290.0,0.01,-0.0535,261.8406,33.53,1,1
110303.0,0.0089,-0.1124,262.964,-255.0,1,1
110313.0,0.0079,-0.0764,263.8933,-76.18,1,1
110323.0,0.0079,-0.012,264.6621,255.0,1,1
110330.0,0.0068,-0.0873,264.1677,-255.0,1,1
110341.0,0.0057,-0.0785,263.7586,-72.19,1,1
110353.0,0.0068,0.0382,264.5507,126.27,1,1
110363.0,0.0068,0.0011,262.945,120.4,1,1
110374.0,0.0057,-0.1353,262.7471,-255.0,1,1
110381.0,0.0068,0.1124,262.5834,183.06,1,1
110391.0,0.0079,0.1113,261.3175,255.0,1,1
110403.0,0.0068,-0.0251,261.4007,78.49,1,1
110414.0,0.0079,0.0131,261.4696,255.0,1,1
110424.0,0.01,0.2411,261.5266,200.25,1,1
110431.0,0.0111,0.1156,260.4432,152.22,1,1
110441.0,0.01,-0.1254,260.6774,-108.98,1,1
110454.0,0.01,0.06,260.8712,124.58,1,1
110464.0,0.0111,0.1484,261.0316,255.0,1,1
110474.0,0.0122,0.0305,262.2947,95.64,1,1
110481.0,0.0111,-0.0371,261.0786,65.22,1,1
110491.0,0.0122,0.0698,261.2031,129.43,1,1
110504.0,0.0133,0.0829,262.4366,145.65,1,1
110514.0,0.0122,-0.0622,262.3265,255.0,1,1
110524.0,0.0122,0.0087,262.2355,83.73,1,1
110531.0,0.0133,0.072,262.1602,255.0,1,1
110541.0,0.0133,0.0164,263.2284,82.49,1,1
110554.0,0.0133,-0.0284,264.112,70.37,1,1
110564.0,0.0133,-0.0109,264.8431,87.29,1,1
110574.0,0.0133,0.0349,265.4478,116.76,1,1
110581.0,0.0133,-0.0502,264.8177,255.0,1,1
110591.0,0.0122,-0.0196,265.4268,67.62,1,1
110604.0,0.0122,-0.0196,265.9308,224.03,1,1
110614.0,0.0122,-0.0153,265.2172,65.69,1,1
110624.0,0.0122,-0.0371,265.7573,64.36,1,1
110631.0,0.0111,-0.0524,267.3347,251.86,1,1
110641.0,0.0111,0.0087,267.5091,71.32,1,1
110654.0,0.0111,-0.0611,266.5228,213.76,1,1
110664.0,0.01,-0.0709,266.8375,22.63,1,1
110674.0,0.01,-0.0404,267.0977,216.34,1,1
110682.0,0.0089,-0.0753,267.3131,13.35,1,1
110692.0,0.0089,-0.0469,267.4912,38.97,1,1
110704.0,0.0079,-0.0665,267.6386,33.94,1,1
110714.0,0.0068,-0.0764,268.891,-139.89,1,1
110725.0,0.0057,-0.0993,268.7966,-113.06,1,1
110732.0,0.0057,-0.0556,268.7185,-87.42,1,1
110742.0,0.0046,-0.0545,268.6538,-125.9,1,1
110754.0,0.0046,-0.0785,268.6004,-255.0,1,1
110765.0,0.0046,-0.0175,268.5562,105.24,1,1
110775.0,0.0046,0.0033,268.5196,255.0,1,1
110782.0,0.0046,-0.0098,267.3588,74.03,1,1
110792.0,0.0046,-0.0033,266.3986,255.0,1,1
110805.0,0.0057,0.168,266.7346,144.59,1,1
110815.0,0.0068,0.0894,265.8822,144.66,1,1
110825.0,0.0057,-0.0654,266.3075,-102.31,1,1
110832.0,0.0068,0.0687,266.6593,113.0,1,1
110842.0,0.0079,0.1331,265.8199,255.0,1,1
110855.0,0.0089,0.048,266.2559,89.79,1,1
110865.0,0.0089,0.0033,266.6166,255.0,1,1
110875.0,0.0089,0.0644,266.9151,85.57,1,1
110882.0,0.01,0.0654,267.162,107.72,1,1
110892.0,0.0089,-0.0447,267.3662,255.0,1,1
110905.0,0.01,0.0316,267.5352,75.14,1,1
110915.0,0.01,0.024,267.6749,255.0,1,1
110925.0,0.01,-0.0142,268.9211,35.99,1,1
110932.0,0.0089,-0.0251,268.8214,52.64,1,1
110942.0,0.0089,-0.0862,268.739,-120.57,1,1
110955.0,0.0079,-0.0469,269.8014,62.53,1,1
110965.0,0.0079,-0.0447,270.6802,255.0,1,1
110975.0,0.0068,-0.0698,270.2768,-255.0,1,1
110983.0,0.0068,-0.0502,269.943,62.54,1,1
110993.0,0.0068,-0.0131,270.7974,83.64,1,1
111005.0,0.0057,-0.0589,271.5042,-82.16,1,1
111015.0,0.0046,-0.1113,270.9584,-255.0,1,1
111026.0,0.0046,0.0087,270.5069,185.57,1,1
111033.0,0.0057,0.0829,270.1334,255.0,1,1
111043.0,0.0046,-0.0862,268.6939,-255.0,1,1
111055.0,0.0046,-0.0316,268.6335,155.32,1,1
111065.0,0.0068,0.2007,268.5836,210.35,1,1
111076.0,0.0068,0.1025,268.5423,255.0,1,1
111083.0,0.0057,-0.1789,268.5081,-147.3,1,1
111093.0,0.0068,0.1374,267.3493,255.0,1,1
111105.0,0.01,0.3142,267.5212,239.95,1,1
111116.0,0.0111,0.0665,267.6634,126.44,1,1
111126.0,0.01,-0.096,267.781,-93.64,1,1
111133.0,0.0122,0.2411,267.8783,226.62,1,1
111143.0,0.0133,0.1745,267.9588,255.0,1,1
111156.0,0.0133,-0.0818,269.1559,88.15,1,1
111166.0,0.0133,0.0556,269.0157,255.0,1,1
111176.0,0.0155,0.1625,268.8998,173.78,1,1
111183.0,0.0166,0.1309,269.9344,170.92,1,1
111193.0,0.0144,-0.1767,270.7903,-125.05,1,1
111206.0,0.0155,0.0796,270.3678,153.1,1,1
111216.0,0.0155,0.0545,270.0183,255.0,1,1
111226.0,0.0155,-0.0251,270.8596,85.68,1,1
111233.0,0.0155,-0.0447,271.5557,83.32,1,1
111243.0,0.0155,0.0469,272.1315,135.11,1,1
111256.0,0.0166,0.0818,272.6079,161.7,1,1
111266.0,0.0155,-0.1331,273.002,-87.41,1,1
111276.0,0.0155,0.0175,272.1975,131.85,1,1
111284.0,0.0155,0.048,271.5319,255.0,1,1
111294.0,0.0166,0.0295,272.1118,118.89,1,1
111306.0,0.0155,-0.0556,272.5916,79.14,1,1
111316.0,0.0155,0.0218,272.9885,123.59,1,1
111326.0,0.0166,0.1004,273.3168,195.9,1,1
111334.0,0.0155,-0.108,273.5884,252.23,1,1
111344.0,0.0155,0.0011,273.8131,96.73,1,1
111356.0,0.0166,0.0415,273.9991,255.0,1,1
111366.0,0.0166,0.048,274.1528,116.69,1,1
111376.0,0.0155,-0.0447,274.2801,129.89,1,1
111384.0,0.0155,-0.048,274.3853,220.72,1,1
111394.0,0.0166,0.0458,275.6028,203.61,1,1
111406.0,0.0155,-0.048,276.6101,150.43,1,1
111416.0,0.0144,-0.0469,276.3129,54.82,1,1
111427.0,0.0144,-0.0349,277.1975,192.08,1,1
111434.0,0.0144,-0.0142,277.9293,74.62,1,1
111444.0,0.0144,-0.0785,277.4042,214.7,1,1
111457.0,0.0133,-0.0436,276.9698,51.78,1,1
111467.0,0.0122,-0.012,277.741,255.0,1,1
111477.0,0.0122,-0.0709,278.3789,29.25,1,1
111484.0,0.0122,-0.0131,277.7762,69.76,1,1
111494.0,0.0122,-0.0109,278.4081,255.0,1,1
111507.0,0.0111,-0.0109,278.9308,55.64,1,1
111517.0,0.0111,-0.1113,279.3632,-126.42,1,1
111527.0,0.01,-0.0502,279.7209,52.64,1,1
111534.0,0.01,-0.1058,280.0169,-111.5,1,1
111545.0,0.0089,-0.1004,280.2617,-255.0,1,1
111557.0,0.0079,-0.1004,280.4643,-76.45,1,1
111567.0,0.0068,0.0153,280.6318,138.59,1,1
111577.0,0.0068,-0.1625,279.64,-255.0,1,1
111585.0,0.0068,0.0731,278.8194,163.91,1,1
111595.0,0.0079,0.0633,278.1406,158.04,1,1
111607.0,0.0079,-0.0055,278.7095,255.0,1,1
111617.0,0.01,0.0447,278.0497,120.91,1,1
111627.0,0.0111,0.2247,277.5038,255.0,1,1
111635.0,0.0111,0.0698,278.1827,105.38,1,1
111645.0,0.0111,0.0022,277.6139,81.14,1,1
111657.0,0.0133,0.1385,277.1432,165.71,1,1
111667.0,0.0144,0.0905,276.7539,152.2,1,1
111677.0,0.0144,0.0807,277.5624,255.0,1,1
111685.0,0.0144,0.0404,277.1007,108.74,1,1
111695.0,0.0155,0.084,276.7187,255.0,1,1
111707.0,0.0166,0.0894,277.5332,137.41,1,1
111717.0,0.0166,0.0316,278.2071,184.19,1,1
111728.0,0.0166,0.0633,278.7645,245.06,1,1
111735.0,0.0166,0.0011,278.0952,230.89,1,1
111745.0,0.0177,0.072,278.6719,128.98,1,1
111757.0,0.0177,-0.0207,279.1491,90.22,1,1
111767.0,0.0177,0.0327,279.5438,255.0,1,1
111778.0,0.0177,-0.0524,281.0009,67.12,1,1
111785.0,0.0177,0.0404,282.2063,255.0,1,1
111795.0,0.0177,0.048,282.073,103.82,1,1
111808.0,0.0166,-0.0927,281.9627,255.0,1,1
111818.0,0.0166,-0.0338,283.0019,49.69,1,1
111828.0,0.0166,-0.0458,282.7311,58.66,1,1
111836.0,0.0166,0.0622,282.5071,255.0,1,1
111846.0,0.0155,-0.1724,283.4524,-158.73,1,1
111858.0,0.0144,-0.0654,284.2343,84.22,1,1
111868.0,0.0144,-0.0469,284.8812,63.64,1,1
111878.0,0.0133,-0.012,285.4163,255.0,1,1
111888.0,0.0133,-0.132,285.859,-255.0,1,1
111898.0,0.0122,0.012,286.2253,255.0,1,1
111908.0,0.0111,-0.0349,285.3977,49.31,1,1
111918.0,0.0111,-0.1287,284.7132,-210.17,1,1
111928.0,0.0122,-0.0142,285.2773,93.61,1,1
111936.0,0.0122,0.0491,285.744,168.89,1,1
111946.0,0.0122,-0.0033,284.9996,236.55,1,1
111958.0,0.0133,-0.0927,284.3838,193.83,1,1
111968.0,0.0133,0.264,285.0049,214.18,1,1
111978.0,0.0122,-0.0676,284.3881,53.27,1,1
111986.0,0.0122,-0.0742,285.0084,255.0,1,1
111996.0,0.0122,0.0229,285.5216,82.22,1,1
112008.0,0.0144,0.1418,284.8156,255.0,1,1
112018.0,0.0133,0.0993,285.3621,105.64,1,1
112028.0,0.0133,-0.1571,285.8141,-164.37,1,1
112036.0,0.0133,0.0207,286.1881,94.24,1,1
112046.0,0.0144,0.06,286.4975,183.94,1,1
112058.0,0.0133,0.0927,286.7535,216.65,1,1
112068.0,0.0144,-0.1156,286.9652,36.38,1,1
112079.0,0.0144,0.0785,287.1404,141.42,1,1
112086.0,0.0144,-0.0404,286.1548,88.12,1,1
112096.0,0.0144,0.0382,286.4699,255.0,1,1
112108.0,0.0144,-0.0371,287.8612,64.87,1,1
112119.0,0.0144,0.0393,287.8816,255.0,1,1
112129.0,0.0144,0.036,287.8985,89.05,1,1
112137.0,0.0144,-0.06,287.9124,54.7,1,1
112147.0,0.0144,0.0218,287.924,104.5,1,1
112159.0,0.0144,-0.0393,289.0641,255.0,1,1
112169.0,0.0133,0.0491,290.0072,104.16,1,1
112179.0,0.0144,-0.1014,289.657,43.28,1,1
112187.0,0.0144,0.0687,289.3672,136.38,1,1
112197.0,0.0133,-0.1004,290.258,54.12,1,1
112209.0,0.0122,-0.0185,290.9949,255.0,1,1
112219.0,0.0122,-0.0567,290.474,47.96,1,1
112229.0,0.0122,0.0229,291.1736,179.5,1,1
112237.0,0.0122,-0.036,291.7524,65.51,1,1
112247.0,0.0122,-0.0644,292.2312,236.91,1,1
112259.0,0.0111,-0.0371,292.6273,52.5,1,1
112269.0,0.0111,-0.06,292.9549,255.0,1,1
112279.0,0.01,0.0524,293.226,75.54,1,1
112287.0,0.01,-0.1658,292.3198,-218.01,1,1
112297.0,0.0089,-0.024,292.7005,64.02,1,1
112309.0,0.0089,-0.0971,293.0155,-114.02,1,1
112319.0,0.0079,0.0185,293.2762,94.41,1,1
112329.0,0.0079,-0.1025,293.4918,-255.0,1,1
112337.0,0.0079,0.0676,292.5396,146.97,1,1
112347.0,0.0068,-0.1167,292.8824,-197.81,1,1
112359.0,0.0079,0.0665,293.166,255.0,1,1
112369.0,0.0089,0.0273,292.2701,104.59,1,1
112380.0,0.01,0.1167,291.529,255.0,1,1
112387.0,0.01,0.0633,290.9159,113.86,1,1
112398.0,0.0111,0.1484,290.4087,255.0,1,1
112409.0,0.0122,0.0676,289.9891,119.59,1,1
112420.0,0.0144,0.048,290.7724,255.0,1,1
112430.0,0.0155,0.2193,291.4205,191.33,1,1
112438.0,0.0155,0.0371,290.8261,111.62,1,1
112448.0,0.0155,0.096,290.3344,150.17,1,1
112460.0,0.0177,0.0262,291.0581,180.7,1,1
112470.0,0.0177,0.1636,291.6568,255.0,1,1
112480.0,0.0188,-0.0022,292.1521,115.91,1,1
112488.0,0.0188,0.0774,292.5618,162.89,1,1
112498.0,0.0188,0.06,292.9008,159.89,1,1
112510.0,0.0199,0.0665,293.1812,255.0,1,1
112520.0,0.0199,0.0065,292.2827,108.57,1,1
112530.0,0.0209,0.024,293.8004,255.0,1,1
112538.0,0.0209,0.1614,295.056,192.45,1,1
112549.0,0.0209,-0.0818,294.9641,208.56,1,1
112560.0,0.0209,0.0284,294.8882,126.85,1,1
112570.0,0.0209,-0.0371,294.8253,255.0,1,1
112580.0,0.0209,0.1898,295.9038,189.41,1,1
112588.0,0.0209,-0.1604,296.796,28.0,1,1
112598.0,0.0209,0.0873,296.4036,162.52,1,1
112610.0,0.0209,-0.0742,296.079,225.45,1,1
112620.0,0.0209,0.1091,296.941,171.06,1,1
112630.0,0.0209,-0.108,297.6541,71.8,1,1
112638.0,0.0209,0.0949,298.244,180.67,1,1
112649.0,0.0209,-0.0622,298.732,108.08,1,1
112660.0,0.0209,0.0185,299.1357,255.0,1,1
112670.0,0.0209,-0.0229,299.4697,111.85,1,1
112680.0,0.0209,0.0218,299.746,142.15,1,1
112689.0,0.0209,0.0142,299.9745,144.68,1,1
112699.0,0.0209,-0.0578,300.1636,255.0,1,1
112710.0,0.0209,0.036,300.3201,130.12,1,1
112720.0,0.0209,-0.0436,300.4495,217.78,1,1
112731.0,0.0209,0.1407,300.5565,185.18,1,1
112739.0,0.0209,-0.1844,300.6451,-119.89,1,1
112750.0,0.0209,0.0436,300.7184,154.0,1,1
112761.0,0.0209,-0.0709,301.9095,255.0,1,1
112771.0,0.0199,0.1942,302.8949,201.83,1,1
112781.0,0.0209,-0.2073,302.5796,-136.72,1,1
112789.0,0.0209,0.1407,302.3187,198.92,1,1
112799.0,0.0209,-0.1233,303.2334,255.0,1,1
112811.0,0.0199,0.1091,302.8596,160.95,1,1
112821.0,0.0209,-0.1244,302.5504,59.07,1,1
112831.0,0.0209,0.2225,303.425,241.13,1,1
112839.0,0.0209,-0.1353,304.1486,233.55,1,1
112850.0,0.0209,-0.0338,304.7473,103.47,1,1
112861.0,0.0209,-0.0633,304.1119,97.32,1,1
112871.0,0.0209,0.2083,304.7169,240.22,1,1
112881.0,0.0199,-0.0731,305.2174,200.3,1,1
112890.0,0.0199,-0.1364,304.5009,129.34,1,1
112900.0,0.0199,0.0,305.0387,255.0,1,1
112911.0,0.0209,0.1276,306.6141,168.47,1,1
112921.0,0.0199,-0.0295,306.7868,97.54,1,1
112931.0,0.0199,-0.1571,306.9297,43.3,1,1
112940.0,0.0199,0.0284,308.1785,255.0,1,1
112950.0,0.0199,0.0098,308.081,115.9,1,1
112961.0,0.0188,0.0338,308.0004,133.38,1,1
112971.0,0.0188,-0.1396,309.0642,255.0,1,1
112981.0,0.0177,0.0065,308.8138,203.07,1,1
112990.0,0.0177,-0.0862,308.6066,77.73,1,1
113000.0,0.0188,0.0731,309.5657,139.76,1,1
113011.0,0.0166,-0.1353,310.3592,37.65,1,1
113021.0,0.0166,-0.0436,311.0155,123.51,1,1
113032.0,0.0177,-0.0949,310.428,191.63,1,1
113040.0,0.0177,0.156,309.942,189.14,1,1
113050.0,0.0155,-0.1909,310.6705,-255.0,1,1
113061.0,0.0144,-0.0109,311.2731,131.25,1,1
113072.0,0.0166,-0.0731,311.7716,255.0,1,1
113082.0,0.0144,0.144,311.0535,183.37,1,1
113090.0,0.0144,-0.1593,310.4595,-255.0,1,1
113100.0,0.0166,0.1931,311.0985,245.16,1,1
113112.0,0.0155,-0.0916,310.4967,255.0,1,1
113122.0,0.0166,-0.0175,309.9988,111.67,1,1
113132.0,0.0209,0.0578,310.7175,172.37,1,1
113140.0,0.0209,0.5007,310.1815,255.0,1,1
113151.0,0.0177,-0.1549,309.738,-95.56,1,1
113162.0,0.0188,-0.2171,310.5017,-255.0,1,1
113172.0,0.022,0.0982,311.1335,255.0,1,1
113182.0,0.022,0.5301,310.5256,255.0,1,1
113191.0,0.022,-0.0796,310.0228,255.0,1,1
113201.0,0.0209,-0.1407,310.7373,53.52,1,1
113212.0,0.0264,0.1898,311.3284,255.0,1,1
113222.0,0.0253,0.4276,310.6869,255.0,1,1
113232.0,0.0242,-0.1385,310.1561,255.0,1,1
113241.0,0.0242,-0.0207,310.8476,91.95,1,1
113251.0,0.0297,0.1484,311.4196,255.0,1,1
113262.0,0.0286,-0.1418,311.8928,41.62,1,1
113272.0,0.0286,-0.0393,312.2843,255.0,1,1
113282.0,0.0286,0.0742,312.6082,140.52,1,1
113291.0,0.0286,0.0742,314.0066,255.0,1,1
113301.0,0.0329,0.3785,315.1635,255.0,1,1
113312.0,0.0308,-0.024,314.99,255.0,1,1
113322.0,0.0308,-0.0229,314.8465,89.08,1,1
113333.0,0.0351,0.3785,315.8583,255.0,1,1
113341.0,0.0351,0.3785,316.6953,255.0,1,1
113352.0,0.0329,-0.1658,317.3878,38.9,1,1
113362.0,0.0319,-0.0327,317.9606,119.84,1,1
113372.0,0.0351,0.3491,318.4345,255.0,1,1
113383.0,0.0329,-0.2116,319.9571,12.33,1,1
113391.0,0.0329,-0.2116,320.0861,31.85,1,1
113401.0,0.0329,-0.0055,320.1929,150.55,1,1
113413.0,0.0362,0.2716,321.4117,255.0,1,1
113423.0,0.034,-0.1844,321.2895,50.61,1,1
113433.0,0.0351,0.1331,321.1884,229.16,1,1
113442.0,0.034,0.1331,322.2353,237.44,1,1
113452.0,0.0362,-0.0982,321.9708,255.0,1,1
113463.0,0.0351,-0.1047,321.752,107.84,1,1
113473.0,0.0373,0.2378,322.7016,255.0,1,1
113483.0,0.0362,-0.144,323.4871,156.01,1,1
113492.0,0.0362,-0.144,324.1369,255.0,1,1
113502.0,0.0373,0.1931,325.805,255.0,1,1
113513.0,0.0395,0.2563,326.0544,255.0,1,1
113523.0,0.0384,-0.1931,326.2608,248.36,1,1
113533.0,0.0395,0.1429,327.562,255.0,1,1
113542.0,0.0384,0.1429,327.508,255.0,1,1
113552.0,0.0406,-0.0654,327.4633,135.4,1,1
113563.0,0.0395,-0.1745,328.5568,255.0,1,1
113573.0,0.0395,0.0393,329.4614,181.63,1,1
113583.0,0.0395,0.0055,330.2098,255.0,1,1
113592.0,0.0395,0.0055,331.9594,159.57,1,1
113602.0,0.0395,0.1047,332.2764,255.0,1,1
113613.0,0.0384,-0.0709,332.5386,103.86,1,1
113623.0,0.0406,0.1713,333.886,255.0,1,1
113633.0,0.0395,-0.0633,333.8701,135.97,1,1
113642.0,0.0395,-0.0633,333.857,255.0,1,1
113653.0,0.0384,0.0109,334.9767,150.01,1,1
113663.0,0.0417,0.2356,335.903,255.0,1,1
113673.0,0.0395,-0.1582,336.6692,133.31,1,1
113684.0,0.0406,0.0971,337.3031,255.0,1,1
113693.0,0.0406,0.0971,337.8276,255.0,1,1
113703.0,0.0417,-0.1069,338.2614,102.23,1,1
113714.0,0.0406,-0.1331,338.6203,255.0,1,1
113724.0,0.0417,0.0884,338.9172,195.76,1,1
113734.0,0.0406,-0.0644,339.1628,255.0,1,1
113743.0,0.0417,-0.0644,339.366,131.31,1,1
113753.0,0.0417,0.1233,340.6646,255.0,1,1
113764.0,0.0417,-0.0469,341.7389,119.43,1,1
113774.0,0.0428,0.1265,341.4971,233.09,1,1
113784.0,0.0428,-0.0393,342.4276,209.38,1,1
113793.0,0.0439,-0.0393,343.1974,255.0,1,1
113803.0,0.0428,0.1778,343.8342,255.0,1,1
113814.0,0.0449,0.2269,344.361,255.0,1,1
113824.0,0.0449,-0.0545,344.7968,255.0,1,1
113834.0,0.046,0.1549,345.1574,255.0,1,1
113843.0,0.046,0.1549,345.4557,255.0,1,1
113854.0,0.0471,0.0873,346.8329,252.57,1,1
113864.0,0.0482,0.0709,346.8417,255.0,1,1
113874.0,0.0482,-0.0087,347.9796,187.09,1,1
113884.0,0.0493,0.1396,348.9209,255.0,1,1
113893.0,0.0482,0.1396,349.6996,255.0,1,1
113903.0,0.0504,-0.0567,351.4743,174.88,1,1
113914.0,0.0504,-0.0262,351.812,208.33,1,1
113924.0,0.0515,0.1473,352.0913,255.0,1,1
113934.0,0.0515,-0.0305,352.3224,255.0,1,1
113944.0,0.0515,-0.0305,353.6441,185.99,1,1
113954.0,0.0537,0.2247,354.7375,255.0,1,1
113964.0,0.0537,0.0,354.5115,255.0,1,1
113974.0,0.0548,0.0949,355.455,205.15,1,1
113985.0,0.0559,0.0524,356.2356,248.69,1,1
113994.0,0.0591,0.0524,356.8814,253.46,1,1
114004.0,0.0591,-0.012,357.4156,255.0,1,1
114015.0,0.0602,0.0971,357.8575,255.0,1,1
114025.0,0.0624,0.2531,359.3536,255.0,1,1
114035.0,0.0635,0.1604,360.5913,255.0,1,1
114044.0,0.0657,0.1604,360.4847,255.0,1,1
114054.0,0.0668,0.0622,360.3965,255.0,1,1
114065.0,0.07,0.3512,361.4541,255.0,1,1
114075.0,0.0711,0.144,362.329,255.0,1,1
114085.0,0.0733,0.2411,364.1832,255.0,1,1
114094.0,0.0755,0.2411,365.7172,255.0,1,1
114104.0,0.0777,0.2018,365.8558,255.0,1,1
114115.0,0.082,0.4189,365.9704,255.0,1,1
114125.0,0.0842,0.1996,367.1956,255.0,1,1
114135.0,0.0875,0.396,368.2093,255.0,1,1
114144.0,0.0908,0.3054,367.9174,255.0,1,1
114155.0,0.0951,0.42,368.8063,255.0,1,1
114165.0,0.0995,0.4549,370.6723,255.0,1,1
114175.0,0.1028,0.3742,372.2159,255.0,1,1
114185.0,0.1082,0.5978,372.3624,255.0,1,1
114195.0,0.1137,0.5007,372.4836,255.0,1,1
114205.0,0.1202,0.6741,373.7144,255.0,1,1
114215.0,0.1257,0.6447,374.7325,255.0,1,1
114225.0,0.1322,0.6458,375.5748,255.0,1,1
114235.0,0.1409,0.889,376.2717,255.0,1,1
114245.0,0.1486,0.8007,376.8481,255.0,1,1
114255.0,0.1584,1.021,377.325,255.0,1,1
114265.0,0.1682,1.0003,378.8501,255.0,1,1
114275.0,0.178,1.0439,380.1117,255.0,0,1
114286.0,0.1911,1.3341,381.1554,255.0,0,1
114295.0,0.2042,1.321,380.8883,255.0,0,1
114305.0,0.2184,1.5228,380.6674,255.0,0,1
114316.0,0.2347,1.6482,381.6151,255.0,0,1
114326.0,0.2511,1.6341,381.2686,255.0,0,1
114336.0,0.2675,1.7006,382.1125,255.0,0,1
114345.0,0.2817,1.5283,382.8106,255.0,0,1
114356.0,0.2937,1.2654,382.2576,255.0,0,1
114366.0,0.3067,1.2937,382.9306,255.0,0,1
114376.0,0.3133,0.6949,383.4874,255.0,0,1
114386.0,0.3176,0.4265,383.948,255.0,0,1
114395.0,0.3166,0.4265,384.3291,255.0,0,1
114406.0,0.31,-0.6381,384.6443,255.0,0,1
114416.0,0.3024,-0.8138,384.9051,255.0,0,1
114426.0,0.2915,-1.1246,383.9904,255.0,0,1
114436.0,0.2893,-0.2716,384.3641,255.0,0,1
114446.0,0.2893,0.0142,384.6733,255.0,0,1
114456.0,0.286,-0.3425,383.7986,255.0,0,1
114466.0,0.2827,-0.3087,384.2055,255.0,0,1
114476.0,0.2784,-0.4527,384.5421,255.0,0,1
114486.0,0.274,-0.4821,383.69,255.0,0,1
114496.0,0.2686,-0.5149,382.9851,255.0,0,1
114506.0,0.2631,-0.6272,382.4019,255.0,0,1
114516.0,0.2598,-0.3294,383.05,255.0,0,1
114526.0,0.2566,-0.3611,383.5862,255.0,0,1
114536.0,0.2533,-0.3207,382.8992,255.0,0,1
114546.0,0.2522,-0.1276,382.3309,255.0,0,1
114556.0,0.25,-0.168,381.8608,255.0,0,1
114566.0,0.2511,0.0687,382.6024,255.0,0,1
114576.0,0.25,-0.024,382.0854,255.0,0,1
114587.0,0.25,-0.0033,381.6577,255.0,0,1
114596.0,0.2522,0.1614,382.4343,255.0,0,1
114606.0,0.2533,0.0905,381.9463,255.0,0,1
114617.0,0.2555,0.2629,381.5426,255.0,0,1
114627.0,0.2577,0.2498,381.2087,255.0,0,1
114637.0,0.2598,0.18,380.9324,255.0,0,1
114647.0,0.2631,0.3632,380.7038,255.0,0,1
114657.0,0.2653,0.1658,380.5147,255.0,0,1
114667.0,0.2675,0.2782,380.3583,255.0,0,1
114677.0,0.2697,0.1789,380.2289,255.0,0,1
114687.0,0.2697,0.0393,380.1219,255.0,0,1
114697.0,0.2707,0.1516,380.0333,255.0,0,1
114707.0,0.2707,-0.0513,379.96,255.0,0,1
114717.0,0.2707,-0.0055,379.8994,255.0,0,1
114727.0,0.2697,-0.0556,379.8492,255.0,0,1
114737.0,0.2686,-0.2018,379.8078,255.0,0,1
114747.0,0.2675,-0.0349,379.7734,255.0,0,1
114757.0,0.2653,-0.2378,378.6146,255.0,0,1
114767.0,0.2642,-0.1331,378.7863,255.0,0,1
114777.0,0.2631,-0.156,380.059,255.0,0,1
114787.0,0.2609,-0.2051,378.8507,255.0,0,1
114797.0,0.2609,-0.0076,377.8512,255.0,0,1
114807.0,0.2598,-0.144,378.1549,255.0,0,1
114817.0,0.2598,0.012,378.4061,255.0,0,1
114827.0,0.2598,0.0142,378.6139,255.0,0,1
114837.0,0.2587,-0.0305,377.6552,255.0,0,1
114847.0,0.2587,0.0087,376.8622,255.0,0,1
114857.0,0.2587,0.0087,377.3367,255.0,0,1
114867.0,0.2609,0.1331,377.7292,255.0,0,1
114877.0,0.262,0.1134,378.0539,255.0,0,1
114888.0,0.262,0.0349,377.192,255.0,0,1
114898.0,0.262,-0.0131,376.479,255.0,0,1
114908.0,0.262,-0.0131,377.0197,255.0,0,1
114918.0,0.2631,0.1254,377.4669,255.0,0,1
114928.0,0.262,-0.0393,376.7065,255.0,0,1
114938.0,0.2631,0.0687,376.0773,255.0,0,1
114948.0,0.262,-0.12,376.6873,255.0,0,1
114958.0,0.262,0.0153,376.0615,255.0,0,1
114968.0,0.2609,-0.0785,375.5438,255.0,0,1
114978.0,0.2598,-0.1494,376.246,255.0,0,1
114988.0,0.2598,0.0207,375.6964,255.0,0,1
114998.0,0.2587,-0.1909,375.2417,255.0,0,1
115008.0,0.2587,0.012,374.8656,255.0,0,1
115018.0,0.2577,-0.0927,374.5544,255.0,0,1
115028.0,0.2566,-0.0742,375.4275,255.0,0,1
115038.0,0.2566,0.0262,376.1497,255.0,0,0
115048.0,0.2566,-0.0949,375.6168,255.0,0,0
115058.0,0.2577,0.1134,374.0453,255.0,0,0
115068.0,0.2566,-0.0164,373.8759,255.0,0,0
115078.0,0.2577,0.0262,374.8661,255.0,0,0
115088.0,0.2587,0.1451,374.5549,255.0,0,0
115098.0,0.2587,-0.0382,374.2974,255.0,0,0
115108.0,0.2598,0.1614,374.0843,255.0,0,0
115119.0,0.2598,0.0076,373.9081,255.0,0,0
115129.0,0.2609,0.0764,373.7623,255.0,0,0
115139.0,0.2609,0.0545,372.5112,255.0,0,0
115149.0,0.2609,-0.0502,372.6067,255.0,0,0
115159.0,0.262,0.12,372.6857,255.0,0,0
115169.0,0.2609,-0.1014,372.7511,255.0,0,0
115179.0,0.2609,0.0196,372.8051,255.0,0,0
115189.0,0.2609,-0.0535,372.8499,255.0,0,0
115199.0,0.2598,-0.0993,372.8869,255.0,0,0
115209.0,0.2598,0.0229,371.787,255.0,0,0
115219.0,0.2587,-0.1418,372.0076,255.0,0,0
115229.0,0.2587,0.036,372.19,255.0,0,0
115239.0,0.2577,-0.0807,372.341,255.0,0,0
115249.0,0.2577,-0.0709,372.4659,255.0,0,0
115259.0,0.2577,0.0524,371.4388,255.0,0,0
115269.0,0.2566,-0.1287,371.7195,255.0,0,0
115279.0,0.2577,0.0905,371.9517,255.0,0,0
115289.0,0.2566,-0.0491,371.0134,255.0,0,0
115299.0,0.2577,0.0382,370.2371,255.0,0,0
115309.0,0.2577,0.06,369.5949,255.0,0,0
115319.0,0.2577,-0.0469,370.1942,255.0,0,0
115330.0,0.2587,0.1658,370.6899,255.0,0,0
115340.0,0.2587,-0.0491,371.1,255.0,0,0
115350.0,0.2598,0.0938,370.3087,255.0,0,0
115360.0,0.2598,0.024,369.6541,255.0,0,0
115370.0,0.2598,-0.012,370.2431,255.0,0,0
115380.0,0.2598,0.0665,369.5999,255.0,0,0
115390.0,0.2598,-0.0949,369.0678,255.0,0,0
115400.0,0.2598,0.0731,368.6276,255.0,0,0
115410.0,0.2598,-0.0742,368.2634,255.0,0,0
115420.0,0.2587,-0.0382,369.0926,255.0,0,0
115430.0,0.2587,0.0185,369.7786,255.0,0,0
115440.0,0.2577,-0.12,369.2156,255.0,0,0
115450.0,0.2587,0.0567,368.7499,255.0,0,0
115460.0,0.2577,-0.1134,368.3646,255.0,0,0
115470.0,0.2577,0.0284,368.0458,255.0,0,0
115480.0,0.2577,-0.0349,367.7822,255.0,0,0
115490.0,0.2566,-0.0578,367.564,255.0,0,0
115500.0,0.2577,0.0764,367.3835,255.0,0,0
115510.0,0.2566,-0.1069,367.2342,255.0,0,0
115520.0,0.2577,0.108,367.1107,255.0,0,0
115530.0,0.2577,-0.0295,367.0085,255.0,0,0
115540.0,0.2577,0.0393,366.924,255.0,0,0
115551.0,0.2577,0.0436,366.8541,255.0,0,0
115561.0,0.2577,-0.0469,366.7963,255.0,0,0
115571.0,0.2587,0.1451,366.7484,255.0,0,0
115581.0,0.2587,-0.0873,366.7088,255.0,0,0
115591.0,0.2587,0.0753,366.6761,255.0,0,0
115601.0,0.2587,-0.0251,366.649,255.0,0,0
115611.0,0.2587,-0.0044,366.6266,255.0,0,0
115621.0,0.2587,0.0415,366.608,255.0,0,0
115631.0,0.2577,-0.108,366.5927,255.0,0,0
115641.0,0.2587,0.1004,365.4495,255.0,0,0
115651.0,0.2577,-0.1134,364.5038,255.0,0,0
115661.0,0.2577,0.0109,364.8519,255.0,0,0
115671.0,0.2577,-0.0196,365.1399,255.0,0,0
115682.0,0.2577,-0.0687,365.3781,255.0,0,0
115691.0,0.2577,0.0458,365.5752,255.0,0,0
115701.0,0.2566,-0.12,365.7383,255.0,0,0
115712.0,0.2577,0.0807,364.7426,255.0,0,0
115722.0,0.2566,-0.0611,363.919,255.0,0,0
115732.0,0.2566,0.0098,364.3681,255.0,0,0
115741.0,0.2566,0.0425,363.6092,255.0,0,0
115751.0,0.2566,-0.0698,362.9813,255.0,0,0
115762.0,0.2577,0.1134,363.5924,255.0,0,0
115772.0,0.2566,-0.0785,364.0979,255.0,0,0
115782.0,0.2577,0.1004,364.5162,255.0,0,0
115792.0,0.2577,-0.0284,363.7317,255.0,0,0
115802.0,0.2577,0.0142,363.0826,255.0,0,0
115812.0,0.2577,0.0567,362.5457,255.0,0,0
115822.0,0.2577,-0.0818,362.1015,255.0,0,0
115832.0,0.2587,0.1134,362.8646,255.0,0,0
115842.0,0.2577,-0.0971,363.4958,255.0,0,0
115852.0,0.2577,0.0709,362.8875,255.0,0,0
115863.0,0.2577,-0.048,362.3843,255.0,0,0
115873.0,0.2577,-0.0316,363.0985,255.0,0,0
115883.0,0.2577,0.0502,362.5588,255.0,0,0
115892.0,0.2566,-0.1298,362.1124,255.0,0,0
115902.0,0.2577,0.0982,361.7431,255.0,0,0
115913.0,0.2566,-0.1156,361.4375,255.0,0,0
115923.0,0.2566,0.0654,361.1848,255.0,0,0
115933.0,0.2566,-0.0513,360.9756,255.0,0,0
115942.0,0.2566,-0.0196,361.9332,255.0,0,0
115952.0,0.2566,0.0556,361.5948,255.0,0,0
115963.0,0.2555,-0.1167,360.1844,255.0,0,0
115973.0,0.2566,0.1254,360.1481,255.0,0,0
115983.0,0.2566,-0.0905,360.118,255.0,0,0
115992.0,0.2566,0.0949,360.0932,255.0,0,0
116002.0,0.2566,-0.0447,360.0726,255.0,0,0
116014.0,0.2566,0.0,360.0556,255.0,0,0
116023.0,0.2566,0.0185,360.0416,255.0,0,0
116034.0,0.2555,-0.1604,358.8994,255.0,0,0
116043.0,0.2555,0.0545,359.0851,255.0,0,0
116053.0,0.2544,-0.1669,359.2386,255.0,0,0
116064.0,0.2544,0.0055,359.3657,255.0,0,0
116074.0,0.2533,-0.1189,359.4708,255.0,0,0
116084.0,0.2522,-0.036,358.4272,255.0,0,0
116093.0,0.2522,-0.0033,357.5639,255.0,0,0
116103.0,0.2522,-0.0774,357.9802,255.0,0,0
116114.0,0.2533,0.1342,358.3246,255.0,0,0
116124.0,0.2533,-0.0338,357.479,255.0,0,0
116134.0,0.2544,0.1614,357.91,255.0,0,0
116143.0,0.2544,0.0436,358.2665,255.0,0,0
116153.0,0.2555,0.1178,357.431,255.0,0,0
116164.0,0.2566,0.1113,356.7397,255.0,0,0
116174.0,0.2577,0.0284,357.2985,255.0,0,0
116184.0,0.2587,0.1789,357.7606,255.0,0,0
116193.0,0.2587,-0.072,357.0125,255.0,0,0
116203.0,0.2598,0.1429,356.3935,255.0,0,0
116215.0,0.2587,-0.0774,355.8815,255.0,0,0
116225.0,0.2587,0.0196,355.4579,255.0,0,0
116235.0,0.2587,-0.0709,356.238,255.0,0,0
116243.0,0.2577,-0.0905,356.8834,255.0,0,0
116253.0,0.2577,-0.0098,356.2867,255.0,0,0
116265.0,0.2555,-0.1876,355.7931,255.0,0,0
116275.0,0.2566,0.0305,355.3848,255.0,0,0
116285.0,0.2544,-0.1734,355.047,255.0,0,0
116294.0,0.2544,0.0087,354.7676,255.0,0,0
116304.0,0.2533,-0.0753,354.5364,255.0,0,0
116315.0,0.2533,-0.0065,355.4756,255.0,0,0
116325.0,0.2544,0.0305,355.1221,255.0,0,0
116335.0,0.2533,-0.0502,354.8297,255.0,0,0
116344.0,0.2544,0.1364,355.7183,255.0,0,0
116354.0,0.2544,-0.084,355.3229,255.0,0,0
116366.0,0.2555,0.1647,354.9958,255.0,0,0
116375.0,0.2555,-0.0098,354.7252,255.0,0,0
116385.0,0.2566,0.108,354.5013,255.0,0,0
116394.0,0.2566,0.0415,353.1857,255.0,0,0
116404.0,0.2577,0.036,353.2277,255.0,0,0
116416.0,0.2587,0.0851,353.2625,255.0,0,0
116426.0,0.2577,-0.0818,353.2913,255.0,0,0
116436.0,0.2587,0.1287,353.3151,255.0,0,0
116444.0,0.2577,-0.1178,352.2043,255.0,0,0
116454.0,0.2577,0.0665,352.4159,255.0,0,0
116466.0,0.2577,-0.1047,352.5909,255.0,0,0
116476.0,0.2577,0.0033,352.7357,255.0,0,0
116486.0,0.2566,-0.0622,352.8555,255.0,0,0
116494.0,0.2555,-0.0905,352.9546,255.0,0,0
116504.0,0.2566,0.036,353.0365,255.0,0,0
116516.0,0.2544,-0.1582,353.1043,255.0,0,0
116526.0,0.2555,0.1025,352.0299,255.0,0,0
116536.0,0.2544,-0.1331,351.1411,255.0,0,0
116545.0,0.2555,0.0764,351.5363,255.0,0,0
116555.0,0.2544,-0.0458,351.8633,255.0,0,0
116567.0,0.2555,0.0524,352.1337,255.0,0,0
116577.0,0.2555,0.0305,351.227,255.0,0,0
116587.0,0.2555,-0.0207,350.4769,255.0,0,0
116595.0,0.2566,0.1418,350.9868,255.0,0,0
116605.0,0.2555,-0.084,351.4087,255.0,0,0
116617.0,0.2577,0.1669,350.6272,255.0,0,0
116627.0,0.2566,-0.06,349.9807,255.0,0,0
116637.0,0.2577,0.1254,350.5763,255.0,0,0
116645.0,0.2577,-0.0469,349.9386,255.0,0,0
116655.0,0.2577,0.0513,349.411,255.0,0,0
116667.0,0.2577,-0.0098,350.1051,255.0,0,0
116677.0,0.2577,-0.0633,350.6792,255.0,0,0
116687.0,0.2577,0.0698,350.0237,255.0,0,0
116695.0,0.2566,-0.1549,349.4815,255.0,0,0
116705.0,0.2577,0.0818,350.1634,255.0,0,0
116717.0,0.2555,-0.144,349.597,255.0,0,0
116727.0,0.2566,0.0545,349.1284,255.0,0,0
116738.0,0.2555,-0.0873,348.7408,255.0,0,0
116745.0,0.2555,0.0207,348.4201,255.0,0,0
116755.0,0.2555,-0.0425,348.1548,255.0,0,0
116767.0,0.2555,-0.0327,347.9353,255.0,0,0
116777.0,0.2555,0.0818,348.8842,255.0,0,0
116787.0,0.2544,-0.1124,348.5388,255.0,0,0
116795.0,0.2566,0.1484,348.253,255.0,0,0
116806.0,0.2555,-0.108,348.0166,255.0,0,0
116818.0,0.2566,0.132,347.821,255.0,0,0
116828.0,0.2555,-0.0589,347.6592,255.0,0,0
116838.0,0.2566,0.0829,347.5253,255.0,0,0
116846.0,0.2566,-0.0131,347.4146,255.0,0,0
116856.0,0.2566,0.0251,347.323,255.0,0,0
116868.0,0.2577,0.0404,347.2472,255.0,0,0
116878.0,0.2566,-0.0796,347.1845,255.0,0,0
116888.0,0.2577,0.1222,347.1326,255.0,0,0
116896.0,0.2566,-0.1353,345.9592,255.0,0,0
116906.0,0.2577,0.1113,346.119,255.0,0,0
116918.0,0.2566,-0.1244,346.2512,255.0,0,0
116928.0,0.2566,0.0676,346.3605,255.0,0,0
116938.0,0.2555,-0.1047,346.451,255.0,0,0
116946.0,0.2566,0.0316,346.5258,255.0,0,0
116956.0,0.2555,-0.036,346.5877,255.0,0,0
116969.0,0.2555,-0.0458,345.5084,255.0,0,0
116978.0,0.2555,0.0622,344.6155,255.0,0,0
116988.0,0.2544,-0.12,345.0074,255.0,0,0
116996.0,0.2555,0.1222,345.3315,255.0,0,0
117006.0,0.2544,-0.1222,345.5997,255.0,0,0
117019.0,0.2555,0.1058,345.8216,255.0,0,0
117029.0,0.2544,-0.1091,344.8746,255.0,0,0
117039.0,0.2555,0.0535,345.2217,255.0,0,0
117046.0,0.2544,-0.1298,345.5089,255.0,0,0
117056.0,0.2544,-0.0087,344.616,255.0,0,0
117069.0,0.2533,-0.0578,343.8773,255.0,0,0
117079.0,0.2522,-0.1353,344.3966,255.0,0,0
117089.0,0.2522,-0.0055,344.8263,255.0,0,0
117097.0,0.25,-0.192,344.0512,255.0,0,0
117107.0,0.2511,0.0404,343.4101,255.0,0,0
117119.0,0.2489,-0.1745,342.8797,255.0,0,0
117129.0,0.25,0.0589,342.4409,255.0,0,0
117139.0,0.2478,-0.1331,342.0779,255.0,0,0
117147.0,0.2489,0.0731,342.9081,255.0,0,0
117157.0,0.2478,-0.0884,343.5948,255.0,0,0
117170.0,0.2489,0.0611,343.0325,255.0,0,0
117179.0,0.2489,-0.012,342.5673,255.0,0,0
117190.0,0.2478,-0.0229,342.1824,255.0,0,0
117197.0,0.2489,0.0873,341.8641,255.0,0,0
117207.0,0.2478,-0.0993,341.6007,255.0,0,0
117220.0,0.2489,0.1091,341.3828,255.0,0,0
117230.0,0.2478,-0.1429,341.2026,255.0,0,0
117240.0,0.2489,0.1025,341.0535,255.0,0,0
117247.0,0.2478,-0.1353,340.9301,255.0,0,0
117257.0,0.2478,0.0731,340.828,255.0,0,0
117270.0,0.2467,-0.1473,340.7436,255.0,0,0
117280.0,0.2467,0.0295,340.6738,255.0,0,0
117290.0,0.2457,-0.1014,340.616,255.0,0,0
117297.0,0.2457,-0.048,340.5682,255.0,0,0
117307.0,0.2457,-0.0131,340.5287,255.0,0,0
117320.0,0.2446,-0.1156,340.4959,255.0,0,0
117330.0,0.2457,0.0774,339.3383,255.0,0,0
117340.0,0.2435,-0.1494,338.3807,255.0,0,0
117347.0,0.2446,0.108,338.719,255.0,0,0
117357.0,0.2435,-0.1462,338.9989,255.0,0,0
117370.0,0.2446,0.0927,339.2304,255.0,0,0
117380.0,0.2424,-0.1734,338.2914,255.0,0,0
117390.0,0.2435,0.0916,338.6451,255.0,0,0
117398.0,0.2424,-0.1669,338.9377,255.0,0,0
117408.0,0.2424,0.0916,338.0493,255.0,0,0
117421.0,0.2413,-0.1396,337.3144,255.0,0,0
117431.0,0.2424,0.0709,336.7063,255.0,0,0
117441.0,0.2413,-0.0611,336.2033,255.0,0,0
117448.0,0.2413,0.0185,335.7872,255.0,0,0
117458.0,0.2424,0.0229,335.4429,255.0,0,0
117471.0,0.2413,-0.0436,335.1581,255.0,0,0
117481.0,0.2424,0.0829,336.0531,255.0,0,0
117491.0,0.2413,-0.0927,335.6629,255.0,0,0
117498.0,0.2424,0.1069,334.2096,255.0,0,0
117508.0,0.2413,-0.1374,334.1378,255.0,0,0
117521.0,0.2424,0.1102,334.0785,255.0,0,0
117531.0,0.2402,-0.1931,332.8989,255.0,0,0
117541.0,0.2413,0.1287,333.0535,255.0,0,0
117548.0,0.2391,-0.2105,333.1815,255.0,0,0
117558.0,0.2413,0.1702,332.1568,255.0,0,0
117571.0,0.2391,-0.1974,331.3091,255.0,0,0
117581.0,0.2402,0.1167,330.6078,255.0,0,0
117591.0,0.2391,-0.1451,330.0277,255.0,0,0
117598.0,0.2402,0.1462,329.5478,255.0,0,0
117608.0,0.2391,-0.0742,329.1507,255.0,0,0
117621.0,0.2413,0.1287,328.8223,255.0,0,0
117631.0,0.2402,-0.0273,327.4201,255.0,0,0
117641.0,0.2413,0.0578,327.3906,255.0,0,0
117648.0,0.2413,0.0011,327.3661,255.0,0,0
117658.0,0.2413,0.0153,326.2155,255.0,0,0
117671.0,0.2413,0.0273,326.394,255.0,0,0
117681.0,0.2413,-0.0305,325.4112,255.0,0,0
117691.0,0.2413,0.0502,324.5982,255.0,0,0
117699.0,0.2413,-0.0633,323.9256,255.0,0,0
117709.0,0.2424,0.0709,322.2387,255.0,0,0
117722.0,0.2413,-0.1091,321.9737,255.0,0,0
117732.0,0.2413,0.0731,321.7544,255.0,0,0
117742.0,0.2402,-0.1473,320.4425,255.0,0,0
117749.0,0.2413,0.096,319.3572,255.0,0,0
117759.0,0.2391,-0.1844,318.4594,255.0,0,0
117772.0,0.2402,0.0927,317.7166,255.0,0,0
117782.0,0.238,-0.1734,317.1022,255.0,0,0
117792.0,0.2391,0.0993,315.4633,255.0,0,0
117799.0,0.238,-0.1789,314.1076,255.0,0,0
117809.0,0.2391,0.1124,312.986,255.0,0,0
117822.0,0.2369,-0.1854,312.0582,255.0,0,0
117832.0,0.238,0.1451,311.2906,255.0,0,0
117842.0,0.2369,-0.1636,309.5251,255.0,0,0
117849.0,0.238,0.1516,308.0646,255.0,0,0
117859.0,0.2369,-0.156,306.8563,255.0,0,0
117872.0,0.238,0.1342,304.7262,255.0,0,0
117882.0,0.2369,-0.1145,302.9641,255.0,0,0
117892.0,0.238,0.1287,301.5063,255.0,0,0
117899.0,0.2369,-0.0807,300.3003,255.0,0,0
117909.0,0.238,0.0807,299.3026,255.0,0,0
117922.0,0.238,-0.0316,297.3468,255.0,0,0
117932.0,0.238,0.0022,295.7287,255.0,0,0
117942.0,0.238,0.0404,293.2597,255.0,0,0
117949.0,0.2369,-0.084,291.2171,255.0,0,0
117959.0,0.238,0.1036,289.5274,255.0,0,0
117972.0,0.2369,-0.1876,288.1295,255.0,0,0
117982.0,0.238,0.1484,286.973,255.0,0,0
117992.0,0.2358,-0.1854,284.8859,255.0,0,0
117999.0,0.238,0.1538,283.1592,255.0,0,0
118009.0,0.2358,-0.1538,281.7307,255.0,0,0
118023.0,0.2369,0.1036,279.4185,255.0,0,0
118033.0,0.2369,-0.0676,276.3752,255.0,0,0
118043.0,0.2369,-0.0065,276.1186,255.0,0,0
118050.0,0.2369,0.0589,274.7758,255.0,0,0
118060.0,0.2358,-0.1102,272.5344,255.0,0,0
118073.0,0.2369,0.1113,271.8107,255.0,0,0
118083.0,0.2358,-0.108,270.0814,255.0,0,0
118093.0,0.2369,0.0742,267.5204,255.0,0,0
118100.0,0.2358,-0.0589,265.4017,255.0,0,0
118110.0,0.2358,-0.0273,264.7795,255.0,0,0
118123.0,0.2369,0.0545,263.1342,255.0,0,0
118133.0,0.2358,-0.1004,260.6427,255.0,0,0
118143.0,0.2358,0.0742,258.5815,255.0,0,0
118150.0,0.2358,-0.0753,256.8763,255.0,0,0
118160.0,0.2358,0.0,255.4656,255.0,0,0
118173.0,0.2358,0.0404,253.1682,255.0,0,0
118183.0,0.2347,-0.1025,251.2675,255.0,0,0
118194.0,0.2358,0.0644,250.8257,255.0,0,0
118200.0,0.2347,-0.0622,249.3296,255.0,0,0
118210.0,0.2358,0.0676,246.9615,255.0,0,0
118224.0,0.2358,0.0676,245.0024,255.0,0,0
118234.0,0.2369,0.1134,243.3817,255.0,0,0
118244.0,0.238,0.1134,243.1715,255.0,0,0
118250.0,0.2391,0.0273,241.867,255.0,0,0
118261.0,0.2402,0.0894,240.7879,255.0,0,0
118274.0,0.2402,-0.0087,239.8952,255.0,0,0
118284.0,0.2402,0.0436,238.0261,255.0,0,0
118294.0,0.2402,0.0218,237.6104,255.0,0,0
118301.0,0.2402,-0.0393,237.2665,255.0,0,0
118311.0,0.2402,0.0131,235.8515,255.0,0,0
118324.0,0.2402,-0.0164,234.6809,255.0,0,0
118334.0,0.2391,-0.0338,233.7126,255.0,0,0
118344.0,0.2402,0.0164,232.9114,255.0,0,0
118351.0,0.2391,-0.036,232.2487,255.0,0,0
118361.0,0.2391,-0.0273,230.5699,255.0,0,0
118374.0,0.2391,0.0393,230.3116,255.0,0,0
118384.0,0.2391,-0.0185,230.0979,255.0,0,0
118394.0,0.2391,0.0109,228.7906,255.0,0,0
118402.0,0.2402,0.0578,227.7092,255.0,0,0
118414.0,0.2402,-0.012,226.8145,255.0,0,0
118424.0,0.2402,0.0316,226.0743,255.0,0,0
118434.0,0.2402,0.0491,225.462,255.0,0,0
118444.0,0.2402,0.0055,224.9555,255.0,0,0
118451.0,0.2413,0.0404,224.5365,255.0,0,0
118461.0,0.2413,0.0207,224.1898,255.0,0,0
118474.0,0.2413,-0.0218,223.903,255.0,0,0
118484.0,0.2413,0.0218,223.6658,255.0,0,0
118494.0,0.2413,0.0076,223.4695,255.0,0,0
118501.0,0.2413,-0.0153,223.3071,255.0,0,0
118511.0,0.2413,0.0262,223.1728,255.0,0,0
118524.0,0.2413,-0.0131,223.0617,255.0,0,0
118534.0,0.2413,-0.0153,221.8392,255.0,0,0
118545.0,0.2413,0.012,220.828,255.0,0,0
118551.0,0.2413,-0.024,221.1219,255.0,0,0
118561.0,0.2413,-0.0207,221.365,255.0,0,0
118575.0,0.2413,0.0022,221.5661,255.0,0,0
118585.0,0.2402,-0.0349,220.602,255.0,0,0
118595.0,0.2402,-0.0218,219.8045,255.0,0,0
118602.0,0.2402,0.0098,220.2751,255.0,0,0
118615.0,0.2402,-0.0164,220.6645,255.0,0,0
118625.0,0.2402,-0.0076,219.8562,255.0,0,0
118635.0,0.2402,0.0131,219.1874,255.0,0,0
118645.0,0.2402,-0.0142,219.7647,255.0,0,0
118652.0,0.2402,-0.0011,219.1117,255.0,0,0
118662.0,0.2402,0.0044,218.5716,255.0,0,0
118675.0,0.2402,-0.0229,218.1247,255.0,0,0
118685.0,0.2402,-0.0033,217.755,255.0,0,0
118695.0,0.2402,0.0011,217.4492,255.0,0,0
118702.0,0.2402,-0.0153,217.1962,255.0,0,0
118712.0,0.2402,-0.0022,216.9869,255.0,0,0
118725.0,0.2402,-0.0076,216.8137,255.0,0,0
118735.0,0.2402,-0.0033,216.6705,255.0,0,0
118745.0,0.2402,0.0131,215.4215,255.0,0,0
118752.0,0.2402,-0.0011,215.5187,255.0,0,0
118762.0,0.2402,-0.0044,215.5992,255.0,0,0
118775.0,0.2402,0.012,214.5352,255.0,0,0
118785.0,0.2402,0.0033,214.7856,255.0,0,0
118795.0,0.2402,-0.0109,214.9926,255.0,0,0
118802.0,0.2402,0.0109,214.0335,255.0,0,0
118812.0,0.2402,0.0065,213.2399,255.0,0,0
118825.0,0.2402,-0.0218,212.5835,255.0,0,0
118835.0,0.2402,0.0055,212.0404,255.0,0,0
118845.0,0.2402,-0.0011,211.5912,255.0,0,0
118853.0,0.2391,-0.0295,211.2195,255.0,0,0
118865.0,0.2391,0.0076,210.912,255.0,0,0
118875.0,0.2391,-0.0044,210.6577,255.0,0,0
118885.0,0.2391,-0.0316,210.4473,255.0,0,0
118896.0,0.2391,-0.0098,210.2732,255.0,0,0
118902.0,0.2391,0.0065,208.9987,255.0,0,0
118912.0,0.2391,-0.0207,207.9443,255.0,0,0
118925.0,0.2391,0.0033,208.2026,255.0,0,0
118936.0,0.2391,0.0218,208.4162,255.0,0,0
118946.0,0.2391,-0.0185,207.4625,255.0,0,0
118953.0,0.2391,-0.0055,206.6735,255.0,0,0
118963.0,0.2391,0.0273,207.1512,255.0,0,0
118976.0,0.2391,-0.0076,206.416,255.0,0,0
118986.0,0.2391,0.0196,205.8077,255.0,0,0
118996.0,0.2402,0.0327,205.3045,255.0,0,0
119003.0,0.2402,-0.0098,204.8883,255.0,0,0
119013.0,0.2391,-0.0153,204.5439,255.0,0,0
119026.0,0.2402,0.0338,204.259,255.0,0,0
119036.0,0.2402,-0.0087,204.0233,255.0,0,0
119046.0,0.2402,-0.0229,202.6979,255.0,0,0
119053.0,0.2402,0.0458,202.7318,255.0,0,0
119063.0,0.2402,-0.0022,202.7599,255.0,0,0
119076.0,0.2402,-0.0327,201.6527,255.0,0,0
119086.0,0.2402,0.0556,201.8672,255.0,0,0
119096.0,0.2402,0.0153,202.0446,255.0,0,0
119103.0,0.2402,-0.0415,201.0609,255.0,0,0
119113.0,0.2402,0.0502,201.3777,255.0,0,0
119126.0,0.2402,0.0109,201.6397,255.0,0,0
119136.0,0.2402,-0.0611,199.5954,255.0,0,0
119146.0,0.2402,0.0295,199.0348,255.0,0,0
119153.0,0.2402,0.0109,199.7015,255.0,0,0
119163.0,0.2402,-0.0698,199.1225,255.0,0,0
119176.0,0.2402,0.0175,198.6435,255.0,0,0
119186.0,0.2402,0.0153,198.2473,255.0,0,0
119196.0,0.2391,-0.0709,197.9195,255.0,0,0
119203.0,0.2391,0.012,197.6483,255.0,0,0
119213.0,0.2402,0.0316,197.424,255.0,0,0
119226.0,0.2391,-0.0611,197.2384,255.0,0,0
119236.0,0.2391,-0.0055,195.9544,255.0,0,0
119247.0,0.2402,0.0513,194.8921,255.0,0,0
119254.0,0.2391,-0.0262,195.1439,255.0,0,0
119264.0,0.2391,-0.0229,194.2216,255.0,0,0
119276.0,0.2402,0.0633,194.5892,255.0,0,0
119286.0,0.2402,-0.0022,194.8932,255.0,0,0
119297.0,0.2391,-0.0513,194.0143,255.0,0,0
119304.0,0.2402,0.0545,193.2872,255.0,0,0
119314.0,0.2402,0.0164,192.6856,255.0,0,0
119327.0,0.2391,-0.0556,192.188,255.0,0,0
119337.0,0.2402,0.0458,191.7763,255.0,0,0
119347.0,0.2402,0.0447,192.5662,255.0,0,0
119354.0,0.2402,-0.0382,192.0892,255.0,0,0
119364.0,0.2402,0.0087,190.5641,255.0,0,0
119377.0,0.2402,0.0436,190.4329,255.0,0,0
119387.0,0.2402,-0.0393,191.4549,255.0,0,0
119397.0,0.2402,-0.0327,191.1698,255.0,0,0
119405.0,0.2402,0.0338,189.8035,255.0,0,0
119417.0,0.2402,-0.0153,189.8037,255.0,0,0
119427.0,0.2391,-0.0862,189.8038,255.0,0,0
119437.0,0.2391,0.0109,188.6735,255.0,0,0
119447.0,0.2391,0.0098,188.8689,255.0,0,0
119454.0,0.2391,-0.0698,189.0305,255.0,0,0
119464.0,0.2391,-0.0098,188.0337,255.0,0,0
119477.0,0.2391,0.048,188.3396,255.0,0,0
119487.0,0.2391,-0.0229,188.5926,255.0,0,0
119497.0,0.238,-0.048,187.6715,255.0,0,0
119504.0,0.2391,0.0676,186.9094,255.0,0,0
119514.0,0.2391,0.0305,187.4095,255.0,0,0
119527.0,0.2391,-0.06,186.6927,255.0,0,0
119537.0,0.2391,0.0262,186.0997,255.0,0,0
119547.0,0.2391,0.0305,186.7396,255.0,0,0
119554.0,0.2391,-0.0502,186.1385,255.0,0,0
119565.0,0.2391,-0.0251,185.6413,255.0,0,0
119577.0,0.2391,0.0436,185.2299,255.0,0,0
119800.52380952382,0.2257,0.04110952380952381,247.60666666666665,230.71428571428572,0,0
120226.28344671203,0.20017619047619048,0.03636575963718821,366.4195555555556,184.45578231292518,0,0
120804.10009718174,0.16553673469387756,0.02992779397473275,527.6656190476191,121.67638483965015,1,0
121464.46198343283,0.12594878522837707,0.022570118931926515,711.9468344671202,49.928502013050135,1,0
122132.68532071073,0.08588955065019205,0.01512485251956306,898.4218738797106,-22.67352227577132,1,0
122743.63237193624,0.049263964750137175,0.008317751799687901,1068.9133384855077,-89.05251591126522,1,0
123252.75491462417,0.018742643166758118,0.0026451678664586014,1210.9895589903385,-144.3683439408435,1,0
123640.65780429116,-0.004511697087244974,-0.0016768008445732464,1319.2381079464,-186.51373672528405,1,0
123910.80445959495,-0.020706684049854266,-0.00468674333975614,1394.6254902550859,-215.864992414448,1,0
124082.32614550211,-0.030989215454685567,-0.006597817939872264,1442.4904948955211,-234.50071031232991,1,0
124181.15530738195,-0.03691391212127884,-0.007698960923748697,1470.0698547121528,-245.23843348206185,1,0
124232.49513173512,-0.03999167662340521,-0.008270983253035156,1484.396794876637,-250.81647149231222,1,0
124256.33147875624,-0.041420638713678175,-0.008536565048775297,1491.0485885244332,-253.4062748542142,1,0
124266.11049291874,-0.042006879571226056,-0.008645521682925098,1493.7775295081444,-254.46875828473807,1,0
124269.60299797678,-0.04221625130606459,-0.008684434766550028,1494.7521512880412,-254.8482166527823,1,0
124270.66738047067,-0.042280059834777284,-0.00869629399203572,1495.049178878105,-254.96386110780531,1,0
124270.93664389917,-0.04229620187329091,-0.00869929409372109,1495.1243197863057,-254.99311640148673,1,0
124270.99094912845,-0.04229945741047013,-0.00869989915624587,1495.1394742551865,-254.9990166287838,1,0
124270.99913801224,-0.04229994832480668,-0.008699990395832939,1495.141759452875,-254.99990634559845,1,0
124270.99995895296,-0.042299997539276504,-0.008699999542658711,1495.141988545375,-254.99999554026658,1,0
124271.0,-0.0423,-0.0087,1495.142,-255.0,1,0
124281.0,-0.0423,-0.0109,2562.9685,-255.0,1,0
124291.0,-0.0423,-0.0196,2120.2717,-255.0,1,0
124301.0,-0.0423,-0.0153,1754.0414,-255.0,1,0
124312.0,-0.0423,0.0469,1451.0691,-255.0,1,0
124321.0,-0.0412,0.0469,1199.2982,-255.0,1,0
124331.0,-0.0412,0.0916,989.8848,-255.0,1,0
124341.0,-0.0401,0.1178,816.6429,-255.0,1,0
124351.0,-0.038,0.1702,674.4553,-255.0,1,0
124362.0,-0.0369,0.1604,555.6969,-251.81,1,0
124371.0,-0.0347,0.1604,456.3209,-188.11,1,0
124381.0,-0.0314,0.2454,375.2405,-112.84,1,0
124392.0,-0.0303,0.2138,307.0345,-103.79,1,0
124402.0,-0.0271,0.2673,250.6095,94.13,1,0
124412.0,-0.0249,0.2694,203.9307,96.5,1,0
124421.0,-0.0227,0.2694,165.3146,100.23,1,0
124431.0,-0.0205,0.1854,133.3687,78.18,1,0
124442.0,-0.0194,0.1571,105.8101,-49.94,1,0
124452.0,-0.0183,0.0687,84.1423,-87.94,1,0
124462.0,-0.0183,0.0578,66.217,-92.02,1,0
124471.0,-0.0183,0.0578,51.388,-93.05,1,0
124482.0,-0.0183,-0.0589,39.1203,-157.63,1,0
124492.0,-0.0194,-0.0589,28.9716,-160.13,1,0
124502.0,-0.0194,-0.072,20.5759,-163.08,1,0
124512.0,-0.0216,-0.1265,13.6304,-196.06,1,0
124522.0,-0.0216,-0.096,7.8845,-176.13,1,0
124532.0,-0.0227,-0.12,2.0006,-194.7,1,0
124542.0,-0.0249,-0.1494,-2.8669,-217.22,1,0
124552.0,-0.026,-0.0993,-6.8938,-194.8,1,0
124562.0,-0.026,-0.0884,-10.225,-193.1,1,0
124572.0,-0.0281,-0.1484,-12.9809,-240.28,1,0
124582.0,-0.0281,-0.0644,-15.2607,-186.77,1,0
124592.0,-0.0292,-0.0371,-17.1468,-204.25,1,0
124602.0,-0.0303,-0.1102,-19.8376,-214.95,1,0
124613.0,-0.0303,0.0065,-22.0636,-172.51,1,0
124622.0,-0.0303,0.0185,-23.9051,-154.04,1,0
124632.0,-0.0303,-0.0774,-25.4285,-201.77,1,0
124642.0,-0.0303,0.0447,-26.6888,-146.69,1,0
124653.0,-0.0292,0.0633,-28.8619,-125.7,1,0
124663.0,-0.0303,-0.0262,-30.6597,-177.85,1,0
124673.0,-0.0292,0.0393,-32.1469,-139.16,1,0
124683.0,-0.0292,0.0676,-32.2467,-131.89,1,0
124693.0,-0.0292,-0.0425,-33.4598,-187.75,1,0
124703.0,-0.0292,0.024,-35.5939,-155.23,1,0
124713.0,-0.0292,0.0076,-36.2289,-156.69,1,0
124723.0,-0.0292,-0.0633,-36.7541,-194.73,1,0
124733.0,-0.0292,-0.0098,-37.1887,-173.37,1,0
124743.0,-0.0292,-0.0153,-38.6787,-168.22,1,0
124753.0,-0.0303,-0.0796,-39.9113,-217.88,1,0
124763.0,-0.0303,-0.0076,-39.8005,-170.12,1,0
124773.0,-0.0303,-0.0109,-39.7089,-167.93,1,0
124783.0,-0.0314,-0.0949,-40.7635,-215.2,1,0
124793.0,-0.0314,-0.0065,-41.6361,-171.75,1,0
124803.0,-0.0314,0.0196,-42.3579,-159.25,1,0
124813.0,-0.0325,-0.1036,-44.0855,-225.78,1,0
124823.0,-0.0325,-0.1036,-44.3842,-229.29,1,0
124833.0,-0.0325,0.0436,-44.6313,-160.78,1,0
124843.0,-0.0336,-0.084,-45.9663,-231.36,1,0
124853.0,-0.0336,-0.0295,-47.0706,-210.42,1,0
124864.0,-0.0325,0.0415,-49.1147,-150.04,1,0
124873.0,-0.0336,-0.0524,-50.8058,-202.46,1,0
124883.0,-0.0336,-0.0524,-51.0742,-212.75,1,0
124893.0,-0.0325,0.108,-51.2963,-118.22,1,0
124903.0,-0.0325,0.0142,-51.48,-187.92,1,0
124914.0,-0.0336,-0.0305,-52.7625,-190.44,1,1
124923.0,-0.0325,0.0927,-54.9539,-140.32,1,1
124933.0,-0.0314,0.0927,-55.6364,-121.31,1,1
124944.0,-0.0303,0.0905,-56.2009,-125.31,1,1
124954.0,-0.0292,0.0665,-57.7985,-134.01,1,1
124964.0,-0.0292,-0.0055,-59.1201,-177.22,1,1
124974.0,-0.0292,0.0055,-60.2134,-165.46,1,1
124984.0,-0.0292,0.0207,-59.9874,-147.13,1,1
124994.0,-0.0303,-0.0404,-59.8004,-183.27,1,1
125004.0,-0.0303,-0.0076,-60.7762,-178.42,1,1
125014.0,-0.0303,-0.0098,-61.5835,-172.67,1,1
125024.0,-0.0303,-0.0524,-61.1208,-198.46,1,1
125034.0,-0.0303,-0.012,-60.7381,-184.27,1,1
125044.0,-0.0314,-0.036,-62.6824,-185.03,1,1
125054.0,-0.0314,-0.0502,-64.2909,-199.61,1,1
125064.0,-0.0314,-0.0207,-64.4911,-178.67,1,1
125074.0,-0.0325,-0.0687,-65.7872,-207.99,1,1
125084.0,-0.0325,-0.0447,-66.8594,-199.9,1,1
125094.0,-0.0325,0.0055,-66.616,-171.81,1,1
125104.0,-0.0336,-0.0589,-67.545,-208.95,1,1
125114.0,-0.0336,-0.0033,-68.3136,-187.89,1,1
125124.0,-0.0336,-0.012,-68.9495,-188.67,1,1
125134.0,-0.0336,-0.048,-70.606,-213.08,1,1
125144.0,-0.0336,0.0175,-71.9764,-170.2,1,1
125154.0,-0.0336,-0.0371,-73.1101,-209.66,1,1
125164.0,-0.0347,-0.0502,-72.9174,-208.0,1,1
125174.0,-0.0347,0.0218,-72.7581,-175.83,1,1
125184.0,-0.0347,-0.048,-73.7568,-214.08,1,1
125194.0,-0.0347,0.0065,-74.5829,-180.28,1,1
125204.0,-0.0347,0.0305,-75.2664,-181.49,1,1
125215.0,-0.0347,-0.0491,-76.9623,-216.02,1,1
125224.0,-0.0347,0.0196,-79.4958,-173.04,1,1
125234.0,-0.0347,-0.0142,-80.4612,-205.47,1,1
125244.0,-0.0358,-0.0338,-81.2598,-203.73,1,1
125255.0,-0.0347,0.0436,-81.9205,-163.69,1,1
125265.0,-0.0347,-0.0349,-82.4671,-203.44,1,1
125275.0,-0.0347,0.0196,-82.9192,-185.99,1,1
125285.0,-0.0347,0.0262,-83.2933,-170.25,1,1
125295.0,-0.0347,-0.0371,-84.7332,-204.84,1,1
125305.0,-0.0347,0.0316,-85.9245,-168.79,1,1
125315.0,-0.0347,-0.0131,-86.9099,-193.86,1,1
125325.0,-0.0347,-0.0316,-87.7252,-202.3,1,1
125335.0,-0.0347,0.0502,-88.3996,-183.7,1,1
125345.0,-0.0347,-0.0229,-88.9576,-195.58,1,1
125355.0,-0.0347,-0.0153,-89.4191,-191.51,1,1
125365.0,-0.0347,-0.0033,-90.9315,-203.12,1,1
125375.0,-0.0358,-0.0513,-92.1826,-213.17,1,1
125385.0,-0.0358,-0.0229,-92.0871,-208.3,1,1
125395.0,-0.0358,0.0153,-93.1386,-192.05,1,1
125405.0,-0.0358,-0.0218,-94.0085,-198.42,1,1
125415.0,-0.0358,0.024,-94.7281,-184.91,1,1
125425.0,-0.0358,-0.0011,-96.454,-202.47,1,1
125435.0,-0.0358,-0.0305,-97.8817,-202.71,1,1
125445.0,-0.0358,-0.0055,-99.0628,-213.28,1,1
125455.0,-0.0358,-0.0055,-98.9094,-196.51,1,1
125465.0,-0.0358,0.0076,-98.7825,-182.91,1,1
125476.0,-0.0358,0.0011,-99.8081,-192.69,1,1
125486.0,-0.0358,0.0055,-100.6565,-191.88,1,1
125496.0,-0.0358,-0.0305,-102.4888,-203.8,1,1
125506.0,-0.0358,-0.0076,-104.0047,-193.35,1,1
125516.0,-0.0358,0.0022,-104.1282,-196.51,1,1
125526.0,-0.0369,-0.0131,-105.3609,-228.09,1,1
125536.0,-0.0358,0.0338,-106.3806,-172.25,1,1
125546.0,-0.0358,-0.0185,-107.2243,-208.89,1,1
125556.0,-0.0369,-0.0273,-109.0527,-207.85,1,1
125566.0,-0.0369,-0.0044,-109.4347,-204.64,1,1
125576.0,-0.0369,-0.012,-109.7508,-211.35,1,1
125586.0,-0.0369,0.0022,-111.1428,-191.16,1,1
125596.0,-0.0358,0.0349,-112.2944,-189.5,1,1
125606.0,-0.0369,-0.0415,-113.247,-212.87,1,1
125616.0,-0.0369,0.0142,-114.0351,-186.34,1,1
125626.0,-0.0369,-0.0142,-114.6871,-208.89,1,1
125636.0,-0.0369,0.0142,-115.2265,-202.94,1,1
125646.0,-0.0358,0.0404,-115.6727,-168.55,1,1
125656.0,-0.0369,-0.0207,-117.1723,-227.69,1,1
125666.0,-0.0369,-0.012,-118.4129,-202.37,1,1
125676.0,-0.0369,0.0022,-119.4392,-191.92,1,1
125686.0,-0.0369,-0.0033,-120.2883,-206.35,1,1
125697.0,-0.0358,0.06,-120.9907,-167.85,1,1
125707.0,-0.0358,0.012,-122.7022,-192.94,1,1
125717.0,-0.0369,-0.06,-124.1182,-225.87,1,1
125727.0,-0.0358,0.06,-124.159,-160.23,1,1
125737.0,-0.0358,0.0022,-124.1928,-195.31,1,1
125747.0,-0.0358,0.0284,-125.3513,-183.41,1,1
125757.0,-0.0358,0.0142,-126.3097,-203.04,1,1
125767.0,-0.0358,-0.0436,-127.1025,-211.41,1,1
125777.0,-0.0358,0.0065,-127.7584,-187.49,1,1
125787.0,-0.0358,0.0491,-128.301,-192.29,1,1
125797.0,-0.0347,0.0611,-129.8803,-154.29,1,1
125807.0,-0.0347,-0.0295,-131.1869,-217.66,1,1
125817.0,-0.0358,-0.0262,-131.1373,-208.68,1,1
125827.0,-0.0358,-0.0393,-132.2268,-209.44,1,1
125837.0,-0.0347,0.0447,-133.128,-190.5,1,1
125847.0,-0.0347,0.0764,-133.8737,-146.01,1,1
125857.0,-0.0347,-0.0436,-135.621,-217.03,1,1
125867.0,-0.0358,-0.0458,-135.936,-215.09,1,1
125877.0,-0.0358,-0.0011,-136.1966,-191.55,1,1
125887.0,-0.0347,0.0371,-137.5427,-187.02,1,1
125897.0,-0.0336,0.0884,-138.6562,-141.94,1,1
125908.0,-0.0347,-0.0316,-139.5775,-213.22,1,1
125918.0,-0.0358,-0.1004,-139.2091,-241.06,1,1
125928.0,-0.0358,0.0011,-138.9043,-198.73,1,1
125938.0,-0.0347,0.0469,-140.9132,-185.14,1,1
125948.0,-0.0347,0.0262,-142.5751,-172.81,1,1
125958.0,-0.0347,-0.0469,-142.8194,-232.64,1,1
125968.0,-0.0358,-0.0502,-143.0216,-214.76,1,1
125978.0,-0.0358,0.0098,-144.3193,-188.38,1,1
125988.0,-0.0347,0.0644,-145.3928,-166.07,1,1
125998.0,-0.0347,-0.0229,-146.281,-198.87,1,1
126009.0,-0.0358,-0.06,-147.0157,-222.9,1,1
126018.0,-0.0358,-0.0142,-147.6235,-200.89,1,1
126028.0,-0.0358,0.0589,-149.2569,-206.01,1,1
126038.0,-0.0391,-0.0218,-149.4776,-213.74,1,1
126049.0,-0.0391,-0.0654,-149.6602,-237.1,1,1
126059.0,-0.0391,-0.0076,-150.9417,-239.9,1,1
126068.0,-0.0391,0.0567,-152.0019,-198.47,1,1
126078.0,-0.0391,-0.0087,-152.879,-205.57,1,1
126088.0,-0.0391,-0.0382,-153.6045,-222.29,1,1
126098.0,-0.038,0.0207,-154.2048,-243.48,1,1
126109.0,-0.038,0.0458,-155.8319,-185.41,1,1
126118.0,-0.0369,0.0109,-157.1779,-185.61,1,1
126128.0,-0.0369,0.0185,-158.2914,-184.19,1,1
126139.0,-0.0369,0.0305,-159.2126,-233.53,1,1
126149.0,-0.0358,0.0633,-159.9747,-166.39,1,1
126159.0,-0.0369,0.0185,-161.7356,-181.65,1,1
126169.0,-0.0369,0.024,-162.0619,-181.38,1,1
126179.0,-0.0369,0.0425,-162.3318,-206.53,1,1
126190.0,-0.0358,0.0513,-163.6856,-179.46,1,1
126200.0,-0.0358,-0.0175,-163.6751,-196.94,1,1
126210.0,-0.0358,-0.0109,-163.6664,-195.8,1,1
126219.0,-0.0358,-0.0131,-165.9201,-213.49,1,1
126229.0,-0.0358,0.0393,-166.6541,-200.41,1,1
126239.0,-0.0358,-0.0371,-166.1309,-207.99,1,1
126249.0,-0.0336,-0.0262,-167.959,-220.02,1,1
126261.0,-0.0314,-0.0044,-169.4713,-174.81,1,1
126269.0,-0.0314,0.0327,-169.5919,-184.35,1,1
126279.0,-0.0314,-0.0644,-169.6917,-204.74,1,1
126290.0,-0.0314,-0.0087,-169.7743,-231.21,1,1
126301.0,-0.0314,0.0055,-170.9731,-177.95,1,1
126310.0,-0.0314,-0.0087,-171.9648,-174.71,1,1
126319.0,-0.0325,-0.0404,-172.7852,-200.53,1,1
126329.0,-0.0325,0.0098,-173.4639,-180.16,1,1
126340.0,-0.0325,-0.0055,-174.0254,-209.59,1,1
126351.0,-0.0325,-0.0676,-174.4899,-211.34,1,1
126361.0,-0.0336,-0.0273,-174.8741,-242.5,1,1
126370.0,-0.0336,-0.0371,-176.3225,-203.29,1,1
126380.0,-0.0336,-0.0142,-176.3903,-188.34,1,1
126391.0,-0.0347,-0.06,-176.4463,-226.07,1,1
126401.0,-0.0347,-0.048,-178.7536,-222.97,1,1
126411.0,-0.0347,-0.036,-179.5319,-235.02,1,1
126420.0,-0.0358,-0.036,-179.0453,-208.81,1,1
126430.0,-0.0358,-0.0415,-180.9037,-255.0,1,1
126441.0,-0.0358,-0.0055,-182.4411,-189.38,1,1
126451.0,-0.0358,-0.0087,-182.5825,-193.92,1,1
126461.0,-0.0358,-0.0295,-183.83,-220.35,1,1
126470.0,-0.0369,-0.0251,-185.9924,-209.2,1,1
126480.0,-0.0369,0.0087,-186.6509,-212.02,1,1
126492.0,-0.0369,-0.0295,-187.1956,-212.47,1,1
126502.0,-0.0369,-0.0076,-187.6463,-232.6,1,1
126511.0,-0.0369,-0.0196,-188.0191,-210.93,1,1
126520.0,-0.0369,-0.0142,-189.458,-205.47,1,1
126530.0,-0.0369,0.0,-190.6483,-218.96,1,1
126542.0,-0.0369,-0.0393,-191.6331,-218.62,1,1
126552.0,-0.0369,0.0011,-192.4478,-200.06,1,1
126562.0,-0.0369,0.0338,-193.1217,-238.41,1,1
126570.0,-0.0369,-0.0382,-193.6793,-255.0,1,1
126580.0,-0.038,-0.0284,-194.1405,-207.99,1,1
126592.0,-0.0369,0.0535,-195.6526,-222.95,1,1
126602.0,-0.0369,-0.0033,-196.9035,-246.72,1,1
126612.0,-0.038,-0.0556,-197.9383,-217.06,1,1
126620.0,-0.0369,0.0556,-198.7944,-218.23,1,1
126631.0,-0.0369,0.0535,-199.5026,-225.95,1,1
126642.0,-0.0369,-0.0524,-201.219,-207.51,1,1
126652.0,-0.0369,0.0415,-202.6389,-166.09,1,1
126662.0,-0.0358,0.1254,-203.8135,-198.47,1,1
126671.0,-0.0369,-0.0862,-203.6548,-227.76,1,1
126681.0,-0.0358,0.0316,-204.654,-169.33,1,1
126692.0,-0.0347,0.1549,-206.6111,-165.99,1,1
126703.0,-0.0358,-0.0873,-207.0996,-228.05,1,1
126713.0,-0.0358,-0.0502,-207.5038,-213.53,1,1
126721.0,-0.0336,0.1876,-207.8381,-228.41,1,1
126731.0,-0.0347,-0.1069,-208.1147,-224.77,1,1
126743.0,-0.0369,-0.132,-209.4741,-251.98,1,1
126753.0,-0.0347,0.1985,-210.5986,-218.88,1,1
126763.0,-0.0347,-0.024,-210.3984,-192.08,1,1
126771.0,-0.0369,-0.1756,-211.3633,-255.0,1,1
126781.0,-0.0347,0.1516,-213.292,-232.44,1,1
126793.0,-0.0347,0.0425,-213.7571,-144.36,1,1
126803.0,-0.0358,-0.1473,-214.1418,-250.73,1,1
126813.0,-0.0347,0.1244,-215.5906,-250.44,1,1
126821.0,-0.0336,0.072,-216.7891,-125.02,1,1
126831.0,-0.0347,-0.1014,-218.9111,-223.58,1,1
126843.0,-0.0347,0.0894,-219.5361,-206.23,1,1
126853.0,-0.0336,0.0949,-220.0532,-121.92,1,1
126863.0,-0.0336,-0.0393,-221.6114,-194.83,1,1
126871.0,-0.0336,0.0513,-221.77,-255.0,1,1
126881.0,-0.0325,0.0371,-221.9012,-136.54,1,1
126894.0,-0.0325,0.0305,-223.1402,-238.75,1,1
126904.0,-0.0325,0.0305,-224.1652,-198.31,1,1
126914.0,-0.0325,-0.012,-225.0132,-162.94,1,1
126922.0,-0.0314,0.0862,-225.7147,-255.0,1,1
126932.0,-0.0314,-0.0295,-225.1645,-157.7,1,1
126944.0,-0.0325,-0.0371,-225.8399,-175.28,1,1
126954.0,-0.0314,0.0927,-227.5291,-224.7,1,1
126964.0,-0.0314,-0.0153,-228.9265,-159.05,1,1
126972.0,-0.0314,-0.0535,-230.0826,-186.03,1,1
126982.0,-0.0314,0.0393,-229.9085,-255.0,1,1
126995.0,-0.0325,-0.0556,-229.7644,-174.79,1,1
127004.0,-0.0314,0.0142,-230.7757,-255.0,1,1
127014.0,-0.0314,0.0098,-231.6124,-160.2,1,1
127022.0,-0.0325,-0.1069,-232.3045,-205.62,1,1
127032.0,-0.0325,0.0687,-232.8771,-255.0,1,1
127044.0,-0.0325,-0.0273,-233.3508,-157.35,1,1
127054.0,-0.0336,-0.0938,-234.8731,-205.49,1,1
127065.0,-0.0325,0.048,-236.1326,-255.0,1,1
127072.0,-0.0336,-0.0567,-236.0439,-172.75,1,1
127085.0,-0.0336,0.0055,-237.1011,-219.95,1,1
127094.0,-0.0336,0.0076,-237.9757,-243.02,1,1
127104.0,-0.0347,-0.1058,-238.6992,-209.87,1,1
127115.0,-0.0336,0.072,-239.2978,-255.0,1,1
127122.0,-0.0336,-0.0185,-239.7929,-149.49,1,1
127132.0,-0.0358,-0.1309,-241.3331,-226.69,1,1
127145.0,-0.0347,0.0818,-241.4767,-125.65,1,1
127155.0,-0.0347,-0.0316,-241.5955,-190.11,1,1
127165.0,-0.0358,-0.0665,-242.8242,-255.0,1,1
127172.0,-0.0347,0.0251,-243.8408,-254.98,1,1
127183.0,-0.0358,-0.06,-244.6817,-204.59,1,1
127195.0,-0.0358,-0.0011,-245.3774,-255.0,1,1
127205.0,-0.0358,-0.0535,-245.953,-191.68,1,1
127215.0,-0.0369,-0.0142,-246.4291,-185.55,1,1
127223.0,-0.0358,0.072,-247.9535,-145.6,1,1
127233.0,-0.0369,-0.144,-249.2145,-255.0,1,1
127245.0,-0.038,-0.0327,-249.1273,-255.0,1,1
127255.0,-0.0369,0.0535,-250.1856,-151.57,1,1
127266.0,-0.038,-0.1222,-251.0611,-255.0,1,1
127273.0,-0.038,0.0251,-251.7854,-194.06,1,1
127283.0,-0.038,-0.0633,-253.5151,-215.79,1,1
127295.0,-0.038,0.0436,-253.8156,-255.0,1,1
127305.0,-0.0391,-0.06,-254.0641,-217.67,1,1
127315.0,-0.0401,-0.1025,-255.4002,-250.95,1,1
127323.0,-0.0391,0.06,-255.375,-255.0,1,1
127333.0,-0.0401,-0.1102,-255.3541,-254.15,1,1
127346.0,-0.0401,0.0415,-256.4674,-255.0,1,1
127356.0,-0.0401,-0.0404,-258.5189,-217.71,1,1
127366.0,-0.0412,-0.0818,-260.216,-249.57,1,1
127373.0,-0.0401,0.0731,-260.4895,-173.0,1,1
127383.0,-0.0412,-0.048,-261.8463,-242.29,1,1
127396.0,-0.0401,0.072,-262.9687,-255.0,1,1
127406.0,-0.0401,-0.0393,-263.8972,-226.78,1,1
127416.0,-0.0401,0.0131,-264.6653,-255.0,1,1
127423.0,-0.0401,0.0284,-265.3008,-190.46,1,1
127433.0,-0.0401,-0.0436,-266.9571,-232.06,1,1
127446.0,-0.0391,0.1309,-268.3272,-218.22,1,1
127456.0,-0.0401,-0.0622,-269.4607,-246.98,1,1
127466.0,-0.0391,0.0491,-270.3983,-234.84,1,1
127473.0,-0.0391,0.0033,-271.174,-203.67,1,1
127484.0,-0.038,0.0796,-271.8158,-166.81,1,1
127496.0,-0.038,0.0633,-272.3467,-177.52,1,1
127506.0,-0.038,-0.0633,-272.7859,-255.0,1,1
127516.0,-0.038,0.0742,-274.2797,-170.84,1,1
127524.0,-0.038,-0.0436,-275.5155,-255.0,1,1
127534.0,-0.0369,0.0818,-275.4074,-156.7,1,1
127546.0,-0.038,-0.0862,-275.3179,-249.53,1,1
127557.0,-0.038,0.0284,-276.3744,-255.0,1,1
127567.0,-0.038,-0.0109,-277.2484,-204.47,1,1
127574.0,-0.0391,-0.0622,-277.9714,-255.0,1,1
127584.0,-0.0391,-0.0065,-279.7,-201.71,1,1
127597.0,-0.0391,-0.0469,-279.9996,-228.18,1,1
127607.0,-0.038,0.1385,-280.2474,-136.13,1,1
127617.0,-0.0391,-0.1462,-281.5829,-255.0,1,1
127624.0,-0.0401,-0.0513,-282.6878,-250.9,1,1
127634.0,-0.0401,0.0044,-282.4713,-255.0,1,1
127647.0,-0.0391,0.0764,-283.4227,-169.62,1,1
127657.0,-0.0401,-0.084,-285.3403,-255.0,1,1
127667.0,-0.0412,-0.1473,-285.7961,-255.0,1,1
127674.0,-0.0401,0.0644,-286.1732,-178.29,1,1
127684.0,-0.0401,0.0153,-286.4852,-255.0,1,1
127697.0,-0.0412,-0.0305,-287.8738,-218.71,1,1
127707.0,-0.0423,-0.1484,-289.0225,-255.0,1,1
127717.0,-0.0412,0.0862,-289.9728,-166.53,1,1
127724.0,-0.0423,-0.0894,-290.759,-255.0,1,1
127737.0,-0.0423,0.0055,-291.4093,-214.26,1,1
127747.0,-0.0434,-0.0884,-291.9474,-255.0,1,1
127757.0,-0.0423,0.0393,-292.3925,-207.67,1,1
127767.0,-0.0434,-0.0589,-293.8912,-255.0,1,1
127774.0,-0.0434,-0.0284,-295.1311,-255.0,1,1
127785.0,-0.0434,-0.0218,-296.1568,-255.0,1,1
127798.0,-0.0445,-0.0447,-297.0053,-248.75,1,1
127808.0,-0.0445,-0.0185,-297.7073,-252.01,1,1
127818.0,-0.0445,-0.0687,-298.288,-255.0,1,1
127825.0,-0.0445,0.0491,-298.7684,-255.0,1,1
127835.0,-0.0456,-0.0949,-300.2963,-255.0,1,1
127848.0,-0.0456,0.0229,-301.5604,-215.88,1,1
127858.0,-0.0456,-0.0556,-302.606,-255.0,1,1
127868.0,-0.0445,0.1047,-303.4711,-196.32,1,1
127875.0,-0.0456,-0.1069,-304.1868,-255.0,1,1
127885.0,-0.0456,0.0622,-305.9093,-187.29,1,1
127898.0,-0.0456,-0.0622,-307.3343,-255.0,1,1
127908.0,-0.0445,0.0949,-308.5132,-162.21,1,1
127918.0,-0.0456,-0.0785,-309.4884,-255.0,1,1
127925.0,-0.0456,0.0513,-310.2952,-184.11,1,1
127935.0,-0.0456,-0.0785,-310.9626,-255.0,1,1
127948.0,-0.0456,0.0611,-311.5148,-198.41,1,1
127958.0,-0.0467,-0.0851,-311.9716,-255.0,1,1
127968.0,-0.0467,-0.0164,-312.3495,-229.79,1,1
127975.0,-0.0467,-0.084,-312.6621,-255.0,1,1
127985.0,-0.0467,0.0262,-314.0512,-220.15,1,1
127998.0,-0.0478,-0.1364,-315.2003,-255.0,1,1
128008.0,-0.0489,-0.0742,-315.0205,-255.0,1,1
128018.0,-0.05,-0.0665,-316.0023,-255.0,1,1
128025.0,-0.0489,0.0295,-316.8145,-222.06,1,1
128035.0,-0.0489,-0.1865,-317.4863,-255.0,1,1
128048.0,-0.0489,-0.0851,-319.1727,-255.0,1,1
128058.0,-0.05,-0.0578,-320.5677,-255.0,1,1
128067.0,-0.05,0.0284,-321.7218,-224.54,1,1
128075.0,-0.0489,-0.2378,-322.6765,-255.0,1,1
128085.0,-0.0489,-0.084,-323.4664,-255.0,1,1
128098.0,-0.05,-0.0425,-324.1198,-255.0,1,1
128109.0,-0.05,0.0076,-324.6603,-227.51,1,1
128119.0,-0.0521,-0.2858,-326.238,-255.0,1,1
128126.0,-0.0532,-0.1178,-326.4126,-255.0,1,1
128136.0,-0.0543,-0.0545,-326.5571,-241.48,1,1
128149.0,-0.0543,0.0,-327.8072,-231.9,1,1
128159.0,-0.0576,-0.3294,-328.8413,-255.0,1,1
128169.0,-0.0587,-0.156,-329.6968,-255.0,1,1
128176.0,-0.0598,-0.06,-330.4045,-248.67,1,1
128186.0,-0.0598,-0.0884,-332.1205,-255.0,1,1
128199.0,-0.0641,-0.3665,-333.5402,-255.0,1,1
128209.0,-0.0663,-0.216,-334.7145,-255.0,1,1
128219.0,-0.0663,-0.0851,-335.6861,-255.0,1,1
128226.0,-0.0696,-0.252,-336.4898,-255.0,1,1
128236.0,-0.0729,-0.3523,-337.1548,-255.0,1,1
128249.0,-0.0761,-0.3262,-338.8353,-255.0,1,1
128259.0,-0.0772,-0.1789,-340.2256,-255.0,1,1
128269.0,-0.0816,-0.3862,-341.3757,-255.0,1,1
128276.0,-0.0849,-0.3665,-342.3271,-255.0,1,1
128286.0,-0.0892,-0.4549,-341.9838,-255.0,1,1
128299.0,-0.0925,-0.3262,-342.8302,-255.0,1,1
128309.0,-0.0969,-0.5061,-344.6609,-255.0,1,1
128319.0,-0.1023,-0.4909,-346.1754,-255.0,1,1
128326.0,-0.1078,-0.5749,-346.2979,-255.0,1,1
128336.0,-0.1132,-0.6076,-347.5296,-255.0,1,1
128349.0,-0.1198,-0.6076,-349.6792,-255.0,1,1
128359.0,-0.1263,-0.757,-350.3269,-255.0,1,1
128369.0,-0.135,-0.8967,-350.8627,-255.0,1,1
128376.0,-0.1438,-0.8519,-351.306,-255.0,1,1
128386.0,-0.1547,-1.1061,-351.6727,-255.0,1,1
128399.0,-0.1656,-1.1061,-353.1066,-255.0,1,1
128410.0,-0.1776,-1.2675,-354.2928,-255.0,0,1
128420.0,-0.1907,-1.3363,-354.1436,-255.0,0,1
128427.0,-0.2049,-1.4639,-355.1508,-255.0,0,1
128437.0,-0.219,-1.5119,-357.1144,-255.0,0,1
128450.0,-0.2321,-1.3843,-357.6084,-255.0,0,1
128460.0,-0.2463,-1.3952,-358.017,-255.0,0,1
128470.0,-0.2583,-1.2283,-358.3551,-255.0,0,1
128477.0,-0.267,-0.9741,-358.6347,-255.0,0,1
128487.0,-0.2736,-0.6043,-358.8661,-255.0,0,1
128500.0,-0.2779,-0.5149,-359.0575,-255.0,0,1
128510.0,-0.279,-0.0404,-360.3463,-255.0,0,1
128520.0,-0.2769,0.1353,-360.2821,-255.0,0,1
128527.0,-0.2725,0.444,-360.2289,-255.0,0,1
128537.0,-0.267,0.5781,-360.1849,-255.0,0,1
128550.0,-0.2649,0.2389,-360.1485,-255.0,0,1
128560.0,-0.2616,0.3643,-360.1184,-255.0,0,1
128570.0,-0.2583,0.3698,-360.0935,-255.0,0,1
128577.0,-0.2529,0.576,-361.2034,-255.0,0,1
128587.0,-0.2474,0.5258,-360.9911,-255.0,0,1
128600.0,-0.2419,0.5651,-360.8154,-255.0,0,1
128610.0,-0.2354,0.6032,-360.6701,-255.0,0,1
128620.0,-0.231,0.5432,-360.5499,-255.0,0,1
128627.0,-0.2256,0.4996,-360.4505,-255.0,0,1
128637.0,-0.2223,0.3338,-360.3682,-255.0,0,1
128650.0,-0.219,0.348,-360.3001,-255.0,0,1
128660.0,-0.2169,0.192,-360.2438,-255.0,0,1
128671.0,-0.2158,0.1538,-360.1973,-255.0,0,1
128677.0,-0.2147,0.1342,-359.0282,-255.0,0,1
128687.0,-0.2147,-0.0185,-359.1916,-255.0,0,1
128701.0,-0.2147,-0.0076,-359.3268,-255.0,0,1
128710.0,-0.2169,-0.2127,-358.3081,-255.0,0,1
128721.0,-0.219,-0.2116,-358.5959,-255.0,0,1
128727.0,-0.2223,-0.3251,-358.834,-255.0,0,1
128738.0,-0.2256,-0.3447,-357.9004,-255.0,0,1
128751.0,-0.2289,-0.3545,-357.1281,-255.0,0,1
128761.0,-0.2321,-0.3883,-357.6197,-255.0,0,1
128771.0,-0.2354,-0.2542,-358.0264,-255.0,0,1
128778.0,-0.2387,-0.3207,-357.2323,-255.0,0,1
128788.0,-0.2398,-0.1702,-356.5754,-255.0,0,1
128801.0,-0.2419,-0.2531,-357.1625,-255.0,0,1
128811.0,-0.243,-0.1036,-357.6481,-255.0,0,1
128821.0,-0.2441,-0.0862,-356.9194,-255.0,0,1
128828.0,-0.2441,0.0044,-357.4471,-255.0,0,1
128838.0,-0.243,0.1004,-356.7531,-255.0,0,1
128851.0,-0.2419,0.0742,-356.1789,-255.0,0,1
128861.0,-0.2398,0.2203,-356.8345,-255.0,0,1
128871.0,-0.2387,0.1789,-356.2463,-255.0,0,1
128878.0,-0.2354,0.2869,-355.7597,-255.0,0,1
128888.0,-0.2332,0.2171,-355.3572,-255.0,0,1
128901.0,-0.231,0.2367,-356.1546,-255.0,0,1
128911.0,-0.2289,0.228,-356.8144,-255.0,0,1
128921.0,-0.2278,0.132,-356.2296,-255.0,0,1
128928.0,-0.2267,0.1505,-355.7459,-255.0,0,1
128938.0,-0.2267,0.0109,-355.3458,-255.0,0,1
128951.0,-0.2256,0.0633,-355.0147,-255.0,0,1
128961.0,-0.2267,-0.0665,-354.7408,-255.0,0,1
128971.0,-0.2267,-0.0611,-355.6448,-255.0,0,1
128978.0,-0.2278,-0.0851,-355.2621,-255.0,0,1
128988.0,-0.2289,-0.1505,-354.9455,-255.0,0,1
129001.0,-0.2299,-0.1014,-354.6836,-255.0,0,1
129011.0,-0.2321,-0.2018,-354.4669,-255.0,0,1
129022.0,-0.2332,-0.1036,-354.2876,-255.0,0,1
129028.0,-0.2354,-0.1996,-354.1393,-255.0,0,1
129038.0,-0.2365,-0.1189,-354.0167,-255.0,0,1
129051.0,-0.2376,-0.1385,-352.7847,-255.0,0,1
129061.0,-0.2387,-0.1047,-352.896,-255.0,0,1
129072.0,-0.2387,-0.0535,-352.9881,-255.0,0,1
129079.0,-0.2398,-0.0404,-353.0643,-255.0,0,1
129089.0,-0.2387,0.0567,-353.1273,-255.0,0,1
129102.0,-0.2387,0.024,-353.1794,-255.0,0,1
129112.0,-0.2376,0.1265,-353.2226,-255.0,0,1
129122.0,-0.2365,0.0687,-353.2583,-255.0,0,1
129129.0,-0.2354,0.1571,-353.2878,-255.0,0,1
129139.0,-0.2343,0.132,-353.3122,-255.0,0,1
129152.0,-0.2332,0.1331,-353.3324,-255.0,0,1
129162.0,-0.231,0.1374,-352.2186,-255.0,0,1
129172.0,-0.231,0.06,-351.2972,-255.0,0,1
129179.0,-0.2299,0.1113,-351.6654,-255.0,0,1
129189.0,-0.2299,-0.012,-351.9701,-255.0,0,1
129202.0,-0.2299,0.0415,-352.2221,-255.0,0,1
129212.0,-0.2299,-0.0611,-351.3001,-255.0,0,1
129222.0,-0.2299,-0.0305,-350.5374,-255.0,0,1
129229.0,-0.231,-0.0796,-351.0369,-255.0,0,1
129239.0,-0.2321,-0.0993,-351.4501,-255.0,0,1
129252.0,-0.2332,-0.0796,-350.6614,-255.0,0,1
129262.0,-0.2343,-0.1571,-351.1395,-255.0,0,1
129272.0,-0.2354,-0.0654,-351.535,-255.0,0,1
129279.0,-0.2365,-0.1451,-350.7317,-255.0,0,1
129289.0,-0.2365,-0.0513,-350.0671,-255.0,0,1
129302.0,-0.2376,-0.0905,-349.5173,-255.0,0,0
129312.0,-0.2376,-0.0218,-350.193,-255.0,0,0
129322.0,-0.2387,-0.0218,-349.6215,-255.0,0,0
129329.0,-0.2376,0.024,-349.1487,-255.0,0,0
129339.0,-0.2376,0.072,-349.8881,-255.0,0,0
129352.0,-0.2365,0.0404,-350.4997,-255.0,0,0
129362.0,-0.2354,0.1276,-349.8752,-255.0,0,0
129373.0,-0.2354,0.048,-349.3586,-255.0,0,0
129380.0,-0.2332,0.1527,-348.9312,-255.0,0,0
129390.0,-0.2332,0.0545,-348.5776,-255.0,0,0
129402.0,-0.2321,0.1025,-349.4156,-255.0,0,0
129412.0,-0.2321,0.0404,-348.9783,-255.0,0,0
129423.0,-0.231,0.0458,-348.6166,-255.0,0,0
129430.0,-0.231,0.036,-348.3174,-255.0,0,0
129440.0,-0.231,-0.0305,-348.0698,-255.0,0,0
129453.0,-0.231,0.0153,-347.8651,-255.0,0,0
129463.0,-0.2321,-0.0971,-347.6956,-255.0,0,0
129473.0,-0.2321,-0.0153,-347.5554,-255.0,0,0
129480.0,-0.2332,-0.1287,-347.4395,-255.0,0,0
129490.0,-0.2343,-0.0404,-347.3436,-255.0,0,0
129503.0,-0.2354,-0.1047,-347.2642,-255.0,0,0
129513.0,-0.2354,-0.0709,-347.1986,-255.0,0,0
129523.0,-0.2365,-0.0785,-346.0138,-255.0,0,0
129530.0,-0.2376,-0.0807,-346.1641,-255.0,0,0
129540.0,-0.2376,-0.0131,-346.2885,-255.0,0,0
129553.0,-0.2376,-0.0524,-346.3914,-255.0,0,0
129563.0,-0.2376,0.0611,-346.4765,-255.0,0,0
129573.0,-0.2376,-0.0131,-346.547,-255.0,0,0
129580.0,-0.2365,0.1025,-346.6052,-255.0,0,0
129590.0,-0.2365,0.0207,-346.6534,-255.0,0,0
129603.0,-0.2354,0.0927,-346.6933,-255.0,0,0
129613.0,-0.2343,0.0611,-345.5957,-255.0,0,0
129623.0,-0.2343,0.0862,-345.8183,-255.0,0,0
129630.0,-0.2332,0.0644,-346.0024,-255.0,0,0
129640.0,-0.2332,-0.0142,-346.1547,-255.0,0,0
129653.0,-0.2332,0.0589,-346.2807,-255.0,0,0
129663.0,-0.2332,-0.0535,-345.2544,-255.0,0,0
129673.0,-0.2332,0.0425,-344.4054,-255.0,0,0
129680.0,-0.2332,-0.0818,-344.8336,-255.0,0,0
129691.0,-0.2332,0.0153,-345.1878,-255.0,0,0
129703.0,-0.2343,-0.0971,-344.3503,-255.0,0,0
129713.0,-0.2343,-0.0131,-344.788,-255.0,0,0
129724.0,-0.2354,-0.0862,-345.1501,-255.0,0,0
129731.0,-0.2365,-0.06,-344.3191,-255.0,0,0
129741.0,-0.2365,-0.048,-343.6317,-255.0,0,0
129753.0,-0.2376,-0.0753,-344.1935,-255.0,0,0
129763.0,-0.2376,0.0044,-343.5277,-255.0,0,0
129774.0,-0.2376,-0.0665,-342.977,-255.0,0,0
129781.0,-0.2376,0.0447,-343.6519,-255.0,0,0
129791.0,-0.2376,-0.0491,-343.0797,-255.0,0,0
129804.0,-0.2376,0.0774,-342.6064,-255.0,0,0
129814.0,-0.2376,-0.0098,-342.2148,-255.0,0,0
129824.0,-0.2365,0.0774,-343.0213,-255.0,0,0
129831.0,-0.2365,0.0305,-342.558,-255.0,0,0
129841.0,-0.2354,0.072,-342.1748,-255.0,0,0
129854.0,-0.2343,0.0578,-342.9883,-255.0,0,0
129864.0,-0.2343,0.0251,-342.5307,-255.0,0,0
129874.0,-0.2343,0.0633,-342.1522,-255.0,0,0
129881.0,-0.2343,-0.0142,-341.839,-255.0,0,0
129891.0,-0.2332,0.0654,-341.58,-255.0,0,0
129904.0,-0.2343,-0.0742,-341.3657,-255.0,0,0
129914.0,-0.2332,0.0425,-341.1884,-255.0,0,0
129924.0,-0.2343,-0.0916,-341.0417,-255.0,0,0
129931.0,-0.2343,0.0055,-340.9203,-255.0,0,0
129941.0,-0.2354,-0.0894,-340.82,-255.0,0,0
129954.0,-0.2354,-0.0196,-341.8674,-255.0,0,0
129964.0,-0.2365,-0.0589,-341.6035,-255.0,0,0
129974.0,-0.2365,-0.048,-341.3851,-255.0,0,0
129981.0,-0.2365,-0.0175,-341.2044,-255.0,0,0
129992.0,-0.2376,-0.0556,-339.9245,-255.0,0,0
130004.0,-0.2376,0.0196,-339.9961,-255.0,0,0
130014.0,-0.2376,-0.0611,-340.0554,-255.0,0,0
130024.0,-0.2376,0.0698,-340.1044,-255.0,0,0
130032.0,-0.2376,-0.0404,-340.145,-255.0,0,0
130042.0,-0.2365,0.0949,-340.1785,-255.0,0,0
130054.0,-0.2365,-0.0338,-340.2063,-255.0,0,0
130064.0,-0.2365,0.0982,-340.2293,-255.0,0,0
130075.0,-0.2354,0.0131,-339.1177,-255.0,0,0
130082.0,-0.2354,0.0654,-339.3287,-255.0,0,0
130092.0,-0.2354,0.0153,-339.5033,-255.0,0,0
130105.0,-0.2354,0.0142,-339.6477,-255.0,0,0
130115.0,-0.2343,0.0316,-339.7671,-255.0,0,0
130125.0,-0.2354,-0.0218,-338.7354,-255.0,0,0
130132.0,-0.2343,0.0251,-339.0125,-255.0,0,0
130142.0,-0.2354,-0.072,-339.2416,-255.0,0,0
130155.0,-0.2354,0.0175,-338.3007,-255.0,0,0
130165.0,-0.2365,-0.096,-337.5223,-255.0,0,0
130175.0,-0.2354,0.0316,-338.0089,-255.0,0,0
130182.0,-0.2365,-0.108,-338.4114,-255.0,0,0
130192.0,-0.2365,0.0142,-338.7444,-255.0,0,0
130205.0,-0.2376,-0.0742,-337.8893,-255.0,0,0
130215.0,-0.2376,0.0196,-337.182,-255.0,0,0
130225.0,-0.2376,-0.0425,-337.7274,-255.0,0,0
130232.0,-0.2376,0.0011,-337.048,-255.0,0,0
130242.0,-0.2376,0.0,-336.486,-255.0,0,0
130255.0,-0.2376,-0.0044,-337.1515,-255.0,0,0
130265.0,-0.2376,0.0458,-336.5716,-255.0,0,0
130275.0,-0.2376,-0.0109,-336.0919,-255.0,0,0
130282.0,-0.2365,0.0742,-336.8255,-255.0,0,0
130293.0,-0.2365,-0.0284,-336.3019,-255.0,0,0
130305.0,-0.2354,0.0971,-335.8687,-255.0,0,0
130315.0,-0.2365,-0.0393,-336.6409,-255.0,0,0
130325.0,-0.2354,0.0894,-336.1492,-255.0,0,0
130333.0,-0.2354,-0.048,-335.7424,-255.0,0,0
130343.0,-0.2354,0.0611,-336.5364,-255.0,0,0
130355.0,-0.2354,-0.0633,-336.0628,-255.0,0,0
130365.0,-0.2354,0.0164,-335.671,-255.0,0,0
130375.0,-0.2365,-0.0371,-335.3468,-255.0,0,0
130383.0,-0.2365,-0.0218,-335.0786,-255.0,0,0
130393.0,-0.2365,-0.0338,-334.8568,-255.0,0,0
130405.0,-0.2376,-0.0436,-334.6732,-255.0,0,0
130415.0,-0.2376,-0.0109,-335.6519,-255.0,0,0
130426.0,-0.2376,-0.0611,-335.331,-255.0,0,0
130433.0,-0.2376,0.0196,-333.9351,-255.0,0,0
130443.0,-0.2387,-0.0731,-333.9107,-255.0,0,0
130455.0,-0.2387,0.06,-335.0211,-255.0,0,0
130465.0,-0.2376,-0.0676,-334.8092,-255.0,0,0
130476.0,-0.2387,0.0742,-334.6339,-255.0,0,0
130483.0,-0.2387,-0.0633,-334.4889,-255.0,0,0
130493.0,-0.2376,0.0971,-334.3689,-255.0,0,0
130506.0,-0.2365,-0.0415,-334.2696,-255.0,0,0
130516.0,-0.2376,0.0862,-334.1875,-255.0,0,0
130526.0,-0.2365,-0.0196,-334.1195,-255.0,0,0
130533.0,-0.2365,0.06,-332.9329,-255.0,0,0
130543.0,-0.2365,0.0011,-331.9511,-255.0,0,0
130556.0,-0.2365,0.0164,-332.2695,-255.0,0,0
130566.0,-0.2365,-0.0044,-332.5328,-255.0,0,0
130576.0,-0.2365,-0.0098,-332.7507,-255.0,0,0
130584.0,-0.2365,0.0011,-332.931,-255.0,0,0
130594.0,-0.2365,-0.0491,-333.0801,-255.0,0,0
130606.0,-0.2376,0.0229,-333.2034,-255.0,0,0
130616.0,-0.2376,-0.0742,-332.175,-255.0,0,0
130626.0,-0.2376,0.0262,-332.4547,-255.0,0,0
130634.0,-0.2376,-0.0905,-332.686,-255.0,0,0
130644.0,-0.2376,0.0502,-331.7469,-255.0,0,0
130656.0,-0.2376,-0.1025,-330.97,-255.0,0,0
130666.0,-0.2387,0.0633,-331.4578,-255.0,0,0
130676.0,-0.2376,-0.084,-331.8614,-255.0,0,0
130684.0,-0.2376,0.0753,-331.0648,-255.0,0,0
130694.0,-0.2387,-0.0545,-330.4057,-255.0,0,0
130706.0,-0.2387,0.0644,-330.991,-255.0,0,0
130716.0,-0.2376,-0.0382,-331.4752,-255.0,0,0
130726.0,-0.2376,0.048,-330.7452,-255.0,0,0
130734.0,-0.2376,-0.0109,-330.1413,-255.0,0,0
130744.0,-0.2376,0.0305,-330.7723,-255.0,0,0
130756.0,-0.2376,0.0033,-331.2943,-255.0,0,0
130766.0,-0.2376,0.0087,-330.5956,-255.0,0,0
130777.0,-0.2376,0.0185,-330.0175,-255.0,0,0
130784.0,-0.2376,-0.0273,-329.5393,-255.0,0,0
130794.0,-0.2376,0.0284,-329.1438,-255.0,0,0
130807.0,-0.2376,-0.0469,-329.947,-255.0,0,0
130817.0,-0.2387,0.024,-330.6115,-255.0,0,0
130827.0,-0.2376,-0.0731,-330.0308,-255.0,0,0
130834.0,-0.2376,0.0305,-329.5503,-255.0,0,0
130844.0,-0.2387,-0.0829,-329.1528,-255.0,0,0
130857.0,-0.2387,0.0927,-328.824,-255.0,0,0
130867.0,-0.2387,-0.1036,-328.552,-255.0,0,0
130877.0,-0.2387,0.0753,-329.4575,-255.0,0,0
130885.0,-0.2387,-0.0818,-329.076,-255.0,0,0
130895.0,-0.2376,0.0982,-328.7605,-255.0,0,0
130907.0,-0.2376,-0.0785,-328.4994,-255.0,0,0
130917.0,-0.2387,0.0742,-328.2835,-255.0,0,0
130927.0,-0.2376,-0.0589,-328.1049,-255.0,0,0
130935.0,-0.2376,0.0654,-327.957,-255.0,0,0
130945.0,-0.2387,-0.0327,-327.8348,-255.0,0,0
130957.0,-0.2376,0.06,-327.7336,-255.0,0,0
130967.0,-0.2376,-0.012,-327.65,-255.0,0,0
130977.0,-0.2376,0.0567,-327.5807,-255.0,0,0
130985.0,-0.2376,-0.0131,-328.654,-255.0,0,0
130995.0,-0.2376,0.0153,-328.4113,-255.0,0,0
131007.0,-0.2376,0.0033,-327.0801,-255.0,0,0
131017.0,-0.2376,-0.0229,-327.1093,-255.0,0,0
131027.0,-0.2376,0.0087,-327.1335,-255.0,0,0
131035.0,-0.2376,-0.0425,-326.023,-255.0,0,0
131045.0,-0.2376,0.0175,-326.2348,-255.0,0,0
131057.0,-0.2376,-0.06,-326.41,-255.0,0,0
131067.0,-0.2387,0.0327,-326.555,-255.0,0,0
131077.0,-0.2387,-0.0796,-326.6749,-255.0,0,0
131085.0,-0.2387,0.0491,-326.774,-255.0,0,0
131095.0,-0.2387,-0.0709,-326.8561,-255.0,0,0
131107.0,-0.2387,0.0644,-326.924,-255.0,0,0
131117.0,-0.2387,-0.0807,-325.8497,-255.0,0,0
131128.0,-0.2387,0.0938,-326.0914,-255.0,0,0
131135.0,-0.2387,-0.0862,-326.2914,-255.0,0,0
131145.0,-0.2387,0.0884,-325.3264,-255.0,0,0
131158.0,-0.2376,-0.0796,-325.6585,-255.0,0,0
131168.0,-0.2387,0.0949,-325.9332,-255.0,0,0
131178.0,-0.2376,-0.0687,-325.03,-255.0,0,0
131186.0,-0.2376,0.0927,-324.2829,-255.0,0,0
131196.0,-0.2387,-0.06,-324.7952,-255.0,0,0
131208.0,-0.2376,0.1276,-325.2191,-255.0,0,0
131218.0,-0.2376,-0.072,-324.4392,-255.0,0,0
131228.0,-0.2376,0.0502,-323.7941,-255.0,0,0
131236.0,-0.2376,-0.0665,-324.3909,-255.0,0,0
131246.0,-0.2376,0.0382,-324.8846,-255.0,0,0
131258.0,-0.2376,-0.0589,-324.1625,-255.0,0,0
131268.0,-0.2387,0.0196,-323.5652,-255.0,0,0
131278.0,-0.2387,-0.0535,-324.2015,-255.0,0,0
131286.0,-0.2387,0.0131,-323.5975,-255.0,0,0
131296.0,-0.2387,-0.0273,-323.0977,-255.0,0,0
131308.0,-0.2387,0.0131,-323.8148,-255.0,0,0
131318.0,-0.2387,-0.0109,-323.2775,-255.0,0,0
131328.0,-0.2387,0.0033,-322.8331,-255.0,0,0
131336.0,-0.2387,-0.0055,-322.4654,-255.0,0,0
131346.0,-0.2376,0.0,-322.1612,-255.0,0,0
131358.0,-0.2376,0.0175,-323.04,-255.0,0,0
131368.0,-0.2376,0.0,-322.6366,-255.0,0,0
131378.0,-0.2376,0.024,-322.3028,-255.0,0,0
131386.0,-0.2376,-0.0251,-323.1572,-255.0,0,0
131396.0,-0.2376,0.0316,-322.7335,-255.0,0,0
131408.0,-0.2365,-0.036,-322.383,-255.0,0,0
131418.0,-0.2365,0.0415,-323.2235,-255.0,0,0
131429.0,-0.2365,-0.0469,-322.7884,-255.0,0,0
131437.0,-0.2365,0.0415,-321.2979,-255.0,0,0
131447.0,-0.2365,-0.0524,-321.1954,-255.0,0,0
131458.0,-0.2365,0.0502,-322.2411,-255.0,0,0
131780.38095238095,-0.2254857142857143,0.04547142857142857,-575.5686952380952,-254.24238095238096,0,0
132394.43990929704,-0.2045061224489796,0.03646462585034014,-1058.0974480725624,-252.7992970521542,0,0
133227.80563654032,-0.1760338192419825,0.02424110787172012,-1712.9578983479105,-250.8408260447036,0,0
134180.22361053264,-0.14349404414827155,0.010271373039011529,-2461.369841519737,-248.60257346476004,1,0
135143.97989373916,-0.11056689077963547,-0.003864668160753121,-3218.6914506817043,-246.33767502076955,1,0
136025.12849552798,-0.08046206484259677,-0.01678904868625223,-3911.09977905836,-244.26691072912112,1,0
136759.41899701866,-0.05537470989506452,-0.027559365790834817,-4488.10671937224,-242.54127381941407,1,0
137318.87842672583,-0.0362605346969447,-0.035765321680040596,-4927.7310548494825,-241.22650284058966,1,0
137708.50195812905,-0.02294887696968269,-0.041480183817166054,-5233.898002771133,-240.31085876605124,1,0
137955.8819780676,-0.014497030793643314,-0.045108667713753645,-5428.28971573726,-239.729497448884,1,0
138098.419989556,-0.009627157520782529,-0.04719936557797792,-5540.296369398695,-239.39452259470667,1,0
138172.4657098097,-0.007097353223192512,-0.04828544239056196,-5598.481644028012,-239.22050968344573,1,0
138206.8440799275,-0.005922801227882862,-0.0487896923392617,-5625.496235820196,-239.139717974646,1,0
138220.9480266425,-0.00544093374262762,-0.04899656411308723,-5636.579145273398,-239.10657265821533,1,0
138225.9851504693,-0.00526883821217932,-0.049070446889453494,-5640.537327220971,-239.09473504520437,1,0
138227.52027392125,-0.0052163900505188855,-0.049092963545107976,-5641.743630290707,-239.09112739171533,1,0
138227.90862360405,-0.00520312191438455,-0.049098659722877705,-5642.048796245849,-239.0902147412791,1,0
138227.98694622915,-0.005200445987769221,-0.04909980853183967,-5642.110342320836,-239.0900306773256,1,0
138227.99875678372,-0.00520004247502564,-0.04909998176493711,-5642.119623078175,-239.09000292165007,1,0
138227.99994079923,-0.005200002022620268,-0.04909999913166367,-5642.120553479914,-239.0900001391262,1,0
138228.0,-0.0052,-0.0491,-5642.1206,-239.09,1,0
138238.0,-0.0063,-0.0633,-10014.8447,255.0,1,0
138248.0,-0.0063,-0.0524,-8285.001,255.0,1,0
138258.0,-0.0074,-0.0764,-6853.9482,-255.0,1,0
138268.0,-0.0074,-0.0338,-5670.0791,-255.0,1,0
138278.0,-0.0085,-0.0415,-4690.6973,-255.0,1,0
138288.0,-0.0107,-0.276,-3880.4824,-255.0,1,0
138298.0,-0.0129,-0.168,-3210.2141,-255.0,1,0
138309.0,-0.0107,0.1702,-2655.72,255.0,1,0
138319.0,-0.0107,-0.0044,-2198.1333,-255.0,1,0
138329.0,-0.0118,-0.1058,-1819.5846,-255.0,1,0
138339.0,-0.0118,-0.0142,-1506.4218,-255.0,1,0
138349.0,-0.0107,0.1156,-1247.351,255.0,1,0
138359.0,-0.0107,0.0556,-1033.0289,-255.0,1,0
138369.0,-0.0085,0.1473,-856.8569,255.0,1,0
138379.0,-0.0074,0.2007,-711.1147,255.0,1,0
138389.0,-0.0063,0.0502,-590.5463,195.52,1,0
138399.0,-0.0074,-0.0371,-489.6729,-182.2,1,0
138409.0,-0.0041,0.2629,-406.2231,222.39,1,0
138419.0,-0.0041,0.0567,-337.1875,115.46,1,0
138429.0,-0.0052,-0.18,-278.9457,-182.91,1,0
138439.0,-0.0052,0.0491,-231.8945,80.66,1,0
138449.0,-0.0041,0.1102,-192.9703,94.85,1,0
138459.0,-0.0052,-0.1647,-159.6389,-162.35,1,0
138470.0,-0.0074,-0.1647,-133.1953,-164.62,1,0
138479.0,-0.0074,0.0349,-111.3192,-92.11,1,0
138489.0,-0.0074,-0.0654,-93.2218,-107.53,1,0
138499.0,-0.0096,-0.2553,-78.2503,-210.77,1,0
138509.0,-0.0107,-0.0436,-64.7342,-108.98,1,0
138520.0,-0.0107,-0.0436,-54.6833,-108.79,1,0
138530.0,-0.0118,-0.1222,-47.499,-152.33,1,0
138540.0,-0.0118,0.0491,-40.4251,-66.57,1,0
138550.0,-0.0129,-0.1025,-34.573,-146.64,1,0
138560.0,-0.0129,-0.0807,-29.7318,-135.64,1,0
138570.0,-0.0129,-0.0065,-25.7268,-98.48,1,0
138580.0,-0.014,-0.0436,-23.5441,-121.38,1,0
138590.0,-0.0151,-0.084,-21.7383,-145.92,1,0
138600.0,-0.0151,-0.0316,-19.114,-123.87,1,0
138610.0,-0.0161,-0.0894,-16.943,-152.34,1,0
138620.0,-0.0161,-0.06,-16.2775,-137.74,1,0
138630.0,-0.0172,-0.0764,-15.7269,-150.38,1,0
138641.0,-0.0183,-0.0796,-15.2714,-156.46,1,0
138650.0,-0.0183,-0.0676,-13.7641,-150.47,1,0
138660.0,-0.0194,-0.0862,-12.5172,-171.45,1,0
138671.0,-0.0205,-0.0884,-12.6161,-168.66,1,0
138680.0,-0.0216,-0.0829,-13.8285,-170.59,1,0
138690.0,-0.0216,-0.0905,-14.8314,-174.65,1,0
138700.0,-0.0227,-0.096,-14.5306,-181.89,1,0
138710.0,-0.0238,-0.1004,-14.2818,-188.55,1,0
138720.0,-0.0249,-0.1004,-14.0759,-193.01,1,0
138730.0,-0.026,-0.096,-15.0361,-195.32,1,0
138741.0,-0.0271,-0.0884,-15.8305,-195.97,1,0
138751.0,-0.0271,-0.0807,-15.3571,-192.19,1,0
138761.0,-0.0281,-0.0862,-16.096,-199.36,1,0
138771.0,-0.0292,-0.0644,-17.8378,-192.94,1,0
138781.0,-0.0292,-0.0742,-18.1482,-197.9,1,0
138791.0,-0.0303,-0.0491,-18.405,-189.76,1,0
138801.0,-0.0303,-0.0185,-19.748,-178.76,1,0
138811.0,-0.0303,-0.0404,-20.8589,-185.0,1,0
138821.0,-0.0303,-0.0164,-21.778,-173.18,1,0
138832.0,-0.0303,-0.0196,-22.5384,-174.96,1,0
138842.0,-0.0314,-0.0153,-23.1674,-180.4,1,1
138851.0,-0.0314,-0.0142,-24.8182,-176.45,1,1
138861.0,-0.0314,-0.0327,-26.1839,-185.93,1,1
138872.0,-0.0314,-0.0436,-26.1832,-193.59,1,1
138882.0,-0.0314,-0.0185,-27.3132,-178.83,1,1
138892.0,-0.0325,-0.0502,-28.2479,-199.19,1,1
138901.0,-0.0325,-0.0382,-29.0212,-193.33,1,1
138912.0,-0.0325,-0.0207,-30.7915,-184.78,1,1
138922.0,-0.0336,-0.0665,-32.2559,-212.2,1,1
138932.0,-0.0336,-0.036,-32.3369,-205.38,1,1
138943.0,-0.0336,-0.0142,-32.404,-185.03,1,1
138951.0,-0.0347,-0.0654,-33.5899,-228.97,1,1
138962.0,-0.0347,-0.0131,-34.571,-187.63,1,1
138973.0,-0.0347,0.0196,-36.5131,-171.9,1,1
138983.0,-0.0347,-0.0305,-38.1198,-197.5,1,1
138993.0,-0.0347,0.0273,-38.3185,-168.95,1,1
139002.0,-0.0347,0.0327,-39.6133,-181.24,1,1
139012.0,-0.0347,-0.0404,-40.6845,-201.45,1,1
139023.0,-0.0347,0.0469,-41.5707,-158.44,1,1
139033.0,-0.0336,0.0404,-43.4343,-157.9,1,1
139043.0,-0.0347,-0.0404,-43.8455,-204.07,1,1
139052.0,-0.0336,0.0262,-44.1856,-165.56,1,1
139063.0,-0.0347,-0.012,-45.5976,-192.5,1,1
139073.0,-0.0347,-0.0284,-46.7656,-197.4,1,1
139084.0,-0.0347,0.0262,-47.7319,-170.44,1,1
139094.0,-0.0347,-0.0327,-48.5313,-204.34,1,1
139102.0,-0.0347,-0.0578,-49.1926,-212.34,1,1
139112.0,-0.0347,0.0284,-49.7397,-169.53,1,1
139124.0,-0.0347,-0.0295,-50.1922,-201.81,1,1
139133.0,-0.0347,-0.0098,-51.6972,-188.67,1,1
139144.0,-0.0347,0.0295,-52.9421,-188.18,1,1
139152.0,-0.0358,-0.0535,-53.9721,-212.87,1,1
139162.0,-0.0358,-0.0251,-55.9546,-199.44,1,1
139174.0,-0.0358,0.0131,-56.4642,-185.09,1,1
139184.0,-0.0358,-0.0458,-56.8858,-210.23,1,1
139194.0,-0.0358,-0.0022,-58.365,-204.66,1,1
139202.0,-0.0358,-0.012,-59.5888,-192.2,1,1
139212.0,-0.0369,-0.0393,-60.6011,-231.92,1,1
139224.0,-0.0369,0.0098,-61.4386,-184.25,1,1
139234.0,-0.0358,0.0251,-62.1315,-173.31,1,1
139245.0,-0.0369,-0.024,-62.7047,-203.06,1,1
139253.0,-0.0358,0.0338,-64.3093,-170.54,1,1
139263.0,-0.0358,0.0044,-65.6368,-185.87,1,1
139275.0,-0.0369,-0.0535,-66.735,-219.62,1,1
139285.0,-0.0358,0.0393,-67.6436,-176.63,1,1
139295.0,-0.0369,-0.0109,-68.3951,-200.18,1,1
139303.0,-0.0369,-0.0633,-70.1474,-224.51,1,1
139313.0,-0.0369,0.0251,-70.4665,-184.93,1,1
139325.0,-0.0369,-0.0044,-70.7305,-208.86,1,1
139335.0,-0.0369,-0.048,-72.0794,-215.7,1,1
139345.0,-0.0369,0.0415,-73.1953,-171.7,1,1
139353.0,-0.0369,-0.0251,-74.1184,-205.55,1,1
139363.0,-0.038,-0.0556,-76.0126,-226.78,1,1
139375.0,-0.0369,0.0436,-77.5797,-172.03,1,1
139385.0,-0.0369,-0.0262,-77.7455,-214.59,1,1
139395.0,-0.0369,0.0,-79.0132,-193.51,1,1
139403.0,-0.0369,0.072,-80.0619,-157.97,1,1
139413.0,-0.0369,-0.0196,-80.9295,-211.49,1,1
139425.0,-0.0369,-0.0262,-82.7778,-206.83,1,1
139435.0,-0.0369,0.0654,-84.3068,-161.51,1,1
139445.0,-0.0369,-0.0415,-84.4412,-215.3,1,1
139453.0,-0.0369,-0.0196,-84.5523,-204.66,1,1
139463.0,-0.0369,0.0284,-85.7748,-199.81,1,1
139475.0,-0.0369,-0.0338,-86.7861,-233.87,1,1
139486.0,-0.0369,-0.0055,-87.6228,-193.08,1,1
139496.0,-0.0369,0.0447,-89.4454,-181.84,1,1
139504.0,-0.0369,-0.06,-90.9532,-220.99,1,1
139516.0,-0.0369,-0.0055,-92.2006,-194.88,1,1
139526.0,-0.0369,0.0196,-93.2325,-183.27,1,1
139536.0,-0.038,-0.0545,-92.9557,-225.4,1,1
139546.0,-0.0369,0.0447,-93.8571,-172.02,1,1
139554.0,-0.0369,0.0404,-95.7334,-190.48,1,1
139564.0,-0.038,-0.0665,-97.2856,-230.96,1,1
139576.0,-0.038,0.0022,-98.5697,-197.4,1,1
139586.0,-0.038,0.0087,-98.5015,-205.16,1,1
139596.0,-0.038,-0.048,-98.445,-222.11,1,1
139604.0,-0.038,0.0142,-100.6594,-191.82,1,1
139614.0,-0.038,0.0196,-102.4912,-200.22,1,1
139626.0,-0.038,-0.0393,-102.8761,-218.25,1,1
139636.0,-0.038,0.0011,-103.1946,-198.71,1,1
139646.0,-0.038,0.0033,-104.5885,-198.21,1,1
139654.0,-0.038,-0.012,-105.7417,-206.32,1,1
139665.0,-0.038,0.0109,-106.6957,-195.26,1,1
139676.0,-0.038,-0.0131,-107.4849,-207.58,1,1
139687.0,-0.0391,-0.0567,-108.1378,-234.01,1,1
139696.0,-0.0391,-0.0055,-109.8084,-208.67,1,1
139704.0,-0.0391,0.0098,-111.1904,-201.27,1,1
139714.0,-0.0391,-0.0251,-112.3338,-228.35,1,1
139726.0,-0.0391,0.0262,-113.2796,-192.19,1,1
139737.0,-0.0391,-0.0207,-114.0621,-225.46,1,1
139747.0,-0.0391,-0.0665,-115.8399,-238.08,1,1
139754.0,-0.0391,0.0153,-117.3107,-197.75,1,1
139764.0,-0.0391,0.0415,-117.3969,-186.09,1,1
139777.0,-0.0391,-0.0022,-118.5987,-207.11,1,1
139787.0,-0.0391,0.0262,-120.7234,-193.37,1,1
139797.0,-0.0391,-0.0065,-121.3506,-210.0,1,1
139805.0,-0.0391,-0.0491,-121.8695,-231.49,1,1
139815.0,-0.0391,0.0578,-122.2988,-181.36,1,1
139827.0,-0.038,0.0644,-122.6539,-170.31,1,1
139837.0,-0.038,-0.0502,-124.0782,-227.87,1,1
139847.0,-0.0391,-0.0404,-125.2564,-227.56,1,1
139855.0,-0.0391,-0.0524,-126.2312,-233.76,1,1
139865.0,-0.0401,-0.0676,-127.0376,-255.0,1,1
139878.0,-0.0401,-0.0153,-128.8352,-215.22,1,1
139887.0,-0.0401,-0.0065,-130.3223,-221.42,1,1
139897.0,-0.0412,-0.0807,-131.5525,-255.0,1,1
139905.0,-0.0423,-0.0894,-132.5703,-255.0,1,1
139915.0,-0.0412,0.0185,-133.4122,-253.93,1,1
139928.0,-0.0412,0.0436,-135.2392,-186.45,1,1
139937.0,-0.0412,0.0469,-136.7507,-186.81,1,1
139948.0,-0.0401,0.0218,-138.0011,-222.78,1,1
139955.0,-0.0401,0.0305,-139.0354,-190.04,1,1
139965.0,-0.0391,0.084,-141.0217,-190.1,1,1
139978.0,-0.0391,0.072,-142.6648,-164.35,1,1
139988.0,-0.038,0.0404,-142.8937,-177.67,1,1
139998.0,-0.038,0.0458,-143.083,-176.44,1,1
140005.0,-0.038,-0.0087,-144.3701,-205.01,1,1
140015.0,-0.0369,0.0556,-146.5654,-188.47,1,1
140028.0,-0.038,-0.0175,-147.251,-208.84,1,1
140038.0,-0.038,-0.0524,-146.6877,-227.36,1,1
140048.0,-0.038,-0.0316,-147.3521,-237.85,1,1
140055.0,-0.038,0.024,-149.0323,-196.73,1,1
140065.0,-0.0412,-0.0305,-150.4223,-228.83,1,1
140078.0,-0.0423,-0.0818,-151.5722,-255.0,1,1
140088.0,-0.0423,-0.0393,-152.5235,-255.0,1,1
140098.0,-0.0423,-0.0295,-153.3105,-230.75,1,1
140106.0,-0.0423,-0.012,-153.9615,-223.64,1,1
140116.0,-0.0434,-0.0458,-154.5001,-246.21,1,1
140128.0,-0.0434,-0.0207,-156.0762,-255.0,1,1
140139.0,-0.0434,-0.0098,-157.38,-222.05,1,1
140148.0,-0.0434,0.0436,-158.4586,-197.72,1,1
140156.0,-0.0434,-0.0022,-159.3509,-222.54,1,1
140166.0,-0.0412,0.0349,-161.2196,-255.0,1,1
140177.0,-0.0412,0.0393,-163.896,-188.09,1,1
140189.0,-0.0412,0.0654,-163.8492,-177.56,1,1
140199.0,-0.0412,0.0022,-164.9409,-211.36,1,1
140206.0,-0.0401,0.0851,-166.9745,-203.0,1,1
140216.0,-0.0401,0.0524,-167.5264,-202.37,1,1
140229.0,-0.0401,0.0109,-167.983,-200.23,1,1
140239.0,-0.0401,0.0338,-169.4911,-199.5,1,1
140249.0,-0.0391,0.0436,-170.7388,-182.62,1,1
140256.0,-0.0391,0.0022,-170.6405,-212.3,1,1
140266.0,-0.0391,0.0131,-171.6897,-199.95,1,1
140279.0,-0.0391,0.0142,-173.6881,-246.94,1,1
140289.0,-0.0391,-0.0327,-174.2109,-219.22,1,1
140299.0,-0.0391,0.0109,-174.6433,-199.48,1,1
140306.0,-0.0391,-0.0262,-176.1316,-219.81,1,1
140316.0,-0.0401,-0.0382,-177.3628,-231.61,1,1
140329.0,-0.0401,-0.0251,-177.2509,-255.0,1,1
140339.0,-0.0401,-0.0022,-177.1582,-210.58,1,1
140349.0,-0.0401,-0.0556,-179.3426,-255.0,1,1
140356.0,-0.0412,-0.0164,-181.1497,-216.79,1,1
140369.0,-0.0401,0.0218,-181.5141,-196.17,1,1
140379.0,-0.0412,-0.0142,-182.9461,-225.11,1,1
140390.0,-0.0412,-0.0654,-184.1308,-247.92,1,1
140399.0,-0.0412,0.0,-183.9803,-216.73,1,1
140407.0,-0.0412,0.0436,-184.9863,-202.55,1,1
140417.0,-0.0412,-0.0305,-186.9491,-233.73,1,1
140430.0,-0.0412,-0.0273,-188.5728,-245.81,1,1
140440.0,-0.0412,0.0164,-189.916,-210.68,1,1
140450.0,-0.0412,0.0327,-191.0273,-203.59,1,1
140457.0,-0.0412,-0.0622,-191.9466,-251.91,1,1
140467.0,-0.0412,0.0,-192.7071,-221.53,1,1
140480.0,-0.0401,0.1069,-193.3362,-200.94,1,1
140490.0,-0.0412,-0.0327,-194.9872,-255.0,1,1
140500.0,-0.0423,-0.0982,-196.353,-255.0,1,1
140507.0,-0.0401,0.132,-196.3524,-199.69,1,1
140517.0,-0.0401,0.0622,-197.4825,-248.24,1,1
140530.0,-0.0412,-0.1407,-199.5478,-255.0,1,1
140540.0,-0.0412,0.0295,-200.1259,-246.19,1,1
140550.0,-0.0391,0.2116,-200.6041,-154.4,1,1
140557.0,-0.0401,-0.1254,-202.1302,-255.0,1,1
140567.0,-0.0401,-0.0284,-203.3927,-214.04,1,1
140580.0,-0.038,0.2258,-205.5677,-149.76,1,1
140590.0,-0.038,-0.0065,-206.2365,-193.46,1,1
140600.0,-0.0391,-0.0862,-206.7897,-242.21,1,1
140607.0,-0.0369,0.2029,-208.3779,-150.35,1,1
140617.0,-0.0369,0.0415,-208.5613,-168.71,1,1
140630.0,-0.038,-0.1222,-209.8435,-255.0,1,1
140640.0,-0.0369,0.1516,-210.9042,-246.51,1,1
140650.0,-0.0358,0.048,-210.6512,-153.98,1,1
140657.0,-0.0369,-0.1244,-211.5724,-249.96,1,1
140667.0,-0.0358,0.0982,-213.465,-255.0,1,1
140681.0,-0.0358,0.0273,-213.9002,-160.45,1,1
140691.0,-0.0369,-0.0774,-215.3907,-255.0,1,1
140701.0,-0.0369,0.0284,-216.6237,-255.0,1,1
140708.0,-0.0358,0.0273,-216.5133,-154.87,1,1
140718.0,-0.0369,-0.0295,-218.683,-195.27,1,1
140731.0,-0.0358,0.0567,-220.4779,-207.39,1,1
140741.0,-0.0358,-0.012,-220.8322,-186.0,1,1
140751.0,-0.0358,0.0393,-221.1254,-165.62,1,1
140758.0,-0.0358,0.0425,-221.3679,-168.19,1,1
140768.0,-0.0358,-0.0535,-222.6991,-219.7,1,1
140781.0,-0.0358,0.0218,-223.8003,-255.0,1,1
140791.0,-0.0347,0.036,-223.5808,-204.88,1,1
140801.0,-0.0369,-0.18,-224.5297,-255.0,1,1
140808.0,-0.0369,0.0022,-225.3147,-255.0,1,1
140818.0,-0.0369,0.0022,-225.9641,-173.64,1,1
140831.0,-0.038,-0.096,-227.6319,-234.63,1,1
140841.0,-0.038,-0.0131,-227.8811,-221.04,1,1
140851.0,-0.038,-0.0458,-228.0872,-217.19,1,1
140858.0,-0.0391,-0.0393,-229.3882,-222.79,1,1
140868.0,-0.0391,-0.0153,-230.4645,-255.0,1,1
140881.0,-0.0401,-0.0949,-231.3549,-239.16,1,1
140891.0,-0.0401,0.0087,-232.0915,-255.0,1,1
140901.0,-0.0401,-0.0415,-232.7009,-203.59,1,1
140908.0,-0.0423,-0.168,-234.3355,-255.0,1,1
140918.0,-0.0412,0.0633,-235.6878,-255.0,1,1
140931.0,-0.0412,-0.0153,-236.8065,-196.53,1,1
140941.0,-0.0423,-0.1091,-237.732,-255.0,1,1
140951.0,-0.0423,0.0567,-238.4976,-180.09,1,1
140958.0,-0.0423,-0.0393,-240.2614,-233.67,1,1
140968.0,-0.0423,0.0273,-241.7207,-255.0,1,1
140981.0,-0.0423,-0.0131,-242.9278,-215.8,1,1
140991.0,-0.0434,-0.0829,-243.9265,-254.66,1,1
141001.0,-0.0423,0.1047,-244.7526,-255.0,1,1
141008.0,-0.0423,-0.0382,-245.4361,-219.34,1,1
141019.0,-0.0423,-0.0305,-246.0015,-222.8,1,1
141032.0,-0.0423,0.0731,-247.5997,-176.98,1,1
141042.0,-0.0423,-0.0676,-248.9219,-252.15,1,1
141052.0,-0.0412,0.108,-248.8852,-255.0,1,1
141059.0,-0.0423,-0.0196,-249.9853,-207.03,1,1
141069.0,-0.0423,-0.0971,-252.026,-255.0,1,1
141082.0,-0.0423,0.072,-252.5836,-157.51,1,1
141092.0,-0.0423,-0.0425,-253.0449,-223.63,1,1
141102.0,-0.0412,0.1014,-254.5571,-154.54,1,1
141109.0,-0.0423,-0.0469,-255.808,-238.91,1,1
141119.0,-0.0434,-0.1014,-256.8429,-255.0,1,1
141132.0,-0.0423,0.0796,-257.699,-240.4,1,1
141142.0,-0.0434,-0.1025,-258.4073,-255.0,1,1
141152.0,-0.0434,0.024,-258.9932,-255.0,1,1
141159.0,-0.0434,-0.0927,-260.6084,-255.0,1,1
141169.0,-0.0445,-0.0262,-261.9446,-245.26,1,1
141182.0,-0.0434,0.0109,-261.9196,-225.47,1,1
141192.0,-0.0445,-0.1047,-263.0293,-255.0,1,1
141202.0,-0.0445,0.0327,-265.0779,-255.0,1,1
141209.0,-0.0456,-0.0502,-265.6421,-255.0,1,1
141219.0,-0.0456,-0.0065,-266.1088,-249.83,1,1
141232.0,-0.0456,0.0022,-267.6255,-240.17,1,1
141242.0,-0.0456,-0.0611,-268.8802,-255.0,1,1
141252.0,-0.0445,0.0873,-269.9181,-192.53,1,1
141259.0,-0.0456,-0.072,-270.7768,-255.0,1,1
141269.0,-0.0456,0.0229,-272.6176,-222.27,1,1
141282.0,-0.0456,-0.0044,-274.1406,-240.27,1,1
141292.0,-0.0445,0.0709,-275.4004,-201.77,1,1
141302.0,-0.0445,-0.0044,-276.4426,-242.21,1,1
141309.0,-0.0456,-0.0404,-277.3049,-255.0,1,1
141319.0,-0.0445,0.048,-279.1487,-205.79,1,1
141333.0,-0.0445,-0.0207,-279.5435,-255.0,1,1
141343.0,-0.0445,0.0447,-279.8701,-195.39,1,1
141353.0,-0.0456,-0.0938,-280.1403,-255.0,1,1
141360.0,-0.0445,0.0524,-281.4943,-203.78,1,1
141370.0,-0.0456,-0.0545,-282.6144,-255.0,1,1
141383.0,-0.0456,-0.0284,-283.5411,-252.48,1,1
141393.0,-0.0456,-0.0185,-285.4382,-251.53,1,1
141403.0,-0.0467,-0.0633,-285.8771,-255.0,1,1
141410.0,-0.0467,-0.0295,-286.2402,-255.0,1,1
141420.0,-0.0478,-0.0927,-286.5406,-255.0,1,1
141433.0,-0.0478,0.0033,-287.9196,-241.61,1,1
141443.0,-0.0489,-0.0949,-290.191,-255.0,1,1
141453.0,-0.0489,-0.0131,-290.9395,-253.15,1,1
141460.0,-0.0489,-0.0654,-290.4282,-255.0,1,1
141473.0,-0.0489,0.0218,-292.2662,-234.39,1,1
141483.0,-0.05,-0.0894,-293.7867,-255.0,1,1
141493.0,-0.05,-0.0273,-295.0446,-255.0,1,1
141503.0,-0.0511,-0.0491,-296.0853,-255.0,1,1
141510.0,-0.05,0.0284,-296.9461,-255.0,1,1
141520.0,-0.0511,-0.0622,-298.7888,-255.0,1,1
141533.0,-0.0511,-0.0382,-300.3132,-255.0,1,1
141543.0,-0.0521,-0.0273,-301.5743,-255.0,1,1
141553.0,-0.0521,-0.012,-302.6176,-255.0,1,1
141560.0,-0.0521,-0.06,-303.4807,-255.0,1,1
141570.0,-0.0532,-0.0524,-304.1946,-255.0,1,1
141583.0,-0.0532,-0.0109,-304.7853,-255.0,1,1
141593.0,-0.0532,-0.012,-306.4045,-255.0,1,1
141604.0,-0.0532,-0.0262,-307.744,-255.0,1,1
141610.0,-0.0543,-0.048,-308.8521,-255.0,1,1
141620.0,-0.0543,-0.0447,-310.8993,-255.0,1,1
141634.0,-0.0543,-0.0109,-311.4624,-255.0,1,1
141644.0,-0.0543,-0.0196,-311.9282,-255.0,1,1
141653.0,-0.0554,-0.0698,-313.4441,-255.0,1,1
141661.0,-0.0543,-0.0207,-314.6981,-255.0,1,1
141671.0,-0.0543,-0.024,-315.7355,-255.0,1,1
141684.0,-0.0554,-0.0273,-317.7243,-255.0,1,1
141694.0,-0.0554,-0.0753,-319.3695,-255.0,1,1
141704.0,-0.0565,-0.0371,-319.6,-255.0,1,1
141711.0,-0.0565,-0.0284,-319.7908,-255.0,1,1
141721.0,-0.0565,-0.0338,-321.079,-255.0,1,1
141734.0,-0.0576,-0.0709,-323.2753,-255.0,1,1
141744.0,-0.0587,-0.0785,-325.0922,-255.0,1,1
141754.0,-0.0587,-0.0545,-325.4648,-254.77,1,1
141761.0,-0.0598,-0.0829,-325.773,-255.0,1,1
141771.0,-0.0609,-0.1113,-327.1585,-255.0,1,1
141784.0,-0.062,-0.1091,-329.4352,-255.0,1,1
141794.0,-0.062,-0.0633,-330.1881,-255.0,1,1
141804.0,-0.0641,-0.1309,-330.811,-255.0,1,1
141811.0,-0.0641,-0.1004,-332.4568,-255.0,1,1
141821.0,-0.0663,-0.1767,-333.8183,-255.0,1,1
141834.0,-0.0674,-0.096,-334.9447,-255.0,1,1
141844.0,-0.0696,-0.2073,-335.8765,-255.0,1,1
141854.0,-0.0707,-0.1309,-336.6473,-255.0,1,1
141861.0,-0.0729,-0.2618,-337.285,-255.0,1,1
141871.0,-0.0761,-0.2902,-337.8126,-255.0,1,1
141884.0,-0.0783,-0.2902,-339.3795,-255.0,1,1
141894.0,-0.0805,-0.1767,-340.6758,-255.0,1,1
141904.0,-0.0838,-0.3414,-341.7482,-255.0,1,1
141911.0,-0.086,-0.24,-343.7658,-255.0,1,1
141921.0,-0.0892,-0.3534,-344.3044,-255.0,1,1
141934.0,-0.0925,-0.3534,-344.75,-255.0,1,1
141944.0,-0.0969,-0.4505,-346.2491,-255.0,1,1
141955.0,-0.1012,-0.4265,-347.4893,-255.0,1,1
141961.0,-0.1056,-0.4265,-347.3848,-255.0,1,1
141971.0,-0.111,-0.5247,-348.4289,-255.0,1,1
141985.0,-0.1176,-0.6687,-350.4231,-255.0,1,1
141995.0,-0.123,-0.6229,-350.9423,-255.0,1,1
142005.0,-0.1307,-0.7636,-351.3719,-255.0,1,1
142012.0,-0.1383,-0.805,-351.7272,-255.0,1,1
142022.0,-0.147,-0.9141,-353.1517,-255.0,1,1
142035.0,-0.1569,-1.0025,-354.3301,-255.0,1,1
142045.0,-0.1678,-1.0712,-355.305,-255.0,1,1
142055.0,-0.1787,-1.2283,-357.242,-255.0,0,1
142062.0,-0.1918,-1.261,-357.7139,-255.0,0,1
142072.0,-0.2059,-1.4748,-358.1043,-255.0,0,1
142085.0,-0.2201,-1.4748,-359.5578,-255.0,0,1
142095.0,-0.2354,-1.609,-360.7602,-255.0,0,1
142105.0,-0.2485,-1.393,-360.6245,-255.0,0,1
142112.0,-0.2616,-1.3406,-360.5121,-255.0,0,1
142122.0,-0.2725,-1.1246,-361.5497,-255.0,0,1
142135.0,-0.2812,-0.8116,-362.4081,-255.0,0,1
142145.0,-0.2867,-0.6229,-363.1182,-255.0,0,1
142155.0,-0.2932,-0.6469,-362.5751,-255.0,0,1
142162.0,-0.2976,-0.5018,-362.1259,-255.0,0,1
142172.0,-0.2998,-0.2105,-361.7542,-255.0,0,1
142185.0,-0.2998,-0.024,-361.4467,-255.0,0,0
142195.0,-0.2987,0.1593,-362.3229,-255.0,0,0
142205.0,-0.2954,0.3698,-363.0477,-255.0,0,0
142212.0,-0.2889,0.6403,-363.6473,-255.0,0,0
142222.0,-0.2812,0.7898,-363.0129,-255.0,0,0
142235.0,-0.2725,0.8727,-362.488,-255.0,0,0
142245.0,-0.2616,1.1181,-362.0538,-255.0,0,0
142256.0,-0.2507,1.1225,-361.6946,-255.0,0,0
142262.0,-0.2409,1.0854,-362.5279,-255.0,0,0
142272.0,-0.231,0.9654,-363.2173,-255.0,0,0
142285.0,-0.2234,0.8116,-362.6571,-255.0,0,0
142295.0,-0.2169,0.6545,-362.1937,-255.0,0,0
142306.0,-0.2125,0.4527,-361.8103,-255.0,0,0
142313.0,-0.2103,0.2465,-361.4932,-255.0,0,0
142323.0,-0.2092,0.1025,-362.3613,-255.0,0,0
142336.0,-0.2081,0.1156,-361.949,-255.0,0,0
142346.0,-0.2081,0.0065,-360.4774,-255.0,0,0
142356.0,-0.2114,-0.3894,-360.3904,-255.0,0,0
142363.0,-0.2158,-0.444,-360.3185,-255.0,0,0
142373.0,-0.2212,-0.5432,-360.2591,-255.0,0,0
142386.0,-0.2267,-0.5694,-360.2098,-255.0,0,0
142396.0,-0.2332,-0.6174,-360.1691,-255.0,0,0
142406.0,-0.2398,-0.7407,-360.1354,-255.0,0,0
142413.0,-0.2474,-0.7221,-360.1076,-255.0,0,0
142423.0,-0.2539,-0.7025,-360.0845,-255.0,0,0
142436.0,-0.2594,-0.5596,-358.935,-255.0,0,0
142446.0,-0.2649,-0.5181,-359.1145,-255.0,0,0
142456.0,-0.2681,-0.3327,-359.263,-255.0,0,0
142463.0,-0.2692,-0.1724,-359.3858,-255.0,0,0
142473.0,-0.2692,-0.0469,-359.4874,-255.0,0,0
142486.0,-0.267,0.2476,-359.5715,-255.0,0,0
142496.0,-0.2649,0.2465,-359.6411,-255.0,0,0
142506.0,-0.2605,0.4091,-358.5681,-255.0,0,0
142513.0,-0.2572,0.3447,-358.8109,-255.0,0,0
142523.0,-0.2529,0.4723,-359.0119,-255.0,0,0
142536.0,-0.2485,0.4647,-359.1781,-255.0,0,0
142546.0,-0.2441,0.4811,-359.3156,-255.0,0,0
142556.0,-0.2398,0.4778,-358.2989,-255.0,0,0
142563.0,-0.2354,0.3491,-358.5882,-255.0,0,0
142573.0,-0.2332,0.3174,-357.6971,-255.0,0,0
142586.0,-0.231,0.1691,-356.9599,-255.0,0,0
142596.0,-0.2299,0.1516,-357.4806,-255.0,0,0
142606.0,-0.2289,0.06,-356.7808,-255.0,0,0
142614.0,-0.2289,0.0567,-357.3324,-255.0,0,0
142624.0,-0.2289,-0.0709,-357.7887,-255.0,0,0
142636.0,-0.231,-0.1724,-357.0357,-255.0,0,0
142646.0,-0.2332,-0.1963,-356.4127,-255.0,0,0
142657.0,-0.2354,-0.3065,-357.0279,-255.0,0,0
142664.0,-0.2387,-0.2727,-356.4063,-255.0,0,0
142674.0,-0.2419,-0.3665,-355.892,-255.0,0,0
142687.0,-0.2452,-0.2913,-356.5971,-255.0,0,0
142697.0,-0.2474,-0.2847,-356.0499,-255.0,0,0
142707.0,-0.2496,-0.2465,-355.5972,-255.0,0,0
142714.0,-0.2518,-0.1505,-355.2227,-255.0,0,0
142724.0,-0.2529,-0.1516,-354.9129,-255.0,0,0
142737.0,-0.2529,0.0087,-355.7872,-255.0,0,0
142747.0,-0.2529,-0.0153,-356.5104,-255.0,0,0
142757.0,-0.2518,0.1254,-355.9781,-255.0,0,0
142764.0,-0.2507,0.1353,-355.5378,-255.0,0,0
142774.0,-0.2485,0.1953,-355.1736,-255.0,0,0
142787.0,-0.2463,0.2334,-354.8723,-255.0,0,0
142797.0,-0.2441,0.2127,-354.623,-255.0,0,0
142807.0,-0.2419,0.2422,-354.4168,-255.0,0,0
142814.0,-0.2398,0.2029,-354.2462,-255.0,0,0
142824.0,-0.2376,0.228,-354.1051,-255.0,0,0
142837.0,-0.2365,0.1047,-353.9883,-255.0,0,0
142847.0,-0.2365,0.0785,-353.8918,-255.0,0,0
142857.0,-0.2354,0.0207,-353.8119,-255.0,0,0
142864.0,-0.2365,-0.0458,-353.7458,-255.0,0,0
142874.0,-0.2365,-0.0742,-353.6911,-255.0,0,0
142887.0,-0.2387,-0.156,-353.6458,-255.0,0,0
142897.0,-0.2398,-0.1451,-353.6084,-255.0,0,0
142907.0,-0.2419,-0.2051,-353.5774,-255.0,0,0
142914.0,-0.243,-0.1767,-352.4214,-255.0,0,0
142925.0,-0.2463,-0.2323,-351.4649,-255.0,0,0
142937.0,-0.2474,-0.1582,-351.8042,-255.0,0,0
142947.0,-0.2485,-0.144,-352.0849,-255.0,0,0
142957.0,-0.2496,-0.1091,-352.3171,-255.0,0,0
142965.0,-0.2496,-0.0185,-351.3787,-255.0,0,0
142975.0,-0.2507,-0.0295,-351.7328,-255.0,0,0
142987.0,-0.2496,0.0753,-352.0258,-255.0,0,0
142997.0,-0.2485,0.0556,-351.1377,-255.0,0,0
143008.0,-0.2474,0.1353,-351.5335,-255.0,0,0
143015.0,-0.2463,0.1156,-351.861,-255.0,0,0
143025.0,-0.2452,0.1429,-352.1318,-255.0,0,0
143038.0,-0.2441,0.1549,-351.2254,-255.0,0,0
143048.0,-0.2419,0.1374,-350.4756,-255.0,0,0
143058.0,-0.2409,0.168,-350.9857,-255.0,0,0
143065.0,-0.2398,0.072,-351.4078,-255.0,0,0
143075.0,-0.2398,0.0764,-350.6264,-255.0,0,0
143088.0,-0.2398,0.0011,-349.98,-255.0,0,0
143098.0,-0.2398,-0.0087,-350.5758,-255.0,0,0
143108.0,-0.2398,-0.0447,-349.9381,-255.0,0,0
143115.0,-0.2409,-0.0873,-349.4106,-255.0,0,0
143125.0,-0.2419,-0.0949,-350.1047,-255.0,0,0
143138.0,-0.243,-0.1309,-349.5485,-255.0,0,0
143148.0,-0.2441,-0.1036,-349.0883,-255.0,0,0
143158.0,-0.2452,-0.18,-349.8381,-255.0,0,0
143165.0,-0.2463,-0.0742,-349.3278,-255.0,0,0
143175.0,-0.2474,-0.1298,-348.9057,-255.0,0,0
143188.0,-0.2474,-0.036,-349.687,-255.0,0,0
143198.0,-0.2485,-0.0764,-349.2029,-255.0,0,0
143208.0,-0.2485,0.0022,-348.8024,-255.0,0,0
143215.0,-0.2485,0.0164,-348.4711,-255.0,0,0
143225.0,-0.2474,0.0513,-348.197,-255.0,0,0
143238.0,-0.2474,0.0862,-347.9702,-255.0,0,0
143248.0,-0.2463,0.0764,-347.7827,-255.0,0,0
143258.0,-0.2452,0.1167,-347.6275,-255.0,0,0
143266.0,-0.2441,0.0644,-347.4991,-255.0,0,0
143276.0,-0.243,0.1102,-347.3928,-255.0,0,0
143288.0,-0.243,0.0687,-347.305,-255.0,0,0
143298.0,-0.2419,0.0753,-347.2323,-255.0,0,0
143309.0,-0.2419,0.0273,-347.1721,-255.0,0,0
143316.0,-0.2419,0.0196,-347.1224,-255.0,0,0
143326.0,-0.2419,0.0065,-347.0812,-255.0,0,0
143339.0,-0.2419,-0.0458,-347.0472,-255.0,0,0
143349.0,-0.2419,-0.0316,-347.019,-255.0,0,0
143359.0,-0.243,-0.1091,-346.9958,-255.0,0,0
143366.0,-0.2441,-0.0425,-345.846,-255.0,0,0
143376.0,-0.2452,-0.1156,-346.0254,-255.0,0,0
143389.0,-0.2452,-0.0524,-346.1737,-255.0,0,0
143399.0,-0.2463,-0.1047,-345.1659,-255.0,0,0
143409.0,-0.2474,-0.0513,-345.4627,-255.0,0,0
143416.0,-0.2474,-0.0469,-345.7082,-255.0,0,0
143426.0,-0.2474,-0.0425,-345.9113,-255.0,0,0
143439.0,-0.2474,0.0033,-346.0793,-255.0,0,0
143449.0,-0.2474,0.0,-345.0879,-255.0,0,0
143459.0,-0.2474,0.0622,-344.2677,-255.0,0,0
143466.0,-0.2474,0.0185,-344.7196,-255.0,0,0
143476.0,-0.2463,0.0982,-345.0935,-255.0,0,0
143489.0,-0.2463,0.0327,-344.2723,-255.0,0,0
143499.0,-0.2452,0.0927,-344.7234,-255.0,0,0
143509.0,-0.2441,0.0458,-345.0966,-255.0,0,0
143516.0,-0.2441,0.0535,-344.2749,-255.0,0,0
143526.0,-0.243,0.0415,-343.5951,-255.0,0,0
143539.0,-0.243,0.0185,-344.1632,-255.0,0,0
143549.0,-0.243,0.0273,-344.6332,-255.0,0,0
143559.0,-0.243,-0.0338,-343.8915,-255.0,0,0
143567.0,-0.2441,-0.0185,-343.2779,-255.0,0,0
143577.0,-0.2441,-0.0633,-342.7704,-255.0,0,0
143589.0,-0.2441,-0.0175,-342.3504,-255.0,0,0
143599.0,-0.2452,-0.0971,-343.1335,-255.0,0,0
143609.0,-0.2452,-0.0164,-343.7814,-255.0,0,0
143617.0,-0.2463,-0.0774,-343.1869,-255.0,0,0
143627.0,-0.2463,-0.0284,-342.695,-255.0,0,0
143639.0,-0.2474,-0.0545,-342.2881,-255.0,0,0
143649.0,-0.2474,-0.0305,-343.082,-255.0,0,0
143660.0,-0.2474,0.048,-342.6082,-255.0,0,0
143667.0,-0.2452,0.1407,-342.2163,-255.0,0,0
143677.0,-0.243,0.2094,-343.0226,-255.0,0,0
143689.0,-0.2376,0.2356,-342.5591,-255.0,0,0
143700.0,-0.2376,0.3272,-342.1757,-255.0,0,0
143710.0,-0.2332,0.2585,-341.8585,-255.0,0,0
143717.0,-0.2332,0.24,-341.596,-255.0,0,0
143727.0,-0.2321,0.1134,-341.379,-255.0,0,0
143740.0,-0.2321,0.0644,-341.1994,-255.0,0,0
143750.0,-0.2321,-0.0349,-341.0508,-255.0,0,0
143760.0,-0.2332,-0.0393,-340.9279,-255.0,0,0
143767.0,-0.2332,-0.1102,-340.8262,-255.0,0,0
143777.0,-0.2343,-0.0709,-340.7421,-255.0,0,0
143790.0,-0.2365,-0.1276,-340.6725,-255.0,0,0
143800.0,-0.2376,-0.1167,-339.4845,-255.0,0,0
143810.0,-0.2387,-0.1091,-338.5016,-255.0,0,0
143817.0,-0.2387,-0.1462,-338.819,-255.0,0,0
143828.0,-0.2398,-0.0415,-339.0816,-255.0,0,0
143840.0,-0.2398,-0.1014,-338.1683,-255.0,0,0
143850.0,-0.2398,0.0785,-337.4128,-255.0,0,0
143860.0,-0.2387,-0.0229,-336.7878,-255.0,0,0
143868.0,-0.2387,0.1451,-336.2707,-255.0,0,0
143878.0,-0.2387,0.0055,-336.9734,-255.0,0,0
143890.0,-0.2376,0.1047,-336.4243,-255.0,0,0
143900.0,-0.2365,0.0033,-335.97,-255.0,0,0
143910.0,-0.2365,0.0644,-335.5942,-255.0,0,0
143918.0,-0.2365,0.0295,-334.1527,-255.0,0,0
143928.0,-0.2354,0.0665,-334.0908,-255.0,0,0
143940.0,-0.2343,0.0665,-332.9091,-255.0,0,0
143950.0,-0.2343,0.0513,-331.9315,-255.0,0,0
143960.0,-0.2343,0.0644,-332.2532,-255.0,0,0
143968.0,-0.2343,0.0065,-331.3889,-255.0,0,0
143978.0,-0.2332,0.0927,-329.5433,-255.0,0,0
143990.0,-0.2332,-0.0371,-328.0166,-255.0,0,0
144000.0,-0.2332,0.0698,-327.884,-255.0,0,0
144011.0,-0.2321,-0.0469,-326.6439,-255.0,0,0
144018.0,-0.2321,0.0785,-324.4874,-255.0,0,0
144028.0,-0.2321,-0.0175,-323.834,-255.0,0,0
144040.0,-0.2321,0.0949,-323.2934,-255.0,0,0
144051.0,-0.231,-0.0305,-321.7157,-255.0,0,0
144061.0,-0.2321,0.048,-320.4105,-255.0,0,0
144068.0,-0.2321,-0.0633,-319.3307,-255.0,0,0
144078.0,-0.2321,0.0338,-318.4374,-255.0,0,0
144091.0,-0.2321,-0.0949,-316.568,-255.0,0,0
144101.0,-0.2332,0.0033,-315.0214,-255.0,0,0
144111.0,-0.2332,-0.0851,-313.742,-255.0,0,0
144118.0,-0.2332,0.0033,-311.5531,-255.0,0,0
144129.0,-0.2343,-0.1156,-310.8727,-255.0,0,0
144141.0,-0.2343,0.0273,-310.3099,-255.0,0,0
144151.0,-0.2343,-0.1091,-308.7138,-255.0,0,0
144161.0,-0.2343,0.0796,-306.2629,-255.0,0,0
144169.0,-0.2343,-0.0665,-305.3658,-255.0,0,0
144179.0,-0.2332,0.1014,-304.6237,-255.0,0,0
144191.0,-0.2332,-0.0371,-302.8792,-255.0,0,0
144201.0,-0.2332,0.1102,-301.4361,-255.0,0,0
144211.0,-0.2332,-0.0425,-300.2422,-255.0,0,0
144219.0,-0.2332,0.0611,-299.2546,-255.0,0,0
144229.0,-0.2332,-0.0611,-297.307,-255.0,0,0
144241.0,-0.2332,0.024,-295.6959,-255.0,0,0
144251.0,-0.2343,-0.0654,-294.363,-255.0,0,0
144261.0,-0.2343,-0.0164,-293.2603,-255.0,0,0
144269.0,-0.2343,-0.0535,-292.3482,-255.0,0,0
144279.0,-0.2343,-0.0349,-291.5935,-255.0,0,0
144291.0,-0.2354,-0.0164,-290.9693,-255.0,0,0
144301.0,-0.2354,-0.0469,-290.4529,-255.0,0,0
144311.0,-0.2354,0.0033,-288.8951,-255.0,0,0
144319.0,-0.2354,-0.06,-287.6064,-255.0,0,0
144329.0,-0.2354,0.0087,-286.5403,-255.0,0,0
144341.0,-0.2365,-0.0862,-285.6584,-255.0,0,0
144351.0,-0.2376,0.0229,-284.9288,-255.0,0,0
144362.0,-0.2376,-0.0905,-284.3252,-255.0,0,0
144369.0,-0.2376,0.0109,-283.8259,-255.0,0,0
144379.0,-0.2376,-0.0578,-282.2823,-255.0,0,0
144392.0,-0.2387,-0.0295,-282.1358,-255.0,0,0
144402.0,-0.2387,-0.0109,-280.8842,-255.0,0,0
144412.0,-0.2387,-0.0556,-279.8487,-255.0,0,0
144420.0,-0.2387,0.0284,-280.1226,-255.0,0,0
144430.0,-0.2398,-0.0764,-279.2187,-255.0,0,0
144442.0,-0.2398,0.0371,-278.4709,-255.0,0,0
144452.0,-0.2398,-0.0884,-276.7218,-255.0,0,0
144462.0,-0.2398,0.012,-275.2748,-255.0,0,0
144470.0,-0.2398,-0.0535,-275.2082,-255.0,0,0
144480.0,-0.2409,-0.0469,-274.0226,-255.0,0,0
144492.0,-0.2419,-0.0349,-273.0418,-255.0,0,0
144502.0,-0.2419,-0.0851,-272.2305,-255.0,0,0
144512.0,-0.243,-0.0371,-270.4287,-255.0,0,0
144520.0,-0.243,-0.1102,-268.9382,-255.0,0,0
144530.0,-0.2441,-0.0458,-268.8356,-255.0,0,0
144542.0,-0.2452,-0.0676,-267.6203,-255.0,0,0
144552.0,-0.2452,-0.0665,-266.6148,-255.0,0,0
144562.0,-0.2452,-0.0022,-265.7831,-255.0,0,0
144570.0,-0.2452,-0.0469,-263.9645,-255.0,0,0
144580.0,-0.2452,0.0153,-263.5905,-255.0,0,0
144592.0,-0.2452,-0.0436,-263.2811,-255.0,0,0
144602.0,-0.2463,-0.0098,-263.0252,-255.0,0,0
144612.0,-0.2463,-0.0349,-261.6829,-255.0,0,0
144620.0,-0.2463,-0.0633,-260.5725,-255.0,0,0
144631.0,-0.2463,0.0131,-260.7844,-255.0,0,0
144642.0,-0.2474,-0.0709,-259.8293,-255.0,0,0
144652.0,-0.2474,0.0131,-259.039,-255.0,0,0
144663.0,-0.2485,-0.0316,-258.3853,-255.0,0,0
144670.0,-0.2485,-0.0676,-257.8445,-255.0,0,0
144681.0,-0.2474,0.0404,-257.3971,-255.0,0,0
144693.0,-0.2485,-0.1287,-257.027,-255.0,0,0
144703.0,-0.2496,0.0349,-256.7209,-255.0,0,0
144713.0,-0.2496,-0.048,-256.4675,-255.0,0,0
144721.0,-0.2496,-0.0654,-257.3885,-255.0,0,0
144731.0,-0.2496,0.0436,-257.0199,-255.0,0,0
144743.0,-0.2496,-0.0971,-255.5844,-255.0,0,0
144753.0,-0.2496,0.0709,-255.5274,-255.0,0,0
144763.0,-0.2496,-0.0273,-255.4803,-255.0,0,0
144771.0,-0.2496,0.0033,-255.4412,-255.0,0,0
144781.0,-0.2496,0.0687,-255.409,-255.0,0,0
144793.0,-0.2496,-0.072,-255.3823,-255.0,0,0
144803.0,-0.2496,0.084,-255.3602,-255.0,0,0
144813.0,-0.2496,-0.0371,-254.2114,-255.0,0,0
144821.0,-0.2496,-0.0087,-254.3916,-255.0,0,0
144831.0,-0.2496,0.0295,-254.5406,-255.0,0,0
144843.0,-0.2496,-0.072,-253.5334,-255.0,0,0
144853.0,-0.2496,0.0371,-253.8307,-255.0,0,0
144863.0,-0.2507,-0.06,-254.0766,-255.0,0,0
144871.0,-0.2507,-0.0196,-254.28,-255.0,0,0
144881.0,-0.2496,0.0185,-254.4483,-255.0,0,0
144893.0,-0.2507,-0.0818,-254.5876,-255.0,0,0
144903.0,-0.2507,0.0589,-254.7027,-255.0,0,0
144913.0,-0.2507,-0.0567,-253.6675,-255.0,0,0
144921.0,-0.2507,-0.0055,-253.9416,-255.0,0,0
144932.0,-0.2507,0.024,-253.0379,-255.0,0,0
144943.0,-0.2507,-0.0742,-252.2902,-255.0,0,0
144953.0,-0.2507,0.0687,-252.8022,-255.0,0,0
144963.0,-0.2507,-0.0545,-252.0953,-255.0,0,0
144972.0,-0.2507,0.0142,-252.641,-255.0,0,0
144982.0,-0.2507,0.0087,-253.0924,-255.0,0,0
144993.0,-0.2507,-0.0262,-253.4658,-255.0,0,0
145003.0,-0.2507,0.0753,-253.7747,-255.0,0,0
145014.0,-0.2507,-0.0305,-252.8998,-255.0,0,0
145022.0,-0.2507,0.0633,-252.176,-255.0,0,0
145032.0,-0.2496,0.0284,-251.5772,-255.0,0,0
145044.0,-0.2496,-0.012,-252.2124,-255.0,0,0
145054.0,-0.2496,0.0884,-252.7378,-255.0,0,0
145064.0,-0.2485,-0.0305,-252.042,-255.0,0,0
145072.0,-0.2485,0.0556,-252.5969,-255.0,0,0
145082.0,-0.2485,0.0153,-253.0559,-255.0,0,0
145094.0,-0.2485,-0.0295,-252.3051,-255.0,0,0
145104.0,-0.2485,0.072,-251.6841,-255.0,0,0
145114.0,-0.2485,-0.0513,-251.1703,-255.0,0,0
145122.0,-0.2485,0.0404,-251.8757,-255.0,0,0
145133.0,-0.2485,-0.0131,-252.4593,-255.0,0,0
145144.0,-0.2485,-0.0447,-251.8116,-255.0,0,0
145154.0,-0.2496,0.0425,-251.2758,-255.0,0,0
145164.0,-0.2485,-0.0742,-250.8325,-255.0,0,0
145172.0,-0.2485,0.0371,-250.4658,-255.0,0,0
145183.0,-0.2496,-0.0153,-250.1624,-255.0,0,0
145194.0,-0.2485,-0.0273,-251.0419,-255.0,0,0
145204.0,-0.2496,0.0709,-251.7695,-255.0,0,0
145214.0,-0.2485,-0.0622,-250.1105,-255.0,0,0
145222.0,-0.2485,0.0556,-249.8685,-255.0,0,0
145233.0,-0.2485,-0.0142,-250.7988,-255.0,0,0
145244.0,-0.2496,-0.0142,-250.4379,-255.0,0,0
145254.0,-0.2496,-0.0556,-250.1393,-255.0,0,0
145264.0,-0.2496,0.0327,-249.8924,-255.0,0,0
145273.0,-0.2496,0.0076,-249.688,-255.0,0,0
145283.0,-0.2496,-0.0305,-249.519,-255.0,0,0
145294.0,-0.2496,0.0873,-250.5097,-255.0,0,0
145304.0,-0.2485,-0.0295,-251.3292,-255.0,0,0
145315.0,-0.2474,0.0665,-249.7462,-255.0,0,0
145323.0,-0.2474,0.048,-249.5671,-255.0,0,0
145333.0,-0.2485,-0.0295,-249.419,-255.0,0,0
145345.0,-0.2474,0.1069,-249.2964,-255.0,0,0
145355.0,-0.2474,-0.0425,-250.3255,-255.0,0,0
145365.0,-0.2474,0.0196,-248.9159,-255.0,0,0
145373.0,-0.2474,0.0327,-248.8802,-255.0,0,0
145383.0,-0.2474,-0.0698,-249.9812,-255.0,0,0
145395.0,-0.2474,0.0611,-249.7616,-255.0,0,0
145405.0,-0.2485,-0.0654,-249.5798,-255.0,0,0
145415.0,-0.2485,-0.0196,-248.299,-255.0,0,0
145423.0,-0.2485,-0.0153,-248.3699,-255.0,0,0
145434.0,-0.2496,-0.1102,-248.4285,-255.0,0,0
145445.0,-0.2496,0.0153,-247.3465,-255.0,0,0
145455.0,-0.2507,-0.0785,-247.582,-255.0,0,0
145465.0,-0.2507,-0.0425,-247.7767,-255.0,0,0
145474.0,-0.2507,0.0011,-249.0683,-255.0,0,0
145484.0,-0.2507,-0.0818,-249.0063,-255.0,0,0
145495.0,-0.2507,0.0524,-247.8246,-255.0,0,0
145505.0,-0.2507,-0.0218,-247.9774,-255.0,0,0
145515.0,-0.2496,0.0164,-248.1039,-255.0,0,0
145524.0,-0.2496,0.0884,-248.2085,-255.0,0,0
145534.0,-0.2496,-0.0229,-248.295,-255.0,0,0
145545.0,-0.2496,0.0927,-247.2361,-255.0,0,0
145555.0,-0.2485,0.0033,-246.3601,-255.0,0,0
145566.0,-0.2485,0.0218,-246.7659,-255.0,0,0
145574.0,-0.2485,0.0524,-247.1016,-255.0,0,0
145584.0,-0.2485,-0.0404,-247.3793,-255.0,0,0
145595.0,-0.2485,0.0425,-247.6091,-255.0,0,0
145606.0,-0.2485,-0.0131,-247.7991,-255.0,0,0
145616.0,-0.2485,-0.0589,-246.8259,-255.0,0,0
145624.0,-0.2485,0.0524,-246.0207,-255.0,0,0
145635.0,-0.2485,-0.0611,-246.4851,-255.0,0,0
145645.0,-0.2485,0.0284,-246.8693,-255.0,0,0
145655.0,-0.2496,0.0055,-247.1872,-255.0,0,0
145666.0,-0.2485,-0.0349,-246.3196,-255.0,0,0
145674.0,-0.2485,0.0611,-245.6019,-255.0,0,0
145685.0,-0.2485,-0.0415,-246.1387,-255.0,0,0
145696.0,-0.2485,0.0316,-246.5827,-255.0,0,0
145706.0,-0.2485,0.0338,-246.9501,-255.0,0,0
145716.0,-0.2474,-0.0327,-246.1234,-255.0,0,0
145725.0,-0.2474,0.0796,-245.4396,-255.0,0,0
145735.0,-0.2474,-0.0011,-246.0044,-255.0,0,0
145746.0,-0.2474,0.0393,-245.3411,-255.0,0,0
145756.0,-0.2474,0.0611,-244.7924,-255.0,0,0
145766.0,-0.2463,-0.0404,-245.469,-255.0,0,0
145775.0,-0.2463,0.0676,-246.0287,-255.0,0,0
145785.0,-0.2463,-0.0185,-245.3613,-255.0,0,0
145796.0,-0.2463,-0.0142,-244.8091,-255.0,0,0
145806.0,-0.2474,0.0349,-245.4828,-255.0,0,0
145816.0,-0.2474,-0.0753,-244.9096,-255.0,0,0
145825.0,-0.2474,0.0273,-244.4355,-255.0,0,0
145836.0,-0.2474,-0.0218,-245.1737,-255.0,0,0
145846.0,-0.2474,0.0393,-244.6539,-255.0,0,0
145856.0,-0.2485,-0.0796,-244.2239,-255.0,0,0
145866.0,-0.2485,0.0033,-244.9987,-255.0,0,0
145875.0,-0.2485,0.0033,-244.5092,-255.0,0,0
145885.0,-0.2485,-0.0229,-244.1042,-255.0,0,0
145896.0,-0.2485,0.0382,-244.8996,-255.0,0,0
145906.0,-0.2496,-0.084,-244.4272,-255.0,0,0
145917.0,-0.2496,-0.0142,-244.0363,-255.0,0,0
145925.0,-0.2496,-0.0142,-243.713,-255.0,0,0
145936.0,-0.2507,0.0109,-243.4455,-255.0,0,0
145946.0,-0.2496,0.0382,-243.2243,-255.0,0,0
145957.0,-0.2507,-0.0447,-243.0412,-255.0,0,0
145967.0,-0.2507,-0.0218,-244.0203,-255.0,0,0
145976.0,-0.2507,-0.0218,-243.6997,-255.0,0,0
145986.0,-0.2507,0.0393,-243.4345,-255.0,0,0
145997.0,-0.2507,0.0447,-243.2151,-255.0,0,0
146007.0,-0.2507,0.0065,-243.0337,-255.0,0,0
146017.0,-0.2507,-0.0131,-242.8835,-255.0,0,0
146026.0,-0.2496,-0.0131,-242.7593,-255.0,0,0
146036.0,-0.2496,0.0873,-242.6566,-255.0,0,0
146047.0,-0.2496,0.0644,-242.5716,-255.0,0,0
146057.0,-0.2485,0.0556,-242.5013,-255.0,0,0
146067.0,-0.2496,-0.0196,-242.4431,-255.0,0,0
146261.33333333334,-0.23811904761904762,-0.019395238095238094,-299.6119333333333,-255.0,0,0
146631.49206349207,-0.21625056689342403,-0.019005215419501134,-408.5049492063491,-255.0,0,0
147133.85034013606,-0.18657191448007776,-0.018475898931000972,-556.2883278911563,-255.0,0,0
147707.97408487205,-0.15265345457911056,-0.0178709658012865,-725.1836178166503,-255.0,1,0
148288.932636093,-0.11833120348884615,-0.017258831086694477,-896.0895659555431,-255.0,1,0
148820.09474006642,-0.0869508596348901,-0.016699165061924627,-1052.3464328253879,-255.0,1,0
149262.72982671094,-0.06080057308992674,-0.016232776707949752,-1182.5604885502585,-255.0,1,0
149599.97560701153,-0.04087654524614513,-0.01587743320015937,-1281.7711976739695,-255.0,1,0
149834.84320400658,-0.02700088299779722,-0.015629961828662498,-1350.8643700994112,-255.0,1,0
149983.96548781297,-0.018190938713131877,-0.015472837148347022,-1394.7330510044535,-255.0,1,0
150069.88832752997,-0.01311473272053899,-0.015382303403974772,-1420.0097671449778,-255.0,1,0
150114.52356894143,-0.01047774259451671,-0.01533527288741776,-1433.140528776419,-255.0,1,0
150135.24707388243,-0.009253425750292081,-0.01531343729044486,-1439.236953819588,-255.0,1,0
150143.74902462747,-0.008751141916764028,-0.015304479096814953,-1441.7380512731959,-255.0,1,0
150146.78543560786,-0.008571754833361152,-0.01530127974194713,-1442.6313003637702,-255.0,1,0
150147.71081800188,-0.008517084484133608,-0.015300304700463601,-1442.9035286580404,-255.0,1,0
150147.94491771463,-0.008503254187454021,-0.015300058038183543,-1442.9723959348648,-255.0,1,0
150147.9921311021,-0.008500464883922004,-0.015300008291169077,-1442.986285133552,-255.0,1,0
150147.99925058114,-0.00850004427465924,-0.01530000078963515,-1442.9883795365288,-255.0,1,0
150147.99996431338,-0.008500002108317107,-0.015300000037601673,-1442.9885895017394,-255.0,1,0
150148.0,-0.0085,-0.0153,-1442.9886,-255.0,1,0
150158.0,-0.0085,-0.0131,-2414.6868,-255.0,1,0
150168.0,-0.0085,-0.0087,-1997.6025,-255.0,1,0
150178.0,-0.0085,-0.0022,-1652.5605,-255.0,1,0
150187.0,-0.0074,-0.0022,-1368.2476,-255.0,1,0
150197.0,-0.0063,0.0949,-1133.0433,255.0,1,0
150208.0,-0.0052,0.1287,-937.335,255.0,1,0
150218.0,-0.0031,0.1778,-775.4308,255.0,1,0
150228.0,-0.002,0.1134,-641.4922,255.0,1,0
150238.0,-0.0031,0.1134,-530.6885,214.48,1,0
150248.0,-0.0031,-0.0415,-439.0237,-142.06,1,0
150258.0,-0.0031,0.0076,-363.192,-99.23,1,0
150268.0,-0.0041,-0.1527,-299.328,-163.28,1,0
150279.0,-0.0063,-0.2302,-246.4952,-237.5,1,0
150288.0,-0.0085,-0.2302,-203.9185,-209.86,1,0
150298.0,-0.0096,-0.1353,-168.6961,-189.11,1,0
150308.0,-0.0107,-0.1767,-139.5575,-172.47,1,0
150318.0,-0.0107,-0.0033,-115.452,-85.84,1,0
150329.0,-0.0107,0.0709,-95.5102,-48.97,1,0
150338.0,-0.0096,0.0709,-80.1434,-44.92,1,0
150349.0,-0.0096,0.0774,-67.4309,51.75,1,0
150359.0,-0.0085,0.06,-55.7837,-46.46,1,0
150369.0,-0.0085,0.0436,-47.2788,-54.85,1,0
150379.0,-0.0074,0.0229,-40.2429,-78.83,1,0
150389.0,-0.0074,-0.0109,-33.2918,-99.73,1,0
150399.0,-0.0085,-0.0556,-28.6719,-120.7,1,0
150409.0,-0.0085,-0.0524,-24.85,-106.91,1,0
150419.0,-0.0096,-0.0764,-20.5577,-112.8,1,0
150429.0,-0.0107,-0.084,-18.1373,-122.42,1,0
150438.0,-0.0107,-0.0851,-16.135,-124.12,1,0
150449.0,-0.0118,-0.0993,-14.4785,-136.49,1,0
150459.0,-0.0129,-0.0862,-13.1082,-135.04,1,0
150469.0,-0.0129,-0.0382,-11.9745,-111.63,1,0
150479.0,-0.014,-0.0709,-11.0367,-134.92,1,0
150489.0,-0.014,-0.0709,-10.2608,-139.21,1,0
150499.0,-0.0151,-0.0524,-9.619,-132.78,1,0
150509.0,-0.0151,-0.0567,-9.088,-130.53,1,0
150519.0,-0.0161,-0.0295,-8.6488,-120.57,1,0
150529.0,-0.0161,-0.0316,-8.2854,-122.09,1,0
150539.0,-0.0161,-0.0316,-9.1153,-122.49,1,0
150549.0,-0.0161,-0.0404,-9.8018,-127.17,1,0
150559.0,-0.0161,-0.0065,-9.2393,-115.71,1,0
150569.0,-0.0161,-0.012,-8.7739,-125.24,1,0
150580.0,-0.0161,0.0229,-9.5194,-101.2,1,0
150589.0,-0.0161,0.0164,-9.0056,-99.85,1,0
150599.0,-0.0161,0.0284,-8.5806,-90.92,1,0
150609.0,-0.0151,0.0545,-9.3595,-74.11,1,0
150620.0,-0.0151,0.0425,-10.0039,-80.62,1,0
150630.0,-0.014,0.0447,-10.5369,-75.58,1,0
150639.0,-0.014,0.0687,-10.9779,-67.06,1,0
150649.0,-0.0129,0.0513,-11.3427,-68.13,1,0
150660.0,-0.0118,0.0589,-11.6445,-60.24,1,0
150670.0,-0.0118,0.0545,-11.8942,-62.67,1,0
150680.0,-0.0118,0.0262,-10.9702,-79.08,1,0
150689.0,-0.0107,0.0284,-10.2059,-71.36,1,0
150699.0,-0.0107,0.0153,-10.704,-78.11,1,0
150710.0,-0.0107,0.0011,-11.1161,-85.36,1,0
150720.0,-0.0107,-0.0033,-11.4571,-90.81,1,0
150730.0,-0.0107,-0.036,-11.7391,-108.95,1,0
150740.0,-0.0118,-0.0284,-11.9725,-105.82,1,0
150750.0,-0.0118,-0.0218,-12.1655,-100.45,1,0
150760.0,-0.0118,-0.024,-12.3252,-101.82,1,0
150770.0,-0.0118,-0.024,-12.4573,-103.09,1,0
150780.0,-0.0118,-0.0044,-12.5666,-92.26,1,0
150790.0,-0.0118,-0.0076,-12.657,-94.07,1,0
150800.0,-0.0118,-0.012,-12.7318,-96.39,1,0
150810.0,-0.0118,-0.0153,-12.7936,-102.33,1,0
150820.0,-0.0118,-0.0087,-12.8448,-96.49,1,0
150830.0,-0.0129,-0.0436,-12.8872,-116.12,1,0
150840.0,-0.0129,-0.0044,-12.9222,-96.69,1,0
150850.0,-0.0129,-0.0098,-12.9512,-99.58,1,0
150860.0,-0.0129,-0.0109,-12.9751,-100.26,1,0
150870.0,-0.0129,-0.012,-12.995,-103.01,1,0
150881.0,-0.0129,-0.0109,-13.0114,-105.41,1,0
150890.0,-0.0129,-0.0153,-14.1555,-104.98,1,0
150900.0,-0.0129,0.0033,-15.1019,-92.43,1,0
150910.0,-0.0129,-0.0098,-14.7544,-99.24,1,0
150921.0,-0.0129,0.0033,-14.4669,-92.9,1,0
150931.0,-0.0129,0.0207,-14.2291,-84.34,1,0
150941.0,-0.0118,0.0153,-15.1628,-83.94,1,0
150951.0,-0.0118,0.0164,-15.9353,-86.55,1,0
150961.0,-0.0118,0.0316,-15.4438,-76.36,1,0
150971.0,-0.0118,0.0153,-16.1677,-82.41,1,0
150981.0,-0.0118,0.0262,-16.7666,-77.2,1,0
150991.0,-0.0107,0.0316,-16.1316,-70.26,1,0
151001.0,-0.0107,0.0262,-15.6062,-73.11,1,0
151011.0,-0.0107,0.0284,-15.1716,-72.11,1,0
151021.0,-0.0107,0.0262,-15.9425,-73.33,1,0
151031.0,-0.0096,0.0055,-16.5803,-82.58,1,0
151041.0,-0.0096,0.0044,-17.1079,-81.74,1,0
151051.0,-0.0096,0.012,-17.5444,-75.7,1,0
151061.0,-0.0096,-0.0022,-16.775,-82.91,1,0
151071.0,-0.0096,0.0011,-17.269,-81.43,1,0
151081.0,-0.0096,0.0033,-17.6777,-80.46,1,0
151091.0,-0.0096,-0.0055,-18.0157,-85.97,1,0
151101.0,-0.0096,-0.0044,-18.2954,-86.41,1,0
151111.0,-0.0096,-0.0087,-17.3963,-90.44,1,0
151121.0,-0.0096,-0.0164,-17.783,-89.65,1,0
151131.0,-0.0096,0.0076,-18.1029,-77.88,1,0
151141.0,-0.0096,-0.0022,-18.3675,-82.96,1,0
151151.0,-0.0096,0.0098,-18.5864,-78.15,1,0
151161.0,-0.0096,0.0153,-18.7675,-75.4,1,0
151171.0,-0.0096,0.0087,-18.9174,-78.66,1,0
151182.0,-0.0096,0.0044,-19.0413,-79.78,1,0
151191.0,-0.0096,0.0033,-19.1439,-80.45,1,0
151201.0,-0.0096,0.0065,-19.2287,-78.91,1,0
151212.0,-0.0096,-0.0033,-19.2989,-83.9,1,0
151222.0,-0.0096,-0.0055,-18.2264,-85.01,1,0
151232.0,-0.0096,-0.0033,-18.4697,-85.02,1,0
151242.0,-0.0096,-0.0109,-18.671,-87.71,1,0
151252.0,-0.0096,-0.0011,-18.8375,-82.86,1,0
151262.0,-0.0096,-0.0033,-18.9752,-86.1,1,0
151272.0,-0.0096,-0.0098,-19.0892,-89.14,1,0
151282.0,-0.0096,-0.0011,-20.314,-82.55,1,0
151292.0,-0.0096,-0.0142,-20.1967,-89.21,1,0
151302.0,-0.0096,-0.0033,-20.0996,-83.86,1,0
151312.0,-0.0096,0.0065,-20.0194,-80.07,1,0
151322.0,-0.0096,-0.0076,-19.953,-91.27,1,0
151332.0,-0.0096,-0.0142,-19.898,-89.73,1,0
151342.0,-0.0096,-0.0098,-19.8526,-87.61,1,0
151352.0,-0.0096,-0.0033,-20.9455,-86.54,1,0
151362.0,-0.0096,0.0033,-20.7191,-79.87,1,0
151372.0,-0.0096,0.0033,-20.5319,-81.14,1,0
151382.0,-0.0096,-0.012,-21.5075,-87.82,1,0
151392.0,-0.0096,0.0055,-22.3145,-79.3,1,0
151402.0,-0.0096,0.012,-22.9822,-77.25,1,0
151412.0,-0.0096,0.0076,-22.404,-78.33,1,0
151422.0,-0.0096,-0.0011,-21.9257,-82.79,1,0
151433.0,-0.0096,-0.0065,-22.6605,-87.74,1,0
151443.0,-0.0096,-0.0076,-22.1379,-85.96,1,0
151453.0,-0.0096,0.0153,-21.7056,-74.6,1,0
151463.0,-0.0096,-0.0076,-22.4784,-86.18,1,0
151473.0,-0.0096,0.0011,-23.1178,-84.02,1,0
151483.0,-0.0096,0.0076,-22.5162,-82.59,1,0
151493.0,-0.0096,0.0098,-22.0185,-81.02,1,0
151503.0,-0.0096,-0.0011,-22.7373,-81.96,1,0
151513.0,-0.0096,0.0065,-23.332,-83.67,1,0
151523.0,-0.0096,-0.0011,-22.6934,-81.74,1,0
151533.0,-0.0096,0.0065,-22.1651,-78.2,1,0
151543.0,-0.0096,-0.0044,-22.8586,-86.03,1,0
151553.0,-0.0096,-0.0185,-23.4323,-92.03,1,0
151563.0,-0.0096,-0.0087,-23.9069,-87.21,1,0
151573.0,-0.0096,-0.0033,-24.2995,-83.52,1,0
151583.0,-0.0085,-0.0055,-24.6243,-80.45,1,0
151593.0,-0.0085,-0.0044,-23.7625,-82.11,1,0
151603.0,-0.0085,-0.0055,-23.0496,-81.41,1,0
151613.0,-0.0085,0.0011,-23.5903,-78.18,1,0
151623.0,-0.0085,0.0185,-24.0376,-71.58,1,0
151633.0,-0.0085,0.0207,-24.4076,-70.23,1,0
151643.0,-0.0085,0.0142,-24.7137,-70.16,1,0
151654.0,-0.0085,0.0055,-24.967,-74.78,1,0
151664.0,-0.0085,0.0131,-25.1765,-71.17,1,0
151674.0,-0.0085,0.0087,-25.3498,-73.52,1,0
151684.0,-0.0085,0.0142,-25.4932,-71.97,1,0
151694.0,-0.0085,0.0098,-25.6118,-73.07,1,0
151704.0,-0.0085,0.0011,-25.71,-77.55,1,0
151714.0,-0.0085,-0.0044,-25.7911,-80.37,1,0
151724.0,-0.0085,-0.0022,-25.8583,-79.35,1,0
151734.0,-0.0085,0.0033,-25.9138,-77.73,1,0
151744.0,-0.0085,-0.0109,-25.9598,-86.82,1,0
151754.0,-0.0085,-0.0109,-25.9978,-84.37,1,0
151764.0,-0.0085,0.0087,-26.0293,-76.64,1,0
151774.0,-0.0085,-0.0011,-26.0553,-78.13,1,0
151784.0,-0.0085,0.0109,-26.0768,-73.37,1,0
151794.0,-0.0085,0.0022,-26.0946,-76.7,1,0
151804.0,-0.0085,-0.0022,-26.1094,-79.03,1,0
151814.0,-0.0085,0.0065,-26.1216,-74.79,1,0
151824.0,-0.0085,-0.0153,-26.1316,-86.84,1,0
151834.0,-0.0085,-0.0251,-26.14,-90.64,1,0
151844.0,-0.0085,-0.0415,-27.2774,-98.97,1,1
151854.0,-0.0096,-0.0393,-28.2183,-102.36,1,1
151865.0,-0.0096,-0.0305,-27.8662,-99.09,1,1
151875.0,-0.0096,-0.0273,-27.575,-96.29,1,1
151885.0,-0.0107,-0.0436,-27.334,-108.89,1,1
151895.0,-0.0107,-0.0567,-27.1347,-116.53,1,1
151905.0,-0.0118,-0.0644,-28.1003,-123.62,1,1
151915.0,-0.0118,-0.0676,-28.8991,-127.45,1,1
151925.0,-0.0129,-0.0742,-28.4294,-132.74,1,1
151935.0,-0.014,-0.0753,-29.1714,-137.79,1,1
151945.0,-0.0151,-0.0873,-29.7852,-148.26,1,1
151955.0,-0.0151,-0.0851,-29.1624,-147.21,1,1
151965.0,-0.0161,-0.1102,-28.6473,-164.14,1,1
151975.0,-0.0172,-0.1124,-29.3516,-169.67,1,1
151985.0,-0.0183,-0.1113,-29.9343,-176.7,1,1
151995.0,-0.0194,-0.1244,-30.4163,-195.62,1,1
152005.0,-0.0205,-0.1233,-30.8151,-192.8,1,1
152015.0,-0.0227,-0.1309,-30.0144,-205.91,1,1
152025.0,-0.0238,-0.12,-30.4826,-198.07,1,1
152035.0,-0.0249,-0.1004,-32.0004,-192.09,1,1
152045.0,-0.026,-0.132,-33.2561,-212.83,1,1
152056.0,-0.0271,-0.096,-34.2948,-199.65,1,1
152066.0,-0.0271,-0.0709,-35.1542,-187.47,1,1
152076.0,-0.0281,-0.0894,-35.8651,-205.59,1,1
152086.0,-0.0281,-0.0382,-36.4532,-183.82,1,1
152096.0,-0.0292,-0.0425,-38.0702,-181.24,1,1
152107.0,-0.0303,-0.0894,-39.4079,-209.57,1,1
152116.0,-0.0303,-0.0131,-40.5146,-173.91,1,1
152127.0,-0.0303,-0.0469,-41.4301,-192.97,1,1
152136.0,-0.0314,-0.0742,-42.1875,-206.55,1,1
152146.0,-0.0314,0.0229,-42.814,-161.53,1,1
152157.0,-0.0314,-0.0665,-43.3324,-203.0,1,1
152167.0,-0.0325,-0.0447,-44.8917,-196.85,1,1
152177.0,-0.0314,0.0218,-46.1816,-173.14,1,1
152186.0,-0.0325,-0.0633,-47.2488,-204.88,1,1
152196.0,-0.0325,-0.0273,-48.1316,-203.16,1,1
152207.0,-0.0325,0.0109,-48.862,-175.11,1,1
152218.0,-0.0336,-0.0709,-49.4662,-212.72,1,1
152227.0,-0.0336,-0.0098,-51.0965,-188.19,1,1
152236.0,-0.0336,0.0153,-52.4452,-171.39,1,1
152246.0,-0.0336,-0.084,-52.4305,-225.66,1,1
152258.0,-0.0336,0.012,-53.5488,-174.38,1,1
152267.0,-0.0336,-0.0011,-54.4739,-178.1,1,1
152278.0,-0.0347,-0.0709,-55.2393,-227.47,1,1
152286.0,-0.0347,0.0284,-57.0029,-167.76,1,1
152296.0,-0.0336,0.0295,-57.3314,-178.19,1,1
152308.0,-0.0347,-0.0535,-58.7337,-225.79,1,1
152318.0,-0.0347,0.0207,-61.0243,-169.47,1,1
152328.0,-0.0347,-0.0207,-61.7887,-223.84,1,1
152337.0,-0.0347,-0.0513,-62.4211,-203.26,1,1
152347.0,-0.0347,0.0371,-62.9442,-160.7,1,1
152358.0,-0.0347,-0.0327,-63.377,-211.57,1,1
152368.0,-0.0347,-0.0218,-64.8656,-190.61,1,1
152378.0,-0.0347,0.0185,-66.097,-171.71,1,1
152387.0,-0.0358,-0.0273,-67.1157,-223.05,1,1
152398.0,-0.0347,0.0131,-67.9585,-173.22,1,1
152408.0,-0.0347,0.0022,-68.6557,-186.24,1,1
152418.0,-0.0358,-0.0578,-70.3629,-214.58,1,1
152429.0,-0.0358,0.0218,-71.7753,-175.81,1,1
152437.0,-0.0358,-0.0327,-72.9437,-211.25,1,1
152447.0,-0.0358,-0.048,-72.7798,-211.19,1,1
152459.0,-0.0358,0.0142,-72.6442,-187.07,1,1
152469.0,-0.0369,-0.0251,-73.6626,-206.67,1,1
152478.0,-0.0369,-0.036,-75.6355,-216.76,1,1
152487.0,-0.0369,0.0196,-77.2677,-182.48,1,1
152497.0,-0.0369,-0.0611,-78.6179,-225.63,1,1
152509.0,-0.038,-0.0295,-79.7349,-214.45,1,1
152519.0,-0.0369,0.0175,-80.659,-184.77,1,1
152529.0,-0.038,-0.0567,-81.4235,-244.49,1,1
152537.0,-0.038,0.0164,-82.0559,-188.15,1,1
152547.0,-0.0369,0.0425,-83.7096,-177.83,1,1
152559.0,-0.038,-0.0295,-85.0776,-211.75,1,1
152569.0,-0.0369,0.024,-86.2094,-181.39,1,1
152579.0,-0.0369,0.0447,-87.1456,-197.79,1,1
152588.0,-0.038,-0.0589,-87.9202,-255.0,1,1
152598.0,-0.0369,0.0185,-88.5609,-178.42,1,1
152609.0,-0.0369,0.0175,-89.091,-180.7,1,1
152620.0,-0.038,-0.0371,-90.66,-224.27,1,1
152629.0,-0.0369,0.0491,-91.958,-166.12,1,1
152638.0,-0.0369,-0.0033,-93.0318,-216.57,1,1
152648.0,-0.038,-0.0545,-93.9202,-221.44,1,1
152660.0,-0.0369,0.0284,-94.6551,-177.03,1,1
152669.0,-0.0369,-0.0153,-95.263,-206.26,1,1
152680.0,-0.038,-0.0382,-95.7659,-226.33,1,1
152688.0,-0.0369,0.0393,-97.3125,-172.35,1,1
152698.0,-0.038,-0.0393,-98.5919,-217.04,1,1
152710.0,-0.038,-0.0284,-99.6504,-215.59,1,1
152720.0,-0.038,0.0055,-100.526,-195.81,1,1
152730.0,-0.038,-0.024,-101.2504,-234.21,1,1
152738.0,-0.0391,-0.0305,-102.9801,-216.33,1,1
152748.0,-0.038,0.0415,-105.5416,-193.9,1,1
152760.0,-0.0391,-0.0415,-106.5302,-224.74,1,1
152770.0,-0.0391,-0.0142,-107.348,-208.69,1,1
152780.0,-0.0391,0.0033,-108.0245,-200.97,1,1
152788.0,-0.0391,-0.0327,-108.5842,-219.77,1,1
152800.0,-0.0391,0.012,-110.1777,-211.76,1,1
152810.0,-0.0391,0.0218,-111.496,-196.2,1,1
152820.0,-0.0391,-0.0273,-112.5865,-216.84,1,1
152830.0,-0.0391,-0.0011,-113.4887,-212.92,1,1
152839.0,-0.0391,0.0273,-114.2351,-189.88,1,1
152849.0,-0.0391,-0.0033,-114.8525,-220.55,1,1
152860.0,-0.0391,-0.0076,-116.4938,-206.79,1,1
152871.0,-0.038,0.0207,-117.8516,-189.19,1,1
152881.0,-0.0391,-0.0415,-117.8444,-247.3,1,1
152889.0,-0.0391,0.0022,-118.9689,-201.19,1,1
152899.0,-0.0391,0.0371,-121.0297,-184.91,1,1
152911.0,-0.0391,-0.0513,-122.7345,-250.99,1,1
152921.0,-0.0391,-0.0109,-124.1449,-207.84,1,1
152931.0,-0.0391,0.036,-124.1811,-204.33,1,1
152939.0,-0.0391,-0.0109,-124.2111,-225.09,1,1
152949.0,-0.0391,-0.0076,-125.3664,-204.57,1,1
152961.0,-0.0391,0.0207,-127.4527,-192.0,1,1
152971.0,-0.0391,-0.0535,-129.1786,-236.66,1,1
152981.0,-0.0391,0.0098,-129.4759,-198.86,1,1
152989.0,-0.0391,0.0436,-129.7218,-183.93,1,1
152999.0,-0.0391,0.0033,-131.0557,-221.56,1,1
153011.0,-0.0391,-0.0458,-133.2898,-226.73,1,1
153021.0,-0.0391,-0.024,-134.0075,-216.85,1,1
153031.0,-0.0401,-0.0218,-134.6012,-230.37,1,1
153039.0,-0.0391,0.0262,-135.0923,-210.85,1,1
153049.0,-0.0391,0.0535,-135.4986,-182.92,1,1
153061.0,-0.0391,-0.0524,-136.9653,-229.93,1,1
153071.0,-0.0401,-0.0731,-138.1786,-245.82,1,1
153081.0,-0.0401,0.0284,-139.1823,-236.87,1,1
153089.0,-0.0401,0.0207,-141.1432,-195.25,1,1
153100.0,-0.0401,0.0098,-142.7654,-207.72,1,1
153111.0,-0.0401,-0.0589,-142.9768,-237.48,1,1
153122.0,-0.0401,0.0153,-144.2823,-201.69,1,1
153132.0,-0.0401,-0.0284,-145.3622,-236.08,1,1
153140.0,-0.0401,0.0185,-146.2557,-224.5,1,1
153150.0,-0.0401,0.0109,-148.1253,-202.12,1,1
153162.0,-0.0401,-0.0415,-149.6719,-229.82,1,1
153172.0,-0.0401,0.0153,-150.9515,-246.67,1,1
153182.0,-0.0401,0.0262,-152.01,-192.35,1,1
153190.0,-0.0401,0.0218,-152.8856,-213.26,1,1
153200.0,-0.0401,-0.072,-153.6101,-242.75,1,1
153212.0,-0.0401,0.0894,-154.2094,-228.67,1,1
153221.0,-0.0391,0.0262,-155.8356,-183.84,1,1
153232.0,-0.038,-0.0087,-157.181,-199.86,1,1
153240.0,-0.0391,-0.0371,-158.294,-220.75,1,1
153250.0,-0.038,0.0949,-160.3453,-231.97,1,1
153262.0,-0.038,0.0055,-162.0422,-188.1,1,1
153271.0,-0.038,-0.036,-162.3155,-212.13,1,1
153281.0,-0.0358,-0.0055,-162.5416,-190.77,1,1
153290.0,-0.0336,0.0535,-163.8592,-227.08,1,1
153300.0,-0.0336,0.024,-164.9492,-161.7,1,1
153312.0,-0.0347,-0.0873,-165.8509,-229.25,1,1
153322.0,-0.0347,-0.0065,-166.5969,-186.84,1,1
153332.0,-0.0336,-0.0196,-167.214,-221.66,1,1
153340.0,-0.0336,-0.0098,-167.7245,-196.72,1,1
153350.0,-0.0347,-0.0949,-168.1469,-231.66,1,1
153363.0,-0.0347,0.0164,-169.6268,-208.67,1,1
153373.0,-0.0358,-0.1124,-170.851,-244.79,1,1
153383.0,-0.0358,-0.0109,-170.7333,-196.23,1,1
153391.0,-0.0369,-0.1342,-171.7664,-255.0,1,1
153401.0,-0.038,-0.0316,-173.7516,-255.0,1,1
153414.0,-0.0391,-0.1091,-175.3939,-254.91,1,1
153423.0,-0.0391,-0.0524,-175.622,-255.0,1,1
153433.0,-0.0401,-0.0687,-176.9413,-239.93,1,1
153441.0,-0.0401,-0.0545,-179.1631,-235.49,1,1
153451.0,-0.0412,-0.0305,-179.8707,-255.0,1,1
153463.0,-0.0412,-0.0665,-180.4561,-243.2,1,1
153473.0,-0.0412,0.0371,-182.0708,-255.0,1,1
153484.0,-0.0412,-0.072,-184.5372,-245.36,1,1
153491.0,-0.0412,-0.0022,-185.447,-208.37,1,1
153501.0,-0.0412,0.024,-187.3302,-255.0,1,1
153514.0,-0.0412,0.0087,-188.8881,-199.76,1,1
153523.0,-0.0412,-0.0229,-189.0464,-219.46,1,1
153533.0,-0.0412,0.0284,-190.3078,-231.61,1,1
153541.0,-0.0412,0.0589,-192.4819,-179.91,1,1
153551.0,-0.0412,-0.0011,-194.2805,-213.02,1,1
153564.0,-0.0412,-0.0076,-194.6379,-218.66,1,1
153574.0,-0.0401,0.0731,-196.064,-190.63,1,1
153584.0,-0.0412,-0.0665,-197.2439,-249.82,1,1
153591.0,-0.0412,-0.024,-198.2199,-230.26,1,1
153601.0,-0.0401,0.0415,-199.0273,-255.0,1,1
153614.0,-0.0412,-0.0884,-199.6953,-255.0,1,1
153624.0,-0.0423,-0.0873,-201.3784,-255.0,1,1
153634.0,-0.0412,0.1014,-202.7708,-255.0,1,1
153641.0,-0.0423,-0.0654,-203.9226,-242.42,1,1
153651.0,-0.0434,-0.1276,-204.8755,-255.0,1,1
153665.0,-0.0423,0.0611,-205.6639,-255.0,1,1
153674.0,-0.0423,-0.0153,-206.316,-213.05,1,1
153684.0,-0.0434,-0.1047,-207.986,-255.0,1,1
153692.0,-0.0434,0.0829,-210.4981,-255.0,1,1
153703.0,-0.0434,-0.0207,-211.4457,-214.05,1,1
153714.0,-0.0445,-0.1014,-212.2297,-255.0,1,1
153725.0,-0.0434,0.0753,-214.0088,-255.0,1,1
153734.0,-0.0434,0.0295,-215.4805,-191.45,1,1
153742.0,-0.0445,-0.1014,-216.6981,-255.0,1,1
153752.0,-0.0434,0.0633,-217.7053,-255.0,1,1
153764.0,-0.0434,0.0142,-218.5386,-196.47,1,1
153775.0,-0.0445,-0.072,-220.3584,-250.69,1,1
153785.0,-0.0434,0.0458,-222.9944,-255.0,1,1
153792.0,-0.0434,0.0087,-224.0446,-191.99,1,1
153802.0,-0.0445,-0.0415,-224.9134,-255.0,1,1
153815.0,-0.0434,0.0502,-225.6321,-224.09,1,1
153825.0,-0.0445,-0.0469,-226.2267,-225.82,1,1
153835.0,-0.0445,0.0022,-227.8491,-255.0,1,1
153842.0,-0.0434,0.0207,-229.1913,-179.87,1,1
153852.0,-0.0445,-0.1036,-230.3016,-255.0,1,1
153865.0,-0.0445,0.024,-231.2202,-255.0,1,1
153875.0,-0.0445,-0.0273,-231.98,-211.17,1,1
153885.0,-0.0456,-0.1058,-233.7392,-255.0,1,1
153892.0,-0.0456,0.0175,-235.1944,-255.0,1,1
153902.0,-0.0467,-0.0731,-236.3984,-245.47,1,1
153915.0,-0.0467,-0.0633,-237.3943,-255.0,1,1
153925.0,-0.0467,-0.012,-238.2183,-201.94,1,1
153935.0,-0.0489,-0.1451,-240.0304,-255.0,1,1
153942.0,-0.0478,0.0338,-240.399,-255.0,1,1
153952.0,-0.0489,-0.0502,-241.8345,-240.5,1,1
153965.0,-0.0511,-0.1865,-243.022,-255.0,1,1
153975.0,-0.0511,-0.0175,-242.8738,-255.0,1,1
153985.0,-0.0511,-0.0851,-245.0123,-255.0,1,1
153993.0,-0.0521,-0.0327,-246.7814,-255.0,1,1
154003.0,-0.0521,-0.0545,-248.2449,-247.97,1,1
154016.0,-0.0543,-0.2171,-249.4557,-255.0,1,1
154025.0,-0.0543,-0.024,-249.3268,-255.0,1,1
154035.0,-0.0554,-0.0774,-251.4811,-255.0,1,1
154043.0,-0.0565,-0.1418,-253.2634,-255.0,1,1
154053.0,-0.0576,-0.0469,-253.6073,-255.0,1,1
154066.0,-0.0598,-0.2083,-255.0223,-255.0,1,1
154076.0,-0.0598,-0.0764,-256.1929,-255.0,1,1
154086.0,-0.062,-0.1396,-258.2918,-255.0,1,1
154093.0,-0.0641,-0.2203,-260.0281,-255.0,1,1
154103.0,-0.0641,-0.0742,-261.4646,-255.0,1,1
154116.0,-0.0663,-0.2236,-262.6529,-255.0,1,1
154126.0,-0.0674,-0.1233,-263.636,-255.0,1,1
154136.0,-0.0696,-0.2149,-265.5797,-255.0,1,1
154143.0,-0.0729,-0.2738,-267.1878,-255.0,1,1
154153.0,-0.074,-0.18,-268.5181,-255.0,1,1
154166.0,-0.0772,-0.2891,-269.6186,-255.0,1,1
154176.0,-0.0794,-0.2062,-270.529,-255.0,1,1
154186.0,-0.0827,-0.3578,-271.2821,-255.0,1,1
154193.0,-0.086,-0.3676,-273.0357,-255.0,1,1
154203.0,-0.0892,-0.3076,-274.4864,-255.0,1,1
154216.0,-0.0936,-0.4232,-275.6865,-255.0,1,1
154226.0,-0.0969,-0.396,-277.8098,-255.0,1,1
154236.0,-0.1023,-0.5563,-279.5664,-255.0,1,1
154243.0,-0.1067,-0.4691,-279.889,-255.0,1,1
154253.0,-0.1121,-0.5792,-280.156,-255.0,1,1
154266.0,-0.1187,-0.613,-282.6378,-255.0,1,1
154276.0,-0.1252,-0.661,-283.5604,-255.0,1,1
154286.0,-0.1318,-0.769,-284.3237,-255.0,1,1
154293.0,-0.1394,-0.7407,-286.0856,-255.0,1,1
154304.0,-0.1481,-0.925,-287.5432,-255.0,1,1
154317.0,-0.1569,-0.9239,-288.7491,-255.0,1,1
154326.0,-0.1678,-1.0952,-289.7466,-255.0,1,1
154337.0,-0.1787,-1.1246,-291.7024,-255.0,0,1
154344.0,-0.1918,-1.2839,-293.3203,-255.0,0,1
154354.0,-0.2049,-1.3777,-293.5283,-255.0,0,1
154367.0,-0.219,-1.4486,-293.7003,-255.0,0,1
154377.0,-0.231,-1.3286,-294.9731,-255.0,0,1
154387.0,-0.2452,-1.3679,-296.0261,-255.0,0,1
154394.0,-0.2583,-1.357,-296.8972,-255.0,0,1
154404.0,-0.2681,-1.0101,-297.6178,-255.0,0,1
154417.0,-0.2747,-0.721,-298.214,-255.0,0,1
154427.0,-0.279,-0.4134,-297.5767,-255.0,0,1
154437.0,-0.2801,-0.1745,-297.0494,-255.0,0,1
154444.0,-0.279,0.1844,-297.7437,-255.0,0,1
154454.0,-0.2758,0.2476,-299.4487,-255.0,0,1
154467.0,-0.2725,0.3883,-299.7286,-255.0,0,1
154477.0,-0.2692,0.3512,-298.8297,-255.0,0,1
154487.0,-0.2649,0.3785,-299.2165,-255.0,0,1
154494.0,-0.2605,0.4614,-299.5366,-255.0,0,1
154504.0,-0.2561,0.5312,-298.6708,-255.0,0,1
154517.0,-0.2507,0.4647,-299.0851,-255.0,0,1
154527.0,-0.2452,0.6076,-299.4278,-255.0,0,1
154537.0,-0.2409,0.516,-298.5808,-255.0,0,1
154544.0,-0.2354,0.5225,-299.0107,-255.0,0,1
154554.0,-0.231,0.4592,-299.3663,-255.0,0,1
154567.0,-0.2267,0.432,-298.5299,-255.0,0,1
154577.0,-0.2234,0.3218,-297.838,-255.0,0,1
154587.0,-0.2212,0.2127,-298.3961,-255.0,0,1
154594.0,-0.2201,0.0982,-298.8579,-255.0,0,1
154604.0,-0.2201,-0.0109,-299.2398,-255.0,0,1
154618.0,-0.2212,-0.0535,-298.4253,-255.0,0,1
154628.0,-0.2223,-0.1396,-297.7515,-255.0,0,1
154638.0,-0.2245,-0.2236,-298.3246,-255.0,0,1
154645.0,-0.2278,-0.2694,-297.6682,-255.0,0,1
154655.0,-0.2299,-0.2967,-297.1252,-255.0,0,1
154668.0,-0.2332,-0.3294,-297.8064,-255.0,0,1
154678.0,-0.2365,-0.3054,-297.2395,-255.0,0,1
154688.0,-0.2398,-0.4003,-296.7705,-255.0,0,1
154695.0,-0.243,-0.2498,-296.3825,-255.0,0,1
154705.0,-0.2463,-0.3327,-296.0616,-255.0,0,1
154718.0,-0.2463,-0.0894,-296.9265,-255.0,0,1
154728.0,-0.2485,-0.1931,-297.6421,-255.0,0,1
154738.0,-0.2485,0.0087,-297.1036,-255.0,0,1
154745.0,-0.2485,0.0524,-296.6581,-255.0,0,1
154755.0,-0.2474,0.0742,-296.2895,-255.0,0,1
154768.0,-0.2452,0.2509,-295.9846,-255.0,0,1
154778.0,-0.2441,0.0993,-296.8628,-255.0,0,1
154788.0,-0.2409,0.3338,-296.4589,-255.0,0,1
154795.0,-0.2398,0.144,-296.1248,-255.0,0,1
154805.0,-0.2365,0.3251,-295.8483,-255.0,0,1
154818.0,-0.2354,0.1156,-295.6196,-255.0,0,1
154828.0,-0.2321,0.2913,-295.4305,-255.0,0,1
154838.0,-0.231,0.0993,-295.2739,-255.0,0,1
154845.0,-0.2299,0.1505,-295.1444,-255.0,0,1
154855.0,-0.2299,0.0076,-295.0373,-255.0,0,1
154868.0,-0.2289,0.0349,-294.9487,-255.0,0,1
154878.0,-0.2299,-0.0851,-294.8754,-255.0,0,1
154888.0,-0.231,-0.0993,-294.8148,-255.0,0,1
154895.0,-0.2332,-0.1876,-294.7646,-255.0,0,1
154905.0,-0.2343,-0.1767,-294.7231,-255.0,0,1
154918.0,-0.2365,-0.2149,-294.6887,-255.0,0,1
154928.0,-0.2387,-0.2051,-294.6603,-255.0,0,1
154939.0,-0.2398,-0.1527,-294.6368,-255.0,0,1
154945.0,-0.2419,-0.1854,-294.6174,-255.0,0,1
154956.0,-0.243,-0.0447,-294.6013,-255.0,0,1
154969.0,-0.2441,-0.1451,-294.588,-255.0,0,1
154979.0,-0.243,0.0622,-293.4465,-255.0,0,1
154989.0,-0.2441,-0.0687,-293.6327,-255.0,0,1
154996.0,-0.2419,0.1713,-293.7867,-255.0,0,1
155006.0,-0.2419,-0.0098,-293.9141,-255.0,0,1
155019.0,-0.2398,0.2105,-294.0195,-255.0,0,1
155029.0,-0.2398,0.0578,-294.1067,-255.0,0,1
155039.0,-0.2376,0.1974,-294.1788,-255.0,0,1
155046.0,-0.2365,0.0971,-293.108,-255.0,0,1
155056.0,-0.2354,0.1276,-293.3526,-255.0,0,1
155069.0,-0.2343,0.1276,-293.555,-255.0,0,1
155079.0,-0.2332,0.0851,-292.5919,-255.0,0,1
155089.0,-0.2332,-0.0109,-292.9257,-255.0,0,1
155096.0,-0.2332,0.0295,-293.2018,-255.0,0,1
155106.0,-0.2343,-0.0862,-292.2997,-255.0,0,1
155119.0,-0.2343,-0.0404,-292.684,-255.0,0,1
155129.0,-0.2365,-0.1582,-293.0019,-255.0,0,1
155139.0,-0.2365,-0.0654,-292.1343,-255.0,0,1
155146.0,-0.2387,-0.1876,-291.4167,-255.0,0,1
155156.0,-0.2387,-0.0535,-291.9534,-255.0,0,1
155169.0,-0.2409,-0.168,-292.3975,-255.0,0,1
155179.0,-0.2409,-0.0327,-291.6344,-255.0,0,1
155189.0,-0.2419,-0.0818,-291.003,-255.0,0,1
155196.0,-0.2419,-0.0371,-291.6112,-255.0,0,1
155206.0,-0.2419,0.0371,-292.1144,-255.0,0,1
155219.0,-0.2419,-0.0502,-291.4002,-255.0,0,1
155229.0,-0.2409,0.1189,-290.8093,-255.0,0,1
155239.0,-0.2419,-0.036,-290.3205,-255.0,0,1
155246.0,-0.2398,0.1702,-289.9161,-255.0,0,1
155257.0,-0.2398,-0.0098,-289.5816,-255.0,0,1
155270.0,-0.2387,0.1822,-290.4353,-255.0,0,1
155280.0,-0.2376,0.0131,-291.1416,-255.0,0,0
155290.0,-0.2365,0.1549,-290.5954,-255.0,0,0
155297.0,-0.2365,0.0153,-290.1436,-255.0,0,0
155307.0,-0.2354,0.0916,-290.9002,-255.0,0,0
155320.0,-0.2354,0.0,-291.5262,-255.0,0,0
155330.0,-0.2354,0.0087,-290.9136,-255.0,0,0
155340.0,-0.2354,-0.0218,-290.4068,-255.0,0,0
155347.0,-0.2365,-0.0709,-289.9875,-255.0,0,0
155357.0,-0.2365,-0.0229,-289.6406,-255.0,0,0
155370.0,-0.2376,-0.1233,-289.3536,-255.0,0,0
155380.0,-0.2376,-0.0262,-289.1163,-255.0,0,0
155390.0,-0.2398,-0.1462,-288.9199,-255.0,0,0
155397.0,-0.2398,-0.0131,-288.7574,-255.0,0,0
155407.0,-0.2409,-0.1451,-288.623,-255.0,0,0
155420.0,-0.2409,0.0175,-289.6424,-255.0,0,0
155430.0,-0.2419,-0.0938,-289.3551,-255.0,0,0
155440.0,-0.2419,-0.0011,-289.1175,-255.0,0,0
155447.0,-0.2419,0.0153,-288.9209,-255.0,0,0
155457.0,-0.2419,-0.0153,-288.7583,-255.0,0,0
155470.0,-0.2409,0.108,-289.7542,-255.0,0,0
155480.0,-0.2409,-0.0142,-288.3171,-255.0,0,0
155490.0,-0.2398,0.1593,-288.2588,-255.0,0,0
155497.0,-0.2398,-0.0175,-288.2105,-255.0,0,0
155507.0,-0.2376,0.1593,-288.1706,-255.0,0,0
155520.0,-0.2376,-0.0218,-288.1375,-255.0,0,0
155530.0,-0.2365,0.1287,-286.9797,-255.0,0,0
155541.0,-0.2376,-0.0458,-287.1524,-255.0,0,0
155547.0,-0.2365,0.0698,-287.2952,-255.0,0,0
155557.0,-0.2365,-0.0284,-287.4134,-255.0,0,0
155571.0,-0.2365,-0.0098,-287.5112,-255.0,0,0
155581.0,-0.2365,-0.0109,-287.592,-255.0,0,0
155591.0,-0.2376,-0.0894,-287.6589,-255.0,0,0
155598.0,-0.2376,-0.0044,-287.7143,-255.0,0,0
155608.0,-0.2387,-0.1222,-287.7601,-255.0,0,0
155621.0,-0.2387,-0.0131,-287.7979,-255.0,0,0
155631.0,-0.2409,-0.2007,-286.6988,-255.0,0,0
155641.0,-0.2419,-0.0622,-285.7894,-255.0,0,0
155648.0,-0.2441,-0.2182,-286.1677,-255.0,0,0
155658.0,-0.2441,-0.0676,-286.4806,-255.0,0,0
155671.0,-0.2452,-0.1069,-286.7395,-255.0,0,0
155681.0,-0.2452,-0.0011,-286.9536,-255.0,0,0
155691.0,-0.2452,0.0774,-286.0003,-255.0,0,0
155698.0,-0.2452,-0.0251,-285.2116,-255.0,0,0
155708.0,-0.243,0.1625,-285.6897,-255.0,0,0
155721.0,-0.2441,-0.0218,-286.0852,-255.0,0,0
155731.0,-0.2419,0.1767,-286.4124,-255.0,0,0
155741.0,-0.2419,0.0011,-285.5525,-255.0,0,0
155748.0,-0.2398,0.1745,-284.8412,-255.0,0,0
155758.0,-0.2398,0.0436,-285.3832,-255.0,0,0
155771.0,-0.2387,0.1233,-285.8317,-255.0,0,0
155781.0,-0.2376,0.0687,-285.0721,-255.0,0,0
155791.0,-0.2376,0.0556,-284.4438,-255.0,0,0
155798.0,-0.2365,0.0938,-285.0544,-255.0,0,0
155808.0,-0.2365,0.0076,-284.4291,-255.0,0,0
155821.0,-0.2354,0.0742,-283.9118,-255.0,0,0
155831.0,-0.2365,-0.0131,-283.4839,-255.0,0,0
155841.0,-0.2354,0.0404,-283.1299,-255.0,0,0
155848.0,-0.2354,-0.0382,-282.837,-255.0,0,0
155858.0,-0.2354,0.0316,-282.5947,-255.0,0,0
155871.0,-0.2365,-0.0578,-282.3943,-255.0,0,0
155881.0,-0.2365,-0.0295,-282.2285,-255.0,0,0
155892.0,-0.2365,-0.0415,-282.0913,-255.0,0,0
155898.0,-0.2376,-0.0556,-280.8474,-255.0,0,0
155909.0,-0.2376,-0.0098,-280.9487,-255.0,0,0
155921.0,-0.2376,-0.0273,-281.0326,-255.0,0,0
155931.0,-0.2376,0.0654,-279.9715,-255.0,0,0
155942.0,-0.2365,0.024,-279.0937,-255.0,0,0
155949.0,-0.2354,0.0982,-278.3675,-255.0,0,0
155959.0,-0.2354,0.0589,-277.7667,-255.0,0,0
155972.0,-0.2343,0.0687,-277.2697,-255.0,0,0
155982.0,-0.2332,0.1091,-275.7281,-255.0,0,0
155992.0,-0.2332,0.0676,-274.4527,-255.0,0,0
155999.0,-0.2321,0.0873,-273.3976,-255.0,0,0
156009.0,-0.2321,0.036,-271.3943,-255.0,0,0
156022.0,-0.231,0.0807,-270.8675,-255.0,0,0
156032.0,-0.231,0.0087,-269.3011,-255.0,0,0
156042.0,-0.2299,0.0545,-266.8749,-255.0,0,0
156049.0,-0.2299,-0.0055,-264.8677,-255.0,0,0
156059.0,-0.2299,0.0589,-262.0767,-255.0,0,0
156072.0,-0.2299,-0.0218,-259.7678,-255.0,0,0
156082.0,-0.2299,0.0382,-257.8577,-255.0,0,0
156092.0,-0.2289,0.0262,-255.147,-255.0,0,0
156099.0,-0.2299,-0.012,-252.9046,-255.0,0,0
156109.0,-0.2289,0.0884,-251.0495,-255.0,0,0
156122.0,-0.2289,-0.0382,-248.3843,-255.0,0,0
156132.0,-0.2289,0.0687,-245.0489,-255.0,0,0
156142.0,-0.2278,0.0175,-241.1592,-255.0,0,0
156149.0,-0.2278,-0.0087,-239.0718,-255.0,0,0
156159.0,-0.2278,0.0425,-236.2145,-255.0,0,0
156172.0,-0.2289,-0.0676,-232.7202,-255.0,0,0
156182.0,-0.2289,-0.0207,-229.8295,-255.0,0,0
156192.0,-0.2289,0.0109,-226.3075,-255.0,0,0
156199.0,-0.2299,-0.0927,-223.394,-255.0,0,0
156209.0,-0.2289,0.0185,-220.9836,-255.0,0,0
156222.0,-0.2289,0.0022,-217.8591,-255.0,0,0
156232.0,-0.2299,-0.0742,-214.1438,-255.0,0,0
156243.0,-0.2299,0.036,-211.0703,-255.0,0,0
156250.0,-0.2299,-0.0033,-208.5276,-255.0,0,0
156260.0,-0.2299,-0.0785,-205.2936,-255.0,0,0
156272.0,-0.2299,0.0404,-201.4877,-255.0,0,0
156282.0,-0.2299,-0.0044,-198.3392,-255.0,0,0
156293.0,-0.231,-0.0753,-195.7345,-255.0,0,0
156300.0,-0.231,0.0207,-192.4492,-255.0,0,0
156310.0,-0.2299,0.0316,-189.7314,-255.0,0,0
156323.0,-0.231,-0.0513,-187.483,-255.0,0,0
156333.0,-0.231,-0.0065,-183.362,-255.0,0,0
156343.0,-0.2299,0.0644,-179.9528,-255.0,0,0
156350.0,-0.2299,0.0153,-177.1325,-255.0,0,0
156360.0,-0.2299,-0.0033,-173.6688,-255.0,0,0
156373.0,-0.2289,0.0327,-170.8034,-255.0,0,0
156383.0,-0.2289,0.0469,-168.4329,-255.0,0,0
156393.0,-0.2278,0.0087,-165.3414,-255.0,0,0
156400.0,-0.2289,-0.0109,-161.6533,-255.0,0,0
156410.0,-0.2278,0.0327,-158.6023,-255.0,0,0
156423.0,-0.2278,0.0207,-154.9478,-255.0,0,0
156433.0,-0.2267,-0.0044,-151.9245,-255.0,0,0
156443.0,-0.2267,-0.0415,-149.4234,-255.0,0,0
156450.0,-0.2267,0.0022,-146.2239,-255.0,0,0
156460.0,-0.2267,-0.0033,-143.577,-255.0,0,0
156473.0,-0.2267,-0.0415,-140.2567,-255.0,0,0
156483.0,-0.2267,-0.0633,-137.51,-255.0,0,0
156493.0,-0.2267,-0.0404,-135.2377,-255.0,0,0
156500.0,-0.2267,0.012,-132.2274,-255.0,0,0
156510.0,-0.2267,0.0273,-129.7371,-255.0,0,0
156523.0,-0.2267,-0.0196,-127.6769,-255.0,0,0
156533.0,-0.2267,-0.0207,-124.842,-255.0,0,0
156543.0,-0.2267,0.0109,-122.4969,-255.0,0,0
156551.0,-0.2267,0.0524,-120.5568,-255.0,0,0
156561.0,-0.2256,0.0415,-117.8213,-255.0,0,0
156573.0,-0.2256,-0.0087,-115.5583,-255.0,0,0
156583.0,-0.2267,-0.0338,-113.6861,-255.0,0,0
156594.0,-0.2267,-0.0218,-111.0069,-255.0,0,0
156601.0,-0.2267,0.0033,-108.7904,-255.0,0,0
156611.0,-0.2267,0.0109,-106.9568,-255.0,0,0
156624.0,-0.2267,-0.0185,-104.3094,-255.0,0,0
156634.0,-0.2267,-0.0785,-102.1193,-255.0,0,0
156644.0,-0.2278,-0.0404,-100.3074,-255.0,0,0
156651.0,-0.2278,-0.024,-98.8086,-255.0,0,0
156661.0,-0.2278,0.0131,-97.5686,-255.0,0,0
156674.0,-0.2278,0.0055,-95.4123,-255.0,0,0
156684.0,-0.2267,0.0218,-93.6285,-255.0,0,0
156694.0,-0.2267,-0.0011,-92.1527,-255.0,0,0
156702.0,-0.2267,-0.0033,-89.8014,-255.0,0,0
156714.0,-0.2267,0.0142,-87.8562,-255.0,0,0
156724.0,-0.2267,0.012,-85.1165,-255.0,0,0
156734.0,-0.2267,-0.0087,-82.85,-255.0,0,0
156744.0,-0.2267,-0.0065,-82.1055,-255.0,0,0
156751.0,-0.2267,-0.012,-80.3591,-255.0,0,0
156761.0,-0.2267,-0.0229,-77.7839,-255.0,0,0
156774.0,-0.2278,-0.0327,-75.6534,-255.0,0,0
156784.0,-0.2278,-0.0371,-73.891,-255.0,0,0
156794.0,-0.2278,-0.0273,-72.433,-255.0,0,0
156802.0,-0.2278,-0.0055,-70.0963,-255.0,0,0
156814.0,-0.2278,-0.0044,-68.1632,-255.0,0,0
156824.0,-0.2278,0.0033,-66.564,-255.0,0,0
156834.0,-0.2278,0.0109,-65.2411,-255.0,0,0
156844.0,-0.2278,0.0218,-64.1466,-255.0,0,0
156852.0,-0.2267,0.012,-62.1107,-255.0,0,0
156864.0,-0.2267,-0.0022,-60.4265,-255.0,0,0
156874.0,-0.2278,-0.0273,-57.9027,-255.0,0,0
156884.0,-0.2278,-0.0262,-55.8148,-255.0,0,0
156894.0,-0.2278,-0.0142,-54.0875,-255.0,0,0
156903.0,-0.2278,-0.0065,-51.5281,-255.0,0,0
156914.0,-0.2278,0.0,-50.5413,-255.0,0,0
156924.0,-0.2278,0.0098,-49.7249,-255.0,0,0
156934.0,-0.2278,0.0131,-46.7885,-255.0,0,0
156945.0,-0.2278,0.0055,-44.3593,-255.0,0,0
156952.0,-0.2278,0.012,-43.4803,-255.0,0,0
156964.0,-0.2278,0.0,-42.753,-255.0,0,0
156974.0,-0.2278,0.0055,-41.0209,-255.0,0,0
156984.0,-0.2278,0.0022,-38.4574,-255.0,0,0
156995.0,-0.2278,0.0055,-37.4673,-255.0,0,0
157003.0,-0.2278,-0.0011,-36.6481,-255.0,0,0
157014.0,-0.2278,-0.0142,-34.84,-255.0,0,0
157024.0,-0.2278,-0.0065,-33.3441,-255.0,0,0
157035.0,-0.2278,-0.012,-30.9762,-255.0,0,0
157045.0,-0.2278,-0.0065,-29.0172,-255.0,0,0
157053.0,-0.2278,-0.0087,-27.3967,-255.0,0,0
157065.0,-0.2278,0.0131,-26.056,-255.0,0,0
157075.0,-0.2278,0.0011,-24.9469,-255.0,0,0
157085.0,-0.2278,-0.0022,-22.8989,-255.0,0,0
157095.0,-0.2278,-0.0033,-21.2046,-255.0,0,0
157103.0,-0.2278,0.0022,-19.803,-255.0,0,0
157115.0,-0.2278,0.0044,-18.6435,-255.0,0,0
157125.0,-0.2267,0.0044,-17.6842,-255.0,0,0
157135.0,-0.2267,0.0087,-16.8907,-255.0,0,0
157145.0,-0.2267,0.0,-16.2342,-255.0,0,0
157153.0,-0.2267,0.0076,-14.5606,-255.0,0,0
157165.0,-0.2267,0.0011,-13.1761,-255.0,0,0
157175.0,-0.2267,-0.0044,-12.0307,-255.0,0,0
157185.0,-0.2267,-0.0022,-9.9527,-255.0,0,0
157195.0,-0.2267,0.0,-8.2335,-255.0,0,0
157203.0,-0.2267,-0.0153,-6.8114,-255.0,0,0
157215.0,-0.2267,-0.0076,-5.6349,-255.0,0,0
157225.0,-0.2278,-0.0175,-4.6616,-255.0,0,0
157235.0,-0.2278,-0.0218,-3.8564,-255.0,0,0
157245.0,-0.2278,-0.0185,-3.1903,-255.0,0,0
157253.0,-0.2278,-0.0262,-2.6392,-255.0,0,0
157263.0,-0.2278,-0.0327,-2.1834,-255.0,0,0
157275.0,-0.2289,-0.0316,-1.8062,-255.0,0,0
157285.0,-0.2289,-0.0142,-1.4942,-255.0,0,0
157295.0,-0.2289,0.0,-1.2361,-255.0,0,0
157303.0,-0.2289,0.0229,-1.0226,-255.0,0,0
157313.0,-0.2278,0.0338,-0.846,-255.0,0,0
157325.0,-0.2278,0.036,-0.6999,-255.0,0,0
157335.0,-0.2278,0.0404,-0.579,-255.0,0,0
157346.0,-0.2267,0.0469,-0.479,-255.0,0,0
157353.0,-0.2267,0.0415,-0.3962,-255.0,0,0
157363.0,-0.2256,0.0305,-0.3278,-255.0,0,0
157376.0,-0.2256,0.0229,-0.2712,-255.0,0,0
157386.0,-0.2256,0.012,-0.2243,-255.0,0,0
157396.0,-0.2256,0.0022,-0.1856,-255.0,0,0
157403.0,-0.2256,-0.0316,-0.1535,-255.0,0,0
157413.0,-0.2267,-0.0371,-0.127,-255.0,0,0
157426.0,-0.2267,-0.0349,-0.1051,-255.0,0,0
157436.0,-0.2267,-0.048,-0.0869,-255.0,0,0
157446.0,-0.2278,-0.0371,-0.0719,-255.0,0,0
157454.0,-0.2278,-0.0349,-0.0595,-255.0,0,0
157466.0,-0.2278,-0.0196,-0.0492,-255.0,0,0
157476.0,-0.2278,-0.0087,-0.0407,-255.0,0,0
157486.0,-0.2267,0.0196,-0.0337,-255.0,0,0
157496.0,-0.2267,0.036,-0.0279,-255.0,0,0
157504.0,-0.2267,0.0185,-0.0231,-255.0,0,0
157514.0,-0.2267,0.0295,-0.0191,-255.0,0,0
157526.0,-0.2267,0.012,-0.0158,-255.0,0,0
157536.0,-0.2267,0.0131,-0.0131,-255.0,0,0
157546.0,-0.2267,0.0065,-0.0108,-255.0,0,0
157554.0,-0.2267,-0.0142,-0.0089,-255.0,0,0
157564.0,-0.2267,-0.0305,-0.0074,-255.0,0,0
157576.0,-0.2278,-0.0327,-0.0061,-255.0,0,0
157586.0,-0.2278,-0.0305,-0.0051,-255.0,0,0
157596.0,-0.2278,-0.0295,-0.0042,-255.0,0,0
157604.0,-0.2278,-0.0131,-0.0035,-255.0,0,0
157614.0,-0.2278,-0.0262,-0.0029,-255.0,0,0
157626.0,-0.2278,-0.0175,-0.0024,-255.0,0,0
157636.0,-0.2278,-0.0109,-0.002,-255.0,0,0
157646.0,-0.2278,-0.0076,-0.0016,-255.0,0,0
157655.0,-0.2278,0.0011,-0.0013,-255.0,0,0
157666.0,-0.2278,0.0033,-0.0011,-255.0,0,0
157676.0,-0.2278,-0.0044,-0.0009,-255.0,0,0
157686.0,-0.2278,-0.0087,-0.0008,-255.0,0,0
157697.0,-0.2278,0.0055,-0.0006,-255.0,0,0
157706.0,-0.2278,-0.0055,-0.0005,-255.0,0,0
157716.0,-0.2278,-0.0044,-0.0004,-255.0,0,0
157726.0,-0.2278,0.0011,-0.0004,-255.0,0,0
157737.0,-0.2278,0.0109,-0.0003,-255.0,0,0
157747.0,-0.2278,-0.0011,-0.0002,-255.0,0,0
157756.0,-0.2278,0.0109,-0.0002,-255.0,0,0
157767.0,-0.2278,0.0098,-0.0002,-255.0,0,0
157777.0,-0.2278,0.0196,-0.0001,-255.0,0,0
157787.0,-0.2278,0.0185,-0.0001,-255.0,0,0
157797.0,-0.2278,0.0273,-0.0001,-255.0,0,0
157806.0,-0.2278,0.0055,-0.0001,-255.0,0,0
157817.0,-0.2278,0.0087,-0.0001,-255.0,0,0
157827.0,-0.2278,-0.0076,-0.0001,-255.0,0,0
157837.0,-0.2278,-0.0076,-0.0,-255.0,0,0
157847.0,-0.2278,-0.0109,-0.0,-255.0,0,0
157856.0,-0.2278,-0.0098,-0.0,-255.0,0,0
157867.0,-0.2278,-0.012,-0.0,-255.0,0,0
157877.0,-0.2278,-0.0044,-0.0,-255.0,0,0
157887.0,-0.2278,0.0065,-0.0,-255.0,0,0
157897.0,-0.2278,0.0131,-0.0,-255.0,0,0
157905.0,-0.2278,0.0011,-0.0,-255.0,0,0
157915.0,-0.2267,0.0349,-0.0,-255.0,0,0
157927.0,-0.2267,0.0229,-0.0,-255.0,0,0
157937.0,-0.2267,0.0175,-0.0,-255.0,0,0
157947.0,-0.2267,0.0033,-0.0,-255.0,0,0
157956.0,-0.2267,-0.012,-0.0,-255.0,0,0
157967.0,-0.2267,-0.0065,-0.0,-255.0,0,0
157977.0,-0.2267,-0.0087,-0.0,-255.0,0,0
157987.0,-0.2267,-0.0164,-0.0,-255.0,0,0
157998.0,-0.2267,-0.0065,-0.0,-255.0,0,0
158007.0,-0.2267,0.024,-0.0,-255.0,0,0
158017.0,-0.2267,0.0065,-0.0,-255.0,0,0
158027.0,-0.2267,-0.0044,-0.0,-255.0,0,0
158037.0,-0.2267,0.0098,-0.0,-255.0,0,0
158048.0,-0.2267,0.0218,-0.0,-255.0,0,0
158055.0,-0.2267,0.0305,-0.0,-255.0,0,0
158065.0,-0.2256,0.036,-0.0,-255.0,0,0
158077.0,-0.2256,0.0382,-0.0,-255.0,0,0
158088.0,-0.2245,0.0327,-0.0,-255.0,0,0
158098.0,-0.2245,0.0404,-0.0,-255.0,0,0
158254.90476190476,-0.2136952380952381,0.03785238095238095,0.0,-240.55714285714285,0,0
158553.7709750567,-0.19311473922902495,0.032999773242630384,0.0,-213.0469387755102,0,0
158959.37512147715,-0.1651840621963071,0.026414091350826042,0.0,-175.71166180758019,1,0
159422.92271738627,-0.13326328844462956,0.018887597760192512,0.0,-133.0427738442316,1,0
159891.9887370562,-0.10096250548162253,0.011271503055384772,0.0,-89.86592292893835,1,0
160320.8490978973,-0.0714303610583018,0.00430821646813198,0.0,-50.389944949241674,1,0
160678.23273193152,-0.04682024070553454,-0.0014945223545786797,0.0,-17.493296632827786,1,0
160950.52502452905,-0.02806967281771186,-0.005915656695691563,0.0,7.570816370154223,1,0
161140.15715687376,-0.015011241610121065,-0.008994660968966608,0.0,25.026180782945268,1,0
161260.5585107434,-0.006720174176730081,-0.010949584317077748,0.0,36.10895183868561,1,0
161329.9326241635,-0.0019429400841571819,-0.012075992531941785,0.0,42.49473897080267,1,0
161365.9711246415,0.0005387399639326359,-0.012661139656546479,0.0,45.81203098748686,1,0
161382.7032855777,0.001690948557688623,-0.012932815107255802,0.0,47.352202280947374,1,0
161389.56776185925,0.002163649519229541,-0.0130442717024186,0.0,47.984067426982456,1,0
161392.0193605312,0.00233247129120844,-0.013084077629262458,0.0,48.20973355056641,1,0
161392.7665144122,0.0023839217360020096,-0.013096208959348205,0.0,48.278507988230096,1,0
161392.9555265547,0.002396937473524192,-0.013099277897018705,0.0,48.2959062834724,1,0
161392.99364665066,0.0023995624962177414,-0.013099896842431244,0.0,48.2994151833532,1,0
161392.9993949191,0.002399958332973118,-0.013099990175469643,0.0,48.299944303176495,1,0
161392.99997118663,0.0023999980158558626,-0.013099999532165221,0.0,48.29999734777031,1,0
161393.0,0.0024,-0.0131,-0.0,48.3,1,0
161403.0,0.0024,-0.0098,-0.0,49.48,1,0
161411.0,0.0024,-0.0164,-0.0,45.84,1,0
161422.0,0.0024,-0.0185,-0.0,44.45,1,0
161433.0,0.0013,-0.0196,-0.0,-46.58,1,0
161443.0,0.0013,-0.0109,-0.0,-42.41,1,0
161453.0,0.0013,-0.0022,-0.0,47.69,1,0
161461.0,0.0013,-0.0087,-0.0,44.3,1,0
161473.0,0.0024,-0.0098,-0.0,48.02,1,0
161483.0,0.0024,0.0076,-0.0,61.91,1,0
161493.0,0.0024,0.012,-0.0,63.33,1,0
161503.0,0.0024,-0.0229,-0.0,-45.85,1,0
161512.0,0.0024,0.0011,-0.0,55.39,1,0
161522.0,0.0024,-0.0207,-0.0,-44.8,1,0
161534.0,0.0024,-0.024,-0.0,-46.21,1,0
161545.0,0.0024,-0.0055,-0.0,51.22,1,0
161554.0,0.0024,-0.0055,-0.0,48.98,1,0
161562.0,0.0013,-0.0295,-0.0,-53.1,1,0
161575.0,0.0013,0.0044,-0.0,49.83,1,0
161585.0,0.0013,-0.0011,-0.0,47.21,1,0
161595.0,0.0013,-0.024,-0.0,-50.04,1,0
161605.0,0.0013,0.0055,-0.0,50.64,1,0
161612.0,0.0013,0.0098,-0.0,52.88,1,0
161622.0,0.0013,-0.0142,-0.0,-44.97,1,0
161635.0,0.0013,0.0185,-0.0,57.32,1,0
161645.0,0.0013,0.0196,-0.0,57.89,1,0
161654.0,0.0013,-0.0207,-0.0,-48.15,1,0
161662.0,0.0013,0.0087,1.1305,53.58,1,0
161675.0,0.0013,0.0044,2.0657,50.27,1,0
161685.0,0.0013,-0.0273,1.7089,-51.59,1,0
161695.0,0.0013,0.0065,1.4137,51.4,1,0
161705.0,0.0013,0.0011,1.1696,48.69,1,0
161712.0,0.0013,-0.0327,0.9675,-58.39,1,0
161723.0,0.0002,-0.0142,0.8004,-48.71,1,0
161735.0,0.0002,-0.0087,0.6622,-46.07,1,0
161745.0,0.0002,-0.0458,0.5478,-64.69,1,0
161755.0,0.0002,-0.0207,0.4532,-52.2,1,0
161762.0,0.0002,0.0044,0.3749,46.22,1,0
161775.0,0.0002,-0.0109,0.3101,-47.38,1,0
161785.0,0.0002,-0.0109,0.2566,-47.4,1,0
161795.0,-0.0009,-0.0295,0.2123,-62.11,1,0
161805.0,-0.0009,-0.0229,0.1756,-61.86,1,0
161812.0,-0.0009,0.0011,0.1453,-45.16,1,0
161823.0,-0.0009,-0.0284,0.1202,-65.27,1,0
161835.0,-0.0009,-0.0164,0.0994,-54.5,1,0
161846.0,-0.0009,0.0076,0.0822,44.35,1,0
161855.0,-0.0009,-0.0033,0.068,-47.21,1,0
161863.0,-0.0009,0.0153,0.0563,47.78,1,0
161873.0,-0.0009,0.0371,-1.0839,59.66,1,0
161886.0,0.0002,0.0218,-2.0272,55.15,1,0
161896.0,0.0002,0.0338,-1.6771,61.07,1,0
161905.0,0.0002,0.0415,-1.3874,64.82,1,0
161913.0,0.0002,0.0207,-1.1477,54.4,1,0
161923.0,0.0013,0.0371,-0.9495,66.9,1,0
161936.0,0.0013,0.0164,-0.7855,56.51,1,0
161945.0,0.0013,-0.0065,-0.6498,45.03,1,0
161956.0,0.0013,-0.0022,0.5929,47.18,1,0
161963.0,0.0013,-0.0153,1.621,-45.39,1,0
161973.0,0.0013,-0.0251,1.341,-60.77,1,0
161986.0,0.0013,0.0,1.1094,49.65,1,0
161996.0,0.0002,-0.0273,0.9178,-57.77,1,0
162005.0,0.0002,-0.024,0.7592,-56.98,1,0
162013.0,0.0002,0.0087,0.6281,49.83,1,0
162023.0,0.0002,-0.0295,0.5196,-55.54,1,0
162036.0,0.0002,0.0011,0.4299,45.41,1,0
162046.0,0.0002,0.0076,0.3556,48.47,1,0
162055.0,0.0002,-0.0371,0.2942,-61.02,1,0
162063.0,0.0002,-0.0033,0.2434,-43.06,1,0
162076.0,0.0002,-0.0055,0.2013,-44.28,1,0
162086.0,0.0002,-0.0295,0.1666,-57.43,1,0
162096.0,-0.0009,-0.0109,0.1378,-52.47,1,0
162106.0,-0.0009,-0.0207,0.114,-57.33,1,0
162113.0,-0.0009,-0.0251,0.0943,-59.48,1,0
162125.0,-0.0009,0.0131,0.078,46.58,1,0
162137.0,-0.0009,0.0033,0.0645,-44.34,1,0
162147.0,-0.0009,-0.0142,0.0534,-54.21,1,0
162157.0,-0.0009,0.0076,0.0442,43.7,1,0
162164.0,-0.0009,-0.0185,0.0365,-58.51,1,0
162174.0,-0.0009,0.0,0.0302,-45.75,1,0
162187.0,-0.0009,0.0076,0.025,43.82,1,1
162197.0,-0.0009,-0.0371,0.0207,-64.54,1,1
162206.0,-0.0009,-0.0131,0.0171,-53.68,1,1
162214.0,-0.0009,0.0011,0.0142,-45.48,1,1
162225.0,-0.002,-0.0196,0.0117,-60.29,1,1
162236.0,-0.002,-0.012,0.0097,-60.73,1,1
162246.0,-0.002,0.0098,0.008,-45.13,1,1
162257.0,-0.002,-0.0098,0.0066,-62.43,1,1
162264.0,-0.002,-0.0011,-1.125,-56.22,1,1
162277.0,-0.0009,0.0142,-2.0612,48.66,1,1
162286.0,-0.002,-0.0175,-1.7052,-59.06,1,1
162296.0,-0.0009,0.0262,-1.4106,54.04,1,1
162306.0,-0.0009,0.0229,-1.167,52.1,1,1
162314.0,-0.0009,-0.012,-0.9654,-51.58,1,1
162327.0,-0.0009,-0.0109,-0.7987,-52.26,1,1
162337.0,-0.0009,-0.0076,-0.6607,-49.58,1,1
162347.0,-0.0009,-0.0415,-0.5466,-66.63,1,1
162357.0,-0.0009,-0.0076,-0.4522,-49.83,1,1
162364.0,-0.002,-0.0109,-0.3741,-56.97,1,1
162374.0,-0.002,-0.0327,-0.3095,-67.81,1,1
162387.0,-0.002,0.0044,-0.256,-56.54,1,1
162397.0,-0.002,-0.0109,-0.2118,-55.83,1,1
162407.0,-0.002,-0.0535,-0.1752,-78.31,1,1
162414.0,-0.002,0.0185,-0.1449,45.7,1,1
162427.0,-0.002,0.0044,-0.1199,-47.57,1,1
162438.0,-0.002,-0.0273,-0.0992,-63.6,1,1
162448.0,-0.002,0.0185,-1.2126,45.1,1,1
162458.0,-0.002,-0.0087,-2.1336,-61.02,1,1
162465.0,-0.002,-0.0153,-1.7651,-60.41,1,1
162478.0,-0.002,0.0196,-1.4602,46.4,1,1
162488.0,-0.002,-0.0011,-1.208,-50.28,1,1
162498.0,-0.002,-0.0022,-0.9993,-53.14,1,1
162508.0,-0.002,0.0142,-0.8267,-42.76,1,1
162515.0,-0.002,0.0218,-0.6839,46.82,1,1
162527.0,-0.002,-0.0033,-0.5658,-52.89,1,1
162538.0,-0.002,0.0295,-0.4681,50.47,1,1
162548.0,-0.002,0.0076,-0.3872,-46.5,1,1
162558.0,-0.002,-0.0098,-0.3203,-56.38,1,1
162565.0,-0.0009,0.0327,-0.265,56.27,1,1
162578.0,-0.0009,0.0131,-1.3497,46.42,1,1
162588.0,-0.0009,-0.0076,-2.2471,-50.09,1,1
162598.0,-0.0009,0.0382,-1.859,58.86,1,1
162608.0,-0.0009,0.0131,-1.5379,46.25,1,1
162615.0,-0.0009,-0.0185,-1.2722,-56.69,1,1
162625.0,-0.0009,0.0491,-1.0525,64.29,1,1
162638.0,-0.0009,0.0011,-0.8707,-45.75,1,1
162648.0,-0.0009,-0.0229,-0.7203,-57.79,1,1
162658.0,0.0002,0.0393,-0.5959,70.92,1,1
162665.0,0.0002,0.0022,-0.493,44.03,1,1
162678.0,-0.0009,-0.0196,-0.4078,-57.0,1,1
162688.0,0.0002,0.0447,-0.3374,65.61,1,1
162698.0,0.0002,0.0,-0.2791,43.35,1,1
162708.0,0.0002,-0.0284,-0.2309,-56.65,1,1
162715.0,0.0002,0.0305,-0.191,58.78,1,1
162728.0,0.0002,0.0022,-0.158,44.66,1,1
162738.0,0.0002,-0.0295,-0.1307,-63.3,1,1
162748.0,0.0002,0.0251,-0.1081,57.02,1,1
162758.0,0.0002,-0.0022,-0.0895,-42.65,1,1
162765.0,-0.0009,-0.0404,-0.074,-66.21,1,1
162779.0,-0.0009,0.0087,-0.0612,44.14,1,1
162789.0,-0.0009,0.0,-0.0507,-46.19,1,1
162799.0,-0.0009,-0.036,-0.0419,-64.24,1,1
162809.0,-0.0009,0.0229,-0.0347,51.05,1,1
162816.0,-0.0009,-0.0022,-0.0287,-47.42,1,1
162828.0,-0.0009,-0.0185,-0.0237,-55.63,1,1
162839.0,-0.0009,0.024,-0.0196,51.51,1,1
162849.0,-0.0009,-0.0033,-0.0162,-53.27,1,1
162859.0,-0.0009,-0.0076,-0.0134,-49.53,1,1
162866.0,0.0002,0.0316,-0.0111,60.2,1,1
162879.0,0.0002,0.0022,-0.0092,45.35,1,1
162889.0,0.0002,0.0044,-0.0076,46.35,1,1
162899.0,0.0002,0.0382,-0.0063,63.18,1,1
162909.0,0.0002,-0.0055,-0.0052,-44.59,1,1
162916.0,0.0002,-0.0076,-0.0043,-45.73,1,1
162926.0,0.0002,0.0229,-0.0036,59.58,1,1
162939.0,0.0002,-0.012,-0.0029,-50.63,1,1
162949.0,0.0002,0.0076,-0.0024,47.53,1,1
162959.0,0.0002,0.0305,-0.002,59.0,1,1
162966.0,0.0002,-0.0022,-0.0017,-43.24,1,1
162979.0,0.0002,0.0022,-0.0014,44.84,1,1
162989.0,0.0013,0.0316,-0.0011,68.12,1,1
162999.0,0.0013,-0.0033,-0.0009,45.93,1,1
163009.0,0.0013,-0.0011,-0.0008,47.13,1,1
163016.0,0.0013,0.036,-0.0006,65.77,1,1
163029.0,0.0013,-0.0142,-0.0005,-45.13,1,1
163039.0,0.0013,-0.0011,-0.0004,47.36,1,1
163049.0,0.0013,0.0316,-0.0004,63.77,1,1
163059.0,0.0013,-0.0175,-0.0003,-46.62,1,1
163066.0,0.0013,0.0,-0.0003,48.02,1,1
163076.0,0.0013,0.0458,-0.0002,70.95,1,1
163089.0,0.0013,-0.0109,-0.0002,-43.28,1,1
163100.0,0.0013,-0.0065,1.1304,44.86,1,1
163110.0,0.0024,0.0436,2.0656,76.46,1,1
163117.0,0.0024,-0.0131,1.7088,45.72,1,1
163127.0,0.0013,-0.024,1.4137,-58.46,1,1
163140.0,0.0024,0.0393,1.1695,80.44,1,1
163150.0,0.0024,-0.0055,0.9675,49.58,1,1
163160.0,0.0024,-0.0175,0.8004,43.62,1,1
163167.0,0.0024,0.0404,0.6621,72.56,1,1
163177.0,0.0024,0.0164,0.5478,64.78,1,1
163190.0,0.0024,-0.0262,0.4531,-47.15,1,1
163200.0,0.0024,0.0567,0.3749,80.36,1,1
163210.0,0.0024,0.0142,0.3101,59.19,1,1
163217.0,0.0024,-0.0185,0.2566,42.91,1,1
163227.0,0.0035,0.0436,1.3427,80.58,1,1
163240.0,0.0035,0.0382,2.2413,81.86,1,1
163250.0,0.0035,-0.0218,1.8542,44.82,1,1
163260.0,0.0035,0.0644,1.5339,88.14,1,1
163267.0,0.0046,0.0393,1.269,80.14,1,1
163277.0,0.0046,-0.0098,1.0498,55.75,1,1
163290.0,0.0046,0.0513,0.8684,86.41,1,1
163300.0,0.0046,0.0284,0.7184,80.29,1,1
163310.0,0.0046,-0.0164,0.5943,52.07,1,1
163317.0,0.0057,0.0524,1.6222,95.23,1,1
163327.0,0.0057,0.0425,2.4725,85.78,1,1
163340.0,0.0057,-0.036,2.0454,46.73,1,1
163350.0,0.0057,0.0502,1.6921,90.0,1,1
163360.0,0.0068,0.0262,1.3998,82.5,1,1
163367.0,0.0057,-0.0295,1.1581,50.44,1,1
163377.0,0.0068,0.0382,2.0885,89.81,1,1
163391.0,0.0068,0.0229,2.8583,81.1,1,1
163400.0,0.0068,-0.0305,2.3646,54.44,1,1
163411.0,0.0068,0.0316,1.9561,86.63,1,1
163418.0,0.0068,0.024,2.7488,81.72,1,1
163428.0,0.0068,-0.0262,3.4045,56.74,1,1
163441.0,0.0068,0.0371,2.8164,88.41,1,1
163451.0,0.0068,0.0262,2.33,82.98,1,1
163461.0,0.0068,-0.0262,1.9275,56.82,1,1
163468.0,0.0068,0.0229,2.7251,81.43,1,1
163478.0,0.0079,0.0229,3.3849,85.85,1,1
163491.0,0.0068,-0.0284,2.8002,55.84,1,1
163501.0,0.0079,0.0284,3.447,90.71,1,1
163511.0,0.0079,0.0196,3.9821,85.06,1,1
163518.0,0.0079,-0.0142,3.2943,68.04,1,1
163531.0,0.0079,0.0207,3.8558,84.42,1,1
163541.0,0.0079,0.0218,4.3203,86.12,1,1
163551.0,0.0079,-0.0153,3.5741,66.43,1,1
163561.0,0.0079,0.012,4.0872,80.18,1,1
163568.0,0.0079,0.024,4.5117,86.27,1,1
163581.0,0.0079,-0.0207,3.7324,63.92,1,1
163591.0,0.0079,-0.0011,4.2182,73.81,1,1
163601.0,0.0079,0.0229,4.6201,85.86,1,1
163611.0,0.0079,-0.0175,4.9526,67.82,1,1
163618.0,0.0089,-0.0044,5.2277,76.39,1,1
163628.0,0.0089,0.0229,4.3247,95.3,1,1
163641.0,0.0089,-0.024,4.7082,65.99,1,1
163651.0,0.0079,-0.0142,6.156,66.79,1,1
163661.0,0.0089,0.0207,6.2232,88.76,1,1
163668.0,0.0089,-0.0185,5.1482,69.19,1,1
163678.0,0.0079,-0.0262,5.3895,61.12,1,1
163691.0,0.0079,0.012,5.5891,81.34,1,1
163701.0,0.0079,-0.0022,5.7542,73.13,1,1
163711.0,0.0079,-0.0076,5.8908,70.49,1,1
163719.0,0.0089,0.0164,6.0038,86.92,1,1
163732.0,0.0079,-0.0109,6.0973,68.97,1,1
163742.0,0.0079,-0.0218,6.1746,63.56,1,1
163752.0,0.0089,0.0415,6.2386,99.59,1,1
163762.0,0.0089,-0.0022,6.2915,78.85,1,1
163769.0,0.0089,-0.0033,7.4658,77.19,1,1
163779.0,0.0089,0.0327,7.3067,95.23,1,1
163792.0,0.0089,0.0131,7.1752,85.44,1,1
163802.0,0.0089,-0.0033,7.0663,77.28,1,1
163812.0,0.0089,0.024,6.9763,90.94,1,1
163819.0,0.0089,-0.0011,8.0323,78.46,1,1
163832.0,0.0089,-0.0153,7.7754,71.37,1,1
163842.0,0.0089,0.0076,7.5629,82.83,1,1
163852.0,0.0089,0.0011,7.387,79.56,1,1
163862.0,0.0089,-0.0131,7.2416,72.47,1,1
163869.0,0.0089,0.0316,8.2518,94.88,1,1
163882.0,0.0089,0.0109,7.957,84.51,1,1
163892.0,0.0089,-0.0065,7.7131,75.77,1,1
163902.0,0.01,0.0284,8.6418,98.69,1,1
163912.0,0.01,0.0196,8.2796,93.13,1,1
163919.0,0.01,-0.0022,7.98,82.24,1,1
163929.0,0.01,0.0251,8.8626,95.94,1,1
163941.0,0.0111,0.0087,9.5928,92.18,1,1
163952.0,0.0111,-0.0109,9.0664,82.36,1,1
163962.0,0.0111,0.0305,8.6309,105.17,1,1
163969.0,0.0111,0.0055,9.4011,90.3,1,1
163979.0,0.0111,-0.0011,10.0382,87.13,1,1
163992.0,0.0122,0.0305,10.5654,107.39,1,1
164002.0,0.0122,0.0153,9.8709,100.81,1,1
164012.0,0.0122,-0.0055,9.2964,89.27,1,1
164019.0,0.0122,0.024,9.9517,105.13,1,1
164032.0,0.0122,0.012,10.4938,98.02,1,1
164042.0,0.0122,-0.0207,10.9422,82.79,1,1
164052.0,0.0122,0.0295,11.3132,107.81,1,1
164062.0,0.0122,0.0087,10.4896,96.3,1,1
164070.0,0.0122,-0.0033,9.8082,90.35,1,1
164083.0,0.0122,0.0142,10.3751,99.17,1,1
164093.0,0.0122,-0.0033,10.844,93.67,1,1
164103.0,0.0133,0.0,11.232,97.22,1,1
164113.0,0.0133,0.0,11.5529,96.17,1,1
164120.0,0.0133,0.0175,11.8184,105.03,1,1
164133.0,0.0133,-0.0153,12.038,88.78,1,1
164143.0,0.0133,0.0011,12.2197,97.05,1,1
164153.0,0.0133,-0.0098,12.37,91.67,1,1
164162.0,0.0133,-0.0033,12.4944,95.01,1,1
164170.0,0.0133,0.0011,12.5973,97.24,1,1
164183.0,0.0133,0.0022,12.6824,97.82,1,1
164193.0,0.0133,-0.0196,12.7528,86.95,1,1
164203.0,0.0133,-0.0109,12.811,92.38,1,1
164213.0,0.0133,0.0033,12.8592,100.41,1,1
164220.0,0.0133,-0.0109,12.8991,93.08,1,1
164232.0,0.0133,0.0022,12.932,97.35,1,1
164243.0,0.0133,0.0022,12.9593,97.48,1,1
164253.0,0.0144,-0.0087,14.1124,96.55,1,1
164263.0,0.0144,-0.0098,15.0663,97.18,1,1
164270.0,0.0144,0.0,14.7249,100.96,1,1
164283.0,0.0144,-0.0131,14.4425,94.48,1,1
164293.0,0.0144,0.0055,14.2089,104.86,1,1
164303.0,0.0144,0.0044,15.1461,103.23,1,1
164313.0,0.0144,-0.0185,15.9215,91.89,1,1
164320.0,0.0144,-0.0022,15.4324,100.1,1,1
164332.0,0.0144,0.0065,16.1583,104.55,1,1
164343.0,0.0144,-0.0065,16.7588,98.07,1,1
164353.0,0.0144,-0.0065,16.1251,103.31,1,1
164363.0,0.0144,-0.0175,16.7313,96.17,1,1
164370.0,0.0144,0.0022,17.2329,101.43,1,1
164383.0,0.0144,-0.0087,16.5173,96.18,1,1
164393.0,0.0144,0.0,17.0558,100.76,1,1
164403.0,0.0144,-0.0065,17.5013,97.67,1,1
164413.0,0.0144,-0.0109,17.8698,95.63,1,1
164420.0,0.0144,-0.0098,18.1747,96.29,1,1
164432.0,0.0144,0.0,18.4269,101.3,1,1
164443.0,0.0144,-0.0109,18.6356,95.92,1,1
164453.0,0.0144,-0.0131,17.6777,95.88,1,1
164464.0,0.0144,-0.0076,18.0158,97.48,1,1
164471.0,0.0144,-0.0153,19.426,93.8,1,1
164484.0,0.0144,-0.0109,19.4621,96.03,1,1
164494.0,0.0144,-0.0218,19.4919,90.62,1,1
164504.0,0.0144,-0.0153,19.5166,94.98,1,1
164513.0,0.0133,-0.012,19.5371,91.1,1,1
164521.0,0.0133,-0.012,19.554,91.15,1,1
164533.0,0.0133,-0.0196,19.568,87.37,1,1
164544.0,0.0133,-0.0022,19.5795,96.13,1,1
164554.0,0.0133,-0.0142,19.5891,90.16,1,1
164564.0,0.0133,-0.0349,19.597,79.82,1,1
164571.0,0.0133,0.0022,19.6036,98.39,1,1
164584.0,0.0133,-0.0065,19.609,96.14,1,1
164594.0,0.0133,-0.0098,19.6135,92.14,1,1
164604.0,0.0133,0.0011,20.7477,97.72,1,1
164614.0,0.0133,0.0011,21.686,97.82,1,1
164621.0,0.0133,-0.0098,21.3317,92.39,1,1
164634.0,0.0133,0.0087,21.0386,104.83,1,1
164644.0,0.0133,0.0022,21.9267,98.07,1,1
164654.0,0.0133,-0.0076,21.5308,93.25,1,1
164664.0,0.0144,0.0251,21.2034,114.05,1,1
164671.0,0.0144,0.0011,22.063,102.16,1,1
164684.0,0.0144,-0.0065,22.7741,98.44,1,1
164694.0,0.0144,0.0109,23.3624,107.24,1,1
164704.0,0.0144,0.0055,23.849,105.62,1,1
164715.0,0.0144,-0.0175,24.2517,93.03,1,1
164721.0,0.0144,0.0098,23.4542,106.68,1,1
164734.0,0.0144,-0.0044,22.7945,99.6,1,1
164744.0,0.0144,-0.012,23.3793,95.85,1,1
164754.0,0.0144,-0.0044,23.863,99.72,1,1
164764.0,0.0144,-0.0109,24.2632,96.49,1,1
164772.0,0.0144,-0.0164,24.5943,93.8,1,1
164785.0,0.0144,-0.0033,24.8682,100.38,1,1
164795.0,0.0144,-0.0153,25.0948,94.41,1,1
164804.0,0.0144,-0.0185,25.2822,93.84,1,1
164814.0,0.0144,-0.0044,24.3068,99.71,1,1
164822.0,0.0144,-0.0055,23.4998,99.16,1,1
164834.0,0.0144,-0.0153,23.9627,94.3,1,1
164844.0,0.0144,0.0011,24.3457,102.53,1,1
164855.0,0.0144,-0.0164,24.6625,93.84,1,1
164865.0,0.0144,-0.0218,24.9246,92.19,1,1
164872.0,0.0144,0.0011,25.1415,102.48,1,1
164885.0,0.0144,-0.0175,25.3208,93.26,1,1
164895.0,0.0133,-0.0175,26.5997,88.99,1,1
164905.0,0.0133,0.0011,27.6577,98.34,1,1
164915.0,0.0133,0.0,27.4025,97.81,1,1
164922.0,0.0133,-0.012,27.1913,91.82,1,1
164934.0,0.0133,-0.0109,28.1471,92.43,1,1
164945.0,0.0133,-0.0109,28.9378,93.53,1,1
164955.0,0.0133,-0.0065,28.4615,94.51,1,1
164965.0,0.0133,0.0076,28.0674,101.62,1,1
164972.0,0.0133,-0.024,27.7414,85.82,1,1
164985.0,0.0133,-0.0087,28.6022,93.52,1,1
164995.0,0.0133,-0.0022,29.3143,97.9,1,1
165005.0,0.0133,-0.0098,28.7729,92.88,1,1
165016.0,0.0133,-0.0033,28.325,96.18,1,1
165022.0,0.0133,-0.0076,27.9545,94.01,1,1
165032.0,0.0133,-0.024,28.7785,85.9,1,1
165045.0,0.0133,-0.0055,29.4601,95.23,1,1
165055.0,0.0133,-0.0098,28.8936,94.09,1,1
165065.0,0.0133,-0.024,28.4248,85.81,1,1
165072.0,0.0133,0.0044,29.1676,100.07,1,1
165086.0,0.0133,-0.0098,29.782,93.04,1,1
165095.0,0.0133,0.0022,29.1599,99.04,1,1
165105.0,0.0133,0.012,29.7756,104.0,1,1
165116.0,0.0133,-0.0011,30.2851,98.55,1,1
165123.0,0.0133,0.0011,30.7065,98.49,1,1
165135.0,0.0144,0.0076,31.0551,106.18,1,1
165145.0,0.0144,-0.0033,31.3436,100.78,1,1
165155.0,0.0144,0.0,31.5822,102.46,1,1
165166.0,0.0144,0.0065,31.7795,105.76,1,1
165173.0,0.0144,0.0044,31.9428,104.7,1,1
165186.0,0.0144,-0.0055,32.0779,99.81,1,1
165196.0,0.0144,-0.0087,32.1897,100.29,1,1
165205.0,0.0144,-0.0153,32.2821,94.66,1,1
165215.0,0.0144,-0.0131,32.3586,95.82,1,1
165223.0,0.0133,-0.0196,32.4219,88.24,1,1
165235.0,0.0133,-0.0207,32.4742,87.75,1,1
165246.0,0.0133,-0.0098,32.5175,94.29,1,1
165256.0,0.0133,-0.0185,32.5534,88.77,1,1
165266.0,0.0133,-0.0098,32.583,93.18,1,1
165273.0,0.0133,0.0022,32.6075,99.23,1,1
165286.0,0.0133,0.0011,32.6278,98.72,1,1
165296.0,0.0133,-0.0098,33.7751,93.35,1,1
165306.0,0.0133,0.0065,33.5937,101.55,1,1
165316.0,0.0133,-0.0055,33.4436,95.56,1,1
165323.0,0.0133,0.0022,34.45,102.59,1,1
165335.0,0.0133,0.0022,35.2825,101.18,1,1
165346.0,0.0133,-0.0098,35.9712,93.98,1,1
165356.0,0.0133,-0.0022,35.4105,96.72,1,1
165366.0,0.0133,0.0,34.9466,98.97,1,1
165373.0,0.0144,0.0,35.6934,102.29,1,1
165386.0,0.0144,-0.0076,35.1807,98.56,1,1
165396.0,0.0144,-0.0011,34.7565,101.91,1,1
165406.0,0.0144,-0.0142,35.5361,95.48,1,1
165416.0,0.0133,-0.0153,36.181,90.67,1,1
165423.0,0.0133,-0.0065,36.7146,95.11,1,1
165436.0,0.0133,-0.012,36.0254,92.38,1,1
165447.0,0.0133,-0.0142,35.4553,91.3,1,1
165456.0,0.0133,0.0022,36.1142,99.54,1,1
165466.0,0.0133,-0.0229,36.6593,87.05,1,1
165473.0,0.0133,-0.0142,37.1102,91.45,1,1
165487.0,0.0133,0.0044,37.4833,100.76,1,1
165497.0,0.0133,-0.0207,37.7919,88.24,1,1
165507.0,0.0133,-0.0055,38.0472,96.95,1,1
165517.0,0.0133,0.0,38.2584,98.51,1,1
165524.0,0.0133,-0.0284,38.4331,84.38,1,1
165536.0,0.0133,-0.0055,38.5776,97.96,1,1
165547.0,0.0133,-0.0142,38.6972,91.26,1,1
165557.0,0.0133,-0.0316,38.7961,82.61,1,1
165567.0,0.0133,-0.012,37.7475,92.44,1,1
165574.0,0.0122,-0.0185,36.8799,84.81,1,1
165584.0,0.0122,-0.0065,37.2927,90.87,1,1
165597.0,0.0122,-0.0011,37.6343,94.7,1,1
165607.0,0.0122,-0.0131,37.9168,88.6,1,1
165617.0,0.0122,-0.0262,39.281,83.08,1,1
165624.0,0.0122,-0.0033,39.2791,92.23,1,1
165636.0,0.0122,-0.0218,39.2775,83.07,1,1
165647.0,0.0122,-0.0109,40.4067,88.67,1,1
165657.0,0.0122,0.0011,40.2103,94.74,1,1
165667.0,0.0122,-0.0175,40.0479,85.51,1,1
165674.0,0.0122,-0.0011,41.044,93.8,1,1
165687.0,0.0122,-0.0044,41.8681,92.24,1,1
165697.0,0.0122,-0.0185,41.4193,85.16,1,1
165707.0,0.0122,-0.0109,41.048,90.03,1,1
165717.0,0.0122,-0.0098,40.7409,91.49,1,1
165724.0,0.0111,-0.0273,40.4868,76.06,1,1
165737.0,0.0111,-0.0185,40.2766,80.51,1,1
165747.0,0.0111,-0.012,41.2332,83.9,1,1
165758.0,0.0111,-0.0207,42.0246,79.64,1,1
165768.0,0.0111,-0.0185,41.5488,80.76,1,1
165774.0,0.0111,-0.0153,41.1552,82.41,1,1
165784.0,0.0111,-0.0349,40.8295,72.61,1,1
165797.0,0.0111,0.0,41.6907,91.18,1,1
165808.0,0.0111,0.0033,42.403,91.69,1,1
165818.0,0.0111,0.0011,41.8618,91.67,1,1
165825.0,0.0111,0.0065,42.5447,93.28,1,1
165837.0,0.0111,-0.0022,43.1095,89.01,1,1
165848.0,0.01,-0.0153,42.4463,78.11,1,1
165858.0,0.0111,-0.0044,43.0282,88.0,1,1
165868.0,0.0111,-0.0022,43.5095,89.14,1,1
165875.0,0.01,-0.0196,42.7772,78.14,1,1
165885.0,0.01,-0.0284,42.1714,71.39,1,1
165898.0,0.01,-0.0033,42.8007,84.04,1,1
165908.0,0.01,-0.012,43.3214,79.76,1,1
165918.0,0.01,0.0044,42.6216,87.96,1,1
165925.0,0.01,-0.0044,43.1731,83.66,1,1
165937.0,0.01,-0.0076,43.6295,82.08,1,1
165948.0,0.01,0.0055,44.0069,88.67,1,1
165958.0,0.01,0.0033,44.3192,89.71,1,1
165968.0,0.01,-0.0011,44.5776,85.19,1,1
165975.0,0.01,-0.0044,44.7913,83.63,1,1
165988.0,0.01,-0.0142,44.9681,79.84,1,1
165998.0,0.01,-0.0087,45.1144,81.43,1,1
166008.0,0.01,-0.0022,45.2354,84.78,1,1
166018.0,0.01,-0.0033,45.3355,85.34,1,1
166025.0,0.01,-0.0087,44.2878,81.41,1,1
166037.0,0.01,-0.0076,44.5516,82.03,1,1
166048.0,0.01,-0.0098,44.7698,82.05,1,1
166058.0,0.01,-0.0076,44.9503,82.01,1,1
166068.0,0.01,0.0044,45.0996,88.08,1,1
166075.0,0.01,-0.0076,45.2232,82.13,1,1
166088.0,0.01,-0.0044,46.4559,83.88,1,1
166098.0,0.01,0.0076,46.3452,89.9,1,1
166108.0,0.01,-0.0011,46.2536,85.56,1,1
166119.0,0.01,-0.0033,46.1778,84.49,1,1
166125.0,0.0111,0.012,46.1151,96.5,1,1
166138.0,0.01,-0.0153,47.1938,78.58,1,1
166148.0,0.01,-0.0207,46.9556,77.94,1,1
166158.0,0.01,-0.0044,46.7586,83.75,1,1
166169.0,0.01,-0.0295,46.5956,74.41,1,1
166176.0,0.01,-0.0229,46.4607,74.17,1,1
166188.0,0.01,-0.0098,47.4797,80.89,1,1
166198.0,0.01,-0.0382,47.1921,66.8,1,1
166209.0,0.01,-0.0142,46.9542,78.87,1,1
166219.0,0.01,-0.0087,47.8879,81.71,1,1
166226.0,0.01,-0.0196,47.5299,76.29,1,1
166238.0,0.01,-0.0087,47.2337,81.77,1,1
166249.0,0.01,0.0011,48.1191,86.76,1,1
166259.0,0.0089,-0.0175,48.8516,73.19,1,1
166269.0,0.0089,-0.0076,48.3271,78.09,1,1
166276.0,0.0089,0.0011,47.8932,82.45,1,1
166286.0,0.0089,-0.0251,48.6647,69.41,1,1
166299.0,0.0089,-0.0055,48.1724,79.21,1,1
166309.0,0.0089,-0.0022,47.7652,80.84,1,1
166319.0,0.0089,-0.0229,48.5589,70.52,1,1
166326.0,0.0089,-0.0142,49.2154,74.93,1,1
166338.0,0.0089,-0.0065,48.628,78.72,1,1
166349.0,0.0089,-0.0098,48.1421,78.11,1,1
166359.0,0.0089,-0.0022,48.8707,80.78,1,1
166369.0,0.0089,0.0022,49.4733,83.02,1,1
166376.0,0.0089,-0.0153,49.9719,74.35,1,1
166389.0,0.0089,-0.0022,50.3844,80.93,1,1
166399.0,0.0089,-0.0087,49.5951,77.63,1,1
166409.0,0.0089,-0.0327,48.9422,65.61,1,1
166419.0,0.0089,-0.0087,49.5325,78.7,1,1
166426.0,0.0089,-0.012,50.0209,75.91,1,1
166439.0,0.0089,-0.0185,50.4249,74.79,1,1
166449.0,0.0079,-0.012,49.6286,71.31,1,1
166459.0,0.0079,-0.0164,48.9699,69.17,1,1
166469.0,0.0079,-0.0207,49.5554,68.13,1,1
166476.0,0.0079,-0.0011,50.0398,76.84,1,1
166489.0,0.0079,0.0022,50.4406,79.61,1,1
166500.0,0.0079,-0.0175,50.7721,68.68,1,1
166510.0,0.0079,-0.0087,51.0463,74.18,1,1
166519.0,0.0079,-0.0065,51.2732,74.15,1,1
166527.0,0.0079,-0.0273,51.4609,64.92,1,1
166539.0,0.0079,-0.0142,51.6162,70.34,1,1
166549.0,0.0079,-0.0142,51.7446,70.42,1,1
166560.0,0.0068,-0.0284,50.7204,58.97,1,1
166570.0,0.0068,-0.0131,49.8731,66.61,1,1
166577.0,0.0068,-0.0185,50.3026,64.99,1,1
166590.0,0.0068,-0.0087,50.658,68.77,1,1
166600.0,0.0068,-0.0011,50.9519,72.65,1,1
166610.0,0.0068,-0.0109,51.1951,67.8,1,1
166620.0,0.0068,-0.0065,52.5268,72.18,1,1
166627.0,0.0068,0.0098,52.498,78.01,1,1
166639.0,0.0068,-0.0175,51.3436,66.49,1,1
166650.0,0.0068,-0.0251,51.5192,62.46,1,1
166660.0,0.0068,-0.0087,51.6644,68.39,1,1
166670.0,0.0068,-0.0251,51.7845,60.35,1,1
166677.0,0.0068,-0.024,51.8839,61.01,1,1
166690.0,0.0068,-0.0098,51.9661,68.2,1,1
166700.0,0.0057,-0.0284,52.0341,58.83,1,1
166710.0,0.0057,-0.0196,52.0904,59.55,1,1
166720.0,0.0057,-0.0109,52.1369,62.89,1,1
166727.0,0.0057,-0.0185,52.1754,59.23,1,1
166740.0,0.0057,-0.0098,53.3378,63.78,1,1
166750.0,0.0057,-0.0033,54.2994,67.2,1,1
166760.0,0.0057,-0.0098,53.9644,65.04,1,1
166770.0,0.0057,-0.012,52.5567,64.84,1,1
166777.0,0.0057,-0.012,51.3922,64.58,1,1
166787.0,0.0046,-0.0305,51.5594,48.7,1,1
166800.0,0.0046,-0.0229,51.6976,52.67,1,1
166810.0,0.0046,-0.0076,51.812,60.43,1,1
166821.0,0.0046,-0.0284,53.0372,50.23,1,1
166827.0,0.0046,-0.0164,54.0507,57.41,1,1
166840.0,0.0046,-0.0142,53.7586,58.41,1,1
166851.0,0.0046,-0.0185,53.517,55.11,1,1
166861.0,0.0046,-0.0065,53.3172,61.18,1,1
166871.0,0.0046,-0.0022,53.1518,63.43,1,1
166878.0,0.0035,-0.0338,53.015,-48.56,1,1
166891.0,0.0035,-0.0175,52.9019,53.62,1,1
166901.0,0.0035,-0.0196,52.8082,50.18,1,1
166911.0,0.0035,-0.0545,52.7308,-59.01,1,1
166921.0,0.0024,-0.0185,52.6667,46.51,1,1
166928.0,0.0024,-0.0055,52.6137,53.11,1,1
166938.0,0.0024,-0.0349,52.5699,-56.52,1,1
166950.0,0.0024,-0.0065,53.6641,58.35,1,1
166961.0,0.0024,0.0076,54.5693,59.5,1,1
166971.0,0.0024,-0.0251,54.1877,-48.79,1,1
166978.0,0.0024,-0.0011,53.872,55.27,1,1
166991.0,0.0024,0.0164,53.6108,64.04,1,1
167001.0,0.0024,-0.0284,53.3947,-50.18,1,1
167011.0,0.0024,-0.0131,53.216,49.38,1,1
167021.0,0.0024,-0.0055,53.0681,54.27,1,1
167028.0,0.0024,-0.0338,52.9458,-52.92,1,1
167038.0,0.0013,-0.024,52.8446,-52.32,1,1
167051.0,0.0024,0.0153,52.7608,63.54,1,1
167061.0,0.0013,-0.0447,52.6916,-62.61,1,1
167071.0,0.0013,-0.0207,52.6343,-50.58,1,1
167078.0,0.0013,0.0295,52.5869,66.34,1,1
167088.0,0.0013,-0.0327,52.5477,-56.54,1,1
167101.0,0.0013,-0.0284,52.5152,-57.49,1,1
167111.0,0.0013,0.0371,52.4884,70.6,1,1
167122.0,0.0013,-0.0273,52.4662,-58.68,1,1
167128.0,0.0002,-0.0447,52.4478,-65.9,1,1
167138.0,0.0013,0.0404,52.4326,72.61,1,1
167151.0,0.0002,-0.0251,52.4201,-56.42,1,1
167161.0,0.0002,-0.0513,52.4097,-70.67,1,1
167172.0,0.0002,0.0164,52.4011,56.01,1,1
167179.0,0.0002,-0.012,52.394,-50.05,1,1
167189.0,0.0002,-0.0436,52.3881,-67.0,1,1
167202.0,0.0002,0.0327,52.3832,64.08,1,1
167212.0,0.0002,0.0022,52.3792,48.72,1,1
167222.0,0.0002,-0.0109,52.3758,-49.67,1,1
167229.0,0.0002,0.0273,52.3731,65.34,1,1
167242.0,0.0002,0.0218,52.3708,57.82,1,1
167252.0,0.0002,-0.0393,52.3689,-71.75,1,1
167262.0,0.0002,0.0131,52.3674,57.72,1,1
167272.0,0.0002,0.0218,51.2356,58.32,1,1
167280.0,0.0002,-0.0622,50.2993,-77.39,1,1
167292.0,0.0002,0.0175,50.6552,56.32,1,1
167302.0,0.0002,0.0284,50.9496,64.86,1,1
167312.0,0.0002,-0.0513,51.1932,-74.39,1,1
167322.0,0.0002,0.0076,51.3947,51.49,1,1
167329.0,0.0002,0.0578,51.5614,76.5,1,1
167339.0,0.0002,-0.0404,51.6994,-67.48,1,1
167352.0,0.0002,-0.0098,51.8134,-48.71,1,1
167362.0,0.0002,0.0578,51.9078,76.69,1,1
167372.0,0.0002,-0.0316,50.8554,-60.83,1,1
167379.0,0.0002,-0.0207,49.9848,-54.21,1,1
167389.0,0.0002,0.0491,50.395,72.11,1,1
167402.0,0.0002,-0.0491,50.7344,-68.61,1,1
167412.0,0.0002,-0.0175,51.0152,-53.92,1,1
167422.0,0.0002,0.0491,51.2474,72.11,1,1
167429.0,0.0002,-0.0076,50.3091,-47.89,1,1
167439.0,0.0002,-0.0458,49.5328,-68.03,1,1
167452.0,0.0002,0.048,50.0211,71.48,1,1
167462.0,0.0002,0.0065,50.4251,50.71,1,1
167473.0,0.0002,-0.0502,50.7593,-77.64,1,1
167480.0,0.0002,0.0469,51.0358,71.95,1,1
167492.0,0.0002,-0.0109,50.134,-48.77,1,1
167502.0,0.0002,-0.0502,49.3879,-72.75,1,1
167512.0,0.0002,0.0316,49.9013,67.33,1,1
167523.0,0.0002,-0.0011,49.1954,47.13,1,1
167529.0,0.0002,-0.0393,48.6115,-63.42,1,1
167540.0,0.0002,0.0033,49.259,49.11,1,1
167553.0,0.0002,0.0262,49.7946,60.53,1,1
167563.0,-0.0009,-0.0545,50.2377,-76.8,1,1
167573.0,-0.0009,0.012,50.6042,49.15,1,1
167580.0,0.0002,0.0305,49.777,62.68,1,1
167590.0,-0.0009,-0.06,49.0926,-82.61,1,1
167603.0,-0.0009,0.0022,49.657,-46.85,1,1
167613.0,-0.0009,0.0338,50.1238,60.29,1,1
167623.0,-0.0009,-0.0535,49.3796,-75.96,1,1
167630.0,-0.0009,-0.0065,48.7638,-51.37,1,1
167640.0,-0.0009,0.0273,49.385,56.81,1,1
167653.0,-0.0009,-0.0622,48.7683,-83.56,1,1
167663.0,-0.002,-0.0229,48.2582,-63.57,1,1
167673.0,-0.0009,0.0382,48.9667,62.49,1,1
167680.0,-0.002,-0.0458,49.5528,-79.6,1,1
167690.0,-0.002,-0.0218,48.9071,-62.92,1,1
167703.0,-0.0009,0.0513,48.373,69.12,1,1
167713.0,-0.002,-0.0175,49.0617,-68.43,1,1
167723.0,-0.002,-0.0284,49.6314,-65.74,1,1
167731.0,-0.0009,0.0425,48.9721,65.19,1,1
167743.0,-0.002,-0.012,48.4268,-58.01,1,1
167753.0,-0.002,-0.0349,47.9757,-69.62,1,1
167763.0,-0.0009,0.0436,47.6024,65.08,1,1
167773.0,-0.0009,-0.0011,47.2937,-48.58,1,1
167780.0,-0.002,-0.0404,47.0382,-82.09,1,1
167790.0,-0.002,0.0316,46.8269,55.64,1,1
167803.0,-0.0009,0.0196,46.6521,53.68,1,1
167813.0,-0.002,-0.0491,47.638,-78.55,1,1
167823.0,-0.0009,0.0436,47.3231,65.54,1,1
167830.0,-0.0009,0.0251,47.0626,56.04,1,1
167841.0,-0.0009,-0.0382,46.8471,-66.89,1,1
167853.0,-0.0009,0.0371,46.6688,61.7,1,1
167863.0,-0.0009,0.0327,47.6518,66.8,1,1
167874.0,-0.0009,-0.0382,47.3345,-72.43,1,1
167881.0,-0.0009,0.0022,47.072,-47.36,1,1
167891.0,-0.0009,0.0295,46.8549,57.39,1,1
167904.0,-0.0009,-0.0425,46.6753,-77.05,1,1
167914.0,-0.002,-0.0251,46.5267,-64.38,1,1
167924.0,-0.0009,0.0284,46.4037,57.58,1,1
167931.0,-0.002,-0.0513,46.302,-77.81,1,1
167941.0,-0.0031,-0.0905,45.0874,-101.86,1,1
167954.0,-0.002,0.048,45.213,62.57,1,1
167964.0,-0.002,-0.0196,46.4475,-62.32,1,1
167974.0,-0.0031,-0.036,46.3382,-74.92,1,1
167982.0,-0.002,0.0393,46.2478,58.06,1,1
167994.0,-0.002,0.0098,46.1731,-47.74,1,1
168004.0,-0.0031,-0.0404,46.1112,-77.22,1,1
168014.0,-0.002,0.0284,46.06,52.5,1,1
168024.0,-0.002,0.012,44.8872,-46.64,1,1
168032.0,-0.0031,-0.048,45.0474,-81.03,1,1
168044.0,-0.0031,0.0207,45.18,-46.7,1,1
168054.0,-0.002,0.024,45.2897,50.21,1,1
168064.0,-0.0031,-0.0415,45.3804,-78.87,1,1
168074.0,-0.0031,-0.0022,44.3249,-57.98,1,1
168083.0,-0.002,0.0436,43.4518,60.02,1,1
168094.0,-0.002,0.0044,43.86,-55.61,1,1
168104.0,-0.002,0.0044,44.1976,-52.87,1,1
168114.0,-0.002,0.0524,44.477,69.54,1,1
168124.0,-0.002,0.0,44.7081,-52.44,1,1
168133.0,-0.002,-0.012,44.8993,-58.51,1,1
168144.0,-0.002,-0.0076,45.0574,-56.39,1,1
168154.0,-0.002,-0.0305,44.0578,-67.81,1,1
168164.0,-0.002,0.0469,43.2308,61.62,1,1
168175.0,-0.002,0.0044,42.5466,-57.64,1,1
168182.0,-0.002,-0.036,43.1111,-69.57,1,1
168192.0,-0.002,0.0338,43.5781,55.82,1,1
168204.0,-0.002,0.0153,42.834,46.34,1,1
168214.0,-0.002,-0.0251,42.2184,-64.57,1,1
168225.0,-0.002,0.0404,41.7091,58.58,1,1
168232.0,-0.0009,0.0142,42.4183,49.81,1,1
168242.0,-0.002,-0.0393,43.005,-71.97,1,1
168255.0,-0.0009,0.0633,42.3598,74.22,1,1
168265.0,-0.0009,0.0142,42.9566,49.67,1,1
168275.0,-0.0009,-0.0196,43.4503,-59.0,1,1
168283.0,-0.0009,0.0502,42.7282,67.73,1,1
168295.0,-0.0009,0.0011,42.1309,-47.45,1,1
168305.0,-0.0009,-0.0295,41.6367,-62.73,1,1
168315.0,-0.0009,0.0458,41.2279,65.35,1,1
168325.0,-0.0009,0.0,40.8897,-48.01,1,1
168332.0,-0.0009,-0.0295,41.7404,-62.81,1,1
168342.0,-0.0009,0.0229,42.4442,53.89,1,1
168355.0,-0.0009,-0.0164,41.8959,-63.64,1,1
168365.0,-0.0009,-0.0229,41.4423,-58.59,1,1
168375.0,-0.0009,0.0338,41.0671,60.02,1,1
168382.0,-0.0009,-0.0153,40.7567,-57.19,1,1
168392.0,-0.0009,-0.0229,40.4999,-58.75,1,1
168405.0,-0.0009,0.0382,41.4179,62.04,1,1
168415.0,-0.0009,-0.0175,42.1774,-56.42,1,1
168425.0,-0.0009,0.0076,41.6752,46.55,1,1
168432.0,-0.0009,0.0382,41.2597,61.72,1,1
168442.0,-0.0009,-0.0447,40.916,-71.27,1,1
168455.0,-0.0009,0.0011,40.6317,-47.21,1,1
168465.0,-0.0009,0.0305,40.3965,57.81,1,1
168475.0,-0.0009,-0.024,41.3324,-60.97,1,1
168484.0,-0.0009,0.0076,42.1067,46.48,1,1
168495.0,-0.0009,0.0185,41.6167,51.85,1,1
168505.0,-0.0009,-0.024,41.2113,-60.98,1,1
168515.0,-0.0009,-0.0011,40.876,-48.36,1,1
168525.0,-0.0009,0.0109,40.5986,47.96,1,1
168533.0,-0.0009,-0.0404,40.3691,-68.07,1,1
168543.0,-0.0009,-0.0218,40.1792,-59.88,1,1
168555.0,-0.0009,0.0251,40.0221,55.05,1,1
168565.0,-0.002,-0.0425,39.8922,-73.48,1,1
168576.0,-0.002,0.0044,39.7847,-53.21,1,1
168583.0,-0.0009,0.0229,39.6958,54.23,1,1
168593.0,-0.002,-0.0349,39.6222,-70.46,1,1
168606.0,-0.002,0.0022,39.5614,-59.2,1,1
168616.0,-0.002,0.0153,39.511,46.99,1,1
168626.0,-0.002,-0.0447,39.4694,-78.79,1,1
168633.0,-0.002,-0.0131,39.4349,-57.28,1,1
168643.0,-0.002,0.0196,39.4064,48.98,1,1
168656.0,-0.002,-0.0622,39.3828,-82.42,1,1
168666.0,-0.002,-0.0087,39.3633,-60.1,1,1
168676.0,-0.002,0.0262,39.3472,52.16,1,1
168685.0,-0.0031,-0.0556,39.3338,-85.68,1,1
168696.0,-0.0031,-0.0196,39.3228,-65.5,1,1
168706.0,-0.0031,0.0371,39.3137,52.86,1,1
168716.0,-0.0031,-0.0502,39.3061,-83.26,1,1
168726.0,-0.0031,-0.0164,39.2999,-68.3,1,1
168733.0,-0.0031,0.0491,39.2947,59.22,1,1
168743.0,-0.0031,-0.0502,39.2904,-82.97,1,1
168756.0,-0.0031,-0.0153,39.2869,-65.43,1,1
168766.0,-0.0031,0.0382,39.2839,53.67,1,1
168776.0,-0.0041,-0.0633,39.2815,-93.95,1,1
168783.0,-0.0041,0.0,38.149,-60.05,1,1
168793.0,-0.0031,0.0447,37.2121,58.61,1,1
168806.0,-0.0041,-0.0524,37.5676,-86.83,1,1
168816.0,-0.0041,0.0033,37.8616,-62.25,1,1
168826.0,-0.0031,0.0415,38.1049,55.82,1,1
168836.0,-0.0041,-0.0415,37.1756,-86.57,1,1
168846.0,-0.0041,0.0098,36.4068,-55.03,1,1
168856.0,-0.0031,0.0524,36.9014,60.31,1,1
168866.0,-0.0031,-0.0229,36.18,-67.38,1,1
168877.0,-0.0031,0.0055,35.5832,-55.38,1,1
168885.0,-0.0031,0.0698,36.22,68.89,1,1
168896.0,-0.0031,0.0076,36.7468,-52.23,1,1
168906.0,-0.0031,0.0011,37.1826,-64.03,1,1
168916.0,-0.002,0.0676,36.4126,76.09,1,1
168927.0,-0.002,-0.0055,35.7757,-54.15,1,1
168934.0,-0.002,0.0087,36.3792,-47.25,1,1
168944.0,-0.002,0.0633,36.8785,69.8,1,1
168957.0,-0.002,0.0055,36.1611,-49.09,1,1
168967.0,-0.002,0.0,35.5676,-52.9,1,1
168977.0,-0.0009,0.0676,35.0766,76.16,1,1
168984.0,-0.0009,0.0044,34.6704,-45.25,1,1
168994.0,-0.0009,-0.0229,35.4648,-61.1,1,1
169007.0,0.0002,0.0709,34.9916,82.25,1,1
169017.0,0.0002,-0.0033,34.6001,-44.63,1,1
169027.0,0.0002,-0.0044,35.4067,-45.31,1,1
169035.0,0.0002,0.0709,34.9435,84.1,1,1
169047.0,0.0002,0.0044,34.5603,48.39,1,1
169057.0,0.0002,-0.0022,34.2432,45.12,1,1
169067.0,0.0013,0.0676,33.981,85.44,1,1
169077.0,0.0013,0.0087,34.8945,54.86,1,1
169084.0,0.0013,-0.0098,35.6503,45.66,1,1
169094.0,0.0013,0.0644,35.145,82.75,1,1
169107.0,0.0013,-0.0011,34.727,50.03,1,1
169117.0,0.0013,-0.0076,34.3812,46.76,1,1
169127.0,0.0024,0.0535,34.0951,81.66,1,1
169136.0,0.0024,-0.0076,34.9889,51.18,1,1
169147.0,0.0024,-0.0218,34.5979,-45.6,1,1
169157.0,0.0024,0.0349,34.2744,73.48,1,1
169167.0,0.0024,-0.0207,35.1372,-45.21,1,1
169177.0,0.0013,-0.0371,34.7206,-57.7,1,1
169186.0,0.0024,0.0262,34.3759,68.0,1,1
169197.0,0.0013,-0.0164,34.0907,-47.25,1,1
169207.0,0.0013,-0.0382,33.8548,-58.13,1,1
169217.0,0.0013,0.0196,34.7901,60.43,1,1
169228.0,0.0013,-0.0196,34.4334,-48.87,1,1
169235.0,0.0013,-0.0338,34.1383,-55.93,1,1
169245.0,0.0013,0.0327,35.0247,67.02,1,1
169258.0,0.0013,-0.0142,35.7579,-46.2,1,1
169267.0,0.0013,-0.0229,35.2341,-50.53,1,1
169278.0,0.0013,0.0393,34.8007,70.29,1,1
169287.0,0.0013,-0.0164,35.5726,-47.27,1,1
169298.0,0.0013,-0.0175,35.0807,-47.78,1,1
169308.0,0.0013,0.0425,34.6738,71.93,1,1
169318.0,0.0013,-0.0218,34.3372,-49.91,1,1
169328.0,0.0013,-0.036,34.0587,-56.99,1,1
169335.0,0.0013,0.0349,34.9588,69.17,1,1
169345.0,0.0013,-0.0131,34.573,-45.7,1,1
169358.0,0.0002,-0.0502,34.2538,-74.85,1,1
169368.0,0.0013,0.048,33.9897,76.42,1,1
169378.0,0.0013,-0.0327,33.7712,-56.97,1,1
169385.0,0.0002,-0.0513,33.5905,-70.4,1,1
169395.0,0.0013,0.0404,33.441,72.62,1,1
169408.0,0.0002,-0.0273,34.4478,-56.51,1,1
169418.0,0.0002,-0.0458,34.1502,-71.1,1,1
169428.0,0.0002,0.0567,33.904,79.82,1,1
169435.0,0.0002,-0.0076,34.8309,-46.96,1,1
169445.0,0.0002,-0.0622,34.4671,-76.36,1,1
169458.0,0.0002,0.0469,34.1662,70.16,1,1
169468.0,0.0002,-0.0229,35.0477,-58.71,1,1
169478.0,0.0002,-0.0327,34.6465,-58.91,1,1
169486.0,0.0002,0.0535,33.1841,79.9,1,1
169496.0,0.0002,-0.0011,33.1048,45.37,1,1
169508.0,0.0002,-0.072,34.1697,-90.07,1,1
169518.0,0.0002,0.0556,33.9201,78.41,1,1
169528.0,0.0002,-0.0044,33.7137,-44.97,1,1
169536.0,-0.0009,-0.0818,33.5429,-93.39,1,1
169546.0,0.0002,0.024,33.4016,63.46,1,1
169558.0,0.0002,-0.0055,33.2847,-45.75,1,1
169568.0,-0.0009,-0.0676,33.188,-82.3,1,1
169579.0,-0.0009,0.0131,33.108,48.71,1,1
169586.0,-0.0009,0.0065,33.0419,45.37,1,1
169596.0,-0.0009,-0.06,32.9871,-85.83,1,1
169609.0,-0.0009,0.0164,32.9418,55.49,1,1
169618.0,-0.0009,0.0131,34.0349,48.9,1,1
169629.0,-0.002,-0.0393,33.8086,-77.62,1,1
169636.0,-0.0009,0.0295,33.6214,60.87,1,1
169646.0,-0.0009,0.0349,33.4666,59.8,1,1
169659.0,-0.0009,-0.0295,33.3385,-63.06,1,1
169669.0,-0.0009,0.0273,33.2325,55.94,1,1
169679.0,-0.0009,0.0415,33.1448,62.93,1,1
169686.0,-0.0009,-0.0469,33.0723,-70.82,1,1
169696.0,-0.0009,0.0251,33.0123,54.61,1,1
169709.0,-0.0009,0.0415,32.9627,62.74,1,1
169719.0,-0.0009,-0.0371,31.7911,-71.21,1,1
169729.0,0.0002,-0.0011,31.9524,46.41,1,1
169736.0,0.0002,0.06,32.0858,76.8,1,1
169746.0,0.0002,-0.0251,32.1962,-56.31,1,1
169759.0,0.0002,0.012,32.2875,54.81,1,1
169769.0,0.0002,0.0665,31.2326,80.59,1,1
169779.0,0.0002,-0.0305,31.4904,-60.57,1,1
169787.0,0.0002,-0.0055,31.7036,-45.67,1,1
169797.0,0.0013,0.0665,31.88,83.99,1,1
169809.0,0.0013,0.0044,32.026,52.87,1,1
169819.0,0.0013,-0.0087,31.0162,46.24,1,1
169829.0,0.0013,0.072,31.3113,86.58,1,1
169839.0,0.0013,-0.0044,31.5555,48.39,1,1
169849.0,0.0024,0.0142,31.7575,62.02,1,1
169859.0,0.0024,0.0644,31.9246,87.1,1,1
169869.0,0.0024,0.0022,32.0628,56.01,1,1
169879.0,0.0024,-0.0033,32.1772,53.28,1,1
169889.0,0.0024,0.0393,31.1413,74.49,1,1
169899.0,0.0024,-0.0109,31.4148,49.41,1,1
169909.0,0.0024,-0.0273,31.6411,-48.1,1,1
169919.0,0.0024,0.0371,31.8283,74.47,1,1
169930.0,0.0024,-0.036,31.9832,-56.82,1,1
169937.0,0.0024,-0.0175,30.9808,46.55,1,1
169947.0,0.0024,0.0284,31.2821,69.38,1,1
169960.0,0.0013,-0.0153,31.5313,-46.19,1,1
169970.0,0.0024,-0.0469,31.7375,-65.05,1,1
169980.0,0.0024,0.0273,31.908,69.66,1,1
169987.0,0.0024,-0.0076,30.9186,51.92,1,1
169997.0,0.0013,-0.0524,31.2306,-69.5,1,1
170010.0,0.0013,0.0305,31.4887,67.04,1,1
170020.0,0.0013,-0.0044,31.7023,49.34,1,1
170030.0,0.0013,-0.0644,33.0094,-72.39,1,1
170039.0,0.0013,0.0305,32.9603,67.81,1,1
170050.0,0.0013,0.0055,31.7891,59.07,1,1
170060.0,0.0013,-0.0524,31.9508,-67.36,1,1
170070.0,0.0013,0.024,32.0845,62.62,1,1
170080.0,0.0013,0.0142,32.1951,59.79,1,1
170088.0,0.0013,-0.0524,32.2866,-66.33,1,1
170098.0,0.0013,0.0153,32.3623,61.27,1,1
170110.0,0.0002,0.0153,32.4249,53.36,1,1
170120.0,0.0002,-0.0687,31.3463,-77.91,1,1
170130.0,0.0013,0.0142,31.5844,58.34,1,1
170138.0,0.0013,0.0305,31.7814,65.4,1,1
170148.0,0.0002,-0.0644,30.8139,-75.64,1,1
170160.0,0.0002,-0.0033,31.144,-45.06,1,1
170170.0,0.0002,0.0458,31.417,68.83,1,1
170180.0,0.0002,-0.0425,30.5124,-67.71,1,1
170188.0,0.0002,-0.0109,30.8946,-48.33,1,1
170198.0,0.0002,0.0447,31.2107,68.7,1,1
170210.0,0.0002,-0.0305,30.3418,-59.26,1,1
170220.0,0.0013,-0.0022,30.7534,49.64,1,1
170231.0,0.0013,0.0698,31.094,88.74,1,1
170240.0,0.0013,-0.0087,31.3757,45.87,1,1
170250.0,0.0013,-0.0011,31.6087,49.75,1,1
170260.0,0.0013,0.0687,30.671,89.89,1,1
170270.0,0.0013,-0.0011,31.0258,49.09,1,1
170281.0,0.0024,-0.0251,31.3193,-47.67,1,1
170288.0,0.0024,0.0742,30.4316,91.35,1,1
170298.0,0.0024,-0.0044,30.8277,53.26,1,1
170311.0,0.0024,-0.0164,31.1554,46.17,1,1
170321.0,0.0024,0.0589,30.296,83.85,1,1
170331.0,0.0024,-0.0164,29.585,46.26,1,1
170338.0,0.0024,-0.0316,30.1274,-57.79,1,1
170348.0,0.0024,0.0415,30.5761,76.3,1,1
170361.0,0.0024,-0.0142,29.8167,48.29,1,1
170371.0,0.0024,-0.036,30.319,-51.91,1,1
170381.0,0.0024,0.0273,30.7346,71.98,1,1
170389.0,0.0024,-0.0164,29.9479,46.48,1,1
170399.0,0.0013,-0.072,30.4276,-74.85,1,1
170411.0,0.0024,0.0371,30.8244,74.33,1,1
170421.0,0.0013,0.0196,31.1527,60.09,1,1
170431.0,0.0013,-0.0447,31.4242,-61.36,1,1
170441.0,0.0013,0.0262,30.5184,65.49,1,1
170451.0,0.0013,0.0164,30.8995,58.25,1,1
170461.0,0.0013,-0.0447,31.2148,-61.49,1,1
170471.0,0.0024,0.0251,31.4757,67.14,1,1
170481.0,0.0013,0.0382,31.6914,69.38,1,1
170489.0,0.0013,-0.06,30.7394,-68.95,1,1
170500.0,0.0013,0.0251,29.9519,63.87,1,1
170511.0,0.0013,0.036,30.4309,68.18,1,1
170521.0,0.0013,-0.0567,30.8271,-68.4,1,1
170531.0,0.0024,0.0109,31.1549,60.26,1,1
170539.0,0.0024,0.0556,31.4261,82.64,1,1
170549.0,0.0013,-0.0622,30.5199,-69.88,1,1
170561.0,0.0024,-0.0055,29.7703,52.02,1,1
170571.0,0.0013,0.0491,29.1501,75.94,1,1
170582.0,0.0013,-0.0447,29.7676,-67.53,1,1
170589.0,0.0013,-0.0109,30.2784,45.68,1,1
170600.0,0.0024,0.0524,29.5705,81.5,1,1
170611.0,0.0013,-0.0524,30.1154,-64.48,1,1
170621.0,0.0024,0.0011,30.5661,56.75,1,1
170632.0,0.0024,0.0633,29.8085,86.54,1,1
170642.0,0.0013,-0.0327,30.3122,-55.01,1,1
170652.0,0.0024,-0.0131,30.729,48.35,1,1
170662.0,0.0024,0.0622,31.0737,85.98,1,1
170672.0,0.0013,-0.0295,31.3589,-53.5,1,1
170682.0,0.0024,-0.0262,30.4644,-47.46,1,1
170690.0,0.0024,0.0698,30.8548,89.75,1,1
170701.0,0.0024,-0.0251,31.1779,-46.98,1,1
170712.0,0.0024,-0.0284,30.3146,-48.57,1,1
170722.0,0.0024,0.06,30.7309,85.86,1,1
170732.0,0.0024,-0.0175,31.0753,45.97,1,1
170740.0,0.0024,-0.048,30.2298,-61.64,1,1
170750.0,0.0024,0.0567,29.5302,83.44,1,1
170762.0,0.0024,0.0065,30.0821,58.31,1,1
170772.0,0.0024,-0.0404,30.5385,-54.39,1,1
170782.0,0.0024,0.0535,29.7857,82.7,1,1
170790.0,0.0024,0.0142,30.2934,63.96,1,1
170800.0,0.0024,-0.0556,30.7134,-62.53,1,1
170812.0,0.0024,0.0425,29.9303,75.8,1,1
170822.0,0.0024,0.0109,30.413,61.1,1,1
170832.0,0.0024,-0.0469,30.8124,-63.42,1,1
170840.0,0.0024,0.0284,30.0122,75.7,1,1
170850.0,0.0035,0.0458,30.4808,81.6,1,1
170862.0,0.0024,-0.0393,30.8684,-58.64,1,1
170872.0,0.0035,0.0055,30.0586,63.16,1,1
170882.0,0.0024,0.0469,30.5191,78.31,1,1
170892.0,0.0024,-0.0229,30.9001,-45.85,1,1
170902.0,0.0035,-0.0065,30.0848,55.9,1,1
170912.0,0.0035,0.0436,30.5408,87.29,1,1
170922.0,0.0024,-0.0284,30.9181,-49.44,1,1
170933.0,0.0035,-0.0262,30.0997,45.39,1,1
170941.0,0.0035,0.0436,30.5531,80.45,1,1
170951.0,0.0024,-0.0273,30.9283,-48.5,1,1
170962.0,0.0024,-0.0556,30.1081,-62.54,1,1
170973.0,0.0024,0.036,30.5601,72.52,1,1
170983.0,0.0024,-0.0142,30.934,47.51,1,1
170991.0,0.0024,-0.0545,30.1129,-61.84,1,1
171001.0,0.0024,0.024,30.564,66.65,1,1
171013.0,0.0013,0.0044,30.9373,68.23,1,1
171023.0,0.0013,-0.048,30.1156,-72.27,1,1
171033.0,0.0024,0.0098,30.5663,58.93,1,1
171041.0,0.0024,0.0349,30.9391,75.84,1,1
171051.0,0.0013,-0.0404,30.1171,-63.13,1,1
171063.0,0.0024,0.0076,30.5675,58.19,1,1
171073.0,0.0024,0.0469,30.9402,84.21,1,1
171083.0,0.0024,-0.0262,31.2484,-48.66,1,1
171091.0,0.0024,-0.0055,31.5035,51.23,1,1
171102.0,0.0024,0.0654,30.584,91.0,1,1
171113.0,0.0024,-0.0175,29.8233,44.91,1,1
171123.0,0.0024,-0.0229,30.3245,-46.76,1,1
171133.0,0.0024,0.0709,30.7391,89.54,1,1
171141.0,0.0024,-0.0076,29.9516,50.37,1,1
171152.0,0.0024,-0.0284,30.4306,-49.05,1,1
171163.0,0.0035,0.0556,30.8269,86.62,1,1
171173.0,0.0024,0.012,30.0243,65.71,1,1
171183.0,0.0035,-0.0458,29.3602,-53.82,1,1
171193.0,0.0035,0.0415,28.8109,79.06,1,1
171203.0,0.0035,0.0131,29.487,65.06,1,1
171213.0,0.0035,-0.0349,30.0463,-47.95,1,1
171223.0,0.0035,0.0273,29.3784,72.36,1,1
171234.0,0.0035,0.0349,29.9565,79.42,1,1
171242.0,0.0035,-0.024,30.4347,46.5,1,1
171252.0,0.0035,0.0229,29.6997,71.09,1,1
171263.0,0.0035,0.0502,30.2223,83.67,1,1
171273.0,0.0035,-0.0251,30.6546,46.17,1,1
171284.0,0.0046,0.0153,31.0122,70.83,1,1
171292.0,0.0046,0.0589,31.308,92.73,1,1
171303.0,0.0046,-0.0284,30.4222,49.11,1,1
171314.0,0.0046,-0.0011,30.82,63.86,1,1
171324.0,0.0046,0.0425,31.149,86.64,1,1
171334.0,0.0046,-0.0207,31.4212,52.7,1,1
171342.0,0.0046,-0.0076,31.6464,64.6,1,1
171353.0,0.0046,0.0491,30.7022,87.06,1,1
171364.0,0.0046,-0.0229,29.9211,51.23,1,1
171374.0,0.0046,-0.0327,30.4054,46.51,1,1
171384.0,0.0046,0.0316,30.806,78.84,1,1
171392.0,0.0046,-0.024,30.007,51.09,1,1
171403.0,0.0057,0.0305,30.4764,82.83,1,1
171414.0,0.0046,0.0305,30.8648,78.55,1,1
171424.0,0.0046,-0.0142,31.1861,56.26,1,1
171434.0,0.0046,-0.0338,31.4519,46.5,1,1
171442.0,0.0046,-0.0033,31.6718,61.81,1,1
171453.0,0.0046,-0.0338,31.8537,46.58,1,1
171464.0,0.0035,-0.0338,32.0042,-47.14,1,1
171474.0,0.0035,0.0011,32.1287,59.72,1,1
171484.0,0.0035,-0.0273,32.2317,45.56,1,1
171494.0,0.0035,0.0055,32.3169,62.98,1,1
171504.0,0.0035,-0.0076,32.3873,55.27,1,1
171514.0,0.0035,-0.0196,32.4457,49.3,1,1
171524.0,0.0035,0.0011,31.3634,59.64,1,1
171534.0,0.0035,-0.0044,31.5986,56.95,1,1
171544.0,0.0035,-0.0229,31.7931,47.7,1,1
171554.0,0.0035,-0.0011,31.9541,58.63,1,1
171564.0,0.0035,-0.0087,32.0872,54.83,1,1
171574.0,0.0035,-0.0196,31.0669,49.34,1,1
171585.0,0.0035,0.0033,31.3533,61.86,1,1
171594.0,0.0035,-0.0087,31.5902,54.69,1,1
171605.0,0.0035,-0.012,31.7862,53.1,1,1
171615.0,0.0035,0.0076,31.9483,62.95,1,1
171625.0,0.0035,-0.0033,32.0825,57.52,1,1
171635.0,0.0035,-0.0098,32.1934,54.27,1,1
171644.0,0.0035,0.0098,32.2852,64.11,1,1
171655.0,0.0035,-0.0011,32.3612,58.67,1,1
171665.0,0.0035,-0.0065,32.424,55.95,1,1
171675.0,0.0035,0.012,32.476,65.23,1,1
171685.0,0.0046,-0.0055,32.519,60.88,1,1
171694.0,0.0046,0.0,33.6851,63.67,1,1
171705.0,0.0046,0.0098,33.5192,68.57,1,1
171715.0,0.0046,-0.0044,32.2515,61.42,1,1
171725.0,0.0046,-0.012,32.3333,57.61,1,1
171735.0,0.0046,0.0022,32.4009,64.71,1,1
171745.0,0.0046,-0.0098,32.4569,59.76,1,1
171755.0,0.0046,-0.0131,32.5032,56.94,1,1
171765.0,0.0046,-0.0044,32.5415,63.43,1,1
171775.0,0.0046,-0.0142,32.5732,56.17,1,1
171785.0,0.0046,-0.0164,32.5994,55.15,1,1
171795.0,0.0046,0.0011,32.6211,63.94,1,1
171805.0,0.0046,-0.0131,32.639,56.9,1,1
171815.0,0.0046,-0.0098,32.6539,58.57,1,1
171825.0,0.0046,0.0022,32.6661,64.6,1,1
171835.0,0.0046,-0.0044,33.8068,61.41,1,1
171845.0,0.0046,-0.0087,33.6199,59.24,1,1
171855.0,0.0046,0.0055,33.4653,66.34,1,1
171865.0,0.0046,-0.0044,33.3374,61.44,1,1
171875.0,0.0057,0.0011,33.2316,68.53,1,1
171885.0,0.0057,0.0098,34.2746,72.96,1,1
171895.0,0.0057,-0.0055,34.0069,65.31,1,1
171905.0,0.0057,-0.0022,33.7855,66.94,1,1
171915.0,0.0057,-0.0011,34.7328,67.54,1,1
171925.0,0.0057,-0.0185,34.386,58.8,1,1
171936.0,0.0057,-0.0011,32.9686,67.46,1,1
171945.0,0.0057,-0.0022,32.9265,66.91,1,1
171956.0,0.0057,-0.0164,34.0222,60.93,1,1
171966.0,0.0057,-0.0131,33.7981,62.41,1,1
171976.0,0.0057,-0.0098,33.6127,64.98,1,1
171986.0,0.0057,-0.0076,33.4594,63.74,1,1
171996.0,0.0057,-0.0044,33.3325,65.46,1,1
172006.0,0.0057,-0.0044,33.2276,65.54,1,1
172016.0,0.0057,-0.0022,33.1408,66.69,1,1
172026.0,0.0057,-0.0131,34.1994,61.33,1,1
172036.0,0.0057,-0.0033,35.0752,66.33,1,1
172046.0,0.0057,-0.0153,35.7998,63.54,1,1
172056.0,0.0057,-0.0044,35.2687,65.43,1,1
172066.0,0.0057,-0.0087,34.8293,63.33,1,1
172076.0,0.0057,-0.0065,35.5963,64.54,1,1
172086.0,0.0057,-0.0153,35.1003,60.22,1,1
172096.0,0.0057,-0.0033,34.69,66.25,1,1
172106.0,0.0057,-0.0076,34.3506,65.14,1,1
172116.0,0.0057,-0.0218,34.0698,56.89,1,1
172126.0,0.0057,-0.0098,34.968,62.99,1,1
172136.0,0.0057,-0.0055,34.5806,65.19,1,1
172146.0,0.0057,-0.0196,34.26,58.12,1,1
172156.0,0.0046,-0.0207,35.1254,53.28,1,1
172166.0,0.0046,-0.012,34.7108,57.65,1,1
172176.0,0.0046,-0.0218,34.3678,52.74,1,1
172186.0,0.0046,-0.0044,35.2145,61.53,1,1
172196.0,0.0046,-0.0033,35.915,62.12,1,1
172206.0,0.0046,-0.0207,35.364,53.37,1,1
172216.0,0.0046,-0.0164,34.9081,55.54,1,1
172226.0,0.0046,-0.0087,35.6615,59.4,1,1
172237.0,0.0046,-0.0153,36.2848,57.21,1,1
172246.0,0.0046,-0.0044,36.8004,61.51,1,1
172256.0,0.0046,-0.0065,36.0965,60.41,1,1
172266.0,0.0046,-0.0153,35.5141,56.05,1,1
172276.0,0.0046,-0.0109,36.1628,58.28,1,1
172287.0,0.0046,-0.0087,35.569,59.36,1,1
172295.0,0.0046,-0.0087,35.0778,59.34,1,1
172306.0,0.0046,-0.0229,35.8019,54.4,1,1
172317.0,0.0035,-0.0142,35.2704,52.0,1,1
172327.0,0.0035,-0.0153,34.8307,51.5,1,1
172337.0,0.0035,-0.0142,35.5975,52.13,1,1
172347.0,0.0035,-0.0033,36.2318,57.66,1,1
172357.0,0.0035,-0.0196,35.6261,49.48,1,1
172367.0,0.0035,-0.0076,35.125,55.48,1,1
172377.0,0.0035,-0.0131,35.8409,52.81,1,1
172387.0,0.0035,-0.0098,36.4332,54.49,1,1
172397.0,0.0035,-0.0065,36.9232,56.16,1,1
172407.0,0.0035,-0.0065,36.198,56.14,1,1
172417.0,0.0035,-0.0087,35.5981,55.02,1,1
172427.0,0.0035,0.0065,36.2323,62.7,1,1
172437.0,0.0035,0.0022,36.757,61.6,1,1
172447.0,0.0035,-0.0207,37.1911,48.98,1,1
172457.0,0.0035,-0.0109,36.4196,53.88,1,1
172467.0,0.0035,-0.0164,35.7815,51.15,1,1
172477.0,0.0035,-0.0175,36.384,50.65,1,1
172487.0,0.0035,-0.0196,36.8825,49.6,1,1
172496.0,0.0024,-0.0196,36.1644,45.22,1,1
172506.0,0.0024,-0.0273,35.5703,-48.41,1,1
172517.0,0.0024,-0.0251,36.2093,-47.35,1,1
172527.0,0.0024,-0.024,36.738,-46.83,1,1
172538.0,0.0024,0.0153,37.1753,62.75,1,1
172547.0,0.0024,-0.0044,36.4066,52.9,1,1
172557.0,0.0024,-0.0076,35.7707,51.23,1,1
172567.0,0.0024,0.0022,36.3751,56.18,1,1
172577.0,0.0024,0.0011,36.8751,55.66,1,1
172588.0,0.0024,-0.012,37.2887,49.14,1,1
172598.0,0.0024,0.0033,36.5004,56.73,1,1
172608.0,0.0024,-0.0055,35.8483,52.34,1,1
172618.0,0.0024,-0.0207,36.4393,-45.15,1,1
172628.0,0.0024,-0.012,36.9282,49.12,1,1
172638.0,0.0024,-0.0131,37.3327,48.6,1,1
172648.0,0.0024,-0.0055,36.5368,52.37,1,1
172658.0,0.0024,-0.0098,35.8784,50.16,1,1
172668.0,0.0024,-0.0153,36.4642,47.46,1,1
172678.0,0.0024,-0.0109,35.8183,49.61,1,1
172688.0,0.0024,-0.0065,35.284,51.77,1,1
172698.0,0.0013,-0.0207,35.9725,-49.49,1,1
172708.0,0.0013,-0.0022,36.542,49.65,1,1
172718.0,0.0024,0.0065,37.0132,58.4,1,1
172728.0,0.0024,-0.0098,36.2725,50.18,1,1
172738.0,0.0024,0.0185,35.6597,66.43,1,1
172748.0,0.0024,0.0011,36.2833,55.36,1,1
172758.0,0.0024,-0.0185,36.7992,45.62,1,1
172768.0,0.0024,0.0196,37.226,64.78,1,1
172778.0,0.0024,-0.0153,36.4485,47.32,1,1
172788.0,0.0013,-0.0175,35.8053,-47.95,1,1
172798.0,0.0013,0.0011,36.4038,51.19,1,1
172808.0,0.0013,-0.0185,36.8988,-48.53,1,1
172818.0,0.0013,-0.0076,36.1779,46.85,1,1
172828.0,0.0013,-0.0022,35.5815,49.55,1,1
172838.0,0.0013,-0.0415,36.2185,-59.9,1,1
172848.0,0.0013,-0.0415,35.6151,-65.09,1,1
172858.0,0.0013,-0.0415,35.1159,-61.22,1,1
172868.0,0.0013,-0.0087,35.8334,47.16,1,1
172878.0,0.0013,-0.012,36.427,-44.5,1,1
172889.0,0.0013,0.0207,35.7875,61.58,1,1
172899.0,0.0013,0.0,35.2585,51.09,1,1
172909.0,0.0013,-0.0022,35.9514,49.95,1,1
172919.0,0.0013,0.0229,36.5246,62.46,1,1
172929.0,0.0013,0.0153,36.9988,58.61,1,1
172939.0,0.0013,-0.0175,36.2606,-47.7,1,1
172948.0,0.0013,-0.0175,35.6499,-47.69,1,1
172958.0,0.0013,0.0131,36.2752,57.38,1,1
172969.0,0.0013,-0.0065,36.7924,47.56,1,1
172979.0,0.0013,0.0218,36.0899,61.69,1,1
172989.0,0.0013,-0.0055,35.5086,48.01,1,1
172998.0,0.0013,-0.0251,36.1583,-52.69,1,1
173009.0,0.0013,0.0185,35.5653,60.13,1,1
173019.0,0.0013,-0.0065,35.0747,47.53,1,1
173029.0,0.0013,-0.0229,35.7993,-51.51,1,1
173039.0,0.0013,0.0196,35.2683,60.72,1,1
173049.0,0.0013,-0.0076,34.829,47.01,1,1
173059.0,0.0013,-0.0109,35.596,45.38,1,1
173069.0,0.0013,0.0218,36.2306,61.74,1,1
173079.0,0.0013,-0.0262,35.6251,-52.1,1,1
173089.0,0.0013,0.0,35.1241,50.74,1,1
173099.0,0.0013,0.0218,35.8402,61.67,1,1
173109.0,0.0013,-0.0185,35.3021,-48.31,1,1
173119.0,0.0013,0.0076,35.9875,54.56,1,1
173129.0,0.0013,0.0098,36.5545,55.67,1,1
173140.0,0.0013,-0.0284,35.893,-56.42,1,1
173149.0,0.0013,-0.0044,36.4763,48.99,1,1
173159.0,0.0013,0.012,35.8283,57.05,1,1
173169.0,0.0013,-0.0262,35.2923,-51.9,1,1
173179.0,0.0013,-0.0087,35.9793,46.56,1,1
173190.0,0.0013,0.0022,35.4172,51.94,1,1
173199.0,0.0002,-0.0425,34.9522,-64.56,1,1
173210.0,0.0002,-0.0065,35.698,-46.63,1,1
173220.0,0.0002,0.0055,35.1844,49.12,1,1
173230.0,0.0002,-0.0524,34.7596,-69.52,1,1
173240.0,0.0002,0.0087,35.5387,50.74,1,1
173250.0,0.0002,-0.0011,35.0527,45.79,1,1
173260.0,0.0002,-0.0338,34.6506,-60.28,1,1
173270.0,0.0002,0.0207,35.4485,56.7,1,1
173280.0,0.0002,-0.0076,36.1085,-47.3,1,1
173290.0,0.0002,-0.024,36.6546,-56.57,1,1
173300.0,0.0002,0.0382,35.9758,65.58,1,1
173310.0,0.0002,-0.0065,35.4143,-46.61,1,1
173320.0,0.0002,-0.0109,36.0803,-48.86,1,1
173330.0,0.0013,0.0305,35.5007,66.03,1,1
173340.0,0.0013,-0.0109,35.0213,45.26,1,1
173350.0,0.0013,-0.0055,34.6246,47.96,1,1
173360.0,0.0013,0.0131,34.2965,57.2,1,1
173370.0,0.0002,-0.0305,34.025,-62.8,1,1
173380.0,0.0002,-0.0175,33.8005,-55.69,1,1
173391.0,0.0002,0.0185,34.7452,56.57,1,1
173400.0,0.0002,-0.0316,34.3962,-58.4,1,1
173410.0,0.0002,-0.0109,34.1076,-48.18,1,1
173420.0,0.0002,0.0273,34.9992,60.44,1,1
173430.0,0.0002,-0.0196,34.6064,-52.81,1,1
173441.0,0.0002,0.0033,34.2814,48.22,1,1
173450.0,0.0002,0.0458,35.1431,69.47,1,1
173460.0,0.0002,-0.0033,34.7254,-44.84,1,1
173470.0,0.0002,-0.0044,34.3798,-45.41,1,1
173480.0,0.0013,0.0393,35.2245,70.43,1,1
173491.0,0.0013,-0.0316,34.7928,-60.01,1,1
173501.0,0.0013,-0.0022,34.4356,50.31,1,1
173511.0,0.0013,0.0305,35.2706,68.65,1,1
173521.0,0.0002,-0.0436,34.8309,-72.36,1,1
173531.0,0.0002,-0.0033,34.4671,-43.89,1,1
173541.0,0.0002,0.0087,34.1662,51.52,1,1
173551.0,0.0002,-0.0425,33.9173,-66.0,1,1
173561.0,0.0002,0.0065,33.7113,50.35,1,1
173571.0,0.0002,0.0175,33.5409,61.91,1,1
173581.0,0.0002,-0.0305,34.5305,-64.2,1,1
173591.0,0.0002,0.0142,34.2186,53.8,1,1
173601.0,0.0002,0.0273,32.8301,60.18,1,1
173611.0,0.0002,-0.0218,32.8119,-57.05,1,1
173621.0,0.0002,0.0284,33.9274,61.06,1,1
173631.0,0.0013,0.0229,33.7197,62.56,1,1
173641.0,0.0002,-0.0164,33.5479,-51.11,1,1
173651.0,0.0013,0.0218,34.5362,61.86,1,1
173661.0,0.0013,-0.0011,34.2234,50.32,1,1
173671.0,0.0002,-0.0175,33.9646,-58.18,1,1
173681.0,0.0013,0.0218,34.8809,62.55,1,1
173691.0,0.0013,0.0065,34.5085,54.69,1,1
173701.0,0.0002,-0.0218,34.2005,-53.66,1,1
173711.0,0.0013,0.0393,33.9456,70.73,1,1
173721.0,0.0013,-0.012,33.7347,-44.59,1,1
173731.0,0.0002,-0.0251,33.5603,-55.57,1,1
173742.0,0.0013,0.0295,32.2855,65.49,1,1
173751.0,0.0013,-0.012,32.3614,-44.71,1,1
173762.0,0.0013,-0.0087,33.5547,46.37,1,1
173772.0,0.0013,0.0316,33.4114,66.51,1,1
173782.0,0.0013,-0.0022,32.1623,49.51,1,1
173792.0,0.0013,-0.0076,32.2595,46.76,1,1
173802.0,0.0013,0.0295,33.4704,65.35,1,1
173812.0,0.0013,-0.0055,33.3416,47.88,1,1
173822.0,0.0013,-0.0044,33.2351,48.41,1,1
173832.0,0.0013,0.0349,34.2775,68.09,1,1
173842.0,0.0013,-0.0164,34.0093,-47.18,1,1
173852.0,0.0013,-0.012,33.7875,-44.99,1,1
173862.0,0.0024,0.0349,33.6039,73.44,1,1
173872.0,0.0013,-0.0207,33.4521,-49.48,1,1
173882.0,0.0013,-0.0055,33.3265,47.72,1,1
173892.0,0.0013,0.0153,33.2226,58.1,1,1
173902.0,0.0013,-0.0316,33.1366,-54.85,1,1
173912.0,0.0013,-0.0098,33.0655,45.58,1,1
173922.0,0.0013,0.0207,33.0067,60.85,1,1
173932.0,0.0013,-0.0251,31.8275,-51.46,1,1
173942.0,0.0013,0.0076,31.9825,54.27,1,1
173952.0,0.0013,0.0153,32.1108,58.1,1,1
173962.0,0.0013,-0.0196,32.2168,-48.74,1,1
173972.0,0.0013,0.0164,32.3046,69.14,1,1
173982.0,0.0024,0.0305,32.3772,68.73,1,1
173992.0,0.0013,-0.0305,32.4373,-56.36,1,1
174002.0,0.0013,0.0207,32.4869,60.11,1,1
174013.0,0.0024,0.0305,32.5281,69.54,1,1
174023.0,0.0024,-0.0207,32.5621,-45.41,1,1
174033.0,0.0024,0.0327,32.5902,70.85,1,1
174043.0,0.0024,0.0142,32.6135,61.66,1,1
174053.0,0.0024,-0.0338,33.7632,-54.94,1,1
174063.0,0.0024,0.0218,33.5839,67.1,1,1
174073.0,0.0024,0.0,33.4355,54.96,1,1
174083.0,0.0013,-0.0447,33.3128,-65.5,1,1
174093.0,0.0024,0.0164,32.0807,63.61,1,1
174103.0,0.0024,0.0011,32.192,56.91,1,1
174113.0,0.0013,-0.0404,32.284,-71.43,1,1
174123.0,0.0013,0.0087,32.3602,65.1,1,1
174133.0,0.0013,0.0087,32.4232,55.24,1,1
174143.0,0.0013,-0.0545,32.4753,-70.09,1,1
174153.0,0.0013,0.0109,32.5184,56.76,1,1
174163.0,0.0013,0.0,32.5541,57.43,1,1
174173.0,0.0002,-0.0556,32.5836,-75.63,1,1
174183.0,0.0013,0.0305,32.608,69.22,1,1
174193.0,0.0013,0.0076,32.6282,55.2,1,1
174203.0,0.0002,-0.0524,32.6449,-77.1,1,1
174214.0,0.0002,0.0327,32.6587,69.54,1,1
174224.0,0.0002,0.0033,32.6702,47.55,1,1
174234.0,0.0002,-0.0469,32.6796,-73.23,1,1
174244.0,0.0002,0.0305,32.6875,65.25,1,1
174254.0,0.0002,0.0011,32.6939,46.82,1,1
174264.0,0.0002,-0.0502,32.6993,-68.29,1,1
174274.0,0.0002,0.0316,32.7037,62.05,1,1
174284.0,0.0002,-0.0338,31.5769,-66.36,1,1
174294.0,-0.0009,-0.0611,31.7752,-78.32,1,1
174304.0,0.0002,0.0393,31.9392,66.6,1,1
174314.0,0.0002,-0.0076,32.0749,-46.41,1,1
174324.0,-0.0009,-0.0654,32.1872,-80.87,1,1
174334.0,-0.0009,0.0327,31.1496,61.79,1,1
174344.0,-0.0009,0.0098,31.4217,46.67,1,1
174354.0,-0.0009,-0.0436,31.6468,-74.63,1,1
174364.0,-0.0009,0.0327,30.7025,61.91,1,1
174374.0,0.0002,0.0295,31.0518,60.95,1,1
174384.0,-0.0009,-0.0207,31.3408,-57.82,1,1
174394.0,0.0002,0.0589,31.5799,80.88,1,1
174404.0,0.0002,0.0469,31.7777,68.94,1,1
174414.0,0.0002,-0.0251,30.8108,-56.23,1,1
174424.0,0.0013,0.06,31.1414,80.04,1,1
174435.0,0.0013,0.0284,31.4149,64.31,1,1
174445.0,0.0013,-0.0338,31.6412,-56.04,1,1
174455.0,0.0013,0.0415,31.8284,70.99,1,1
174465.0,0.0013,0.0393,30.8527,71.99,1,1
174475.0,0.0013,-0.0404,31.1761,-59.44,1,1
174485.0,0.0013,0.0654,31.4436,82.85,1,1
174495.0,0.0024,0.0491,30.5345,80.1,1,1
174505.0,0.0024,-0.0382,30.9128,-56.0,1,1
174515.0,0.0024,0.0218,31.2258,75.14,1,1
174525.0,0.0024,0.0262,30.3542,67.64,1,1
174536.0,0.0024,-0.0524,30.7637,-78.54,1,1
174545.0,0.0024,-0.0022,31.1025,67.59,1,1
174555.0,0.0024,0.0382,30.2522,73.22,1,1
174566.0,0.0013,-0.0578,30.6793,-73.46,1,1
174575.0,0.0013,0.0033,31.0327,54.46,1,1
174585.0,0.0024,0.0327,31.325,71.13,1,1
174595.0,0.0013,-0.0513,31.5668,-66.63,1,1
174606.0,0.0013,0.0011,31.7668,51.26,1,1
174616.0,0.0024,0.0382,31.9323,74.13,1,1
174626.0,0.0013,-0.0469,30.9387,-66.32,1,1
174636.0,0.0013,0.0109,31.2472,56.58,1,1
174646.0,0.0024,0.0415,31.5025,81.33,1,1
174656.0,0.0024,-0.0065,30.5831,51.24,1,1
174666.0,0.0024,-0.0065,30.9531,51.31,1,1
174677.0,0.0013,-0.0404,31.2591,-59.2,1,1
174686.0,0.0013,0.0,31.5123,50.32,1,1
174696.0,0.0024,0.0349,31.7218,72.17,1,1
174706.0,0.0013,-0.036,30.7645,-60.05,1,1
174717.0,0.0013,-0.0153,29.9726,-46.06,1,1
174727.0,0.0013,0.0109,30.448,56.13,1,1
174737.0,0.0013,-0.0262,30.8413,-54.84,1,1
174746.0,0.0013,0.0033,30.0362,57.85,1,1
174756.0,0.0013,0.0142,30.5006,57.27,1,1
174767.0,0.0013,-0.0316,30.8848,-63.21,1,1
174777.0,0.0013,0.0153,30.0721,58.99,1,1
174787.0,0.0013,-0.0044,30.5303,49.0,1,1
174796.0,0.0013,-0.0349,30.9094,-55.67,1,1
174807.0,0.0013,0.0142,30.0925,59.01,1,1
174817.0,0.0013,0.0098,30.5472,55.57,1,1
174827.0,0.0002,-0.0284,30.9233,-57.18,1,1
174837.0,0.0013,0.0142,31.2345,57.69,1,1
174846.0,0.0013,-0.0044,31.492,48.4,1,1
174856.0,0.0002,-0.0251,31.7049,-55.69,1,1
174868.0,0.0013,0.0142,31.8811,60.78,1,1
174878.0,0.0002,-0.024,30.8964,-56.6,1,1
174887.0,0.0002,-0.0251,31.2122,-55.91,1,1
174897.0,0.0002,0.0175,31.4735,55.74,1,1
174907.0,0.0002,-0.0382,30.5591,-66.69,1,1
174918.0,0.0002,-0.0153,29.8027,-52.49,1,1
174928.0,0.0002,0.0164,30.3075,54.78,1,1
174938.0,0.0002,-0.0338,30.725,-59.64,1,1
174947.0,0.0002,-0.0022,29.94,45.28,1,1
174957.0,0.0002,0.0262,30.421,61.51,1,1
174968.0,0.0002,-0.0109,30.819,-48.69,1,1
174978.0,0.0002,0.0109,30.0177,51.43,1,1
174988.0,0.0002,0.0273,29.3548,59.58,1,1
174997.0,0.0002,-0.0109,29.9369,-48.62,1,1
175008.0,0.0002,0.0164,30.4185,54.19,1,1
175019.0,0.0002,0.0185,29.6864,55.25,1,1
175028.0,0.0002,-0.0011,30.2112,45.46,1,1
175038.0,0.0002,0.0229,30.6454,57.48,1,1
175047.0,0.0002,-0.0011,29.8741,45.45,1,1
175058.0,0.0002,0.0,30.3665,46.02,1,1
175069.0,0.0013,0.0196,30.7739,60.22,1,1
175079.0,0.0013,-0.012,29.9804,-44.78,1,1
175089.0,0.0013,-0.0055,30.4544,47.66,1,1
175097.0,0.0013,0.0076,30.8466,54.23,1,1
175108.0,0.0002,-0.0142,30.0405,-51.29,1,1
175118.0,0.0013,-0.0044,29.3737,48.29,1,1
175128.0,0.0013,0.0033,29.9526,52.11,1,1
175138.0,0.0013,-0.0131,30.4314,-45.27,1,1
175148.0,0.0013,0.0153,29.6971,58.06,1,1
175158.0,0.0013,0.0033,29.0896,57.25,1,1
175169.0,0.0013,-0.0185,29.7175,-48.69,1,1
175178.0,0.0013,0.0207,30.237,60.22,1,1
175189.0,0.0013,0.0033,29.5362,51.57,1,1
175198.0,0.0013,0.0098,28.9565,54.89,1,1
175208.0,0.0013,0.0349,29.6074,75.92,1,1
175220.0,0.0013,-0.012,30.1459,-46.12,1,1
175230.0,0.0013,-0.0055,29.4608,46.56,1,1
175240.0,0.0013,0.0371,30.0246,68.07,1,1
175248.0,0.0013,-0.0076,30.4911,45.9,1,1
175259.0,0.0013,0.0087,29.7464,56.27,1,1
175270.0,0.0024,0.0382,29.1304,73.07,1,1
175280.0,0.0013,-0.0349,29.7513,-56.79,1,1
175290.0,0.0024,0.0185,30.2649,63.57,1,1
175298.0,0.0024,0.0185,29.5593,63.62,1,1
175308.0,0.0024,-0.024,28.9756,-46.64,1,1
175320.0,0.0024,0.0033,29.6232,56.12,1,1
175330.0,0.0024,-0.0076,30.159,50.74,1,1
175340.0,0.0013,-0.0393,29.4717,-58.53,1,1
175348.0,0.0013,0.0207,28.9031,60.56,1,1
175359.0,0.0013,0.0022,28.4327,51.29,1,1
175370.0,0.0013,-0.0153,28.0436,-46.37,1,1
175380.0,0.0013,0.0305,27.7217,68.61,1,1
175390.0,0.0013,-0.0087,28.5859,45.47,1,1
175399.0,0.0013,-0.0153,29.3008,-46.74,1,1
175409.0,0.0013,-0.0109,28.7618,44.56,1,1
175420.0,0.0013,0.0164,29.4463,58.29,1,1
175431.0,0.0013,-0.0262,30.0126,-52.06,1,1
175441.0,0.0013,0.0371,29.3506,68.73,1,1
175449.0,0.0013,0.0065,28.8029,53.47,1,1
175460.0,0.0013,-0.0196,29.4804,-48.66,1,1
175471.0,0.0024,0.0458,30.0408,77.57,1,1
175481.0,0.0024,0.0131,29.3739,61.19,1,1
175491.0,0.0024,-0.0338,28.8222,-51.3,1,1
175499.0,0.0024,0.0447,29.4963,77.03,1,1
175511.0,0.0024,-0.0098,30.054,50.85,1,1
175521.0,0.0024,-0.0207,29.3848,-44.9,1,1
175531.0,0.0024,0.0273,28.8313,68.18,1,1
175541.0,0.0024,0.0033,28.3733,56.19,1,1
175549.0,0.0024,-0.0371,27.9944,-57.11,1,1
175559.0,0.0024,0.0415,28.8115,75.89,1,1
175571.0,0.0024,-0.0196,29.4875,45.29,1,1
175581.0,0.0024,-0.0371,28.9162,-56.77,1,1
175591.0,0.0024,0.0295,28.4436,74.38,1,1
175599.0,0.0024,-0.0218,28.0526,-45.11,1,1
175609.0,0.0013,-0.0611,28.8596,-72.32,1,1
175622.0,0.0013,0.0196,29.5273,65.88,1,1
175632.0,0.0013,-0.0164,28.9491,-47.21,1,1
175641.0,0.0013,-0.0393,28.4708,-58.57,1,1
175650.0,0.0013,0.0458,29.2056,73.04,1,1
175660.0,0.0013,-0.0251,29.8135,-59.86,1,1
175671.0,0.0013,-0.0175,29.1859,-46.47,1,1
175682.0,0.0013,0.0513,28.6667,76.73,1,1
175692.0,0.0013,-0.012,28.2371,-44.04,1,1
175700.0,0.0013,-0.012,29.0123,-44.22,1,1
175710.0,0.0024,0.0589,29.6536,87.71,1,1
175722.0,0.0024,-0.0033,29.0536,52.95,1,1
175732.0,0.0024,0.0033,28.5572,56.22,1,1
175742.0,0.0024,0.0502,28.1466,79.67,1,1
175750.0,0.0024,-0.0044,27.8069,52.39,1,1
175762.0,0.0024,-0.0076,27.5259,50.75,1,1
175772.0,0.0024,0.0469,28.4239,78.08,1,1
175782.0,0.0024,-0.0251,29.1668,-46.94,1,1
175792.0,0.0024,-0.0033,28.6509,53.01,1,1
175800.0,0.0035,0.0382,28.2241,78.08,1,1
175812.0,0.0024,-0.012,27.871,48.61,1,1
175822.0,0.0024,-0.0458,27.5789,-57.18,1,1
175832.0,0.0024,0.0404,27.3373,74.77,1,1
175843.0,0.0024,-0.0218,27.1374,-45.15,1,1
175850.0,0.0024,0.0044,28.1025,56.81,1,1
175860.0,0.0024,0.0349,28.9009,72.13,1,1
175872.0,0.0024,-0.0262,28.4309,-47.41,1,1
175882.0,0.0024,-0.0011,28.0421,54.09,1,1
175892.0,0.0035,0.0338,27.7205,75.89,1,1
175900.0,0.0024,-0.0164,28.5849,46.48,1,1
175912.0,0.0024,0.0087,29.3,60.11,1,1
175922.0,0.0035,0.0175,28.7611,67.62,1,1
175933.0,0.0024,-0.0164,28.3152,46.35,1,1
175943.0,0.0024,0.0022,27.9464,55.63,1,1
175951.0,0.0024,0.0076,28.7718,58.42,1,1
175961.0,0.0024,-0.0284,29.4546,-48.62,1,1
175973.0,0.0024,0.0011,28.889,55.18,1,1
175983.0,0.0024,0.0044,28.421,56.8,1,1
175993.0,0.0024,-0.036,28.0339,-53.37,1,1
176001.0,0.0024,0.0065,27.7137,58.01,1,1
176013.0,0.0024,-0.0011,27.4488,54.15,1,1
176023.0,0.0024,-0.0153,28.3601,47.09,1,1
176033.0,0.0024,0.0087,29.114,59.11,1,1
176043.0,0.0024,-0.0065,28.6072,53.53,1,1
176051.0,0.0013,-0.0338,28.188,-57.91,1,1
176063.0,0.0024,0.0164,27.8411,62.89,1,1
176073.0,0.0024,0.0,27.5542,57.82,1,1
176084.0,0.0013,-0.0229,28.4473,-53.65,1,1
176093.0,0.0024,0.0273,29.1862,68.45,1,1
176101.0,0.0024,-0.0087,28.6669,50.4,1,1
176111.0,0.0013,-0.0262,28.2373,-54.82,1,1
176124.0,0.0024,0.0349,27.882,72.56,1,1
176134.0,0.0024,-0.0098,28.7185,50.14,1,1
176143.0,0.0013,-0.0284,29.4105,-52.62,1,1
176151.0,0.0024,0.0284,28.8525,69.1,1,1
176163.0,0.0024,-0.0065,28.3909,51.57,1,1
176174.0,0.0013,-0.0447,29.1395,-64.08,1,1
176184.0,0.0013,0.0196,29.7588,60.71,1,1
176194.0,0.0013,-0.0131,29.1406,-44.84,1,1
176201.0,0.0013,-0.0491,28.6292,-66.04,1,1
176214.0,0.0013,0.0109,28.2062,56.43,1,1
176224.0,0.0013,-0.0251,27.8562,-55.88,1,1
176234.0,0.0002,-0.0567,27.5666,-70.22,1,1
176244.0,0.0013,0.0327,27.3271,68.55,1,1
176252.0,0.0013,-0.0087,28.2595,46.5,1,1
176262.0,0.0002,-0.0502,29.0308,-74.0,1,1
176274.0,0.0013,0.048,28.5384,77.59,1,1
176284.0,0.0013,-0.0011,28.131,50.41,1,1
176294.0,0.0002,-0.0535,27.794,-75.47,1,1
176302.0,0.0013,0.0524,28.6457,77.75,1,1
176314.0,0.0013,0.0087,29.3503,55.71,1,1
176324.0,0.0002,-0.0502,28.8027,-77.83,1,1
176334.0,0.0013,0.0545,28.3497,85.88,1,1
176344.0,0.0013,0.0327,27.9749,67.42,1,1
176352.0,0.0002,-0.0644,27.6649,-75.6,1,1
176362.0,0.0002,0.0262,27.4084,59.6,1,1
176375.0,0.0013,0.0382,28.3267,69.88,1,1
176385.0,0.0013,-0.0229,29.0864,-59.21,1,1
176394.0,0.0013,0.0033,28.5844,62.93,1,1
176402.0,0.0013,0.048,28.169,74.27,1,1
176412.0,0.0013,-0.0316,27.8255,-54.47,1,1
176425.0,0.0013,0.0142,27.5412,57.33,1,1
176435.0,0.0013,0.036,27.3061,68.22,1,1
176445.0,0.0013,-0.0382,28.2421,-59.87,1,1
176452.0,0.0013,0.012,29.0164,58.68,1,1
176462.0,0.0013,0.0251,28.5265,62.77,1,1
176475.0,0.0013,-0.0284,28.1212,-52.91,1,1
176485.0,0.0013,-0.0295,27.7859,-65.99,1,1
176495.0,0.0013,0.0295,27.5085,66.6,1,1
176502.0,0.0013,-0.036,27.279,-55.32,1,1
176515.0,0.0013,-0.0153,27.0892,-45.21,1,1
176525.0,0.0013,0.0338,26.9321,67.94,1,1
176535.0,0.0002,-0.0556,27.9327,-70.18,1,1
176545.0,0.0002,-0.0273,28.7604,-56.19,1,1
176553.0,0.0013,0.0556,28.3147,78.51,1,1
176563.0,0.0002,-0.0164,27.946,-50.88,1,1
176576.0,0.0002,-0.0436,27.6409,-68.75,1,1
176586.0,0.0013,0.0567,28.5191,79.41,1,1
176595.0,0.0013,-0.0087,29.2456,46.56,1,1
176603.0,0.0002,-0.0425,28.716,-63.87,1,1
176613.0,0.0013,0.0447,28.278,73.02,1,1
176625.0,0.0013,0.0065,27.9156,61.16,1,1
176636.0,0.0002,-0.0262,27.6158,-66.26,1,1
176646.0,0.0013,0.036,27.3678,68.89,1,1
176653.0,0.0013,0.0262,27.1626,65.93,1,1
176663.0,0.0002,-0.0436,26.9929,-68.84,1,1
176676.0,0.0013,0.036,26.8525,68.86,1,1
176686.0,0.0013,0.0415,26.7363,71.45,1,1
176695.0,0.0013,-0.0415,26.6402,-65.18,1,1
176703.0,0.0013,0.0458,26.5607,78.45,1,1
176713.0,0.0024,0.0665,26.4949,88.19,1,1
176726.0,0.0024,-0.0305,26.4405,-53.38,1,1
176736.0,0.0024,0.036,26.3955,78.57,1,1
176746.0,0.0035,0.0764,26.3583,97.01,1,1
176753.0,0.0024,-0.0196,26.3275,44.66,1,1
176765.0,0.0035,0.0218,27.4325,69.81,1,1
176776.0,0.0035,0.0611,28.3466,89.5,1,1
176786.0,0.0035,-0.0076,27.9724,58.27,1,1
176796.0,0.0035,0.0164,27.6628,66.69,1,1
176803.0,0.0046,0.0578,27.4067,91.86,1,1
176816.0,0.0046,-0.0164,27.1948,60.07,1,1
176826.0,0.0046,0.0011,28.15,62.96,1,1
176836.0,0.0046,0.0382,28.9402,81.73,1,1
176846.0,0.0046,-0.0513,28.4634,-51.85,1,1
176854.0,0.0046,-0.0022,28.069,61.77,1,1
176864.0,0.0046,0.0371,27.7427,81.48,1,1
176876.0,0.0046,-0.024,27.4728,51.0,1,1
176887.0,0.0035,-0.0175,27.2495,49.96,1,1
176897.0,0.0046,0.0284,27.0647,77.27,1,1
176904.0,0.0035,-0.0349,26.9119,-47.5,1,1
176917.0,0.0035,-0.0196,26.7855,48.97,1,1
176927.0,0.0035,0.0229,27.8114,70.31,1,1
176937.0,0.0035,-0.0164,28.6601,50.74,1,1
176947.0,0.0035,-0.0491,28.2317,-54.58,1,1
176954.0,0.0035,0.0447,27.8773,81.27,1,1
176964.0,0.0035,-0.0273,27.5841,45.27,1,1
176977.0,0.0035,-0.0349,27.3416,-47.4,1,1
176987.0,0.0035,0.036,28.2714,78.0,1,1
176997.0,0.0035,-0.0153,29.0407,51.22,1,1
177004.0,0.0024,-0.0524,28.5465,-66.95,1,1
177014.0,0.0035,0.0338,28.1378,76.61,1,1
177027.0,0.0035,0.0022,27.7996,61.68,1,1
177037.0,0.0024,-0.0491,28.6503,-60.67,1,1
177047.0,0.0035,0.0262,29.3541,78.95,1,1
177054.0,0.0035,0.0415,28.8059,83.52,1,1
177064.0,0.0024,-0.0469,28.3523,-69.15,1,1
177077.0,0.0035,0.0316,29.1076,75.53,1,1
177087.0,0.0035,0.048,29.7324,85.7,1,1
177097.0,0.0035,-0.0447,29.1188,-57.47,1,1
177104.0,0.0035,0.0098,28.6112,74.16,1,1
177114.0,0.0035,0.0622,28.1912,89.47,1,1
177127.0,0.0035,-0.0284,27.8438,44.3,1,1
177137.0,0.0035,0.0218,27.5564,75.76,1,1
177148.0,0.0046,0.0709,27.3187,97.61,1,1
177154.0,0.0046,-0.0284,27.122,48.19,1,1
177167.0,0.0046,-0.0022,26.9593,65.65,1,1
177177.0,0.0046,0.0764,26.8246,100.31,1,1
177187.0,0.0046,-0.012,27.8438,56.41,1,1
177197.0,0.0046,0.0033,28.6869,64.27,1,1
177205.0,0.0057,0.0567,28.2539,95.49,1,1
177218.0,0.0057,-0.0087,27.8956,62.86,1,1
177228.0,0.0057,0.0044,27.5993,69.48,1,1
177238.0,0.0057,0.0578,28.4846,97.38,1,1
177248.0,0.0057,-0.0153,29.217,59.74,1,1
177255.0,0.0057,-0.036,28.6925,49.43,1,1
177265.0,0.0057,0.0502,28.2585,92.56,1,1
177278.0,0.0057,-0.0098,29.03,62.64,1,1
177288.0,0.0057,-0.0229,29.6682,56.17,1,1
177298.0,0.0057,0.0393,29.0657,87.26,1,1
177305.0,0.0057,-0.012,28.5672,61.63,1,1
177315.0,0.0057,-0.0273,29.2854,55.09,1,1
177328.0,0.0057,0.0404,29.8795,87.77,1,1
177338.0,0.0057,-0.0055,29.2405,66.96,1,1
177348.0,0.0057,-0.0349,28.7118,49.87,1,1
177355.0,0.0068,0.0458,29.405,94.71,1,1
177367.0,0.0057,-0.0109,29.9784,62.08,1,1
177378.0,0.0057,-0.0382,29.3223,48.46,1,1
177388.0,0.0057,0.0284,28.7796,82.8,1,1
177398.0,0.0057,-0.0022,29.461,66.41,1,1
177405.0,0.0057,-0.0349,30.0248,50.13,1,1
177415.0,0.0057,0.0262,29.3607,81.73,1,1
177428.0,0.0057,0.0022,29.9418,68.61,1,1
177438.0,0.0057,-0.0425,30.4225,46.32,1,1
177448.0,0.0057,0.0251,29.6897,81.19,1,1
177455.0,0.0057,-0.012,30.214,61.53,1,1
177465.0,0.0057,-0.0316,30.6477,51.79,1,1
177479.0,0.0057,0.0185,29.876,80.03,1,1
177489.0,0.0057,-0.0055,30.3681,64.53,1,1
177499.0,0.0046,-0.0415,30.7752,-46.94,1,1
177506.0,0.0057,0.0175,31.1119,76.22,1,1
177519.0,0.0057,0.0055,31.3905,70.31,1,1
177528.0,0.0046,-0.0556,30.4905,-56.94,1,1
177539.0,0.0046,0.0011,30.8765,64.26,1,1
177549.0,0.0046,-0.0044,31.1958,61.5,1,1
177556.0,0.0046,-0.0622,30.3294,-57.73,1,1
177568.0,0.0035,-0.0153,30.7432,51.73,1,1
177579.0,0.0046,0.0262,31.0855,76.78,1,1
177589.0,0.0035,-0.0589,30.2381,-62.53,1,1
177599.0,0.0035,0.0098,30.6677,68.75,1,1
177606.0,0.0035,0.0327,31.023,75.37,1,1
177616.0,0.0035,-0.0425,30.1865,-55.65,1,1
177629.0,0.0035,0.0109,30.6249,69.23,1,1
177639.0,0.0046,0.0502,30.9877,88.4,1,1
177649.0,0.0035,-0.0458,31.2877,-57.4,1,1
177656.0,0.0035,0.0065,31.536,62.86,1,1
177666.0,0.0046,0.0796,31.7413,103.69,1,1
177679.0,0.0046,-0.0262,31.9112,50.72,1,1
177689.0,0.0046,0.0044,30.9213,65.89,1,1
177699.0,0.0046,0.072,31.2328,105.96,1,1
177706.0,0.0046,-0.0011,31.4905,62.27,1,1
177716.0,0.0046,-0.0338,31.7038,46.06,1,1
177729.0,0.0057,0.0665,31.8801,100.72,1,1
177739.0,0.0057,-0.0098,30.8956,62.58,1,1
177749.0,0.0046,-0.0284,31.2115,49.03,1,1
177756.0,0.0057,0.0513,31.4729,93.28,1,1
177766.0,0.0057,-0.0251,30.5587,55.1,1,1
177779.0,0.0046,-0.0251,30.9329,51.84,1,1
177789.0,0.0057,0.0447,31.2424,89.96,1,1
177799.0,0.0057,0.0153,31.4985,75.3,1,1
177807.0,0.0057,-0.036,31.7103,50.77,1,1
177820.0,0.0057,0.0044,30.7551,69.75,1,1
177830.0,0.0046,-0.0327,31.0953,46.91,1,1
177840.0,0.0057,0.0415,31.3768,88.42,1,1
177850.0,0.0057,0.0185,31.6097,77.01,1,1
177857.0,0.0057,-0.0196,32.9328,58.01,1,1
177867.0,0.0057,0.0295,32.8969,82.58,1,1
177880.0,0.0057,0.0251,31.7367,80.36,1,1
177890.0,0.0057,-0.0273,31.9074,54.2,1,1
177900.0,0.0057,0.0393,33.1791,87.54,1,1
177907.0,0.0057,0.0033,33.1007,69.55,1,1
177920.0,0.0057,-0.0196,33.0358,58.1,1,1
177930.0,0.0057,0.024,32.9821,79.92,1,1
177940.0,0.0057,-0.0033,32.9376,67.34,1,1
177950.0,0.0057,-0.0295,32.9009,53.06,1,1
177957.0,0.0057,0.0164,32.8705,76.0,1,1
177967.0,0.0057,-0.0284,32.8454,53.66,1,1
177980.0,0.0057,-0.0175,32.8246,59.13,1,1
177990.0,0.0057,0.012,32.8073,73.87,1,1
178000.0,0.0057,0.0033,32.7931,69.52,1,1
178007.0,0.0057,-0.0065,32.7813,64.62,1,1
178020.0,0.0057,0.0142,32.7716,74.99,1,1
178030.0,0.0057,0.0022,32.7635,70.05,1,1
178040.0,0.0057,-0.0055,32.7569,65.05,1,1
178050.0,0.0057,0.024,33.8818,79.86,1,1
178057.0,0.0057,0.0,33.682,67.88,1,1
178067.0,0.0057,0.0153,33.5167,75.52,1,1
178079.0,0.0068,0.0175,34.5104,81.05,1,1
178090.0,0.0068,0.0065,34.202,75.59,1,1
178099.0,0.0068,-0.0065,33.9469,69.04,1,1
178107.0,0.0068,0.0076,34.8663,76.19,1,1
178120.0,0.0068,-0.0044,34.4964,70.17,1,1
178130.0,0.0068,-0.0044,34.1904,70.16,1,1
178140.0,0.0068,0.0055,33.9373,75.06,1,1
178150.0,0.0068,-0.0022,33.7279,72.29,1,1
178158.0,0.0068,-0.0011,33.5547,71.64,1,1
178168.0,0.0079,0.0305,33.4113,91.84,1,1
178179.0,0.0079,0.0011,34.4233,77.19,1,1
178190.0,0.0079,0.0022,34.1299,77.74,1,1
178201.0,0.0079,0.0076,33.8872,80.47,1,1
178208.0,0.0079,0.0,34.817,76.71,1,1
178221.0,0.0079,0.0055,34.4556,79.43,1,1
178230.0,0.0079,0.0087,34.1567,82.11,1,1
178240.0,0.0079,-0.0011,35.0399,76.06,1,1
178250.0,0.0079,0.0087,35.7705,81.04,1,1
178258.0,0.0079,0.012,36.375,82.74,1,1
178268.0,0.0089,0.0316,35.7445,97.95,1,1
178280.0,0.0089,0.0131,35.2229,87.48,1,1
178291.0,0.0089,-0.0044,35.922,78.83,1,1
178301.0,0.0089,-0.012,36.5003,75.08,1,1
178308.0,0.0089,-0.0011,36.9786,80.58,1,1
178321.0,0.0089,-0.0142,36.2439,74.02,1,1
178331.0,0.0089,-0.0153,35.6361,73.46,1,1
178341.0,0.0089,-0.0055,36.2637,78.42,1,1
178351.0,0.0089,-0.012,35.6525,75.13,1,1
178358.0,0.0089,-0.0087,35.1468,76.74,1,1
178370.0,0.0089,-0.0044,35.859,78.97,1,1
178381.0,0.0089,-0.0382,36.4482,64.19,1,1
178391.0,0.0089,0.0011,36.9356,81.48,1,1
178401.0,0.0089,0.0044,37.3388,83.2,1,1
178408.0,0.0089,-0.0044,37.6723,78.9,1,1
178421.0,0.0089,0.0087,37.9483,85.5,1,1
178431.0,0.0089,-0.0087,38.1766,76.81,1,1
178441.0,0.0089,-0.0098,37.2349,76.24,1,1
178451.0,0.0089,0.0,36.4559,81.13,1,1
178459.0,0.0089,-0.0076,36.942,77.35,1,1
178470.0,0.0089,-0.0109,37.3441,75.75,1,1
178481.0,0.01,0.0109,37.6767,91.05,1,1
178491.0,0.0089,-0.0175,37.9519,72.53,1,1
178501.0,0.0089,-0.0131,38.1796,75.78,1,1
178509.0,0.01,-0.0055,38.3679,82.79,1,1
178521.0,0.0089,-0.0175,38.5237,72.47,1,1
178532.0,0.0089,-0.0055,37.5221,78.44,1,1
178542.0,0.0089,0.0,37.824,81.2,1,1
178552.0,0.0089,-0.0098,39.2042,76.38,1,1
178559.0,0.0089,-0.0033,39.2156,79.67,1,1
178571.0,0.0089,0.0022,39.225,82.4,1,1
178582.0,0.0089,-0.0142,39.2327,74.23,1,1
178592.0,0.01,0.0011,39.2392,88.34,1,1
178602.0,0.01,0.012,39.2445,91.43,1,1
178609.0,0.01,-0.0065,39.2489,82.22,1,1
178622.0,0.01,-0.0033,39.2525,83.9,1,1
178632.0,0.01,-0.0109,39.2555,80.13,1,1
178642.0,0.01,-0.0207,39.258,76.3,1,1
178651.0,0.01,-0.0076,39.2601,81.69,1,1
178659.0,0.01,-0.0142,39.2618,78.47,1,1
178671.0,0.01,-0.0131,39.2632,79.05,1,1
178682.0,0.0089,-0.012,39.2643,75.26,1,1
178692.0,0.0089,-0.0131,39.2653,74.74,1,1
178702.0,0.0089,-0.0218,39.2661,70.4,1,1
178709.0,0.0089,-0.0055,39.2667,78.6,1,1
178722.0,0.0089,-0.0011,40.3978,80.85,1,1
178732.0,0.0089,-0.0087,41.3335,77.09,1,1
178742.0,0.0089,-0.0065,40.977,78.17,1,1
178752.0,0.0089,-0.0011,40.6822,80.89,1,1
178760.0,0.0089,-0.0109,41.5687,76.03,1,1
178772.0,0.0089,-0.0164,41.1717,73.29,1,1
178782.0,0.0089,-0.0044,40.8432,79.27,1,1
178792.0,0.0089,-0.0207,41.7019,71.14,1,1
178802.0,0.0089,-0.0207,41.2819,71.12,1,1
178810.0,0.0089,-0.0044,40.9343,79.28,1,1
178822.0,0.0089,-0.0142,40.6468,77.5,1,1
178833.0,0.0089,-0.012,40.409,75.02,1,1
178842.0,0.0089,-0.0022,41.3428,81.11,1,1
178853.0,0.0089,-0.012,42.1152,75.12,1,1
178860.0,0.0089,-0.0076,41.6238,77.36,1,1
178872.0,0.0089,-0.0011,41.2172,80.68,1,1
178883.0,0.0089,-0.0109,42.0113,76.91,1,1
178893.0,0.0089,-0.0033,42.6683,79.62,1,1
178903.0,0.0089,0.0076,42.0813,85.1,1,1
178910.0,0.0089,-0.0142,42.7262,74.28,1,1
178923.0,0.0089,-0.0065,43.2597,78.16,1,1
178933.0,0.0089,-0.0098,42.5706,76.52,1,1
178943.0,0.0089,-0.0087,43.131,77.12,1,1
178953.0,0.0089,-0.0109,43.5945,76.08,1,1
178960.0,0.0089,-0.0109,42.8476,76.05,1,1
178972.0,0.0089,-0.0153,42.2296,73.85,1,1
178983.0,0.0089,-0.012,42.8489,75.53,1,1
178993.0,0.0089,0.0273,43.3612,95.2,1,1
179003.0,0.0089,0.0,42.6545,81.53,1,1
179010.0,0.0089,-0.0011,43.2004,81.02,1,1
179023.0,0.0089,-0.0055,43.652,80.96,1,1
179033.0,0.0089,-0.0098,42.8951,76.37,1,1
179043.0,0.0089,-0.0033,43.3994,79.73,1,1
179053.0,0.0089,-0.0033,43.8166,81.89,1,1
179060.0,0.0089,-0.0153,44.1618,73.58,1,1
179073.0,0.01,0.0033,44.4473,87.32,1,1
179083.0,0.01,-0.0065,43.553,82.43,1,1
179093.0,0.0089,-0.0262,43.9437,68.33,1,1
179103.0,0.0089,-0.012,44.2669,75.48,1,1
179111.0,0.0089,-0.0076,43.4038,77.65,1,1
179123.0,0.0089,-0.012,43.8203,75.52,1,1
179133.0,0.0089,0.0076,44.1648,85.37,1,1
179144.0,0.0089,0.0,44.4498,81.59,1,1
179154.0,0.0089,-0.0175,44.6856,72.89,1,1
179161.0,0.0089,0.0065,44.8807,84.91,1,1
179173.0,0.0089,0.0011,46.1725,82.26,1,1
179184.0,0.0089,-0.0131,46.1108,75.17,1,1
179193.0,0.0089,-0.0011,46.0597,81.18,1,1
179204.0,0.01,0.0436,46.0174,108.96,1,1
179211.0,0.01,-0.0251,45.9824,73.41,1,1
179224.0,0.0089,-0.0196,45.9535,71.8,1,1
179233.0,0.0089,-0.012,45.9295,75.65,1,1
179244.0,0.0089,-0.0251,45.9097,69.12,1,1
179254.0,0.0089,-0.0196,45.8934,71.86,1,1
179261.0,0.0089,-0.0153,45.8798,74.06,1,1
179273.0,0.0089,-0.0153,45.8686,74.06,1,1
179284.0,0.0089,-0.0022,45.8593,80.62,1,1
179294.0,0.0089,0.0044,45.8516,85.99,1,1
179304.0,0.0089,-0.0011,46.9758,80.96,1,1
179311.0,0.0089,0.0022,47.9058,82.7,1,1
179324.0,0.0089,0.0044,47.5446,83.82,1,1
179334.0,0.0089,-0.0164,47.2459,73.48,1,1
179344.0,0.0089,-0.0044,46.9987,79.5,1,1
179354.0,0.0089,-0.0055,46.7942,81.06,1,1
179361.0,0.0089,-0.0218,46.6251,70.52,1,1
179374.0,0.0089,-0.0218,46.4851,70.58,1,1
179384.0,0.0089,-0.0153,46.3694,77.05,1,1
179394.0,0.0079,-0.0295,46.2736,62.07,1,1
179404.0,0.0079,-0.0164,47.3249,68.79,1,1
179411.0,0.0079,-0.0142,48.1945,70.03,1,1
179424.0,0.0079,-0.0196,47.7835,67.36,1,1
179434.0,0.0079,-0.0207,47.4435,66.85,1,1
179444.0,0.0079,-0.0033,48.2927,75.68,1,1
179454.0,0.0079,-0.0153,48.9952,69.75,1,1
179461.0,0.0079,-0.0218,48.4459,66.48,1,1
179474.0,0.0079,-0.0065,47.9914,74.12,1,1
179485.0,0.0068,-0.0153,48.746,69.64,1,1
179495.0,0.0068,-0.0338,48.2397,55.61,1,1
179505.0,0.0068,-0.0044,47.8209,70.44,1,1
179512.0,0.0068,-0.0175,48.6049,64.04,1,1
179522.0,0.0068,-0.0349,49.2535,55.43,1,1
179534.0,0.0068,-0.0109,48.6595,67.46,1,1
179545.0,0.0068,-0.0207,48.1682,62.57,1,1
179555.0,0.0068,-0.0295,48.8922,58.29,1,1
179562.0,0.0068,0.0011,49.4912,73.63,1,1
179574.0,0.0068,-0.012,49.9867,69.23,1,1
179585.0,0.0057,-0.0185,50.3966,59.26,1,1
179595.0,0.0057,0.0033,49.6052,70.2,1,1
179605.0,0.0057,-0.0262,48.9505,55.5,1,1
179612.0,0.0057,-0.0273,49.5394,55.03,1,1
179625.0,0.0057,-0.0131,48.8961,62.12,1,1
179635.0,0.0046,-0.0316,48.3639,48.49,1,1
179645.0,0.0046,-0.0316,49.0541,48.55,1,1
179655.0,0.0046,-0.0055,49.6251,61.69,1,1
179662.0,0.0046,-0.0196,50.0975,54.64,1,1
179674.0,0.0046,-0.0175,49.3578,55.7,1,1
179685.0,0.0046,0.0022,48.7458,65.5,1,1
179695.0,0.0046,-0.0098,49.3701,59.54,1,1
179705.0,0.0046,-0.0164,49.8865,56.3,1,1
179712.0,0.0046,0.0185,50.3137,73.78,1,1
179722.0,0.0046,0.0033,50.6671,66.17,1,1
179735.0,0.0046,-0.0033,49.829,62.85,1,1
179745.0,0.0046,0.0044,49.1357,66.64,1,1
179756.0,0.0046,-0.0164,49.6926,56.3,1,1
179762.0,0.0046,-0.0142,50.1533,57.42,1,1
179775.0,0.0046,-0.0011,50.5344,63.99,1,1
179786.0,0.0046,-0.0131,49.7192,57.95,1,1
179795.0,0.0046,-0.0185,49.0448,55.18,1,1
179806.0,0.0046,0.0055,49.6174,68.26,1,1
179813.0,0.0046,0.0131,50.0911,70.92,1,1
179823.0,0.0046,0.0055,50.483,67.15,1,1
179836.0,0.0046,0.0065,50.8072,67.74,1,1
179846.0,0.0046,-0.0022,51.0754,63.4,1,1
179856.0,0.0046,-0.0065,51.2973,61.25,1,1
179863.0,0.0046,0.0044,51.4808,66.72,1,1
179873.0,0.0046,-0.024,50.5021,52.5,1,1
179885.0,0.0046,-0.0295,49.6925,49.74,1,1
179896.0,0.0046,-0.0065,50.1532,61.22,1,1
179906.0,0.0046,-0.0218,50.5344,53.61,1,1
179913.0,0.0046,-0.0022,50.8497,63.45,1,1
179926.0,0.0046,-0.0011,51.1106,64.01,1,1
179936.0,0.0046,-0.0207,51.3263,55.26,1,1
179946.0,0.0046,-0.0087,51.5049,61.13,1,1
179956.0,0.0046,0.0087,51.6525,68.7,1,1
179963.0,0.0046,-0.0153,51.7747,56.76,1,1
179975.0,0.0046,-0.0131,51.8758,57.9,1,1
179986.0,0.0035,-0.0109,50.8289,54.61,1,1
179996.0,0.0035,-0.0273,49.9628,46.4,1,1
180006.0,0.0035,-0.024,50.3769,48.08,1,1
180013.0,0.0035,-0.012,50.7194,56.21,1,1
180023.0,0.0035,0.0076,51.0028,63.69,1,1
180035.0,0.0035,-0.0185,51.2372,50.68,1,1
180046.0,0.0035,-0.012,51.4311,55.06,1,1
180057.0,0.0035,-0.0185,51.5915,50.65,1,1
180063.0,0.0024,-0.0175,51.7242,46.9,1,1
180076.0,0.0024,-0.0055,51.834,52.96,1,1
180086.0,0.0024,-0.0153,51.9249,48.09,1,1
180096.0,0.0024,-0.0022,52.0,54.67,1,1
180107.0,0.0024,-0.012,50.9317,49.73,1,1
180113.0,0.0024,-0.0218,50.0478,-46.7,1,1
180127.0,0.0024,-0.0196,50.4472,45.93,1,1
180137.0,0.0024,-0.0185,50.7776,46.5,1,1
180147.0,0.0024,-0.0164,51.0509,47.62,1,1
180156.0,0.0024,-0.0262,51.277,-48.92,1,1
180164.0,0.0024,-0.012,51.464,49.84,1,1
180176.0,0.0013,-0.0207,51.6188,-50.56,1,1
180187.0,0.0013,-0.0098,51.7468,46.59,1,1
180197.0,0.0013,-0.0044,51.8527,49.32,1,1
180207.0,0.0013,-0.0022,51.9403,50.42,1,1
180214.0,0.0013,0.0022,52.0128,52.61,1,1
180227.0,0.0024,0.0207,52.0727,66.25,1,1
180237.0,0.0013,-0.0218,52.1223,-51.13,1,1
180247.0,0.0013,-0.0175,51.0328,-48.87,1,1
180257.0,0.0013,-0.0087,50.1316,47.06,1,1
180264.0,0.0013,-0.0295,50.5165,-57.98,1,1
180274.0,0.0013,-0.0262,50.8349,-52.8,1,1
180287.0,0.0013,-0.0087,51.0983,47.45,1,1
180297.0,0.0013,-0.0153,51.3162,-47.53,1,1
180307.0,0.0013,-0.0098,51.4965,46.8,1,1
180314.0,0.0013,0.0153,51.6456,59.31,1,1
180327.0,0.0013,0.0076,51.769,55.47,1,1
180337.0,0.0013,0.0087,50.7405,55.93,1,1
180347.0,0.0013,0.0251,49.8897,66.14,1,1
180357.0,0.0013,0.012,50.3164,57.23,1,1
180365.0,0.0013,-0.0087,50.6694,46.92,1,1
180377.0,0.0024,0.0185,50.9614,64.97,1,1
180387.0,0.0013,-0.0131,50.0724,-46.73,1,1
180397.0,0.0013,-0.0098,49.337,46.39,1,1
180408.0,0.0013,0.0087,49.8592,55.71,1,1
180414.0,0.0024,-0.0065,50.2911,52.47,1,1
180427.0,0.0024,-0.0142,50.6484,48.68,1,1
180437.0,0.0024,0.0022,50.944,56.89,1,1
180447.0,0.0013,-0.0142,51.1886,-47.27,1,1
180458.0,0.0013,-0.0153,51.3909,-47.82,1,1
180464.0,0.0013,0.0055,51.5583,54.21,1,1
180478.0,0.0013,-0.0207,50.5662,-50.49,1,1
180488.0,0.0013,-0.0164,49.7456,-48.25,1,1
180498.0,0.0013,0.0033,50.1971,53.05,1,1
180508.0,0.0013,-0.0065,50.5707,48.17,1,1
180515.0,0.0013,-0.0164,50.8797,-48.32,1,1
180528.0,0.0013,0.0087,50.0049,55.78,1,1
180538.0,0.0013,-0.0033,49.2812,49.74,1,1
180548.0,0.0013,-0.0273,49.8129,-54.75,1,1
180558.0,0.0013,0.0207,50.2529,61.93,1,1
180565.0,0.0013,0.0109,50.6168,57.01,1,1
180578.0,0.0013,-0.0153,50.9179,-47.68,1,1
180588.0,0.0013,0.024,51.167,63.55,1,1
180598.0,0.0013,0.0098,50.2425,56.39,1,1
180608.0,0.0013,-0.0153,49.4777,-47.63,1,1
180616.0,0.0013,-0.0022,49.9756,50.36,1,1
180628.0,0.0013,-0.0022,50.3874,50.37,1,1
180638.0,0.0013,-0.0142,49.5976,-47.11,1,1
180648.0,0.0013,-0.0131,48.9442,-46.53,1,1
180658.0,0.0013,0.0109,49.5342,56.86,1,1
180666.0,0.0013,-0.0207,50.0223,-50.43,1,1
180678.0,0.0013,-0.0055,50.426,48.72,1,1
180688.0,0.0013,0.0153,50.7601,59.1,1,1
180698.0,0.0013,-0.0087,49.9059,47.05,1,1
180708.0,0.0013,0.0033,49.1993,53.01,1,1
180716.0,0.0013,0.0229,49.7452,62.86,1,1
180728.0,0.0013,-0.0087,50.1968,47.07,1,1
180738.0,0.0013,0.0055,50.5704,54.17,1,1
180748.0,0.0013,0.0229,49.749,62.86,1,1
180758.0,0.0013,-0.0262,49.0695,-54.15,1,1
180766.0,0.0013,-0.0142,48.5073,-46.92,1,1
180778.0,0.0013,0.0065,48.0423,54.69,1,1
180788.0,0.0013,-0.024,48.788,-51.9,1,1
180798.0,0.0013,-0.0087,49.405,47.09,1,1
180809.0,0.0013,0.0131,49.9154,58.01,1,1
180816.0,0.0013,-0.0185,50.3376,-49.32,1,1
180828.0,0.0013,-0.0011,50.6869,50.94,1,1
180839.0,0.0013,0.0251,49.8454,63.98,1,1
180848.0,0.0013,0.0,49.1492,51.39,1,1
180859.0,0.0013,-0.0229,49.7038,-51.49,1,1
180866.0,0.0013,0.0175,49.0321,60.1,1,1
180876.0,0.0002,-0.0305,48.4764,-61.69,1,1
180889.0,0.0002,-0.0185,49.1472,-54.41,1,1
180899.0,0.0002,0.0131,49.7021,55.0,1,1
180909.0,0.0002,-0.0262,49.0307,-64.64,1,1
180916.0,0.0002,-0.0349,48.4752,-60.69,1,1
180929.0,0.0002,0.0196,49.1462,57.7,1,1
180939.0,0.0002,-0.0044,48.5708,-45.82,1,1
180949.0,0.0002,0.0055,48.0948,50.23,1,1
180959.0,0.0002,0.0207,48.8315,57.8,1,1
180966.0,0.0002,0.0229,49.4409,58.83,1,1
180976.0,0.0013,0.0295,48.8146,66.36,1,1
180989.0,0.0013,0.0295,48.2965,66.27,1,1
180999.0,0.0013,-0.0175,48.9983,-48.56,1,1
181009.0,0.0013,0.0087,48.4485,55.84,1,1
181016.0,0.0013,0.0131,47.9936,57.96,1,1
181026.0,0.0013,-0.024,47.6173,-51.83,1,1
181039.0,0.0013,-0.024,47.3059,-51.82,1,1
181049.0,0.0013,0.0131,48.1789,57.92,1,1
181059.0,0.0002,-0.024,47.7706,-62.53,1,1
181066.0,0.0013,0.0218,47.4328,66.2,1,1
181076.0,0.0013,0.0229,48.2838,63.05,1,1
181089.0,0.0013,-0.0218,48.9879,-51.75,1,1
181099.0,0.0013,0.0382,48.4398,70.73,1,1
181109.0,0.0013,0.0065,47.9864,54.83,1,1
181116.0,0.0013,-0.024,47.6113,-51.72,1,1
181126.0,0.0013,0.0295,47.301,66.15,1,1
181139.0,0.0013,0.0022,48.1748,52.53,1,1
181149.0,0.0013,-0.0262,47.7672,-56.06,1,1
181160.0,0.0013,0.0382,47.43,70.86,1,1
181166.0,0.0013,-0.0022,47.151,50.56,1,1
181176.0,0.0013,-0.0229,46.9202,-51.01,1,1
181190.0,0.0013,0.0415,47.8598,72.27,1,1
181200.0,0.0013,-0.0044,47.5066,49.29,1,1
181210.0,0.0013,-0.0175,47.2144,-48.46,1,1
181217.0,0.0024,0.0524,48.1032,81.98,1,1
181227.0,0.0024,-0.0087,47.7079,51.39,1,1
181240.0,0.0013,-0.0316,47.3809,-56.69,1,1
181250.0,0.0024,0.0425,47.1104,77.09,1,1
181260.0,0.0013,-0.0349,46.8867,-61.36,1,1
181267.0,0.0013,-0.0415,46.7015,-59.9,1,1
181277.0,0.0013,0.0415,46.5484,74.59,1,1
181290.0,0.0013,-0.0436,47.5522,-66.82,1,1
181300.0,0.0013,-0.0327,47.2521,-55.44,1,1
181310.0,0.0013,0.0295,47.0039,66.63,1,1
181318.0,0.0013,-0.0218,46.7985,-50.26,1,1
181330.0,0.0013,-0.0185,46.6286,-48.71,1,1
181340.0,0.0013,0.0524,47.6186,77.79,1,1
181350.0,0.0013,-0.0349,47.307,-65.47,1,1
181360.0,0.0013,-0.0076,47.0493,48.75,1,1
181367.0,0.0013,0.0502,46.8361,77.38,1,1
181377.0,0.0013,-0.0338,46.6597,-59.07,1,1
181390.0,0.0013,-0.0087,46.5138,47.94,1,1
181400.0,0.0013,0.0502,46.3931,81.36,1,1
181410.0,0.0013,-0.048,46.2932,-71.03,1,1
181417.0,0.0013,0.0,46.2106,52.28,1,1
181427.0,0.0013,0.0469,46.1422,80.75,1,1
181440.0,0.0013,-0.0513,46.0857,-65.47,1,1
181450.0,0.0013,-0.0011,46.0389,50.64,1,1
181460.0,0.0013,0.0524,46.0002,77.36,1,1
181468.0,0.0013,-0.0349,47.0987,-63.64,1,1
181480.0,0.0013,0.0164,46.877,60.24,1,1
181490.0,0.0024,0.0469,46.6935,81.79,1,1
181500.0,0.0013,-0.0415,46.5418,-66.62,1,1
181511.0,0.0013,0.0087,46.4162,63.94,1,1
181517.0,0.0024,0.0491,46.3123,82.05,1,1
181528.0,0.0013,-0.036,45.0959,-64.45,1,1
181541.0,0.0013,0.0011,45.2201,52.2,1,1
181551.0,0.0024,0.048,45.3228,79.92,1,1
181561.0,0.0013,-0.0349,45.4078,-59.01,1,1
181568.0,0.0024,0.0251,45.4781,68.6,1,1
181578.0,0.0024,0.036,44.4058,75.98,1,1
181591.0,0.0024,-0.0175,44.6492,46.81,1,1
181601.0,0.0024,0.0229,44.8506,66.99,1,1
181611.0,0.0024,0.0382,45.0171,86.15,1,1
181619.0,0.0024,-0.0404,46.2854,-58.21,1,1
181631.0,0.0024,0.0087,46.2041,59.9,1,1
181641.0,0.0024,0.0327,46.1369,70.93,1,1
181651.0,0.0024,-0.0371,46.0813,-59.0,1,1
181661.0,0.0024,0.0131,46.0353,62.01,1,1
181668.0,0.0024,0.0185,45.9972,64.75,1,1
181678.0,0.0024,-0.0556,44.8352,-63.25,1,1
181691.0,0.0024,0.0,45.0044,56.5,1,1
181701.0,0.0024,0.0076,45.1444,59.14,1,1
181711.0,0.0013,-0.0665,45.2602,-73.19,1,1
181718.0,0.0013,-0.0087,45.356,46.67,1,1
181728.0,0.0013,0.0087,45.4353,55.42,1,1
181741.0,0.0013,-0.0513,45.5009,-65.5,1,1
181751.0,0.0013,0.0098,45.5551,56.01,1,1
181761.0,0.0013,0.0371,45.6,69.66,1,1
181768.0,0.0013,-0.0524,45.6371,-66.02,1,1
181778.0,0.0013,0.0055,45.6678,53.86,1,1
181791.0,0.0013,0.0055,45.6932,55.96,1,1
181801.0,0.0002,-0.0535,45.7142,-74.34,1,1
181812.0,0.0002,-0.0153,45.7316,-51.63,1,1
181818.0,0.0002,0.0,45.746,46.94,1,1
181828.0,-0.0009,-0.0665,44.6274,-81.62,1,1
181841.0,-0.0009,-0.0022,44.8325,-49.48,1,1
181851.0,-0.0009,0.0033,45.0022,-46.78,1,1
181862.0,-0.0009,-0.0633,44.0121,-80.0,1,1
181869.0,-0.0009,0.0011,44.3235,-47.85,1,1
181879.0,-0.0009,0.0349,45.7116,59.93,1,1
181891.0,-0.0009,-0.0458,45.7294,-71.42,1,1
181902.0,-0.0009,-0.0022,44.6137,-49.53,1,1
181912.0,-0.0009,0.0295,44.8212,57.13,1,1
181920.0,-0.0009,-0.0469,44.9928,-71.93,1,1
181932.0,-0.0009,-0.0044,44.0043,-54.79,1,1
181942.0,-0.0009,0.0338,44.3171,59.83,1,1
181952.0,-0.002,-0.0458,44.5758,-78.43,1,1
181962.0,-0.002,-0.0076,43.6593,-61.05,1,1
181969.0,-0.0009,0.0305,44.0316,58.93,1,1
181979.0,-0.002,-0.0305,44.3397,-67.03,1,1
181992.0,-0.002,-0.0055,43.464,-54.64,1,1
182002.0,-0.0009,0.0371,42.7395,61.49,1,1
182012.0,-0.0009,-0.0153,43.2707,-56.53,1,1
182019.0,-0.0009,0.0229,43.7102,54.35,1,1
182029.0,-0.0009,0.06,42.9432,72.74,1,1
182042.0,-0.0009,0.0065,43.4392,45.95,1,1
182052.0,0.0002,0.0142,43.8496,54.08,1,1
182062.0,0.0002,0.0567,43.0585,75.25,1,1
182071.0,0.0002,0.0076,42.4041,50.62,1,1
182082.0,0.0002,0.0011,42.9933,47.34,1,1
182092.0,0.0002,0.0338,43.4807,65.8,1,1
182102.0,0.0002,-0.012,42.7533,-50.17,1,1
182112.0,0.0002,0.0022,42.1517,47.55,1,1
182119.0,0.0013,0.0338,41.6539,67.73,1,1
182129.0,0.0002,-0.0229,42.3726,-55.51,1,1
182142.0,0.0002,0.0011,42.9672,47.12,1,1
182152.0,0.0013,0.0338,42.3286,67.82,1,1
182163.0,0.0002,-0.0207,41.8003,-57.48,1,1
182169.0,0.0013,0.0371,42.4937,69.91,1,1
182180.0,0.0013,0.0371,43.0674,69.86,1,1
182192.0,0.0013,-0.0229,42.4114,-50.81,1,1
182202.0,0.0013,0.0098,42.9993,57.16,1,1
182213.0,0.0013,0.0273,43.4856,64.69,1,1
182221.0,0.0013,-0.0262,42.7575,-54.8,1,1
182232.0,0.0013,0.0142,42.1551,58.34,1,1
182243.0,0.0013,0.0316,41.6567,72.23,1,1
182253.0,0.0013,-0.0327,42.375,-64.86,1,1
182263.0,0.0013,0.0055,42.9691,54.44,1,1
182270.0,0.0013,0.0371,42.3302,70.08,1,1
182280.0,0.0013,-0.0382,41.8016,-61.35,1,1
182293.0,0.0013,-0.0011,41.3643,51.16,1,1
182303.0,0.0013,0.048,41.0025,75.52,1,1
182313.0,0.0013,-0.0415,41.8338,-62.94,1,1
182320.0,0.0013,0.0142,42.5214,58.89,1,1
182330.0,0.0024,0.0535,41.9598,82.69,1,1
182343.0,0.0013,-0.0349,41.4952,-56.48,1,1
182353.0,0.0024,0.0175,42.2413,64.47,1,1
182363.0,0.0024,0.0633,42.8586,87.33,1,1
182372.0,0.0024,-0.0393,42.2387,-58.79,1,1
182383.0,0.0024,-0.0087,41.7259,51.71,1,1
182393.0,0.0024,0.0513,41.3017,85.72,1,1
182403.0,0.0024,-0.0469,40.9507,-61.81,1,1
182413.0,0.0024,-0.0196,40.6604,45.79,1,1
182420.0,0.0024,0.0545,40.4202,85.94,1,1
182430.0,0.0024,-0.0142,40.2215,47.95,1,1
182443.0,0.0024,-0.0207,40.0572,-45.6,1,1
182453.0,0.0024,0.0502,39.9212,80.18,1,1
182463.0,0.0024,-0.024,40.9392,-47.24,1,1
182470.0,0.0024,-0.0087,41.7814,50.86,1,1
182480.0,0.0024,0.0404,41.3476,75.4,1,1
182493.0,0.0024,-0.0229,40.9887,-46.66,1,1
182503.0,0.0024,-0.0098,41.8223,50.36,1,1
182513.0,0.0035,0.0382,42.512,78.76,1,1
182521.0,0.0024,-0.0164,41.952,47.1,1,1
182531.0,0.0024,-0.0382,41.4887,-71.06,1,1
182543.0,0.0024,0.036,41.1054,78.62,1,1
182553.0,0.0024,-0.0284,40.7884,-47.97,1,1
182564.0,0.0024,-0.0436,40.5261,-60.06,1,1
182571.0,0.0024,0.0295,41.4396,71.43,1,1
182581.0,0.0024,0.0142,41.0649,64.53,1,1
182594.0,0.0024,-0.0654,40.7548,-71.29,1,1
182604.0,0.0024,0.0393,41.6288,80.29,1,1
182614.0,0.0024,-0.0098,41.2214,51.79,1,1
182621.0,0.0013,-0.0578,40.8843,-75.59,1,1
182631.0,0.0024,0.0371,40.6055,79.07,1,1
182644.0,0.0024,-0.0109,41.5053,50.15,1,1
182654.0,0.0013,-0.0513,42.2497,-71.27,1,1
182664.0,0.0013,0.0415,41.735,72.7,1,1
182671.0,0.0013,-0.0076,41.3092,47.92,1,1
182681.0,0.0013,-0.0567,40.957,-80.84,1,1
182694.0,0.0013,0.0327,40.6656,77.96,1,1
182704.0,0.0013,-0.0033,40.4245,49.98,1,1
182714.0,0.0013,-0.0764,40.2251,-83.34,1,1
182721.0,0.0013,0.0022,40.0601,57.44,1,1
182731.0,0.0013,0.0153,41.0541,59.02,1,1
182744.0,0.0002,-0.0774,41.8764,-82.28,1,1
182754.0,0.0002,-0.0033,41.4262,-45.24,1,1
182764.0,0.0013,0.0556,41.0537,78.96,1,1
182771.0,0.0002,-0.0578,40.7456,-73.63,1,1
182782.0,0.0002,-0.0284,40.4907,-57.74,1,1
182794.0,0.0002,0.0524,40.2799,72.9,1,1
182804.0,0.0002,-0.0316,40.1054,-59.47,1,1
182814.0,0.0002,-0.0153,39.9611,-52.36,1,1
182822.0,0.0002,0.0545,39.8417,73.99,1,1
182832.0,0.0002,-0.024,39.743,-55.61,1,1
182844.0,0.0002,-0.0142,40.7917,-57.1,1,1
182854.0,0.0002,0.0545,40.5289,77.87,1,1
182865.0,0.0002,-0.0273,39.1809,-57.06,1,1
182872.0,0.0002,-0.0229,39.1963,-61.24,1,1
182882.0,0.0013,0.0567,39.209,80.21,1,1
182895.0,0.0002,-0.0207,39.2195,-57.49,1,1
182905.0,0.0002,-0.0393,39.2282,-67.43,1,1
182915.0,0.0002,0.0545,39.2354,77.47,1,1
182922.0,0.0002,-0.0033,39.2414,-44.36,1,1
182932.0,0.0002,-0.0371,39.2463,-61.48,1,1
182945.0,0.0013,0.0567,39.2504,79.83,1,1
182955.0,0.0013,-0.0109,39.2538,45.88,1,1
182965.0,0.0002,-0.0327,39.2565,-68.1,1,1
182974.0,0.0013,0.0644,39.2589,84.42,1,1
182985.0,0.0013,0.0142,39.2608,63.23,1,1
182995.0,0.0013,-0.0349,39.2623,-62.79,1,1
183005.0,0.0013,0.0644,39.2636,84.1,1,1
183015.0,0.0013,0.0109,39.2647,60.29,1,1
183022.0,0.0013,-0.0425,39.2656,-68.78,1,1
183032.0,0.0013,0.0491,39.2664,79.83,1,1
183045.0,0.0024,0.0175,39.267,64.54,1,1
183055.0,0.0013,-0.0665,39.2675,-83.7,1,1
183065.0,0.0013,0.0295,39.2679,72.7,1,1
183072.0,0.0013,0.0316,39.2682,67.46,1,1
183082.0,0.0013,-0.0611,38.138,-75.5,1,1
183095.0,0.0013,0.0513,38.3335,86.13,1,1
183105.0,0.0024,0.0415,38.4953,75.82,1,1
183115.0,0.0013,-0.0305,38.6291,-66.2,1,1
183123.0,0.0024,0.0109,39.8703,68.44,1,1
183133.0,0.0024,0.0436,39.7666,77.37,1,1
183145.0,0.0024,-0.0458,39.6808,-63.99,1,1
183155.0,0.0024,0.0055,39.6098,58.96,1,1
183165.0,0.0024,0.0545,38.4206,83.23,1,1
183175.0,0.0024,-0.0578,37.4368,-63.18,1,1
183185.0,0.0024,0.0022,37.7534,57.75,1,1
183195.0,0.0024,0.06,38.0154,85.37,1,1
183205.0,0.0024,-0.0382,38.2321,-53.86,1,1
183216.0,0.0013,-0.0273,38.4113,-62.26,1,1
183223.0,0.0024,0.0447,38.5596,80.96,1,1
183233.0,0.0013,-0.0491,38.6823,-71.49,1,1
183245.0,0.0013,-0.0371,37.6533,-56.1,1,1
183256.0,0.0013,0.0393,36.802,71.71,1,1
183266.0,0.0013,-0.0425,37.2283,-59.44,1,1
183273.0,0.0013,-0.0316,37.5809,-54.24,1,1
183283.0,0.0013,0.0556,37.8727,79.24,1,1
183296.0,0.0013,-0.0207,38.114,-49.16,1,1
183306.0,0.0013,-0.0393,38.3137,-65.89,1,1
183316.0,0.0013,0.0502,38.4788,77.16,1,1
183323.0,0.0013,-0.0142,38.6155,-45.42,1,1
183333.0,0.0013,-0.0502,38.7285,-68.88,1,1
183346.0,0.0013,0.06,38.822,87.36,1,1
183356.0,0.0013,-0.0098,38.8994,46.25,1,1
183366.0,0.0013,-0.0698,37.8329,-78.13,1,1
183375.0,0.0013,0.0491,36.9506,80.2,1,1
183386.0,0.0013,0.0076,37.3512,54.58,1,1
183396.0,0.0002,-0.0709,37.6826,-82.23,1,1
183406.0,0.0013,0.0349,37.9568,71.77,1,1
183416.0,0.0013,0.0098,37.0531,55.52,1,1
183424.0,0.0002,-0.0545,36.3055,-81.4,1,1
183434.0,0.0002,0.0207,36.8175,59.06,1,1
183446.0,0.0002,0.0382,37.2411,66.34,1,1
183456.0,0.0002,-0.048,37.5916,-67.99,1,1
183466.0,0.0013,0.0142,37.8815,58.53,1,1
183474.0,0.0013,0.0556,38.1213,79.12,1,1
183484.0,0.0002,-0.0654,37.1892,-75.93,1,1
183496.0,0.0013,0.0142,36.4181,58.09,1,1
183506.0,0.0002,0.0338,36.9107,63.49,1,1
183516.0,0.0002,-0.0436,37.3182,-70.5,1,1
183524.0,0.0002,-0.0175,37.6553,-51.55,1,1
183534.0,0.0013,0.0436,36.8037,73.16,1,1
183546.0,0.0002,-0.0524,36.0992,-70.27,1,1
183556.0,0.0002,-0.0273,36.6468,-60.88,1,1
183567.0,0.0002,0.0556,37.0999,75.14,1,1
183574.0,0.0002,-0.0415,36.3442,-68.76,1,1
183584.0,0.0002,-0.0295,35.7191,-56.96,1,1
183597.0,0.0002,0.048,36.3324,71.33,1,1
183607.0,0.0002,-0.0164,36.8398,-50.97,1,1
183617.0,0.0002,-0.0295,37.2595,-57.72,1,1
183626.0,0.0002,0.0567,36.4763,75.17,1,1
183637.0,0.0002,0.0142,35.8283,61.09,1,1
183647.0,0.0013,-0.0164,36.4228,-48.07,1,1
183657.0,0.0013,0.0513,36.9146,75.78,1,1
183667.0,0.0013,0.0316,36.1909,68.12,1,1
183674.0,0.0013,-0.0164,35.5922,-47.99,1,1
183684.0,0.0013,0.0425,36.2275,71.4,1,1
183697.0,0.0013,0.0295,35.6225,64.92,1,1
183707.0,0.0013,-0.036,35.122,-63.78,1,1
183717.0,0.0013,0.0098,35.8384,58.18,1,1
183725.0,0.0013,0.024,35.3007,62.75,1,1
183735.0,0.0013,-0.024,34.8558,-55.21,1,1
183747.0,0.0024,0.0011,35.6182,56.16,1,1
183757.0,0.0013,0.0393,35.1185,70.73,1,1
183767.0,0.0013,-0.0327,34.705,-60.33,1,1
183775.0,0.0013,0.0011,35.4935,53.2,1,1
183785.0,0.0024,0.0447,36.1458,78.02,1,1
183797.0,0.0013,-0.0295,36.6854,-53.46,1,1
183807.0,0.0024,-0.012,36.0013,49.4,1,1
183817.0,0.0024,0.0764,35.4354,93.46,1,1
183825.0,0.0024,-0.0382,36.0977,-57.88,1,1
183835.0,0.0013,-0.0251,36.6457,-51.05,1,1
183847.0,0.0013,0.0295,35.9684,65.94,1,1
183857.0,0.0013,-0.0218,35.4082,-49.61,1,1
183868.0,0.0013,-0.0469,36.0752,-64.4,1,1
183875.0,0.0013,0.0262,35.4965,64.25,1,1
183885.0,0.0013,-0.0338,35.0178,-55.61,1,1
183897.0,0.0013,-0.0502,35.7523,-71.27,1,1
183907.0,0.0013,0.0153,35.2293,60.52,1,1
183918.0,0.0002,-0.0011,34.7968,46.51,1,1
183925.0,0.0002,-0.0589,35.5694,-72.33,1,1
183935.0,0.0002,0.0055,35.0781,49.47,1,1
183948.0,0.0002,0.0098,34.6716,51.52,1,1
183958.0,0.0002,-0.0513,35.4659,-69.9,1,1
183968.0,0.0002,0.0098,36.1229,51.57,1,1
183975.0,0.0002,0.024,35.536,58.54,1,1
183986.0,-0.0009,-0.0578,35.0505,-78.64,1,1
183998.0,0.0002,0.0065,35.7793,49.98,1,1
184008.0,-0.0009,0.0436,35.2517,64.04,1,1
184018.0,-0.0009,-0.0382,34.8153,-66.67,1,1
184026.0,-0.0009,-0.0055,35.5847,-50.42,1,1
184036.0,0.0002,0.0436,35.0907,68.2,1,1
184048.0,-0.0009,-0.0305,34.6821,-64.05,1,1
184058.0,0.0002,-0.0305,34.344,-62.7,1,1
184068.0,-0.0009,0.0513,34.0644,68.17,1,1
184076.0,-0.0009,-0.0327,33.833,-66.72,1,1
184086.0,-0.0009,-0.0251,33.6416,-66.79,1,1
184098.0,0.0002,0.0382,33.4833,68.99,1,1
184108.0,-0.0009,0.0033,33.3523,-45.08,1,1
184118.0,0.0002,-0.0338,33.2439,-59.47,1,1
184126.0,0.0002,0.0404,33.1543,66.96,1,1
184137.0,0.0002,0.0251,34.2106,59.23,1,1
184148.0,0.0002,-0.0305,33.954,-58.31,1,1
184158.0,0.0002,0.0393,33.7417,66.1,1,1
184168.0,0.0002,0.0382,34.6966,65.53,1,1
184176.0,0.0002,-0.0262,34.356,-59.51,1,1
184186.0,0.0002,0.0425,34.0743,68.0,1,1
184198.0,0.0002,0.0404,33.8412,66.77,1,1
184208.0,0.0002,-0.0338,33.6484,-62.08,1,1
184219.0,0.0013,0.0076,33.4889,56.96,1,1
184228.0,0.0013,0.0393,33.3569,71.33,1,1
184238.0,0.0013,-0.0131,33.2478,-45.61,1,1
184248.0,0.0013,-0.0131,33.1575,-45.6,1,1
184259.0,0.0013,0.0458,33.0827,73.35,1,1
184269.0,0.0013,-0.0262,33.0209,-54.24,1,1
184279.0,0.0002,-0.0185,32.9698,-58.69,1,1
184289.0,0.0002,-0.0175,32.9275,-53.17,1,1
184299.0,0.0002,-0.0251,32.8925,-57.97,1,1
184309.0,0.0002,-0.0251,31.7331,-55.61,1,1
184319.0,0.0002,0.0087,31.9044,51.58,1,1
184327.0,0.0002,-0.0011,33.1766,46.49,1,1
184337.0,0.0002,0.0447,33.0986,69.2,1,1
184349.0,0.0013,0.0262,31.9036,64.08,1,1
184359.0,0.0013,0.0065,32.0454,54.15,1,1
184369.0,0.0013,0.0371,32.1628,72.47,1,1
184377.0,0.0013,0.0251,32.2599,62.84,1,1
184387.0,0.0013,0.0251,33.4707,66.06,1,1
184399.0,0.0024,0.0393,33.3419,73.97,1,1
184409.0,0.0024,0.024,32.1048,66.36,1,1
184419.0,0.0024,0.0076,32.2119,58.27,1,1
184429.0,0.0024,0.0218,32.3005,65.42,1,1
184439.0,0.0024,0.0109,32.3738,60.02,1,1
184449.0,0.0024,-0.0185,32.4345,45.34,1,1
184459.0,0.0024,0.0087,32.4847,59.01,1,1
184469.0,0.0024,0.0087,32.5262,59.04,1,1
184479.0,0.0024,-0.0087,31.43,50.28,1,1
184489.0,0.0024,0.0044,31.6537,56.85,1,1
184499.0,0.0024,0.0033,31.8387,56.32,1,1
184509.0,0.0024,-0.0142,31.9918,47.62,1,1
184520.0,0.0024,0.0185,32.1184,63.99,1,1
184529.0,0.0024,-0.0033,32.2232,53.1,1,1
184539.0,0.0024,-0.0131,33.4403,48.25,1,1
184549.0,0.0024,0.0022,33.3168,55.89,1,1
184559.0,0.0024,-0.0076,33.2145,50.98,1,1
184570.0,0.0024,-0.0142,33.13,47.7,1,1
184580.0,0.0024,-0.0033,33.06,53.16,1,1
184589.0,0.0024,-0.0087,33.0021,50.43,1,1
184599.0,0.0024,-0.0262,32.9542,-47.79,1,1
184609.0,0.0024,-0.0207,32.9146,-45.06,1,1
184620.0,0.0013,-0.0305,32.8819,-56.42,1,1
184629.0,0.0013,-0.0327,32.8548,-57.23,1,1
184640.0,0.0013,-0.0207,32.8323,-48.91,1,1
184650.0,0.0013,-0.0175,32.8138,-47.38,1,1
184660.0,0.0013,-0.0218,32.7984,-51.73,1,1
184670.0,0.0013,0.0044,32.7857,53.14,1,1
184679.0,0.0013,-0.0044,31.6447,48.61,1,1
184690.0,0.0013,-0.0153,31.8313,-46.28,1,1
184700.0,0.0013,0.0153,31.9857,58.29,1,1
184710.0,0.0013,-0.0055,32.1134,47.88,1,1
184720.0,0.0024,0.0022,32.219,56.02,1,1
184730.0,0.0024,0.0502,31.1759,79.93,1,1
184740.0,0.0024,0.0207,31.4434,70.43,1,1
184750.0,0.0024,-0.0044,32.7953,52.0,1,1
184760.0,0.0024,0.0207,32.7831,64.66,1,1
184770.0,0.0024,0.0142,31.6426,61.43,1,1
184778.0,0.0024,0.0087,31.8295,58.79,1,1
184789.0,0.0035,0.0251,31.9842,71.4,1,1
184800.0,0.0024,0.0011,32.1121,55.1,1,1
184810.0,0.0035,-0.0175,32.218,50.23,1,1
184820.0,0.0035,0.0164,32.3055,67.18,1,1
184828.0,0.0035,0.0,32.378,59.03,1,1
184839.0,0.0024,-0.0295,31.3074,-49.4,1,1
184850.0,0.0024,0.0076,31.5522,58.48,1,1
184860.0,0.0024,-0.0164,31.7548,46.5,1,1
184870.0,0.0024,-0.024,31.9224,-46.67,1,1
184880.0,0.0024,0.0022,32.061,55.81,1,1
184890.0,0.0013,-0.0175,32.1757,-47.76,1,1
184900.0,0.0013,-0.0393,32.2705,-63.91,1,1
184910.0,0.0013,0.0033,32.349,53.76,1,1
184921.0,0.0013,-0.0098,32.414,45.9,1,1
184929.0,0.0013,-0.0207,32.4677,-49.07,1,1
184940.0,0.0013,0.0185,32.5121,59.94,1,1
184951.0,0.0013,-0.0055,31.4184,47.83,1,1
184961.0,0.0024,-0.0185,31.644,45.62,1,1
184971.0,0.0024,0.0229,32.9612,66.38,1,1
184981.0,0.0013,-0.0033,32.9204,48.89,1,1
184991.0,0.0013,-0.0305,31.7562,-54.17,1,1
185001.0,0.0013,0.0175,31.9235,59.17,1,1
185011.0,0.0013,-0.0175,32.0619,-47.68,1,1
185021.0,0.0013,-0.0229,32.1764,-53.56,1,1
185031.0,0.0013,0.0142,32.2712,57.94,1,1
185041.0,0.0013,-0.0175,31.219,-47.32,1,1
185051.0,0.0013,-0.0185,31.4792,-47.95,1,1
185061.0,0.0013,0.0284,31.6943,64.78,1,1
185071.0,0.0013,-0.0098,30.7418,45.59,1,1
185081.0,0.0013,-0.0196,31.0844,-48.61,1,1
185091.0,0.0013,0.0316,31.3677,67.33,1,1
185101.0,0.0013,-0.0142,30.4717,-46.04,1,1
185111.0,0.0013,-0.0076,30.8609,46.47,1,1
185121.0,0.0013,0.0327,31.1828,67.72,1,1
185131.0,0.0013,-0.0142,31.4492,-46.22,1,1
185141.0,0.0013,-0.0469,31.6696,-74.08,1,1
185151.0,0.0013,0.0556,31.8518,84.86,1,1
185161.0,0.0013,-0.0055,32.0027,48.1,1,1
185171.0,0.0024,-0.024,32.1274,-46.29,1,1
185181.0,0.0013,0.048,32.2306,76.77,1,1
185191.0,0.0013,-0.012,31.1855,-45.0,1,1
185201.0,0.0013,-0.0425,31.4514,-61.32,1,1
185211.0,0.0013,0.0491,31.6714,78.16,1,1
185221.0,0.0013,-0.0185,31.8534,-48.59,1,1
185230.0,0.0013,-0.06,32.0039,-69.26,1,1
185241.0,0.0013,0.0327,30.9979,71.72,1,1
185251.0,0.0013,-0.0033,30.1657,47.79,1,1
185261.0,0.0013,-0.0556,30.6078,-67.42,1,1
185272.0,0.0013,0.0393,30.9735,69.41,1,1
185280.0,0.0013,0.0109,31.276,55.36,1,1
185290.0,0.0013,-0.0567,31.5263,-68.73,1,1
185302.0,0.0013,0.0458,30.6028,73.08,1,1
185312.0,0.0013,0.0,30.9694,50.21,1,1
185322.0,0.0013,-0.0447,31.2726,-64.55,1,1
185330.0,0.0013,0.0425,31.5234,71.97,1,1
185341.0,0.0013,0.0044,31.731,52.82,1,1
185352.0,0.0013,-0.0545,30.7722,-69.11,1,1
185362.0,0.0013,0.0545,31.1095,78.2,1,1
185372.0,0.0013,0.0164,31.3885,59.01,1,1
185380.0,0.0013,-0.048,30.4888,-62.52,1,1
185391.0,0.0013,0.048,30.8751,77.77,1,1
185402.0,0.0013,0.0218,31.1946,61.07,1,1
185412.0,0.0013,-0.0513,30.3284,-68.86,1,1
185422.0,0.0013,0.0316,30.7424,73.91,1,1
185431.0,0.0013,0.0458,31.0848,72.62,1,1
185441.0,0.0013,-0.048,30.2376,-66.52,1,1
185452.0,0.0024,0.0305,30.6672,69.97,1,1
185462.0,0.0013,0.0513,31.0226,75.98,1,1
185472.0,0.0024,-0.0404,30.1862,-54.69,1,1
185481.0,0.0024,0.0284,29.4942,68.81,1,1
185491.0,0.0024,0.0644,30.0522,89.98,1,1
185502.0,0.0024,-0.0284,30.5139,-49.13,1,1
185512.0,0.0035,0.0087,29.7653,68.27,1,1
185523.0,0.0024,0.0742,30.2765,90.79,1,1
185532.0,0.0024,-0.024,30.6994,-47.32,1,1
185542.0,0.0035,0.0033,29.9188,60.03,1,1
185552.0,0.0035,0.0894,30.4035,103.26,1,1
185562.0,0.0035,-0.0273,30.8044,45.02,1,1
185573.0,0.0046,0.0033,31.1362,64.75,1,1
185581.0,0.0046,0.0578,31.4106,92.1,1,1
185592.0,0.0035,-0.012,30.5071,52.83,1,1
185602.0,0.0046,-0.0055,29.7597,60.47,1,1
185612.0,0.0046,0.0567,30.2719,91.62,1,1
185623.0,0.0046,-0.0273,30.6956,49.67,1,1
185631.0,0.0046,-0.0109,29.9156,58.88,1,1
185642.0,0.0046,0.036,30.4008,81.19,1,1
185653.0,0.0035,-0.0338,30.8023,-47.26,1,1
185663.0,0.0046,-0.0295,30.0039,48.52,1,1
185673.0,0.0035,0.0295,30.4739,73.65,1,1
185681.0,0.0035,-0.0305,30.8627,-45.55,1,1
185692.0,0.0035,-0.0327,31.1844,-46.65,1,1
185703.0,0.0035,0.0262,31.4505,72.12,1,1
185713.0,0.0035,-0.0207,30.5401,48.63,1,1
185723.0,0.0035,-0.0502,30.9175,-55.32,1,1
185733.0,0.0035,0.0338,31.2297,75.95,1,1
185743.0,0.0024,-0.0207,31.4879,-44.99,1,1
185753.0,0.0035,-0.0513,31.7016,-59.05,1,1
185763.0,0.0035,0.0404,31.8784,79.69,1,1
185773.0,0.0024,0.0044,32.0246,61.44,1,1
185782.0,0.0024,-0.0382,32.1455,-66.6,1,1
185792.0,0.0035,0.0382,32.2456,80.69,1,1
185803.0,0.0024,-0.0545,31.1979,-63.99,1,1
185813.0,0.0024,0.0327,31.4617,72.3,1,1
185823.0,0.0024,0.0098,31.6799,60.61,1,1
185832.0,0.0024,0.0098,30.7299,60.37,1,1
185843.0,0.0024,-0.06,31.0745,-68.14,1,1
185853.0,0.0024,0.0065,31.3596,61.13,1,1
185863.0,0.0024,-0.0524,30.4649,-66.44,1,1
185874.0,0.0024,0.0175,30.8553,64.7,1,1
185883.0,0.0024,0.0185,31.1782,65.0,1,1
185893.0,0.0024,-0.0393,30.3149,-54.39,1,1
185903.0,0.0024,0.0087,30.7311,59.84,1,1
185913.0,0.0024,0.0316,31.0755,71.15,1,1
185924.0,0.0024,-0.0196,30.2299,45.34,1,1
185933.0,0.0024,-0.0196,30.6609,45.26,1,1
185943.0,0.0024,0.0262,31.0174,68.1,1,1
185954.0,0.0024,-0.012,31.3123,48.96,1,1
185964.0,0.0024,0.0229,31.5563,68.47,1,1
185974.0,0.0024,0.012,30.6277,60.55,1,1
185984.0,0.0024,-0.0098,30.9899,49.69,1,1
185994.0,0.0035,0.012,31.2896,64.99,1,1
186004.0,0.0035,0.0011,31.5375,59.56,1,1
186014.0,0.0024,-0.0185,31.7426,45.4,1,1
186024.0,0.0024,0.0109,31.9123,60.15,1,1
186034.0,0.0024,-0.0022,32.0527,53.62,1,1
186044.0,0.0024,-0.0262,31.0383,-47.7,1,1
186054.0,0.0035,0.0415,31.3296,79.77,1,1
186064.0,0.0035,-0.0055,31.5706,56.33,1,1
186074.0,0.0024,-0.0218,30.6395,-45.48,1,1
186083.0,0.0024,-0.0218,30.9997,-45.5,1,1
186094.0,0.0024,0.0229,31.2977,66.14,1,1
186104.0,0.0024,-0.0142,30.4137,47.56,1,1
186114.0,0.0035,0.036,30.8129,77.03,1,1
186124.0,0.0024,-0.0153,31.1432,47.05,1,1
186134.0,0.0024,-0.0044,31.4164,56.71,1,1
186144.0,0.0035,0.0229,31.6424,69.97,1,1
186154.0,0.0024,-0.0142,31.8294,47.19,1,1
186164.0,0.0024,0.0,31.9841,54.38,1,1
186175.0,0.0035,0.0262,30.9815,71.85,1,1
186184.0,0.0035,-0.0087,31.2827,54.47,1,1
186194.0,0.0035,0.0033,32.6623,63.73,1,1
186204.0,0.0035,0.0185,32.6731,67.84,1,1
186214.0,0.0035,-0.0033,31.5516,56.99,1,1
186225.0,0.0035,-0.0076,31.7542,54.91,1,1
186234.0,0.0035,-0.0076,31.9219,54.99,1,1
186245.0,0.0035,-0.0327,32.0606,-46.88,1,1
186255.0,0.0035,-0.0022,32.1753,57.83,1,1
186265.0,0.0035,0.0175,31.1398,67.64,1,1
186275.0,0.0035,-0.0218,31.4136,48.04,1,1
186285.0,0.0035,-0.0044,31.6401,56.8,1,1
186295.0,0.0035,-0.0087,31.8275,54.65,1,1
186305.0,0.0035,-0.0022,31.9825,57.95,1,1
186315.0,0.0035,0.0065,30.9802,62.27,1,1
186325.0,0.0035,-0.0065,31.2816,55.75,1,1
186335.0,0.0035,-0.0164,31.5309,50.86,1,1
186345.0,0.0035,0.0065,31.7371,62.33,1,1
186355.0,0.0035,0.0011,31.9077,59.62,1,1
186365.0,0.0035,-0.012,32.0489,53.09,1,1
186375.0,0.0035,0.0,33.2962,59.15,1,1
186385.0,0.0035,-0.0131,33.1975,52.6,1,1
186395.0,0.0035,-0.0087,31.9854,54.73,1,1
186405.0,0.0035,-0.0011,32.1131,58.55,1,1
186415.0,0.0035,-0.0185,32.2188,49.83,1,1
186425.0,0.0035,-0.0098,32.3062,54.2,1,1
186435.0,0.0035,-0.0164,32.3785,50.93,1,1
186445.0,0.0035,-0.0175,32.4384,50.39,1,1
186455.0,0.0035,-0.0087,32.4879,54.76,1,1
186465.0,0.0035,0.0011,32.5288,59.67,1,1
186475.0,0.0024,-0.0185,32.5627,45.49,1,1
186485.0,0.0024,-0.0022,31.4602,53.62,1,1
186495.0,0.0024,-0.0087,31.6787,50.35,1,1
186505.0,0.0024,-0.012,31.8594,48.73,1,1
186515.0,0.0024,-0.0055,32.0089,52.01,1,1
186526.0,0.0024,-0.0175,32.1326,46.01,1,1
186536.0,0.0024,-0.0109,32.2349,49.29,1,1
186546.0,0.0024,-0.0044,33.45,52.63,1,1
186556.0,0.0024,-0.0076,33.3248,50.98,1,1
186566.0,0.0024,0.0044,33.2212,56.98,1,1
186576.0,0.0024,0.0076,33.1355,58.61,1,1
186586.0,0.0024,-0.0055,33.0645,52.06,1,1
186596.0,0.0035,-0.0087,33.0059,54.78,1,1
186606.0,0.0035,-0.0098,32.9573,54.24,1,1
186616.0,0.0024,-0.0142,32.9172,47.69,1,1
186626.0,0.0024,-0.0175,32.884,46.05,1,1
186636.0,0.0024,-0.0044,32.8565,52.59,1,1
186646.0,0.0024,-0.024,32.8338,-46.7,1,1
186656.0,0.0024,-0.0131,32.815,48.23,1,1
186666.0,0.0024,-0.0207,31.6689,-44.99,1,1
186676.0,0.0024,-0.0196,31.8513,44.91,1,1
186686.0,0.0024,-0.0142,32.0022,47.64,1,1
186696.0,0.0024,-0.0131,32.1271,48.19,1,1
186706.0,0.0024,-0.0011,33.3608,54.26,1,1
186716.0,0.0024,0.0076,33.251,58.61,1,1
186726.0,0.0024,-0.0153,32.0296,47.1,1,1
186736.0,0.0024,0.0044,32.1497,56.92,1,1
186746.0,0.0024,-0.0044,33.3796,52.62,1,1
186756.0,0.0024,0.0033,33.2665,56.43,1,1
186766.0,0.0024,0.0044,33.173,56.97,1,1
186776.0,0.0024,0.0087,33.0956,59.15,1,1
186786.0,0.0024,-0.0131,33.0315,48.24,1,1
186796.0,0.0024,0.0022,32.9786,55.87,1,1
186806.0,0.0024,-0.0131,32.9348,48.23,1,1
186816.0,0.0024,-0.0185,32.8985,45.51,1,1
186827.0,0.0024,-0.0109,32.8685,49.32,1,1
186836.0,0.0013,-0.0142,32.8437,-46.15,1,1
186847.0,0.0013,0.0,32.8232,50.41,1,1
186857.0,0.0013,-0.0076,32.8062,46.59,1,1
186867.0,0.0013,-0.0164,32.7922,-47.24,1,1
186877.0,0.0013,-0.0175,32.7806,-47.79,1,1
186887.0,0.0024,-0.0033,32.771,53.13,1,1
186897.0,0.0024,-0.024,32.763,-46.69,1,1
186907.0,0.0024,0.0076,32.7564,58.59,1,1
186917.0,0.0024,0.0044,32.751,56.95,1,1
186927.0,0.0013,-0.0218,32.7465,-49.97,1,1
186936.0,0.0024,0.0164,33.8733,63.01,1,1
186947.0,0.0024,0.0153,33.6749,62.45,1,1
186957.0,0.0024,-0.0076,33.5108,50.99,1,1
186967.0,0.0024,0.0295,33.3751,69.53,1,1
186977.0,0.0024,0.0065,33.2628,58.07,1,1
186987.0,0.0024,-0.0098,33.1699,49.88,1,1
186997.0,0.0024,0.0087,33.093,59.15,1,1
187007.0,0.0024,-0.0065,33.0294,51.51,1,1
187017.0,0.0024,-0.0207,32.9768,-45.07,1,1
187027.0,0.0024,0.0033,32.9333,56.41,1,1
187037.0,0.0024,-0.0098,31.7668,49.81,1,1
187047.0,0.0024,-0.0207,31.9323,-45.01,1,1
187057.0,0.0024,0.0207,32.0692,65.1,1,1
187067.0,0.0024,-0.0196,32.1825,44.92,1,1
187078.0,0.0024,-0.0055,32.2762,52.02,1,1
187087.0,0.0024,0.0229,32.3537,66.2,1,1
187097.0,0.0024,-0.0055,33.5483,52.08,1,1
187107.0,0.0024,-0.024,33.4061,-46.74,1,1
187118.0,0.0024,0.0218,33.2884,65.7,1,1
187128.0,0.0013,-0.012,33.1911,-45.09,1,1
187138.0,0.0013,-0.0185,33.1106,-48.35,1,1
187148.0,0.0024,0.0393,33.044,74.42,1,1
187158.0,0.0024,-0.0109,32.9889,49.33,1,1
187168.0,0.0013,-0.0175,34.0738,-47.87,1,1
187178.0,0.0024,0.0404,33.8408,75.0,1,1
187187.0,0.0024,0.012,32.5175,60.76,1,1
187198.0,0.0024,-0.0262,32.5534,-47.77,1,1
187208.0,0.0024,0.0491,32.583,79.3,1,1
187218.0,0.0024,0.0131,32.6075,61.31,1,1
187228.0,0.0024,-0.0207,32.6278,-45.05,1,1
187238.0,0.0035,0.0578,32.6446,88.03,1,1
187248.0,0.0035,0.0076,32.6584,73.42,1,1
187258.0,0.0024,-0.0349,31.5394,-61.85,1,1
187268.0,0.0035,0.0556,31.7442,86.9,1,1
187278.0,0.0035,0.0164,31.9136,67.27,1,1
187288.0,0.0024,-0.0633,32.0537,-70.48,1,1
187298.0,0.0035,0.0829,32.1697,103.21,1,1
187308.0,0.0035,0.024,32.2656,71.27,1,1
187318.0,0.0035,-0.0305,32.3449,-45.45,1,1
187328.0,0.0046,0.0622,32.4106,96.77,1,1
187338.0,0.0046,0.0327,32.4649,81.74,1,1
187348.0,0.0046,-0.0262,32.5098,49.96,1,1
187358.0,0.0046,0.0578,32.5469,98.33,1,1
187368.0,0.0046,0.0404,32.5777,82.55,1,1
187379.0,0.0046,-0.0262,32.6031,49.51,1,1
187388.0,0.0057,0.0829,32.6242,108.59,1,1
187398.0,0.0057,0.0207,32.6416,77.65,1,1
187408.0,0.0057,-0.0371,32.656,48.86,1,1
187418.0,0.0057,0.036,32.6679,87.59,1,1
187429.0,0.0057,0.012,32.6777,73.29,1,1
187438.0,0.0057,-0.0382,32.6859,48.31,1,1
187449.0,0.0057,0.0273,31.5621,81.07,1,1
187459.0,0.0057,0.0076,31.763,71.34,1,1
187469.0,0.0057,-0.0513,31.9291,-47.42,1,1
187479.0,0.0057,0.0185,32.0666,77.96,1,1
187489.0,0.0057,0.0175,33.3108,76.33,1,1
187499.0,0.0057,-0.0349,33.2096,50.2,1,1
187509.0,0.0057,0.0153,33.1259,77.43,1,1
187519.0,0.0057,0.012,34.1871,73.51,1,1
187529.0,0.0057,-0.0425,33.9346,46.31,1,1
187539.0,0.0057,0.0055,33.7256,70.37,1,1
187549.0,0.0057,0.0076,33.5528,71.5,1,1
187559.0,0.0046,-0.048,33.4098,-55.42,1,1
187569.0,0.0046,-0.0022,34.422,63.05,1,1
187579.0,0.0046,0.0,34.1289,64.01,1,1
187589.0,0.0046,-0.0316,33.8864,48.09,1,1
187599.0,0.0046,-0.0316,33.6857,48.01,1,1
187609.0,0.0046,0.0109,33.5198,69.22,1,1
187619.0,0.0035,-0.0578,33.3825,-64.33,1,1
187629.0,0.0035,0.0,33.2689,61.05,1,1
187639.0,0.0035,-0.0513,33.1749,-57.55,1,1
187649.0,0.0024,-0.0513,33.0972,-59.65,1,1
187659.0,0.0024,0.0065,33.0329,58.62,1,1
187669.0,0.0024,-0.0502,32.9797,-59.35,1,1
187679.0,0.0024,0.0142,34.0662,62.29,1,1
187690.0,0.0024,0.0469,34.965,78.62,1,1
187700.0,0.0024,-0.0458,34.5781,-66.92,1,1
187710.0,0.0024,0.024,34.258,68.28,1,1
187720.0,0.0024,-0.0087,35.1237,51.67,1,1
187730.0,0.0024,-0.0469,34.7094,-63.64,1,1
187740.0,0.0024,0.0065,34.3666,62.83,1,1
187750.0,0.0024,-0.0164,34.083,47.49,1,1
187760.0,0.0013,-0.0338,33.8485,-55.37,1,1
187770.0,0.0013,0.0076,33.6544,54.8,1,1
187780.0,0.0013,-0.0229,33.4938,-54.33,1,1
187790.0,0.0013,-0.0393,33.361,-60.98,1,1
187800.0,0.0013,0.0087,33.2512,58.02,1,1
187810.0,0.0002,-0.0305,34.2908,-63.41,1,1
187820.0,0.0002,-0.0022,34.0203,46.21,1,1
187830.0,0.0002,0.0,33.7966,47.05,1,1
187840.0,0.0002,-0.0175,33.6115,-58.77,1,1
187850.0,0.0002,0.0142,33.4583,57.89,1,1
187860.0,0.0013,0.0109,33.3316,56.73,1,1
187870.0,0.0002,-0.0153,33.2268,-53.56,1,1
187880.0,0.0013,0.0185,34.2707,60.71,1,1
187890.0,0.0013,0.0087,34.0037,55.59,1,1
187901.0,0.0013,0.0022,33.7828,52.15,1,1
187911.0,0.0013,0.0109,34.7306,56.44,1,1
187921.0,0.0013,-0.0065,34.3841,47.6,1,1
187931.0,0.0013,0.0011,34.0975,51.32,1,1
187941.0,0.0013,0.0229,33.8605,62.16,1,1
187951.0,0.0013,-0.0055,33.6643,47.91,1,1
187961.0,0.0013,0.0,33.5021,50.59,1,1
187971.0,0.0013,0.0044,33.3678,52.74,1,1
187981.0,0.0013,-0.0098,33.2568,45.61,1,1
187991.0,0.0013,0.0065,33.1649,53.77,1,1
188001.0,0.0013,0.0185,33.0889,59.75,1,1
188011.0,0.0013,-0.0229,33.026,-53.63,1,1
188021.0,0.0013,-0.0033,34.1045,49.29,1,1
188031.0,0.0013,0.0,33.8662,50.82,1,1
188041.0,0.0013,0.0,33.6691,50.73,1,1
188051.0,0.0013,0.012,34.6365,56.72,1,1
188061.0,0.0013,0.0065,34.3063,53.93,1,1
188071.0,0.0013,0.0098,34.0332,55.52,1,1
188081.0,0.0024,0.0131,33.8072,61.47,1,1
188091.0,0.0024,0.0022,33.6203,55.99,1,1
188101.0,0.0024,0.0076,34.5961,58.74,1,1
188111.0,0.0024,0.0044,34.2729,57.07,1,1
188122.0,0.0024,-0.0022,34.0055,53.78,1,1
188132.0,0.0024,0.0109,34.9148,60.36,1,1
188142.0,0.0024,0.0055,34.5366,57.6,1,1
188152.0,0.0024,-0.0087,34.2237,50.49,1,1
188162.0,0.0024,-0.0033,33.9648,53.2,1,1
188172.0,0.0024,-0.0229,33.7506,-46.21,1,1
188182.0,0.0024,-0.0076,33.5735,50.99,1,1
188192.0,0.0024,-0.0011,33.4269,54.25,1,1
188202.0,0.0024,-0.0142,33.3056,47.7,1,1
188212.0,0.0024,-0.0033,33.2053,53.15,1,1
188222.0,0.0024,-0.0044,34.2529,52.65,1,1
188232.0,0.0024,-0.0109,33.9889,49.37,1,1
188242.0,0.0024,-0.0011,33.7706,54.26,1,1
188252.0,0.0024,0.0011,34.7205,55.4,1,1
188262.0,0.0024,-0.0087,34.3758,50.47,1,1
188272.0,0.0024,-0.0011,34.0906,54.28,1,1
188282.0,0.0024,-0.0065,34.9853,51.59,1,1
188292.0,0.0024,-0.0142,34.5948,47.76,1,1
188302.0,0.0024,-0.0022,34.2718,53.74,1,1
188312.0,0.0024,-0.0098,35.1352,49.97,1,1
188323.0,0.0024,-0.0065,34.7188,51.58,1,1
188333.0,0.0024,-0.0153,34.3744,47.2,1,1
188343.0,0.0024,-0.0196,34.0895,45.0,1,1
188353.0,0.0024,-0.0131,33.8538,48.26,1,1
188363.0,0.0024,-0.0142,34.7893,47.77,1,1
188373.0,0.0024,-0.0098,34.4327,49.93,1,1
188383.0,0.0024,-0.0065,34.1378,51.55,1,1
188393.0,0.0024,-0.0087,33.8937,50.45,1,1
188403.0,0.0024,-0.0098,33.6918,49.89,1,1
188413.0,0.0024,-0.0055,34.6553,52.12,1,1
188423.0,0.0024,-0.012,34.3219,48.83,1,1
188433.0,0.0024,-0.0044,34.0461,52.64,1,1
188443.0,0.0024,-0.0055,34.9484,52.14,1,1
188453.0,0.0024,-0.0076,35.6948,51.08,1,1
188463.0,0.0024,-0.0011,36.3123,54.39,1,1
188473.0,0.0024,-0.0022,35.6927,53.81,1,1
188483.0,0.0024,-0.0142,35.1801,47.78,1,1
188493.0,0.0024,-0.0087,34.756,50.49,1,1
188503.0,0.0024,-0.012,34.4052,48.84,1,1
188514.0,0.0024,-0.012,34.1149,48.82,1,1
188524.0,0.0013,-0.0185,33.8749,-48.42,1,1
188533.0,0.0013,-0.0218,34.8067,-50.12,1,1
188544.0,0.0013,-0.0164,34.4471,-47.37,1,1
188554.0,0.0013,-0.0164,34.1497,-47.35,1,1
188564.0,0.0013,-0.0044,35.0341,48.32,1,1
188574.0,0.0013,-0.0055,34.6352,47.76,1,1
188584.0,0.0013,-0.0022,34.3053,49.38,1,1
188594.0,0.0013,0.0055,35.1628,53.24,1,1
188604.0,0.0013,-0.0087,34.7417,46.12,1,1
188615.0,0.0013,-0.0142,34.3934,-46.27,1,1
188624.0,0.0013,0.0142,35.2357,57.6,1,1
188634.0,0.0013,-0.0044,34.802,48.31,1,1
188645.0,0.0024,0.0098,34.4432,59.75,1,1
188655.0,0.0024,0.0196,34.1464,64.64,1,1
188665.0,0.0024,-0.0022,33.9009,53.72,1,1
188675.0,0.0024,-0.0011,34.8283,54.31,1,1
188684.0,0.0024,0.0065,34.465,58.11,1,1
188694.0,0.0024,-0.0175,34.1644,46.1,1,1
188705.0,0.0024,-0.0065,33.9158,51.54,1,1
188715.0,0.0024,-0.0011,33.7101,54.25,1,1
188725.0,0.0024,-0.0164,34.6704,46.67,1,1
188734.0,0.0024,-0.0065,34.3344,51.56,1,1
188746.0,0.0024,-0.0022,34.0564,53.73,1,1
188755.0,0.0024,-0.0175,33.8264,46.08,1,1
188766.0,0.0024,-0.0033,33.6361,53.16,1,1
188776.0,0.0024,-0.0044,34.6093,52.66,1,1
188785.0,0.0024,-0.0185,34.2838,45.56,1,1
188795.0,0.0024,0.0022,34.0145,55.9,1,1
188806.0,0.0024,0.0033,34.9223,56.5,1,1
188816.0,0.0024,-0.0153,34.5427,47.2,1,1
188826.0,0.0024,0.0164,34.2287,63.01,1,1
188835.0,0.0024,-0.0185,35.0995,45.6,1,1
188846.0,0.0024,-0.0131,35.8198,48.36,1,1
188856.0,0.0024,-0.0022,35.2853,53.79,1,1
188866.0,0.0013,-0.0164,34.843,-47.39,1,1
188876.0,0.0013,-0.0153,34.4772,-46.82,1,1
188885.0,0.0013,-0.0131,34.1745,-45.71,1,1
188895.0,0.0013,-0.0262,33.9241,-55.39,1,1
188905.0,0.0013,-0.0175,33.717,-47.45,1,1
188916.0,0.0013,-0.0109,34.6761,45.36,1,1
188926.0,0.0013,-0.0305,34.3391,-57.33,1,1
188935.0,0.0013,0.0055,34.0603,53.81,1,1
188947.0,0.0013,-0.0044,33.8296,48.76,1,1
188957.0,0.0013,-0.0142,33.6388,-45.82,1,1
188967.0,0.0002,0.0076,34.6115,50.26,1,1
188977.0,0.0002,0.0033,34.2856,47.99,1,1
188985.0,0.0013,-0.0087,34.016,46.29,1,1
188996.0,0.0013,0.0142,34.9235,57.75,1,1
189007.0,0.0013,-0.0011,34.5438,50.06,1,1
189017.0,0.0013,-0.0098,34.2296,45.66,1,1
189027.0,0.0013,0.0109,33.9697,55.98,1,1
189036.0,0.0013,0.0076,33.7547,54.32,1,1
189048.0,0.0013,-0.0185,34.7073,-48.42,1,1
189058.0,0.0013,0.0065,34.3649,53.78,1,1
189067.0,0.0013,-0.0087,34.0816,46.12,1,1
189077.0,0.0013,-0.0185,33.8473,-48.39,1,1
189086.0,0.0013,-0.0033,33.6534,48.82,1,1
189096.0,0.0013,-0.0022,34.6236,49.41,1,1
189107.0,0.0013,-0.0175,34.2956,-47.89,1,1
189118.0,0.0002,0.0044,34.0243,48.28,1,1
189129.0,0.0002,0.0011,33.7999,46.63,1,1
189136.0,0.0002,-0.0229,33.6142,-54.95,1,1
189149.0,0.0002,0.0164,34.5911,54.3,1,1
189159.0,0.0002,-0.0131,34.2688,-52.18,1,1
189169.0,0.0002,-0.0164,34.0021,-54.56,1,1
189179.0,0.0002,0.0251,34.912,59.32,1,1
189186.0,0.0002,0.0044,34.5342,48.81,1,1
189198.0,0.0002,-0.0196,34.2217,-57.13,1,1
189209.0,0.0013,0.0316,33.9632,67.15,1,1
189219.0,0.0013,-0.0087,33.7493,46.78,1,1
189228.0,0.0002,-0.0273,33.5724,-56.56,1,1
189236.0,0.0013,0.0698,33.426,85.78,1,1
189249.0,0.0013,-0.0164,34.4354,-47.01,1,1
189259.0,0.0013,-0.0229,34.1399,-53.47,1,1
189269.0,0.0013,0.0251,32.765,64.63,1,1
189279.0,0.0013,-0.0131,32.7581,-45.24,1,1
189286.0,0.0002,-0.0556,33.8829,-78.36,1,1
189296.0,0.0002,0.0316,33.6829,68.34,1,1
189309.0,0.0002,-0.0262,33.5174,-56.3,1,1
189319.0,0.0002,-0.0382,33.3805,-63.4,1,1
189329.0,0.0002,0.0284,33.2673,60.55,1,1
189337.0,0.0002,0.0164,33.1736,54.48,1,1
189347.0,0.0002,-0.0327,33.0961,-59.62,1,1
189360.0,0.0002,0.0491,34.1625,71.85,1,1
189370.0,0.0002,-0.0076,33.9142,-47.34,1,1
189380.0,0.0002,-0.024,33.7088,-56.56,1,1
189387.0,0.0013,0.0393,33.5388,70.19,1,1
189399.0,0.0013,-0.0098,33.3982,45.61,1,1
189409.0,0.0002,-0.036,33.2819,-63.49,1,1
189420.0,0.0013,0.0578,33.1857,79.66,1,1
189430.0,0.0013,-0.0109,33.1061,45.22,1,1
189437.0,0.0002,-0.0295,33.0403,-61.11,1,1
189447.0,0.0013,0.0545,32.9858,78.26,1,1
189460.0,0.0013,-0.0011,32.9407,50.32,1,1
189470.0,0.0002,-0.0425,32.9035,-65.39,1,1
189480.0,0.0013,0.048,31.7421,74.77,1,1
189487.0,0.0013,0.0196,31.9119,60.51,1,1
189497.0,0.0013,-0.0382,32.0523,-59.94,1,1
189510.0,0.0013,0.0567,32.1685,87.6,1,1
189520.0,0.0024,0.0327,32.2646,70.38,1,1
189530.0,0.0013,-0.0436,32.3441,-70.87,1,1
189537.0,0.0024,0.0633,32.4099,89.26,1,1
189547.0,0.0024,0.0316,32.4643,70.91,1,1
189560.0,0.0024,-0.0404,32.5093,-54.59,1,1
189570.0,0.0024,0.0545,32.5466,82.24,1,1
189580.0,0.0035,0.0447,32.5774,86.89,1,1
189587.0,0.0024,-0.0393,32.6029,-56.99,1,1
189597.0,0.0024,0.0229,32.6239,66.03,1,1
189611.0,0.0035,0.036,32.6414,76.97,1,1
189620.0,0.0024,-0.0371,32.6558,-59.64,1,1
189631.0,0.0024,0.0109,31.5372,62.99,1,1
189638.0,0.0035,0.0164,31.7424,67.56,1,1
189648.0,0.0024,-0.0251,31.9121,-46.95,1,1
189661.0,0.0024,-0.0109,32.0525,49.46,1,1
189670.0,0.0035,0.0305,32.1686,74.52,1,1
189681.0,0.0024,-0.0535,31.1342,-61.21,1,1
189688.0,0.0024,-0.0076,31.409,50.97,1,1
189698.0,0.0024,0.0393,31.6363,74.41,1,1
189711.0,0.0024,-0.0415,31.8243,-57.41,1,1
189721.0,0.0024,-0.0207,33.1104,-44.77,1,1
189731.0,0.0024,0.036,33.0438,73.02,1,1
189738.0,0.0024,-0.0611,32.9887,-65.07,1,1
189748.0,0.0013,-0.0284,32.9432,-55.2,1,1
189761.0,0.0024,0.0458,32.9055,78.07,1,1
189771.0,0.0013,-0.0382,32.8743,-58.9,1,1
189781.0,0.0013,-0.0109,32.8485,45.34,1,1
189788.0,0.0024,0.0393,32.8271,74.71,1,1
189798.0,0.0013,-0.024,31.679,-54.94,1,1
189811.0,0.0013,-0.0305,31.8596,-53.53,1,1
189821.0,0.0024,0.0447,32.0091,77.68,1,1
189831.0,0.0013,-0.0251,32.1327,-51.1,1,1
189838.0,0.0013,-0.0207,32.235,-49.02,1,1
189848.0,0.0024,0.0873,31.1891,98.61,1,1
189861.0,0.0024,-0.0218,30.3239,-45.22,1,1
189871.0,0.0024,-0.0305,30.7386,-49.66,1,1
189881.0,0.0024,0.0524,31.0817,81.0,1,1
189888.0,0.0024,-0.0055,31.3656,52.07,1,1
189898.0,0.0024,-0.0295,31.6004,-49.27,1,1
189911.0,0.0024,0.0644,30.6641,86.9,1,1
189921.0,0.0024,-0.0022,31.0201,58.87,1,1
189932.0,0.0024,-0.0196,31.3145,44.21,1,1
189939.0,0.0035,0.0622,31.5582,89.62,1,1
189952.0,0.0035,0.0076,31.7597,63.51,1,1
189962.0,0.0024,-0.0404,30.7959,-60.48,1,1
189972.0,0.0035,0.0545,31.1291,86.62,1,1
189982.0,0.0035,0.0098,31.4047,64.2,1,1
189989.0,0.0024,-0.0535,31.6328,-61.17,1,1
189999.0,0.0035,0.0316,31.8214,75.04,1,1
190012.0,0.0035,-0.0022,30.847,60.15,1,1
190022.0,0.0024,-0.0458,31.1714,-63.99,1,1
190032.0,0.0024,0.0164,31.4397,66.7,1,1
190039.0,0.0035,0.0251,31.6617,71.74,1,1
190049.0,0.0024,-0.0545,31.8453,-66.01,1,1
190062.0,0.0024,0.0164,30.8668,63.48,1,1
190072.0,0.0024,0.0153,31.1877,62.82,1,1
190082.0,0.0024,-0.0611,31.4532,-64.77,1,1
190089.0,0.0024,-0.0033,30.5424,53.33,1,1
190102.0,0.0024,0.0153,30.9194,62.55,1,1
190112.0,0.0013,-0.0633,31.2312,-74.6,1,1
190122.0,0.0013,0.0,30.3587,50.99,1,1
190132.0,0.0024,0.0295,30.7675,69.95,1,1
190139.0,0.0013,-0.0524,31.1056,-66.79,1,1
190152.0,0.0013,-0.0131,31.3853,-44.89,1,1
190162.0,0.0024,0.048,31.6167,79.2,1,1
190172.0,0.0013,-0.048,30.6776,-67.77,1,1
190182.0,0.0013,-0.0207,31.0312,-48.31,1,1
190189.0,0.0013,0.0404,31.3238,71.31,1,1
190199.0,0.0013,-0.0393,31.5658,-57.99,1,1
190212.0,0.0013,-0.0349,31.766,-55.95,1,1
190222.0,0.0013,0.0382,30.8011,69.79,1,1
190232.0,0.0013,-0.0262,31.1334,-51.74,1,1
190239.0,0.0002,-0.0425,31.4083,-69.6,1,1
190249.0,0.0013,0.0436,30.5052,72.99,1,1
190263.0,0.0002,-0.0262,29.7581,-55.62,1,1
190273.0,0.0002,-0.0447,30.2706,-76.59,1,1
190283.0,0.0002,0.0447,30.6945,70.28,1,1
190290.0,0.0013,0.012,29.9147,59.93,1,1
190300.0,0.0002,-0.0382,30.4001,-67.67,1,1
190313.0,0.0013,0.0502,30.8017,77.01,1,1
190323.0,0.0013,0.0076,30.0034,55.37,1,1
190333.0,0.0002,-0.0273,29.343,-68.39,1,1
190340.0,0.0013,0.0491,29.9271,83.58,1,1
190350.0,0.0013,0.048,30.4104,75.43,1,1
190363.0,0.0013,-0.0524,29.6797,-64.13,1,1
190373.0,0.0013,0.0393,29.0752,75.82,1,1
190383.0,0.0024,0.072,29.7056,90.49,1,1
190390.0,0.0024,-0.0338,30.2271,-54.69,1,1
190403.0,0.0024,0.0196,29.528,73.14,1,1
190413.0,0.0024,0.0687,30.0802,88.14,1,1
190423.0,0.0024,-0.0338,30.537,-52.15,1,1
190433.0,0.0024,0.0044,29.7844,56.25,1,1
190440.0,0.0035,0.06,29.1618,88.5,1,1
190450.0,0.0024,-0.0229,28.6468,-46.25,1,1
190463.0,0.0024,-0.0262,29.3512,-47.86,1,1
190473.0,0.0035,0.0633,29.9339,90.39,1,1
190483.0,0.0035,-0.0196,29.2855,48.94,1,1
190490.0,0.0024,-0.0207,28.7491,-44.97,1,1
190500.0,0.0035,0.0644,29.4358,91.01,1,1
190513.0,0.0035,-0.0142,30.0039,51.79,1,1
190523.0,0.0024,-0.0327,29.3434,-54.08,1,1
190533.0,0.0035,0.0502,28.797,84.36,1,1
190540.0,0.0035,0.0076,29.4755,63.05,1,1
190550.0,0.0035,-0.0415,30.0367,-50.68,1,1
190563.0,0.0035,0.048,29.3706,83.12,1,1
190573.0,0.0035,0.0,29.95,59.12,1,1
190584.0,0.0035,-0.0393,30.4293,-50.77,1,1
190591.0,0.0035,0.0415,29.6953,79.91,1,1
190603.0,0.0035,0.0153,30.2186,66.8,1,1
190614.0,0.0035,-0.0698,30.6515,-74.41,1,1
190624.0,0.0035,0.0338,29.8791,77.24,1,1
190634.0,0.0035,0.0371,29.2402,78.57,1,1
190641.0,0.0035,-0.0589,29.8421,-58.75,1,1
190651.0,0.0035,0.0131,30.34,66.23,1,1
190664.0,0.0035,0.0415,29.6215,83.38,1,1
190674.0,0.0024,-0.0774,29.027,-78.42,1,1
190684.0,0.0024,0.0022,28.5352,57.39,1,1
190691.0,0.0035,0.06,28.1284,89.31,1,1
190701.0,0.0024,-0.0644,28.9224,-71.55,1,1
190714.0,0.0024,-0.0022,29.5792,59.71,1,1
190724.0,0.0035,0.0524,28.992,85.18,1,1
190734.0,0.0024,-0.0458,28.5063,-59.39,1,1
190741.0,0.0024,-0.0371,28.1045,-52.64,1,1
190751.0,0.0035,0.0698,28.9026,94.08,1,1
190764.0,0.0035,-0.0175,29.5628,50.43,1,1
190774.0,0.0024,-0.036,28.9785,-52.31,1,1
190784.0,0.0035,0.0676,29.6256,92.9,1,1
190791.0,0.0035,0.0022,30.1609,65.41,1,1
190801.0,0.0035,-0.0229,29.4733,46.88,1,1
190814.0,0.0035,0.0545,30.0349,85.75,1,1
190824.0,0.0035,0.0142,30.4996,69.88,1,1
190835.0,0.0035,-0.036,29.7535,-49.04,1,1
190842.0,0.0035,0.0393,29.1362,81.01,1,1
190854.0,0.0035,0.0011,28.6256,58.47,1,1
190864.0,0.0035,-0.0371,29.3337,-49.47,1,1
190874.0,0.0035,0.0196,29.9194,68.16,1,1
190885.0,0.0035,0.0,29.2735,59.48,1,1
190892.0,0.0035,-0.0535,28.7392,-58.42,1,1
190905.0,0.0035,0.0131,28.2971,65.14,1,1
190915.0,0.0035,0.0131,29.0619,65.23,1,1
190925.0,0.0024,-0.048,29.6946,-59.76,1,1
190935.0,0.0024,0.0022,29.0875,57.74,1,1
190942.0,0.0035,0.0218,28.5853,69.52,1,1
190952.0,0.0024,-0.0425,28.1698,-56.98,1,1
190965.0,0.0024,0.0033,28.9566,58.24,1,1
190975.0,0.0035,0.0502,29.6075,83.72,1,1
190985.0,0.0035,0.0022,29.0155,59.76,1,1
190992.0,0.0035,-0.0251,29.6562,46.21,1,1
191002.0,0.0035,0.0513,30.1863,84.45,1,1
191015.0,0.0035,-0.024,29.4943,46.82,1,1
191025.0,0.0035,-0.0251,28.9218,46.27,1,1
191035.0,0.0035,0.0371,29.5787,77.41,1,1
191042.0,0.0035,-0.0404,30.1221,-54.63,1,1
191052.0,0.0035,0.0305,29.4412,74.72,1,1
191065.0,0.0035,0.0305,30.0084,74.64,1,1
191075.0,0.0035,-0.0371,30.4776,-48.44,1,1
191085.0,0.0035,0.0196,29.7353,69.03,1,1
191092.0,0.0035,-0.0338,29.1212,-46.83,1,1
191102.0,0.0024,-0.0676,29.7436,-71.33,1,1
191115.0,0.0013,-0.0676,30.2586,-72.19,1,1
191125.0,0.0013,-0.0284,29.5541,-52.63,1,1
191135.0,0.0013,-0.048,28.9713,-62.49,1,1
191143.0,0.0013,0.0316,28.4891,66.26,1,1
191155.0,0.0013,-0.0033,29.2208,48.79,1,1
191165.0,0.0013,-0.036,29.826,-58.82,1,1
191175.0,0.0013,0.0305,29.1963,65.89,1,1
191186.0,0.0013,-0.0087,28.6753,46.15,1,1
191192.0,0.0013,-0.0229,28.2442,-54.18,1,1
191202.0,0.0013,0.0404,27.8877,73.18,1,1
191215.0,0.0013,0.0055,28.7232,53.24,1,1
191225.0,0.0013,-0.024,29.4144,-54.8,1,1
191236.0,0.0013,0.0447,28.8557,73.32,1,1
191243.0,0.0013,-0.0109,29.524,45.38,1,1
191256.0,0.0013,-0.0142,30.0769,-45.52,1,1
191266.0,0.0013,0.0415,29.4038,73.42,1,1
191276.0,0.0013,0.0076,28.847,57.18,1,1
191286.0,0.0013,-0.0207,28.3863,-49.56,1,1
191293.0,0.0024,0.0425,28.0052,75.46,1,1
191306.0,0.0024,0.0011,27.6899,55.83,1,1
191316.0,0.0013,-0.0251,28.5596,-60.09,1,1
191326.0,0.0024,0.0524,29.2791,81.59,1,1
191336.0,0.0024,0.0033,28.7438,62.08,1,1
191343.0,0.0024,-0.0273,28.3009,-48.24,1,1
191353.0,0.0024,0.0502,27.9346,81.55,1,1
191366.0,0.0024,0.0065,27.6315,59.47,1,1
191376.0,0.0024,-0.0349,27.3808,-52.42,1,1
191386.0,0.0024,0.0622,28.3039,85.14,1,1
191393.0,0.0024,0.0022,29.0675,55.27,1,1
191403.0,0.0024,-0.0262,28.5687,-47.85,1,1
191416.0,0.0035,0.0622,28.1561,89.72,1,1
191426.0,0.0035,0.0022,27.8148,59.75,1,1
191436.0,0.0024,-0.0284,27.5324,-48.73,1,1
191443.0,0.0035,0.0709,28.4293,94.21,1,1
191453.0,0.0035,0.0011,29.1713,59.37,1,1
191466.0,0.0035,-0.0425,28.6546,-58.79,1,1
191476.0,0.0035,0.0644,28.2271,91.96,1,1
191486.0,0.0035,0.0076,27.8735,63.4,1,1
191493.0,0.0035,-0.0338,28.7115,-46.43,1,1
191503.0,0.0035,0.0371,29.4047,77.94,1,1
191516.0,0.0035,0.0076,28.8477,63.09,1,1
191526.0,0.0035,-0.0382,28.3869,-48.88,1,1
191536.0,0.0035,0.0436,28.0057,80.92,1,1
191543.0,0.0035,0.0033,27.6903,60.67,1,1
191553.0,0.0035,-0.048,27.4295,-55.97,1,1
191566.0,0.0035,0.0458,28.3441,84.28,1,1
191576.0,0.0035,0.0,29.1008,58.96,1,1
191587.0,0.0035,-0.0251,28.5963,46.38,1,1
191595.0,0.0035,0.0251,28.1789,71.44,1,1
191606.0,0.0035,0.0022,27.8336,59.96,1,1
191617.0,0.0035,-0.0458,27.548,-52.93,1,1
191627.0,0.0035,0.0404,28.4422,79.07,1,1
191637.0,0.0035,0.0033,29.1819,60.56,1,1
191644.0,0.0035,-0.048,28.6634,-54.1,1,1
191657.0,0.0035,0.0175,28.2344,67.6,1,1
191667.0,0.0035,-0.0022,29.0101,57.82,1,1
191677.0,0.0035,-0.0371,29.6517,-48.71,1,1
191687.0,0.0035,0.0185,29.0521,68.19,1,1
191694.0,0.0035,0.0185,28.556,68.16,1,1
191704.0,0.0024,-0.0491,29.2761,-59.05,1,1
191717.0,0.0035,0.0196,29.8718,72.96,1,1
191727.0,0.0035,0.0,29.2341,58.36,1,1
191737.0,0.0024,-0.0371,28.7066,-53.46,1,1
191745.0,0.0024,0.0055,28.2701,56.88,1,1
191757.0,0.0024,-0.0011,27.9091,53.66,1,1
191767.0,0.0024,-0.06,28.7409,-64.7,1,1
191777.0,0.0024,0.0065,29.4291,57.66,1,1
191787.0,0.0024,0.0098,28.8679,59.3,1,1
191794.0,0.0013,-0.048,28.4036,-62.93,1,1
191804.0,0.0013,0.0087,28.0195,54.4,1,1
191817.0,0.0013,-0.0011,28.8323,49.55,1,1
191827.0,0.0013,-0.0491,29.5046,-63.49,1,1
191837.0,0.0013,0.0022,28.9304,51.22,1,1
191844.0,0.0013,0.0142,28.4553,57.21,1,1
191854.0,0.0013,-0.0502,28.0623,-63.92,1,1
191867.0,0.0013,0.0131,28.8676,57.74,1,1
191877.0,0.0013,0.0098,29.5339,54.96,1,1
191887.0,0.0002,-0.0458,28.9546,-66.25,1,1
191895.0,0.0013,0.0458,28.4753,72.96,1,1
191907.0,0.0013,0.0185,29.2093,59.38,1,1
191917.0,0.0013,-0.0404,29.8166,-64.39,1,1
191927.0,0.0013,0.0305,29.1884,66.11,1,1
191938.0,0.0013,0.0076,28.6688,55.55,1,1
191945.0,0.0013,-0.0284,28.2389,-55.86,1,1
191955.0,0.0013,0.0305,27.8832,66.03,1,1
191967.0,0.0013,0.0076,27.589,54.44,1,1
191977.0,0.0002,-0.0545,28.4761,-70.05,1,1
191988.0,0.0013,0.0371,29.21,72.2,1,1
191995.0,0.0013,-0.0044,28.6866,47.82,1,1
192005.0,0.0002,-0.0436,28.2537,-65.12,1,1
192018.0,0.0013,0.0415,27.8955,74.94,1,1
192028.0,0.0013,0.0229,27.5992,61.97,1,1
192038.0,0.0002,-0.0436,27.354,-67.68,1,1
192045.0,0.0013,0.0469,28.2817,73.36,1,1
192055.0,0.0013,0.0305,29.0492,65.26,1,1
192068.0,0.0013,-0.0371,28.5536,-63.82,1,1
192078.0,0.0013,0.0502,28.1436,75.94,1,1
192088.0,0.0013,0.0142,27.8044,57.78,1,1
192095.0,0.0013,-0.0491,27.5238,-68.09,1,1
192105.0,0.0013,0.048,28.4222,75.21,1,1
192118.0,0.0024,0.0164,29.1654,63.58,1,1
192128.0,0.0013,-0.0251,28.6497,-50.7,1,1
192138.0,0.0024,0.0622,28.2231,88.23,1,1
192145.0,0.0024,0.0218,27.8702,65.55,1,1
192155.0,0.0024,-0.0382,27.5782,-53.37,1,1
192168.0,0.0024,0.0458,28.4672,77.52,1,1
192178.0,0.0024,0.0295,29.2026,69.36,1,1
192188.0,0.0024,-0.0393,28.6805,-54.05,1,1
192195.0,0.0024,0.048,28.2486,78.55,1,1
192205.0,0.0035,0.0578,27.8913,87.8,1,1
192218.0,0.0035,-0.0305,27.5957,-45.29,1,1
192228.0,0.0035,0.0491,27.3512,83.39,1,1
192238.0,0.0046,0.0535,27.1489,94.11,1,1
192246.0,0.0035,-0.036,26.9815,-48.55,1,1
192256.0,0.0046,0.0382,26.843,93.34,1,1
192268.0,0.0046,0.0578,26.7285,90.19,1,1
192278.0,0.0046,-0.0251,26.6337,49.11,1,1
192289.0,0.0046,0.0273,26.5554,75.58,1,1
192296.0,0.0057,0.0469,27.621,90.06,1,1
192306.0,0.0046,-0.0371,28.5026,43.93,1,1
192319.0,0.0057,0.0382,28.1014,86.06,1,1
192329.0,0.0057,0.0393,27.7695,86.72,1,1
192339.0,0.0057,-0.0305,27.495,52.94,1,1
192346.0,0.0057,0.0284,27.2678,81.28,1,1
192356.0,0.0057,0.0415,28.2104,87.96,1,1
192369.0,0.0057,-0.0251,28.9902,54.8,1,1
192379.0,0.0057,0.0142,28.5048,74.47,1,1
192389.0,0.0057,0.0185,28.1032,76.68,1,1
192398.0,0.0057,-0.0404,27.771,47.25,1,1
192409.0,0.0057,0.0196,28.6267,77.32,1,1
192419.0,0.0057,0.0175,29.3346,76.28,1,1
192429.0,0.0057,-0.0382,28.7897,48.46,1,1
192439.0,0.0057,0.0011,28.3389,68.09,1,1
192446.0,0.0057,-0.0022,27.966,66.45,1,1
192456.0,0.0057,-0.0469,27.6575,-44.81,1,1
192469.0,0.0057,0.0011,27.4023,68.07,1,1
192479.0,0.0057,0.0033,28.3216,69.21,1,1
192489.0,0.0046,-0.0458,29.0822,-48.7,1,1
192498.0,0.0046,-0.0087,28.5809,60.97,1,1
192509.0,0.0046,0.0098,28.1662,67.85,1,1
192519.0,0.0046,-0.0415,28.9536,-46.72,1,1
192529.0,0.0046,-0.0164,29.605,54.94,1,1
192539.0,0.0046,0.0295,29.0134,84.14,1,1
192547.0,0.0035,-0.0491,29.6545,-56.72,1,1
192557.0,0.0035,-0.0295,30.1848,-45.55,1,1
192569.0,0.0046,0.0371,29.4931,81.34,1,1
192579.0,0.0035,-0.0436,28.9208,-54.43,1,1
192589.0,0.0035,-0.0273,29.5779,45.26,1,1
192597.0,0.0035,0.0404,30.1215,79.11,1,1
192607.0,0.0035,-0.0305,29.4407,-45.45,1,1
192619.0,0.0035,0.0164,28.8774,67.07,1,1
192629.0,0.0046,0.0502,28.4115,88.32,1,1
192640.0,0.0035,-0.0338,29.1565,-47.06,1,1
192647.0,0.0035,-0.0305,29.7729,-45.46,1,1
192657.0,0.0035,0.048,29.1523,82.91,1,1
192670.0,0.0035,-0.0338,28.6389,-47.02,1,1
192680.0,0.0035,-0.0262,28.2142,45.78,1,1
192690.0,0.0035,0.0556,27.8628,86.67,1,1
192697.0,0.0035,-0.0273,28.7026,45.26,1,1
192707.0,0.0035,-0.0327,29.3974,-46.52,1,1
192720.0,0.0035,0.0644,28.8416,92.13,1,1
192730.0,0.0035,-0.0055,28.3819,56.01,1,1
192740.0,0.0035,-0.0185,29.1321,49.53,1,1
192749.0,0.0046,0.0633,29.7526,94.86,1,1
192760.0,0.0046,0.0044,29.1355,72.72,1,1
192770.0,0.0046,-0.0284,28.625,48.04,1,1
192780.0,0.0046,0.0578,29.3332,92.42,1,1
192790.0,0.0046,0.0349,29.919,79.97,1,1
192797.0,0.0046,-0.0338,29.2732,45.74,1,1
192807.0,0.0057,0.0535,28.7389,93.84,1,1
192820.0,0.0057,0.012,29.4274,73.25,1,1
192830.0,0.0046,-0.0349,29.997,45.55,1,1
192840.0,0.0057,0.0371,29.3377,85.94,1,1
192847.0,0.0057,0.0207,28.7922,77.78,1,1
192858.0,0.0057,-0.0371,29.4715,48.95,1,1
192870.0,0.0057,0.0327,30.0335,86.02,1,1
192880.0,0.0057,0.0207,29.3679,77.64,1,1
192890.0,0.0057,-0.0436,28.8172,45.51,1,1
192899.0,0.0057,0.0185,28.3617,76.63,1,1
192910.0,0.0057,0.0153,29.1153,75.09,1,1
192920.0,0.0057,-0.0382,29.7388,48.43,1,1
192930.0,0.0057,0.0251,29.1241,80.07,1,1
192941.0,0.0057,0.0175,28.6156,76.25,1,1
192950.0,0.0057,-0.0371,29.3254,49.03,1,1
192960.0,0.0057,0.0153,29.9126,75.26,1,1
192970.0,0.0057,0.0185,30.3983,76.93,1,1
192980.0,0.0057,-0.0349,30.8002,50.24,1,1
192991.0,0.0057,0.0044,31.1327,69.9,1,1
192998.0,0.0057,0.0098,31.4077,72.64,1,1
193008.0,0.0046,-0.0327,30.5047,46.97,1,1
193020.0,0.0046,0.0011,30.8882,63.9,1,1
193031.0,0.0046,0.0076,31.2055,67.19,1,1
193041.0,0.0046,-0.0535,30.3374,-55.73,1,1
193050.0,0.0046,-0.0153,30.7498,56.14,1,1
193061.0,0.0046,0.0109,31.091,69.16,1,1
193071.0,0.0035,-0.0425,30.2427,-51.21,1,1
193081.0,0.0035,-0.0175,30.6714,50.48,1,1
193091.0,0.0046,0.0229,31.0261,75.0,1,1
193098.0,0.0035,-0.0338,30.1891,-46.98,1,1
193108.0,0.0035,-0.0393,30.6271,-56.04,1,1
193121.0,0.0035,0.0273,30.9894,73.57,1,1
193131.0,0.0035,-0.0371,30.1587,-48.01,1,1
193141.0,0.0035,-0.0316,30.602,-45.46,1,1
193150.0,0.0035,0.0425,30.9687,80.75,1,1
193161.0,0.0035,-0.0153,30.1415,51.71,1,1
193171.0,0.0024,-0.0327,30.5877,-50.65,1,1
193181.0,0.0035,0.0589,30.9569,91.84,1,1
193191.0,0.0035,0.0,31.2623,58.8,1,1
193199.0,0.0035,-0.0425,31.5149,-51.74,1,1
193209.0,0.0035,0.0415,31.7239,79.63,1,1
193221.0,0.0035,0.0207,31.8968,69.3,1,1
193231.0,0.0035,-0.0556,30.9094,-63.4,1,1
193241.0,0.0035,0.0404,31.223,79.82,1,1
193249.0,0.0035,0.0404,31.4824,79.71,1,1
193259.0,0.0035,-0.0524,30.5665,-58.11,1,1
193271.0,0.0035,0.0076,30.9393,63.42,1,1
193281.0,0.0035,0.0556,31.2477,87.31,1,1
193292.0,0.0035,-0.0502,30.3724,-54.93,1,1
193299.0,0.0035,0.0055,30.7787,67.27,1,1
193309.0,0.0046,0.06,31.1149,98.16,1,1
193321.0,0.0035,-0.0273,30.2625,44.28,1,1
193331.0,0.0035,0.0033,29.5573,59.73,1,1
193342.0,0.0046,0.0753,30.1045,100.28,1,1
193351.0,0.0046,-0.0153,30.5571,55.17,1,1
193362.0,0.0046,0.0065,30.9315,66.21,1,1
193372.0,0.0057,0.0818,31.2413,110.4,1,1
193382.0,0.0046,-0.0109,30.3671,57.33,1,1
193392.0,0.0057,-0.0065,30.7743,64.01,1,1
193399.0,0.0057,0.0698,31.1113,102.29,1,1
193409.0,0.0057,0.0033,31.39,69.11,1,1
193422.0,0.0057,-0.0218,31.6206,56.63,1,1
193432.0,0.0057,0.0687,31.8113,104.05,1,1
193442.0,0.0057,-0.0055,31.9691,64.63,1,1
193449.0,0.0057,-0.0251,32.0997,54.91,1,1
193459.0,0.0068,0.0447,32.2077,101.59,1,1
193472.0,0.0057,-0.0142,31.1665,59.46,1,1
193482.0,0.0057,-0.0327,31.4357,50.44,1,1
193492.0,0.0057,0.0164,31.6584,75.19,1,1
193500.0,0.0057,-0.0109,31.8426,61.72,1,1
193510.0,0.0057,-0.0524,31.995,-48.26,1,1
193522.0,0.0057,0.024,30.9906,81.44,1,1
193532.0,0.0057,-0.0142,31.2901,60.07,1,1
193542.0,0.0057,-0.0305,31.538,58.31,1,1
193552.0,0.0057,0.0218,31.743,77.47,1,1
193562.0,0.0057,0.0164,33.0431,75.05,1,1
193572.0,0.0057,-0.048,32.9881,-46.42,1,1
193582.0,0.0057,0.0153,32.9427,74.85,1,1
193592.0,0.0057,0.0185,32.9051,76.61,1,1
193600.0,0.0057,-0.0382,32.874,48.35,1,1
193610.0,0.0057,0.0251,33.9787,80.12,1,1
193622.0,0.0057,0.0175,33.7621,76.35,1,1
193632.0,0.0057,-0.036,32.4525,49.61,1,1
193643.0,0.0057,0.0087,32.4995,72.02,1,1
193650.0,0.0057,0.0229,32.5385,79.14,1,1
193660.0,0.0046,-0.0371,32.5707,44.81,1,1
193672.0,0.0046,-0.0033,32.5973,61.74,1,1
193682.0,0.0046,0.0087,32.6194,67.76,1,1
193693.0,0.0046,-0.0447,33.7681,-48.48,1,1
193702.0,0.0046,0.0011,33.5879,64.01,1,1
193713.0,0.0046,0.0207,32.3083,73.77,1,1
193722.0,0.0046,-0.036,32.3803,45.42,1,1
193733.0,0.0046,0.0,33.5703,63.49,1,1
193743.0,0.0046,0.0371,33.4243,82.03,1,1
193752.0,0.0046,-0.0284,33.3035,49.3,1,1
193763.0,0.0046,0.0087,34.3341,67.9,1,1
193773.0,0.0046,0.0316,34.0561,79.34,1,1
193783.0,0.0046,-0.0196,33.8262,53.7,1,1
193793.0,0.0057,0.0055,34.7665,70.65,1,1
193803.0,0.0057,0.048,34.4138,91.91,1,1
193813.0,0.0046,-0.0196,34.1221,53.72,1,1
193823.0,0.0057,-0.0109,33.8808,62.43,1,1
193833.0,0.0046,0.0284,33.6811,77.69,1,1
193843.0,0.0046,-0.0295,33.516,48.78,1,1
193851.0,0.0046,-0.0022,33.3793,62.41,1,1
193861.0,0.0046,0.0284,34.3968,77.73,1,1
193873.0,0.0046,-0.0142,34.108,57.49,1,1
193883.0,0.0046,-0.0175,33.8691,54.66,1,1
193893.0,0.0046,0.0273,33.6715,77.04,1,1
193903.0,0.0046,-0.0142,33.508,56.33,1,1
193913.0,0.0046,-0.0131,33.3727,56.88,1,1
193923.0,0.0046,0.0185,33.2608,72.71,1,1
193933.0,0.0046,-0.0131,34.2988,56.95,1,1
193943.0,0.0046,-0.0033,34.0269,61.86,1,1
193953.0,0.0046,0.0011,33.802,64.04,1,1
193963.0,0.0046,0.0011,34.7465,64.09,1,1
193973.0,0.0046,0.0044,35.5278,65.77,1,1
193983.0,0.0046,0.0262,36.1742,76.71,1,1
193993.0,0.0046,0.0033,35.5784,65.23,1,1
194001.0,0.0046,-0.0011,35.0855,63.03,1,1
194011.0,0.0057,0.0284,35.8083,82.16,1,1
194023.0,0.0057,-0.0022,35.2757,66.86,1,1
194033.0,0.0057,-0.0164,34.8351,59.75,1,1
194044.0,0.0057,0.0164,34.4706,76.09,1,1
194053.0,0.0057,-0.0065,34.1691,64.63,1,1
194063.0,0.0057,-0.0087,35.0501,63.58,1,1
194074.0,0.0057,0.0142,34.6485,75.01,1,1
194084.0,0.0057,-0.0109,34.3163,62.45,1,1
194094.0,0.0057,-0.0076,35.1719,64.13,1,1
194103.0,0.0057,0.0164,35.8797,76.17,1,1
194114.0,0.0057,-0.0065,35.3348,64.69,1,1
194124.0,0.0057,-0.0142,34.884,60.85,1,1
194134.0,0.0057,0.0164,35.6416,76.16,1,1
194144.0,0.0057,0.0044,36.2683,70.19,1,1
194152.0,0.0057,0.0196,36.7868,77.85,1,1
194162.0,0.0057,0.024,37.2157,80.05,1,1
194174.0,0.0068,-0.0022,36.44,71.29,1,1
194184.0,0.0068,-0.0055,35.7983,69.62,1,1
194194.0,0.0068,-0.0044,36.3979,70.19,1,1
194203.0,0.0068,-0.0109,36.894,66.95,1,1
194214.0,0.0068,-0.0055,36.1739,69.64,1,1
194224.0,0.0068,0.0011,35.5782,72.88,1,1
194234.0,0.0068,-0.0185,36.2158,63.09,1,1
194244.0,0.0068,-0.0087,35.6129,67.97,1,1
194252.0,0.0068,0.0218,35.114,83.22,1,1
194262.0,0.0068,0.0109,35.8319,77.8,1,1
194274.0,0.0068,-0.0098,36.4257,67.47,1,1
194284.0,0.0068,0.0065,36.917,75.67,1,1
194294.0,0.0068,0.0,37.3234,72.42,1,1
194304.0,0.0068,-0.0065,37.6596,69.17,1,1
194314.0,0.0079,0.0011,37.9378,77.36,1,1
194324.0,0.0079,0.0044,38.1679,79.01,1,1
194334.0,0.0079,-0.0055,38.3582,74.11,1,1
194344.0,0.0079,-0.0065,38.5157,73.57,1,1
194354.0,0.0079,-0.0011,37.5155,76.25,1,1
194364.0,0.0079,0.0,36.688,76.75,1,1
194374.0,0.0079,0.0044,37.134,78.96,1,1
194384.0,0.0079,0.0087,37.5029,81.16,1,1
194395.0,0.0079,-0.0218,37.8081,65.9,1,1
194402.0,0.0079,-0.0196,38.0606,67.0,1,1
194412.0,0.0068,-0.0284,38.2695,58.29,1,1
194425.0,0.0068,-0.0284,37.3118,58.24,1,1
194435.0,0.0068,-0.012,36.5195,66.38,1,1
194445.0,0.0068,-0.0131,36.9946,65.86,1,1
194454.0,0.0068,-0.0218,37.3876,61.52,1,1
194465.0,0.0068,-0.0011,37.7127,71.9,1,1
194475.0,0.0068,-0.0098,39.1122,67.6,1,1
194485.0,0.0068,-0.0044,39.1394,70.33,1,1
194495.0,0.0068,0.0011,39.162,73.06,1,1
194504.0,0.0068,-0.0142,39.1806,65.43,1,1
194515.0,0.0068,-0.0033,38.0655,70.82,1,1
194525.0,0.0068,-0.0087,38.2736,68.11,1,1
194535.0,0.0068,-0.0098,38.4457,67.57,1,1
194545.0,0.0068,-0.0044,38.588,70.3,1,1
194554.0,0.0068,-0.0131,38.7058,65.95,1,1
194565.0,0.0068,-0.0185,38.8032,63.22,1,1
194575.0,0.0068,-0.0098,38.8839,67.59,1,1
194585.0,0.0068,-0.0185,38.9505,63.23,1,1
194595.0,0.0068,-0.0196,39.0057,62.69,1,1
194604.0,0.0068,-0.0055,39.0513,69.78,1,1
194615.0,0.0068,-0.0044,39.0891,70.33,1,1
194625.0,0.0068,-0.0022,39.1203,71.42,1,1
194635.0,0.0068,0.012,40.2767,78.57,1,1
194645.0,0.0068,-0.0076,40.1028,68.74,1,1
194655.0,0.0068,0.0109,39.9589,78.01,1,1
194665.0,0.0068,0.0098,40.9704,77.52,1,1
194675.0,0.0068,-0.0065,40.6767,69.32,1,1
194685.0,0.0068,-0.0065,40.4337,69.31,1,1
194696.0,0.0068,-0.0109,40.2327,67.11,1,1
194705.0,0.0068,-0.0065,40.0664,70.34,1,1
194715.0,0.0079,-0.0044,39.9288,74.6,1,1
194725.0,0.0079,-0.0033,39.815,75.16,1,1
194735.0,0.0079,-0.0109,39.7208,71.36,1,1
194746.0,0.0079,-0.0076,39.643,73.01,1,1
194755.0,0.0079,-0.0076,39.5785,73.02,1,1
194766.0,0.0068,-0.012,39.5252,66.49,1,1
194776.0,0.0068,-0.0142,39.4811,65.4,1,1
194786.0,0.0068,0.0033,40.5751,74.19,1,1
194796.0,0.0079,-0.0065,41.4802,73.7,1,1
194805.0,0.0079,0.0022,41.0984,78.05,1,1
194816.0,0.0079,0.0087,40.7826,81.31,1,1
194826.0,0.0079,-0.0087,40.5213,72.57,1,1
194836.0,0.0079,-0.0055,41.4357,74.26,1,1
194846.0,0.0079,-0.0175,42.1921,68.3,1,1
194854.0,0.0079,-0.0207,41.6873,66.64,1,1
194864.0,0.0068,-0.0393,41.2698,52.98,1,1
194876.0,0.0068,-0.0098,40.9243,67.69,1,1
194886.0,0.0068,-0.024,40.6386,60.59,1,1
194896.0,0.0068,0.0011,40.4022,73.12,1,1
194906.0,0.0068,-0.0011,40.2066,72.02,1,1
194916.0,0.0068,-0.0055,41.1753,69.89,1,1
194926.0,0.0068,0.0011,41.9767,73.2,1,1
194936.0,0.0068,-0.0044,41.5092,70.45,1,1
194946.0,0.0068,-0.0044,42.2529,70.49,1,1
194954.0,0.0068,0.0087,42.8681,77.07,1,1
194964.0,0.0068,-0.0109,42.2466,67.22,1,1
194976.0,0.0068,-0.0142,41.7325,65.55,1,1
194986.0,0.0068,0.0011,42.4376,73.23,1,1
194996.0,0.0068,-0.0087,43.021,68.35,1,1
195006.0,0.0068,-0.0087,42.3731,68.31,1,1
195016.0,0.0068,0.0011,41.8371,73.19,1,1
195026.0,0.0068,-0.0065,41.3936,69.35,1,1
195036.0,0.0068,-0.0087,42.1573,68.3,1,1
195047.0,0.0068,0.0076,42.7891,76.52,1,1
195056.0,0.0068,0.0,42.1812,72.67,1,1
195066.0,0.0079,-0.0076,42.8089,73.25,1,1
195076.0,0.0079,-0.0044,43.3281,74.91,1,1
195086.0,0.0079,0.0044,42.6271,79.24,1,1
195097.0,0.0079,0.0065,43.1777,80.35,1,1
195106.0,0.0079,0.0065,43.6333,80.38,1,1
195117.0,0.0079,-0.0055,42.8796,74.34,1,1
195127.0,0.0079,-0.0065,43.3866,73.82,1,1
195137.0,0.0079,-0.0011,43.806,76.57,1,1
195147.0,0.0079,-0.0087,43.0225,72.71,1,1
195156.0,0.0079,-0.0185,42.3743,67.77,1,1
195167.0,0.0068,-0.0218,42.9686,61.8,1,1
195177.0,0.0068,-0.0251,43.4603,60.19,1,1
195187.0,0.0068,-0.0153,43.867,65.12,1,1
195197.0,0.0068,-0.0131,44.2034,66.23,1,1
195206.0,0.0068,-0.0175,43.3513,64.0,1,1
195217.0,0.0068,-0.0142,43.7768,65.66,1,1
195227.0,0.0068,-0.0055,44.1288,70.04,1,1
195237.0,0.0068,-0.0087,44.4201,68.42,1,1
195247.0,0.0068,0.0,44.661,72.8,1,1
195257.0,0.0068,-0.0022,43.7298,71.66,1,1
195267.0,0.0068,-0.0087,44.09,68.4,1,1
195277.0,0.0068,0.0011,44.3879,73.33,1,1
195287.0,0.0068,-0.0065,44.6344,70.57,1,1
195297.0,0.0068,-0.0098,44.8383,67.76,1,1
195307.0,0.0068,-0.0153,43.8765,65.01,1,1
195317.0,0.0068,-0.0098,44.2113,67.77,1,1
195327.0,0.0068,-0.0131,44.4883,66.17,1,1
195337.0,0.0068,-0.0109,43.5869,67.23,1,1
195347.0,0.0068,-0.0098,43.9718,67.8,1,1
195357.0,0.0068,-0.0131,44.2901,66.19,1,1
195367.0,0.0068,-0.0055,44.5535,70.03,1,1
195377.0,0.0068,-0.0109,44.7714,67.32,1,1
195387.0,0.0068,-0.0109,44.9516,67.34,1,1
195398.0,0.0057,0.0022,45.1007,69.53,1,1
195407.0,0.0057,-0.0109,45.2241,62.99,1,1
195417.0,0.0057,-0.012,45.3261,62.46,1,1
195427.0,0.0057,-0.0065,45.4106,65.19,1,1
195437.0,0.0057,-0.0011,45.4804,67.92,1,1
195448.0,0.0057,-0.0164,45.5382,60.29,1,1
195457.0,0.0057,-0.0076,45.586,64.66,1,1
195468.0,0.0057,-0.0185,45.6255,59.21,1,1
195478.0,0.0057,-0.0153,45.6582,60.85,1,1
195488.0,0.0057,-0.0055,45.6853,65.76,1,1
195498.0,0.0057,-0.0011,45.7077,67.94,1,1
195508.0,0.0057,-0.0055,45.7262,65.76,1,1
195518.0,0.0057,0.0022,45.7415,70.63,1,1
195528.0,0.0057,0.0,45.7542,69.4,1,1
195538.0,0.0057,-0.0055,45.7647,65.51,1,1
195548.0,0.0057,0.0295,45.7734,84.06,1,1
195558.0,0.0057,-0.0142,45.7805,61.1,1,1
195568.0,0.0057,-0.0098,45.7865,63.34,1,1
195578.0,0.0057,-0.0164,45.7914,60.12,1,1
195588.0,0.0057,-0.0207,45.7954,57.97,1,1
195598.0,0.0057,-0.0164,45.7988,60.19,1,1
195608.0,0.0046,-0.0087,45.8016,59.67,1,1
195618.0,0.0046,-0.0207,45.8039,53.69,1,1
195628.0,0.0046,-0.0055,45.8058,61.34,1,1
195638.0,0.0046,-0.0098,46.9379,59.23,1,1
195648.0,0.0046,-0.0044,47.8744,62.02,1,1
195658.0,0.0046,-0.0109,47.5187,58.73,1,1
195668.0,0.0046,0.0011,47.2244,64.72,1,1
195678.0,0.0046,-0.0087,46.9809,59.81,1,1
195688.0,0.0046,-0.0044,46.7795,61.98,1,1
195698.0,0.0046,-0.0153,46.6129,56.52,1,1
195708.0,0.0046,-0.0153,46.4751,56.52,1,1
195718.0,0.0046,-0.0196,46.361,54.33,1,1
195728.0,0.0046,-0.0131,46.2667,57.6,1,1
195738.0,0.0035,-0.0185,47.3192,50.57,1,1
195749.0,0.0035,-0.0175,47.0593,51.1,1,1
195758.0,0.0035,-0.0131,46.8444,53.27,1,1
195768.0,0.0035,-0.0131,46.6666,53.26,1,1
195778.0,0.0035,-0.0087,46.5195,55.44,1,1
195789.0,0.0035,0.024,47.5283,71.85,1,1
195799.0,0.0035,0.0011,48.3628,60.44,1,1
195809.0,0.0035,-0.0022,47.9227,58.78,1,1
195819.0,0.0035,-0.0044,47.5586,57.67,1,1
195829.0,0.0035,-0.0175,47.2574,53.21,1,1
195839.0,0.0035,-0.0207,47.0083,49.19,1,1
195849.0,0.0035,-0.0065,46.8022,56.32,1,1
195857.0,0.0035,-0.0185,46.6316,50.36,1,1
195867.0,0.0035,-0.0327,46.4906,-47.77,1,1
195879.0,0.0035,-0.0076,46.3739,55.86,1,1
195889.0,0.0024,-0.024,47.4078,-47.78,1,1
195899.0,0.0024,-0.0316,47.1327,-51.56,1,1
195909.0,0.0024,-0.0011,46.9051,54.85,1,1
195919.0,0.0024,-0.0087,47.8473,51.1,1,1
195929.0,0.0024,-0.0262,48.6267,-48.9,1,1
195939.0,0.0024,0.0011,48.141,56.04,1,1
195949.0,0.0024,-0.0055,47.7392,52.75,1,1
195959.0,0.0024,-0.0295,47.4069,-50.44,1,1
195969.0,0.0024,0.0087,47.1319,59.82,1,1
195979.0,0.0024,0.0,46.9044,56.49,1,1
195989.0,0.0024,-0.0316,46.7162,-55.8,1,1
195999.0,0.0024,0.0022,46.5605,58.02,1,1
196008.0,0.0024,0.0262,46.4317,68.73,1,1
196018.0,0.0024,-0.024,46.3252,-47.45,1,1
196029.0,0.0024,0.012,46.2371,62.6,1,1
196039.0,0.0024,0.0415,47.2946,76.17,1,1
196049.0,0.0024,-0.0295,47.039,-50.42,1,1
196058.0,0.0024,0.0153,46.8276,64.12,1,1
196069.0,0.0035,0.0578,47.7832,88.62,1,1
196079.0,0.0035,-0.0109,47.4432,54.27,1,1
196089.0,0.0035,0.0055,47.1619,62.46,1,1
196100.0,0.0035,0.0556,46.9293,87.56,1,1
196110.0,0.0035,-0.0207,46.7368,49.39,1,1
196120.0,0.0035,-0.012,46.5776,53.75,1,1
196130.0,0.0035,0.0556,46.4458,87.57,1,1
196140.0,0.0035,-0.0305,46.3368,-46.56,1,1
196150.0,0.0035,-0.0284,46.2467,45.58,1,1
196160.0,0.0035,0.0447,46.1721,82.12,1,1
196170.0,0.0035,-0.0131,46.1104,53.22,1,1
196180.0,0.0035,-0.0033,47.1899,58.19,1,1
196190.0,0.0035,0.0524,46.9524,95.42,1,1
196200.0,0.0035,0.0011,46.7559,59.1,1,1
196209.0,0.0035,-0.0251,46.5934,46.25,1,1
196219.0,0.0046,0.0436,46.4589,85.17,1,1
196230.0,0.0035,-0.0196,47.4782,49.39,1,1
196240.0,0.0035,-0.0425,47.1909,-57.29,1,1
196250.0,0.0035,0.0142,46.9532,72.3,1,1
196259.0,0.0035,-0.0185,46.7566,49.96,1,1
196269.0,0.0024,-0.0709,46.5939,-78.89,1,1
196280.0,0.0035,0.0273,47.5899,74.1,1,1
196290.0,0.0024,-0.0076,47.2833,52.14,1,1
196300.0,0.0024,-0.0633,47.0297,-71.11,1,1
196310.0,0.0024,0.0076,47.9503,61.24,1,1
196320.0,0.0024,0.0196,47.5815,65.86,1,1
196330.0,0.0024,-0.048,47.2763,-59.24,1,1
196340.0,0.0024,0.0098,48.1544,60.79,1,1
196350.0,0.0024,0.0447,47.7503,78.15,1,1
196360.0,0.0024,-0.0556,47.416,-69.57,1,1
196370.0,0.0024,-0.0033,47.1395,55.9,1,1
196380.0,0.0013,0.0305,46.9107,67.04,1,1
196390.0,0.0013,-0.0556,46.7214,-67.29,1,1
196401.0,0.0024,-0.0229,46.5648,-46.66,1,1
196409.0,0.0024,0.0469,46.4353,79.23,1,1
196420.0,0.0013,-0.0524,46.3281,-65.89,1,1
196430.0,0.0024,-0.0131,47.37,49.15,1,1
196441.0,0.0013,0.0535,47.1014,78.0,1,1
196451.0,0.0013,-0.0327,46.8792,-56.25,1,1
196459.0,0.0013,-0.0109,46.6953,45.74,1,1
196470.0,0.0024,0.0611,46.5433,86.07,1,1
196481.0,0.0013,-0.0033,47.548,49.56,1,1
196491.0,0.0024,-0.0371,47.2486,-59.41,1,1
196501.0,0.0024,0.0665,47.001,89.47,1,1
196510.0,0.0024,-0.0022,46.7961,56.0,1,1
196520.0,0.0024,-0.036,46.6266,-57.5,1,1
196531.0,0.0024,0.0065,46.4864,60.57,1,1
196541.0,0.0024,-0.024,46.3704,-47.11,1,1
196551.0,0.0024,0.0153,46.2745,63.47,1,1
196561.0,0.0024,0.0196,46.1951,65.56,1,1
196571.0,0.0024,-0.0164,47.2599,47.55,1,1
196581.0,0.0024,0.0295,47.0103,73.54,1,1
196591.0,0.0024,0.0131,46.8038,61.74,1,1
196601.0,0.0024,-0.0175,46.633,46.51,1,1
196610.0,0.0024,-0.0175,46.4917,46.54,1,1
196621.0,0.0035,0.0349,47.5053,78.22,1,1
196631.0,0.0024,-0.0218,47.2133,-46.84,1,1
196641.0,0.0024,0.0164,46.9718,63.44,1,1
196651.0,0.0024,0.0033,46.772,56.93,1,1
196660.0,0.0024,0.0033,46.6066,56.95,1,1
196671.0,0.0024,-0.0327,46.4699,-53.15,1,1
196681.0,0.0024,-0.0098,46.3568,50.57,1,1
196691.0,0.0024,-0.0262,46.2632,-48.67,1,1
196702.0,0.0024,0.0349,46.1857,72.9,1,1
196711.0,0.0035,0.0175,47.2522,68.59,1,1
196721.0,0.0024,-0.0185,47.0039,46.21,1,1
196732.0,0.0035,0.024,46.7985,71.83,1,1
196742.0,0.0035,0.0164,46.6286,67.99,1,1
196752.0,0.0035,-0.0251,46.4881,47.26,1,1
196762.0,0.0035,0.0109,47.5023,65.31,1,1
196772.0,0.0035,0.0011,47.2108,60.38,1,1
196782.0,0.0024,-0.0316,46.9697,-54.63,1,1
196792.0,0.0024,-0.0011,46.7703,55.32,1,1
196802.0,0.0024,0.0011,46.6052,56.32,1,1
196811.0,0.0024,0.0011,46.4687,56.24,1,1
196821.0,0.0024,-0.012,46.3558,49.64,1,1
196832.0,0.0024,-0.0011,47.3929,55.1,1,1
196842.0,0.0024,-0.0305,47.1203,-51.86,1,1
196852.0,0.0024,0.0033,46.8948,57.33,1,1
196862.0,0.0024,-0.0065,46.7083,52.36,1,1
196872.0,0.0024,-0.0284,46.554,-49.67,1,1
196882.0,0.0024,0.0065,47.5568,58.88,1,1
196892.0,0.0024,-0.0109,47.2559,50.11,1,1
196902.0,0.0024,-0.0295,47.007,-50.32,1,1
196912.0,0.0024,0.0185,47.9316,64.84,1,1
196922.0,0.0024,-0.0131,47.566,48.99,1,1
196932.0,0.0013,-0.0273,46.133,-59.86,1,1
196942.0,0.0013,0.0185,46.0781,61.18,1,1
196952.0,0.0013,-0.0142,47.1631,-46.45,1,1
196961.0,0.0013,-0.0142,46.9302,-46.57,1,1
196972.0,0.0013,0.0273,46.7376,66.2,1,1
196982.0,0.0013,-0.0131,46.5782,-46.34,1,1
196992.0,0.0013,-0.0065,46.4464,47.96,1,1
197003.0,0.0024,0.0393,47.4678,75.25,1,1
197011.0,0.0024,0.0393,47.1823,75.2,1,1
197022.0,0.0024,0.0153,46.9461,63.17,1,1
197032.0,0.0024,0.0305,46.7507,70.78,1,1
197042.0,0.0024,-0.0371,46.5891,-55.19,1,1
197053.0,0.0013,-0.0218,47.5859,-58.14,1,1
197063.0,0.0024,0.0218,47.28,67.49,1,1
197073.0,0.0013,-0.0425,45.8964,-60.35,1,1
197083.0,0.0013,-0.0284,45.8823,-60.77,1,1
197093.0,0.0013,0.0218,47.0012,66.68,1,1
197103.0,0.0013,-0.0284,46.7963,-56.54,1,1
197113.0,0.0013,-0.0142,46.6268,-46.04,1,1
197123.0,0.0013,0.048,47.617,78.06,1,1
197133.0,0.0013,-0.0164,47.3058,-47.84,1,1
197143.0,0.0013,0.0022,47.0482,52.5,1,1
197153.0,0.0024,0.0535,46.8352,82.42,1,1
197163.0,0.0024,-0.012,46.659,49.63,1,1
197173.0,0.0024,0.0098,46.5132,60.49,1,1
197183.0,0.0024,0.0611,46.3926,91.32,1,1
197193.0,0.0024,-0.0175,46.2928,46.09,1,1
197203.0,0.0024,0.0022,46.2102,56.02,1,1
197212.0,0.0024,0.0022,46.142,57.16,1,1
197223.0,0.0024,0.048,46.0855,78.95,1,1
197233.0,0.0024,0.0076,46.0387,58.86,1,1
197243.0,0.0035,0.0447,46.0001,81.83,1,1
197253.0,0.0035,-0.012,45.9681,53.53,1,1
197263.0,0.0035,-0.0044,45.9416,57.39,1,1
197273.0,0.0035,0.0382,47.0502,78.75,1,1
197283.0,0.0035,-0.0087,46.8369,55.32,1,1
197293.0,0.0035,0.0022,46.6603,60.79,1,1
197304.0,0.0035,0.0229,46.5143,71.16,1,1
197313.0,0.0035,-0.0196,46.3935,49.9,1,1
197323.0,0.0035,-0.0076,46.2936,55.9,1,1
197333.0,0.0035,0.0109,46.2109,66.23,1,1
197343.0,0.0035,-0.0229,46.1425,48.14,1,1
197354.0,0.0035,-0.0153,46.0859,51.99,1,1
197364.0,0.0035,0.0098,47.1696,64.61,1,1
197374.0,0.0035,-0.012,46.9356,54.76,1,1
197384.0,0.0035,-0.0055,46.742,56.86,1,1
197394.0,0.0035,0.012,47.7124,65.68,1,1
197404.0,0.0035,-0.0185,47.3846,50.42,1,1
197414.0,0.0035,-0.0044,47.1135,57.52,1,1
197424.0,0.0035,0.0098,48.0197,64.68,1,1
197434.0,0.0035,-0.0207,47.6389,49.41,1,1
197444.0,0.0035,-0.0185,47.3238,50.5,1,1
197454.0,0.0035,0.0011,47.0632,60.31,1,1
197463.0,0.0024,0.0011,46.8476,55.94,1,1
197474.0,0.0024,-0.0284,46.6692,-49.87,1,1
197484.0,0.0024,-0.0164,46.5216,47.21,1,1
197494.0,0.0024,-0.0305,46.3996,-54.08,1,1
197504.0,0.0024,-0.0175,46.2986,47.08,1,1
197514.0,0.0024,-0.0087,47.3455,51.42,1,1
197524.0,0.0024,-0.0273,48.2117,-49.15,1,1
197534.0,0.0024,-0.0033,47.7977,54.05,1,1
197544.0,0.0024,0.0,47.4552,55.63,1,1
197554.0,0.0013,-0.0109,47.1719,45.76,1,1
197564.0,0.0013,-0.0076,46.9375,47.36,1,1
197574.0,0.0013,-0.0098,47.8741,46.3,1,1
197584.0,0.0013,-0.0273,47.5184,-53.65,1,1
197594.0,0.0013,0.0055,47.2242,53.87,1,1
197605.0,0.0013,-0.0109,46.9807,45.66,1,1
197614.0,0.0013,0.0022,46.7794,52.19,1,1
197624.0,0.0013,0.0022,46.6128,52.17,1,1
197634.0,0.0013,-0.0011,46.475,54.72,1,1
197644.0,0.0013,-0.0229,47.4915,-55.22,1,1
197655.0,0.0013,0.0044,47.2019,53.26,1,1
197665.0,0.0013,-0.012,46.9623,-46.06,1,1
197675.0,0.0013,-0.012,47.8946,-46.12,1,1
197685.0,0.0013,0.0065,47.5354,56.47,1,1
197695.0,0.0013,-0.0011,47.2382,50.26,1,1
197705.0,0.0013,0.0022,48.1229,52.0,1,1
197715.0,0.0013,0.0022,47.7242,53.07,1,1
197725.0,0.0013,-0.0229,47.3944,-58.1,1,1
197735.0,0.0013,0.0055,47.1216,54.42,1,1
197745.0,0.0013,-0.0153,46.8959,-47.19,1,1
197755.0,0.0013,-0.0349,46.7092,-60.24,1,1
197765.0,0.0013,0.0022,46.5547,52.87,1,1
197775.0,0.0013,-0.0065,47.5574,48.41,1,1
197785.0,0.0013,-0.0087,47.2564,47.19,1,1
197795.0,0.0013,0.0109,47.0074,56.9,1,1
197805.0,0.0013,-0.0022,46.8015,50.27,1,1
197815.0,0.0013,-0.0065,46.6311,48.02,1,1
197825.0,0.0013,0.0033,47.6206,52.93,1,1
197835.0,0.0013,-0.0033,47.3087,49.61,1,1
197845.0,0.0013,-0.0022,47.0507,50.11,1,1
197855.0,0.0013,-0.0044,46.8372,48.98,1,1
197865.0,0.0013,0.0,46.6606,51.13,1,1
197875.0,0.0013,-0.0022,46.5146,50.02,1,1
197885.0,0.0013,-0.0087,46.3937,46.73,1,1
197895.0,0.0013,-0.0109,46.2937,45.62,1,1
197906.0,0.0013,-0.0022,46.211,49.97,1,1
197916.0,0.0013,-0.0011,47.2731,50.57,1,1
197926.0,0.0013,0.0076,47.0212,54.91,1,1
197936.0,0.0013,0.0022,46.8129,52.17,1,1
197946.0,0.0013,-0.0087,47.771,46.76,1,1
197956.0,0.0013,-0.0109,47.4331,45.65,1,1
197966.0,0.0013,-0.0044,47.1536,48.91,1,1
197976.0,0.0013,-0.0076,46.9224,47.26,1,1
197986.0,0.0013,-0.0175,46.7311,-48.76,1,1
197996.0,0.0013,-0.0153,46.5728,-47.66,1,1
198006.0,0.0013,-0.0142,46.4419,-47.11,1,1
198016.0,0.0002,-0.0251,46.3336,-62.16,1,1
198026.0,0.0013,-0.0044,46.244,49.55,1,1
198036.0,0.0013,-0.0065,46.1699,48.31,1,1
198046.0,0.0002,-0.0153,46.1086,-51.55,1,1
198056.0,0.0002,0.0055,47.1884,49.8,1,1
198066.0,0.0002,0.0022,48.0816,48.14,1,1
198076.0,0.0002,0.0,47.6901,46.97,1,1
198086.0,0.0002,0.0065,47.3662,50.18,1,1
198096.0,0.0002,-0.0142,47.0982,-58.71,1,1
198106.0,0.0002,-0.0175,46.8766,-57.29,1,1
198116.0,0.0002,-0.0055,46.6932,-45.56,1,1
198126.0,0.0002,-0.0175,46.5415,-58.15,1,1
198136.0,0.0002,0.0055,46.416,51.24,1,1
198146.0,0.0002,0.0011,46.3122,48.68,1,1
198156.0,0.0002,-0.012,46.2263,-49.2,1,1
198166.0,0.0002,0.0011,45.0247,48.08,1,1
198176.0,0.0002,0.0055,45.1612,50.08,1,1
198186.0,0.0002,0.0022,46.4046,48.36,1,1
198196.0,0.0002,0.024,46.3028,59.14,1,1
198207.0,0.0002,0.0055,46.2185,49.77,1,1
198216.0,0.0002,0.0022,47.2793,48.11,1,1
198227.0,0.0002,0.0087,47.0263,51.31,1,1
198237.0,0.0013,0.0065,46.8171,55.57,1,1
198247.0,0.0013,-0.0055,46.644,48.33,1,1
198257.0,0.0013,-0.0044,45.3703,48.81,1,1
198267.0,0.0013,-0.0131,45.4471,-46.5,1,1
198277.0,0.0002,-0.0175,46.6411,-57.32,1,1
198287.0,0.0002,-0.0055,46.4984,-46.56,1,1
198297.0,0.0013,-0.0087,45.2498,47.05,1,1
198307.0,0.0013,-0.0011,45.3474,50.79,1,1
198317.0,0.0013,-0.0087,45.4282,46.9,1,1
198327.0,0.0013,0.0022,45.495,52.3,1,1
198337.0,0.0013,0.0164,45.5502,59.35,1,1
198347.0,0.0013,0.0087,45.596,55.49,1,1
198357.0,0.0013,-0.0153,46.7643,-47.57,1,1
198367.0,0.0013,0.0076,46.6003,54.95,1,1
198377.0,0.0013,-0.0011,46.4646,50.56,1,1
198387.0,0.0013,-0.0044,46.3524,48.9,1,1
198397.0,0.0013,0.0033,46.2596,52.7,1,1
198407.0,0.0013,-0.0153,46.1828,-47.61,1,1
198417.0,0.0013,-0.0196,44.9887,-49.72,1,1
198427.0,0.0013,-0.0033,45.1314,49.35,1,1
198437.0,0.0013,-0.0196,45.2495,-49.75,1,1
198447.0,0.0002,-0.0109,45.3471,-49.76,1,1
198457.0,0.0002,-0.0065,45.4279,-47.59,1,1
198467.0,0.0002,-0.0109,45.4948,-49.78,1,1
198477.0,0.0002,0.0098,45.5501,51.53,1,1
198488.0,0.0002,-0.0033,45.5958,-45.97,1,1
198498.0,0.0002,0.0076,45.6337,50.44,1,1
198508.0,0.0013,0.012,45.665,56.99,1,1
198518.0,0.0013,0.0055,45.6909,53.72,1,1
198528.0,0.0013,0.0022,45.7123,52.08,1,1
198538.0,0.0013,0.0055,45.73,53.72,1,1
198548.0,0.0013,-0.0011,44.6142,50.39,1,1
198558.0,0.0013,-0.0033,44.8216,49.31,1,1
198568.0,0.0013,-0.0065,44.9931,47.68,1,1
198578.0,0.0013,-0.0098,45.1351,46.05,1,1
198588.0,0.0013,-0.0044,45.2525,48.78,1,1
198598.0,0.0013,-0.0076,44.2191,47.09,1,1
198608.0,0.0013,-0.0033,44.4948,49.29,1,1
198618.0,0.0013,0.0087,45.8533,55.36,1,1
198628.0,0.0013,-0.012,45.8467,-46.0,1,1
198638.0,0.0013,-0.0011,45.8412,50.45,1,1
198648.0,0.0013,-0.0109,45.8366,45.54,1,1
198658.0,0.0013,-0.0207,44.7024,-50.28,1,1
198668.0,0.0013,-0.0033,44.8945,49.31,1,1
198678.0,0.0002,-0.0251,45.0535,-62.09,1,1
198689.0,0.0002,-0.0164,44.0545,-52.77,1,1
198699.0,0.0002,0.0229,44.3586,58.7,1,1
198709.0,0.0002,-0.0087,44.6101,-48.09,1,1
198719.0,0.0002,0.0,43.6877,46.96,1,1
198729.0,0.0013,0.0349,44.0552,68.71,1,1
198739.0,0.0013,0.0513,44.3591,82.07,1,1
198749.0,0.0024,0.036,44.6106,72.82,1,1
198759.0,0.0024,0.0404,44.8186,75.11,1,1
198769.0,0.0024,-0.0109,43.8602,49.5,1,1
198779.0,0.0024,0.0131,44.1978,61.57,1,1
198789.0,0.0024,0.0207,44.4771,65.45,1,1
198799.0,0.0024,-0.0262,44.7082,-48.8,1,1
198809.0,0.0024,-0.012,44.8994,49.18,1,1
198819.0,0.0024,0.0065,43.927,58.43,1,1
198829.0,0.0024,-0.0316,44.2531,-52.47,1,1
198839.0,0.0024,-0.0076,44.5229,51.54,1,1
198849.0,0.0024,-0.0055,43.6155,52.57,1,1
198859.0,0.0013,-0.0207,43.9954,-50.19,1,1
198869.0,0.0024,0.0153,44.3097,66.09,1,1
198880.0,0.0013,-0.0109,43.4392,45.02,1,1
198889.0,0.0013,-0.012,43.8495,-46.17,1,1
198900.0,0.0013,0.0175,44.189,62.53,1,1
198910.0,0.0013,-0.0153,44.4698,-48.16,1,1
198920.0,0.0013,-0.012,44.7022,-46.41,1,1
198930.0,0.0013,0.0055,43.7639,55.31,1,1
198940.0,0.0013,-0.0175,44.1181,-49.2,1,1
198950.0,0.0013,-0.0262,44.4112,-55.56,1,1
198960.0,0.0013,0.0349,43.5232,68.22,1,1
198970.0,0.0013,-0.036,43.919,-57.95,1,1
198980.0,0.0013,-0.0196,44.2465,-49.77,1,1
198991.0,0.0013,0.0142,43.3869,57.9,1,1
199001.0,0.0002,-0.0382,42.6758,-63.28,1,1
199010.0,0.0002,0.0,43.218,46.46,1,1
199020.0,0.0013,0.0185,43.6665,60.12,1,1
199031.0,0.0002,-0.0295,42.9071,-61.01,1,1
199040.0,0.0002,0.0098,43.4094,51.67,1,1
199050.0,0.0013,0.0284,43.8249,65.28,1,1
199060.0,0.0002,-0.0164,44.1686,-55.41,1,1
199071.0,0.0013,0.0207,44.453,61.83,1,1
199081.0,0.0013,0.0305,43.5577,66.58,1,1
199091.0,0.0013,-0.0425,42.8171,-64.91,1,1
199101.0,0.0013,0.0142,42.2044,58.73,1,1
199110.0,0.0013,0.0142,42.828,58.59,1,1
199120.0,0.0002,-0.036,43.3439,-61.66,1,1
199131.0,0.0013,0.0185,42.6402,60.52,1,1
199141.0,0.0013,0.0109,42.0581,59.73,1,1
199151.0,0.0002,-0.0578,41.5765,-73.13,1,1
199161.0,0.0013,0.0316,42.3086,66.51,1,1
199171.0,0.0013,0.0044,42.9142,52.93,1,1
199181.0,0.0002,-0.0393,42.2848,-78.5,1,1
199192.0,0.0002,0.0305,42.8945,68.87,1,1
199202.0,0.0002,-0.0044,43.3989,-45.57,1,1
199211.0,0.0002,-0.0404,42.6857,-68.92,1,1
199221.0,0.0002,0.0447,42.0957,71.06,1,1
199232.0,0.0002,-0.0175,42.7381,-56.24,1,1
199242.0,0.0002,-0.0316,43.2696,-59.83,1,1
199252.0,0.0002,0.0393,42.5787,67.21,1,1
199261.0,0.0002,-0.0338,42.0072,-61.17,1,1
199271.0,0.0002,-0.0207,41.5344,-60.92,1,1
199282.0,0.0002,0.0371,41.1433,66.58,1,1
199292.0,0.0002,-0.0196,40.8197,-52.52,1,1
199302.0,0.0002,-0.0207,41.6825,-61.77,1,1
199311.0,0.0002,0.0458,42.3963,71.32,1,1
199321.0,0.0002,-0.0327,41.8563,-58.89,1,1
199332.0,0.0002,-0.0087,41.4095,-47.18,1,1
199342.0,0.0002,0.0469,41.04,70.83,1,1
199353.0,0.0002,-0.0295,41.8647,-60.12,1,1
199362.0,0.0002,0.0022,42.547,48.46,1,1
199372.0,0.0013,0.0938,41.981,98.43,1,1
199383.0,0.0013,-0.048,41.5127,-68.36,1,1
199393.0,0.0013,-0.0022,41.1253,50.82,1,1
199403.0,0.0013,0.0305,40.8048,66.93,1,1
199412.0,0.0002,-0.0556,40.5397,-75.28,1,1
199422.0,0.0002,-0.0055,40.3204,-45.57,1,1
199433.0,0.0013,0.024,41.2694,63.67,1,1
199443.0,0.0002,-0.0502,40.9241,-74.68,1,1
199453.0,0.0002,0.0076,40.6383,57.88,1,1
199462.0,0.0002,0.0338,41.5325,63.61,1,1
199472.0,0.0002,-0.0436,41.1417,-65.63,1,1
199484.0,0.0002,0.0098,40.8184,54.61,1,1
199493.0,0.0002,0.0382,40.5509,65.18,1,1
199503.0,0.0002,-0.0458,40.3296,-67.12,1,1
199512.0,0.0002,0.0218,40.1466,60.21,1,1
199522.0,0.0002,0.0404,41.1257,66.01,1,1
199534.0,0.0002,-0.048,41.9356,-79.02,1,1
199544.0,0.0002,0.0098,41.4752,52.34,1,1
199553.0,0.0002,0.0327,41.0943,63.57,1,1
199562.0,0.0002,-0.0545,40.7792,-80.07,1,1
199574.0,0.0002,0.0055,40.5185,50.86,1,1
199584.0,0.0002,0.0338,40.3028,64.67,1,1
199594.0,0.0002,-0.0447,40.1244,-75.68,1,1
199604.0,0.0002,0.0142,39.9768,57.81,1,1
199613.0,0.0002,0.0185,39.8547,57.15,1,1
199623.0,0.0002,-0.0349,38.6232,-63.23,1,1
199634.0,0.0002,0.0316,38.7349,67.68,1,1
199644.0,0.0002,0.0251,39.9578,59.44,1,1
199654.0,0.0002,-0.0295,39.839,-64.52,1,1
199663.0,0.0002,0.0327,39.7407,63.87,1,1
199673.0,0.0013,0.0349,39.6594,69.08,1,1
199684.0,0.0013,0.0109,39.5921,56.88,1,1
199694.0,0.0013,0.0229,39.5364,62.73,1,1
199705.0,0.0013,0.012,39.4904,57.15,1,1
199713.0,0.0013,-0.0469,39.4523,-64.74,1,1
199724.0,0.0013,0.0044,39.4208,54.47,1,1
199734.0,0.0013,0.0185,39.3947,60.26,1,1
199745.0,0.0002,-0.0502,38.2427,-85.45,1,1
199755.0,0.0002,-0.0065,37.2896,-44.63,1,1
199763.0,0.0002,0.0175,37.6317,56.88,1,1
199773.0,0.0002,-0.0687,37.9146,-76.64,1,1
199785.0,0.0002,-0.0076,38.1487,-46.43,1,1
199795.0,0.0002,0.0153,38.3424,54.87,1,1
199805.0,-0.0009,-0.06,38.5026,-77.45,1,1
199813.0,0.0002,0.0109,38.6351,52.34,1,1
199823.0,0.0002,0.0284,38.7448,67.23,1,1
199835.0,-0.0009,-0.0371,38.8355,-74.58,1,1
199845.0,-0.0009,0.0,38.9105,-47.64,1,1
199855.0,0.0002,0.0393,38.9726,66.4,1,1
199864.0,-0.0009,-0.0393,39.024,-76.94,1,1
199875.0,-0.0009,-0.0011,39.0664,-47.25,1,1
199885.0,0.0002,0.0458,37.9711,70.38,1,1
199896.0,-0.0009,-0.0524,37.0649,-76.47,1,1
199906.0,-0.0009,0.0011,37.4458,-46.41,1,1
199914.0,0.0002,0.0305,37.7609,62.45,1,1
199924.0,-0.0009,-0.048,38.0215,-71.43,1,1
199936.0,-0.0009,-0.0142,37.1066,-54.62,1,1
199946.0,0.0002,0.0513,36.3498,72.26,1,1
199956.0,-0.0009,-0.0338,36.8542,-65.7,1,1
199964.0,-0.0009,-0.0076,37.2714,-60.96,1,1
199974.0,0.0002,0.0611,37.6166,78.36,1,1
199986.0,0.0002,-0.0175,36.7717,-56.44,1,1
199996.0,0.0002,-0.0055,36.0727,-44.72,1,1
200006.0,0.0002,0.06,36.625,77.53,1,1
200014.0,0.0002,-0.0251,37.0818,-55.23,1,1
200024.0,0.0002,-0.0393,37.4598,-69.9,1,1
200036.0,0.0002,0.0513,37.7724,73.52,1,1
200046.0,0.0002,-0.0196,36.9006,-63.77,1,1
200056.0,0.0002,-0.0295,36.1793,-57.94,1,1
200064.0,0.0002,0.0524,36.7132,74.7,1,1
200076.0,0.0002,-0.0185,36.0243,-57.39,1,1
200086.0,0.0002,-0.0447,35.4544,-63.7,1,1
200096.0,0.0002,0.0524,36.1134,74.18,1,1
200106.0,0.0002,0.0,35.5281,47.59,1,1
200114.0,0.0002,-0.0491,35.0439,-67.01,1,1
200124.0,0.0002,0.0535,35.7739,73.79,1,1
200136.0,0.0002,0.0011,36.3778,47.44,1,1
200146.0,0.0002,-0.0447,35.7468,-72.79,1,1
200157.0,0.0002,0.048,35.2248,71.54,1,1
200165.0,0.0002,0.0229,35.9235,58.73,1,1
200175.0,0.0002,-0.0567,36.5016,-77.47,1,1
200187.0,0.0002,0.0295,36.9797,62.47,1,1
200197.0,0.0002,0.0327,36.2448,63.75,1,1
200207.0,0.0002,-0.0611,35.6368,-78.47,1,1
200215.0,0.0002,0.0087,36.2644,56.19,1,1
200225.0,0.0002,0.0447,35.653,69.1,1,1
200237.0,0.0002,-0.0491,35.1472,-76.08,1,1
200247.0,0.0002,-0.0011,34.7288,47.03,1,1
200257.0,0.0002,0.0262,34.3827,60.34,1,1
200265.0,0.0002,-0.0458,35.2269,-65.61,1,1
200277.0,-0.0009,-0.0153,34.7947,-54.87,1,1
200287.0,0.0002,0.0251,34.4372,59.2,1,1
200297.0,-0.0009,-0.0611,34.1414,-78.01,1,1
200308.0,-0.0009,-0.0218,33.8968,-58.46,1,1
200315.0,-0.0009,0.0371,34.8249,60.55,1,1
200325.0,-0.0009,-0.0349,34.4621,-65.19,1,1
200338.0,-0.0009,-0.0262,34.1621,-77.62,1,1
200348.0,-0.0009,0.048,35.0443,72.28,1,1
200357.0,-0.0009,-0.0196,34.6437,-65.89,1,1
200365.0,-0.0009,-0.0349,34.3123,-65.19,1,1
200375.0,-0.0009,0.0513,35.1686,71.58,1,1
200388.0,-0.0009,0.0,34.7465,-46.57,1,1
200398.0,-0.0009,-0.0535,34.3973,-73.56,1,1
200408.0,-0.0009,0.036,34.1085,60.57,1,1
200415.0,-0.0009,0.0087,33.8695,46.74,1,1
200426.0,-0.002,-0.0556,33.6718,-79.53,1,1
200438.0,-0.0009,0.0502,33.5082,67.18,1,1
200448.0,-0.0009,0.0076,33.3729,45.81,1,1
200458.0,-0.002,-0.0567,33.261,-84.53,1,1
200466.0,-0.0009,0.0207,33.1684,55.91,1,1
200476.0,-0.0009,0.0371,31.9613,60.31,1,1
200488.0,-0.002,-0.0578,32.0932,-90.36,1,1
200498.0,-0.002,0.0109,32.2023,-45.36,1,1
200508.0,-0.0009,0.0251,32.2926,55.22,1,1
200516.0,-0.002,-0.0502,33.4978,-80.68,1,1
200528.0,-0.002,0.0196,33.3643,48.34,1,1
200538.0,-0.0009,0.0545,33.2538,76.18,1,1
200549.0,-0.002,-0.0502,33.1625,-91.0,1,1
200558.0,-0.002,-0.0153,31.9564,-58.04,1,1
200566.0,-0.0009,0.0622,32.0891,74.07,1,1
200576.0,-0.0009,-0.0273,32.199,-66.62,1,1
200588.0,-0.002,-0.0316,32.2898,-66.28,1,1
200599.0,-0.0009,0.0676,32.365,76.78,1,1
200608.0,-0.0009,-0.0338,32.4271,-67.84,1,1
200616.0,-0.002,-0.0502,32.4786,-75.86,1,1
200626.0,-0.0009,0.0458,32.5211,65.64,1,1
200638.0,-0.0009,0.0033,32.5563,-45.31,1,1
200649.0,-0.002,-0.0709,31.4549,-86.87,1,1
200659.0,-0.002,0.0447,30.5438,60.06,1,1
200666.0,-0.002,0.0055,30.9205,-48.93,1,1
200676.0,-0.002,-0.0633,31.2322,-86.55,1,1
200689.0,-0.002,0.0349,30.3595,55.27,1,1
200699.0,-0.002,0.0153,30.7681,45.33,1,1
200709.0,-0.002,-0.0425,31.1061,-83.43,1,1
200716.0,-0.002,0.0349,30.2552,60.5,1,1
200727.0,-0.0009,0.0415,30.6818,63.06,1,1
200739.0,-0.002,-0.0349,31.0347,-68.91,1,1
200749.0,-0.002,0.0229,30.1962,49.09,1,1
200759.0,-0.0009,0.06,30.6329,71.91,1,1
200767.0,-0.0009,-0.0251,30.9943,-59.97,1,1
200779.0,-0.0009,0.0065,30.1627,45.0,1,1
200789.0,-0.0009,0.0578,29.4748,70.55,1,1
200799.0,-0.0009,-0.0284,30.0362,-66.95,1,1
200809.0,-0.0009,-0.0196,30.5006,-56.72,1,1
200817.0,0.0002,0.072,29.7543,82.46,1,1
200827.0,-0.0009,-0.024,29.1369,-59.12,1,1
200840.0,-0.0009,-0.0076,29.7567,-51.08,1,1
200850.0,0.0002,0.0622,30.2694,77.25,1,1
200860.0,0.0002,-0.0164,29.563,-55.42,1,1
200867.0,-0.0009,-0.0273,28.9787,-60.51,1,1
200880.0,-0.0009,-0.0098,28.4952,-55.05,1,1
200890.0,-0.0009,-0.0098,28.0953,-54.73,1,1
200899.0,-0.0009,-0.0229,28.895,-57.94,1,1
200910.0,0.0002,0.0665,29.5565,79.97,1,1
200917.0,0.0002,-0.0404,28.9733,-64.82,1,1
200927.0,0.0002,0.0567,28.4908,74.96,1,1
200940.0,0.0013,0.0567,28.0916,79.13,1,1
200950.0,0.0002,-0.0338,28.8919,-68.01,1,1
200960.0,0.0013,0.0545,29.554,78.98,1,1
200967.0,0.0013,0.0153,28.9712,59.0,1,1
200977.0,0.0002,-0.0404,28.4891,-62.44,1,1
200990.0,0.0013,0.0382,28.0902,69.96,1,1
201000.0,0.0013,0.0142,28.8908,57.84,1,1
201010.0,0.0002,-0.06,29.553,-80.14,1,1
201017.0,0.0013,0.0327,28.9704,67.86,1,1
201030.0,0.0013,-0.0044,28.4884,49.02,1,1
201040.0,0.0002,-0.0644,28.0897,-74.52,1,1
201050.0,0.0002,0.0076,27.7598,50.22,1,1
201060.0,0.0002,-0.0044,28.6174,-44.88,1,1
201068.0,0.0002,-0.0611,29.3269,-73.4,1,1
201080.0,0.0002,0.0131,28.7833,52.65,1,1
201091.0,0.0002,-0.0087,28.3337,-47.32,1,1
201101.0,-0.0009,-0.0425,27.9616,-72.81,1,1
201111.0,-0.0009,-0.0087,27.6539,-52.23,1,1
201118.0,-0.0009,-0.0131,27.3993,-63.83,1,1
201128.0,-0.0009,-0.0382,27.1887,-64.64,1,1
201141.0,-0.0009,0.0284,27.0144,58.11,1,1
201151.0,-0.0009,-0.0076,28.0008,-52.37,1,1
201161.0,-0.0009,-0.0349,28.8168,-67.05,1,1
201168.0,-0.0009,0.0349,28.3613,60.17,1,1
201181.0,-0.0009,-0.0044,27.9845,-52.87,1,1
201191.0,-0.0009,-0.0251,27.6728,-58.68,1,1
201201.0,-0.0009,0.0371,27.415,61.0,1,1
201211.0,-0.0009,-0.036,28.3321,-73.07,1,1
201218.0,-0.0009,-0.0327,29.0909,-62.17,1,1
201228.0,-0.0009,0.0393,28.5881,62.48,1,1
201241.0,-0.0009,-0.0229,28.1721,-66.25,1,1
201251.0,-0.002,-0.0295,27.828,-64.6,1,1
201261.0,-0.0009,0.0349,27.5434,60.42,1,1
201268.0,-0.0009,-0.0196,27.3079,-60.23,1,1
201281.0,-0.0009,-0.0131,27.113,-60.84,1,1
201291.0,-0.0009,0.0415,26.9519,64.42,1,1
201301.0,-0.0009,-0.0295,26.8185,-67.64,1,1
201311.0,-0.0009,-0.0055,26.7082,-47.72,1,1
201318.0,-0.0009,0.0611,26.617,73.83,1,1
201328.0,-0.0009,-0.0098,26.5415,-60.22,1,1
201341.0,-0.0009,-0.0175,26.479,-53.67,1,1
201351.0,0.0002,0.0622,26.4274,78.75,1,1
201361.0,-0.0009,-0.0229,25.2541,-58.29,1,1
201368.0,-0.0009,-0.0011,24.2835,-46.46,1,1
201379.0,0.0002,0.0545,25.7416,74.01,1,1
201392.0,0.0002,-0.0131,25.8173,-53.95,1,1
201402.0,0.0002,0.0153,24.7495,54.61,1,1
201412.0,0.0002,0.0633,24.9965,81.48,1,1
201419.0,0.0013,0.0284,25.2009,64.61,1,1
201431.0,0.0013,-0.0131,25.37,-44.84,1,1
201442.0,0.0013,0.0687,25.5099,85.67,1,1
201452.0,0.0013,-0.0109,25.6257,44.61,1,1
201462.0,0.0013,0.0142,25.7214,57.14,1,1
201469.0,0.0024,0.0545,25.8006,81.67,1,1
201482.0,0.0024,-0.0185,25.8661,45.11,1,1
201492.0,0.0024,-0.0011,25.9203,53.83,1,1
201502.0,0.0024,0.0349,25.9652,71.82,1,1
201512.0,0.0024,-0.0218,26.0023,-45.25,1,1
201519.0,0.0024,0.0087,24.9025,58.66,1,1
201529.0,0.0024,0.0284,23.9926,68.43,1,1
201542.0,0.0024,-0.0295,24.3704,-48.98,1,1
201552.0,0.0024,-0.0065,24.683,51.0,1,1
201562.0,0.0024,0.0229,24.9415,65.74,1,1
201569.0,0.0024,-0.0327,25.1554,-56.96,1,1
201582.0,0.0024,-0.0065,25.3324,51.87,1,1
201592.0,0.0024,0.012,25.4788,60.98,1,1
201602.0,0.0013,-0.0295,25.5999,-57.09,1,1
201612.0,0.0013,-0.0033,25.7001,49.3,1,1
201619.0,0.0024,0.0153,24.6525,70.02,1,1
201629.0,0.0013,-0.0404,23.7858,-62.26,1,1
201642.0,0.0013,0.0207,24.1993,60.38,1,1
201652.0,0.0024,0.0349,24.5414,81.26,1,1
201662.0,0.0013,-0.0371,24.8245,-80.37,1,1
201669.0,0.0024,0.0316,25.0586,75.24,1,1
201679.0,0.0024,0.0273,25.2523,69.11,1,1
201693.0,0.0024,-0.036,25.4125,-59.77,1,1
201703.0,0.0024,0.0273,25.5451,69.81,1,1
201713.0,0.0024,0.0305,25.6547,71.08,1,1
201720.0,0.0024,-0.0447,24.6149,-57.55,1,1
201730.0,0.0024,0.0371,23.7548,74.0,1,1
201743.0,0.0024,0.024,24.1737,67.23,1,1
201753.0,0.0024,-0.0469,24.5202,-62.18,1,1
201763.0,0.0024,0.024,24.8069,70.74,1,1
201770.0,0.0024,0.0218,25.044,65.84,1,1
201780.0,0.0024,-0.0556,25.2402,-68.96,1,1
201793.0,0.0024,0.0251,24.2721,68.18,1,1
201803.0,0.0024,0.0153,23.4711,62.95,1,1
201813.0,0.0013,-0.0644,23.939,-71.99,1,1
201820.0,0.0024,0.0142,24.3261,63.37,1,1
201832.0,0.0024,0.0142,24.6463,62.0,1,1
201843.0,0.0013,-0.0535,23.7807,-64.8,1,1
201853.0,0.0013,0.0164,23.0646,58.42,1,1
201863.0,0.0024,0.0153,23.6027,62.18,1,1
201870.0,0.0013,-0.072,24.0479,-77.49,1,1
201880.0,0.0013,0.012,24.4161,56.52,1,1
201893.0,0.0013,0.0142,24.7208,57.5,1,1
201903.0,0.0013,-0.0589,24.9728,-74.01,1,1
201913.0,0.0013,0.0109,25.1813,56.54,1,1
201920.0,0.0013,0.0065,25.3538,54.13,1,1
201930.0,0.0002,-0.0927,24.366,-92.81,1,1
201943.0,0.0002,0.0131,23.5488,53.18,1,1
201953.0,0.0002,0.0022,24.0033,47.51,1,1
201963.0,-0.0009,-0.0556,24.3793,-74.44,1,1
201971.0,0.0002,0.0153,24.6903,54.81,1,1
201983.0,0.0002,0.0076,24.9476,49.7,1,1
201993.0,-0.0009,-0.0644,24.0299,-79.26,1,1
202003.0,-0.0009,0.0142,23.2708,48.4,1,1
202013.0,-0.0009,0.0076,23.7733,45.11,1,1
202020.0,-0.0009,-0.06,24.189,-77.22,1,1
202031.0,-0.0009,0.0196,24.5329,51.09,1,1
202044.0,-0.0009,0.0022,24.8174,-46.22,1,1
202054.0,-0.002,-0.0698,23.9222,-89.68,1,1
202064.0,-0.002,0.0109,23.1817,-45.73,1,1
202071.0,-0.002,0.0022,23.6996,-57.55,1,1
202081.0,-0.002,-0.0698,24.128,-85.34,1,1
202094.0,-0.002,0.0262,23.3519,50.86,1,1
202104.0,-0.002,-0.0011,22.7099,-57.63,1,1
202114.0,-0.0031,-0.0524,23.3093,-80.71,1,1
202121.0,-0.002,0.0327,23.8051,54.32,1,1
202131.0,-0.002,-0.0109,23.0848,-56.15,1,1
202144.0,-0.0031,-0.0393,22.4889,-79.04,1,1
202154.0,-0.002,0.048,23.1265,61.9,1,1
202164.0,-0.002,0.0153,22.5234,45.27,1,1
202171.0,-0.0031,-0.0404,22.0245,-75.38,1,1
202181.0,-0.002,0.0556,22.7422,65.13,1,1
202194.0,-0.002,0.0142,23.336,-44.1,1,1
202204.0,-0.002,-0.0295,22.6967,-71.2,1,1
202214.0,-0.002,0.0589,22.1679,67.14,1,1
202221.0,-0.002,-0.0011,22.8609,-52.43,1,1
202231.0,-0.002,-0.0284,22.3037,-76.52,1,1
202244.0,-0.0009,0.0622,21.8427,74.28,1,1
202254.0,-0.0009,0.0065,22.5919,46.07,1,1
202264.0,-0.002,-0.0262,22.0811,-72.72,1,1
202271.0,-0.0009,0.0753,21.6586,87.3,1,1
202281.0,-0.0009,0.0305,22.4396,57.39,1,1
202294.0,-0.0009,-0.0338,21.9551,-71.66,1,1
202304.0,0.0002,0.0709,21.5544,82.62,1,1
202314.0,0.0002,0.0338,21.2228,63.7,1,1
202321.0,0.0002,-0.0273,20.9486,-61.56,1,1
202331.0,0.0002,0.0687,21.8522,81.51,1,1
202345.0,0.0013,0.0458,21.4692,74.05,1,1
202355.0,0.0002,-0.0556,21.1524,-74.73,1,1
202365.0,0.0013,0.0535,20.8903,78.03,1,1
202372.0,0.0013,0.0349,20.6734,68.43,1,1
202382.0,0.0013,-0.0284,21.6246,-55.82,1,1
202395.0,0.0013,0.0556,21.2809,78.92,1,1
202405.0,0.0024,0.0447,20.9966,77.54,1,1
202415.0,0.0013,-0.0316,20.7614,-53.35,1,1
202422.0,0.0024,0.0415,20.5668,80.73,1,1
202432.0,0.0024,0.0535,20.4059,80.64,1,1
202445.0,0.0024,-0.0207,20.2727,-44.49,1,1
202455.0,0.0035,0.0458,21.2931,81.28,1,1
202465.0,0.0035,0.048,21.0067,82.37,1,1
202472.0,0.0035,-0.0393,20.7697,-49.38,1,1
202482.0,0.0035,0.0251,20.5737,70.92,1,1
202495.0,0.0035,0.0567,20.4116,86.74,1,1
202505.0,0.0035,-0.0284,21.4079,44.25,1,1
202515.0,0.0035,0.024,22.2322,70.48,1,1
202522.0,0.0046,0.0545,21.7836,90.1,1,1
202532.0,0.0035,-0.0436,21.4124,-55.75,1,1
202545.0,0.0035,0.0022,22.2359,60.14,1,1
202555.0,0.0046,0.0556,21.7867,91.1,1,1
202565.0,0.0046,-0.0382,21.415,-44.11,1,1
202572.0,0.0046,0.0,22.238,70.48,1,1
202582.0,0.0046,0.036,21.7884,80.09,1,1
202595.0,0.0035,-0.0513,21.4165,-55.97,1,1
202605.0,0.0035,-0.0185,22.2392,48.75,1,1
202616.0,0.0046,0.0349,21.7894,79.91,1,1
202622.0,0.0035,-0.0524,21.4173,-60.41,1,1
202632.0,0.0035,-0.0316,22.2399,-45.29,1,1
202646.0,0.0035,0.0382,21.79,77.82,1,1
202656.0,0.0035,-0.0589,21.4177,-62.13,1,1
202666.0,0.0024,-0.0295,21.1098,-48.22,1,1
202673.0,0.0035,0.0502,20.8551,83.99,1,1
202683.0,0.0035,-0.0338,21.7748,-46.29,1,1
202696.0,0.0024,-0.0305,21.4052,-52.21,1,1
202706.0,0.0035,0.0469,21.0994,82.55,1,1
202716.0,0.0024,-0.0207,21.977,-43.97,1,1
202723.0,0.0024,-0.0327,21.5724,-50.05,1,1
202733.0,0.0035,0.0633,21.2378,90.42,1,1
202746.0,0.0035,0.0087,22.0914,63.12,1,1
202756.0,0.0024,-0.0491,21.6671,-65.77,1,1
202766.0,0.0035,0.0524,21.3161,85.78,1,1
202773.0,0.0035,0.0065,21.0257,62.63,1,1
202783.0,0.0035,-0.0273,20.7855,45.53,1,1
202796.0,0.0035,0.0545,21.7173,86.33,1,1
202806.0,0.0035,0.012,22.4881,64.98,1,1
202816.0,0.0035,-0.0404,21.9953,-53.76,1,1
202823.0,0.0035,0.0502,21.5876,89.66,1,1
202833.0,0.0035,0.024,22.3808,70.5,1,1
202846.0,0.0035,-0.036,21.9065,-47.77,1,1
202856.0,0.0035,0.0284,21.5142,72.64,1,1
202866.0,0.0046,0.0196,22.3201,75.82,1,1
202874.0,0.0035,-0.0447,21.8563,-59.88,1,1
202886.0,0.0035,0.0142,21.4726,67.24,1,1
202896.0,0.0046,0.036,22.2857,81.24,1,1
202906.0,0.0035,-0.0458,21.8278,-56.56,1,1
202916.0,0.0035,0.0131,21.4491,71.04,1,1
202923.0,0.0046,0.0338,22.2662,79.71,1,1
202933.0,0.0035,-0.0458,21.8117,-52.71,1,1
202946.0,0.0035,0.0055,21.4357,61.15,1,1
202956.0,0.0035,0.0295,21.1247,73.14,1,1
202967.0,0.0035,-0.0513,20.8674,-56.41,1,1
202973.0,0.0035,-0.0065,21.785,55.33,1,1
202983.0,0.0035,0.0469,21.4136,82.01,1,1
202996.0,0.0035,-0.0524,21.1064,-55.82,1,1
203007.0,0.0035,-0.0109,21.9827,53.09,1,1
203017.0,0.0035,0.0556,21.5772,86.33,1,1
203024.0,0.0035,-0.0284,21.2417,44.31,1,1
203034.0,0.0035,-0.024,22.0947,46.53,1,1
203047.0,0.0035,0.0469,22.8003,82.0,1,1
203057.0,0.0035,-0.024,22.2536,46.52,1,1
203067.0,0.0035,-0.0196,21.8013,48.68,1,1
203074.0,0.0035,0.06,22.5576,88.53,1,1
203084.0,0.0035,-0.0327,23.1833,-46.2,1,1
203097.0,0.0035,-0.0371,22.5704,-48.34,1,1
203107.0,0.0035,0.0316,22.0633,80.6,1,1
203117.0,0.0035,-0.0164,22.7744,49.51,1,1
203124.0,0.0024,-0.0731,23.3626,-82.95,1,1
203134.0,0.0035,0.0371,22.7188,79.12,1,1
203147.0,0.0024,-0.0262,22.1861,-46.57,1,1
203157.0,0.0024,-0.0535,22.8759,-69.81,1,1
203167.0,0.0024,0.0076,22.3161,61.73,1,1
203174.0,0.0024,-0.0011,21.853,54.64,1,1
203184.0,0.0013,-0.072,22.6004,-73.68,1,1
203197.0,0.0024,0.0393,23.2187,75.55,1,1
203207.0,0.0024,0.0229,22.5997,66.01,1,1
203217.0,0.0013,-0.0622,22.0876,-71.36,1,1
203224.0,0.0013,0.0153,21.6639,57.92,1,1
203234.0,0.0024,0.0338,21.3135,71.43,1,1
203247.0,0.0013,-0.0556,22.1541,-65.98,1,1
203257.0,0.0013,0.0109,21.7189,55.48,1,1
203267.0,0.0024,0.0524,21.359,80.49,1,1
203276.0,0.0013,-0.0491,22.1917,-67.07,1,1
203287.0,0.0013,0.0131,22.8806,57.05,1,1
203297.0,0.0024,0.0458,22.32,77.6,1,1
203307.0,0.0024,-0.0251,21.8562,-46.22,1,1
203318.0,0.0024,-0.012,22.603,48.51,1,1
203325.0,0.0024,0.0687,22.0904,88.77,1,1
203337.0,0.0024,-0.0185,21.6662,45.06,1,1
203347.0,0.0024,0.0044,22.4459,56.51,1,1
203357.0,0.0035,0.0796,21.9604,98.44,1,1
203368.0,0.0035,-0.0076,21.5587,54.76,1,1
203375.0,0.0035,0.0055,22.3569,61.32,1,1
203385.0,0.0035,0.084,23.0173,100.61,1,1
203398.0,0.0035,-0.0087,22.433,54.2,1,1
203408.0,0.0035,-0.012,21.9497,54.63,1,1
203418.0,0.0046,0.06,22.6804,92.64,1,1
203425.0,0.0046,-0.0175,22.1544,53.94,1,1
203435.0,0.0035,-0.0338,21.7192,-46.82,1,1
203448.0,0.0046,0.0524,22.4897,88.93,1,1
203458.0,0.0046,-0.0164,23.1271,54.62,1,1
203468.0,0.0035,-0.0349,22.5239,-47.34,1,1
203477.0,0.0046,0.0447,22.0249,85.15,1,1
203488.0,0.0046,0.0033,22.7426,67.61,1,1
203498.0,0.0046,-0.0327,22.2058,46.04,1,1
203508.0,0.0046,0.0305,21.7618,77.74,1,1
203518.0,0.0046,0.0196,22.5249,72.4,1,1
203525.0,0.0046,-0.048,23.1562,-53.9,1,1
203535.0,0.0046,0.024,22.548,75.24,1,1
203548.0,0.0046,-0.0022,22.0448,62.05,1,1
203558.0,0.0035,-0.0371,22.7591,-48.13,1,1
203568.0,0.0046,0.0131,23.35,69.65,1,1
203575.0,0.0046,0.024,22.7083,75.03,1,1
203585.0,0.0035,-0.0382,22.1774,-48.75,1,1
203598.0,0.0035,0.0098,22.8688,64.58,1,1
203608.0,0.0046,0.0142,23.4407,69.95,1,1
203618.0,0.0035,-0.036,23.9138,-47.94,1,1
203625.0,0.0035,0.0131,24.3053,65.1,1,1
203636.0,0.0046,0.0349,23.4986,80.34,1,1
203648.0,0.0035,-0.0404,22.8312,-56.32,1,1
203658.0,0.0035,0.0087,23.4096,63.73,1,1
203669.0,0.0046,0.0393,23.8881,83.23,1,1
203677.0,0.0035,-0.0382,24.284,-48.48,1,1
203688.0,0.0035,0.0131,23.481,65.52,1,1
203698.0,0.0046,0.0415,22.8167,83.95,1,1
203708.0,0.0035,-0.048,23.3976,-59.88,1,1
203719.0,0.0035,-0.0164,23.8782,51.44,1,1
203726.0,0.0046,0.0458,24.2758,86.7,1,1
203736.0,0.0035,-0.0436,23.4742,-52.06,1,1
203749.0,0.0035,-0.0185,22.811,49.93,1,1
203759.0,0.0046,0.0535,23.3929,90.18,1,1
203769.0,0.0035,-0.0447,23.8743,-51.82,1,1
203776.0,0.0035,-0.0295,23.1421,-44.23,1,1
203786.0,0.0035,0.0611,22.5363,89.33,1,1
203799.0,0.0035,-0.0349,23.1656,-47.08,1,1
203809.0,0.0035,-0.0164,23.6863,50.56,1,1
203819.0,0.0046,0.0633,22.9865,94.67,1,1
203826.0,0.0046,-0.0076,22.4076,59.16,1,1
203836.0,0.0035,-0.0218,23.0592,47.72,1,1
203849.0,0.0046,0.0567,23.5982,91.36,1,1
203859.0,0.0046,-0.0109,22.9137,57.49,1,1
203869.0,0.0046,-0.0273,22.3473,49.27,1,1
203878.0,0.0046,0.0665,23.0093,96.2,1,1
203889.0,0.0046,-0.0044,23.557,60.77,1,1
203899.0,0.0046,-0.0393,24.01,-45.15,1,1
203909.0,0.0046,0.0469,24.3848,86.43,1,1
203919.0,0.0046,0.0055,24.6949,65.72,1,1
203926.0,0.0046,-0.0371,23.8209,44.4,1,1
203936.0,0.0046,0.0382,23.0979,83.04,1,1
203949.0,0.0046,0.0098,23.6302,67.7,1,1
203959.0,0.0046,-0.0393,24.0706,-45.28,1,1
203969.0,0.0046,0.0153,24.435,75.75,1,1
203977.0,0.0046,0.0153,24.7364,69.85,1,1
203987.0,0.0046,-0.0087,24.9857,58.02,1,1
203999.0,0.0046,-0.0109,25.192,61.25,1,1
204009.0,0.0046,-0.0044,24.2321,59.82,1,1
204020.0,0.0046,-0.0393,23.4381,-45.89,1,1
204027.0,0.0046,-0.0087,23.9117,57.97,1,1
204040.0,0.0046,-0.0033,24.3035,65.03,1,1
204050.0,0.0046,-0.0284,24.6276,47.85,1,1
204060.0,0.0035,-0.0327,24.8957,-47.07,1,1
204070.0,0.0035,-0.0022,25.1175,56.94,1,1
204077.0,0.0035,-0.0338,25.301,-47.37,1,1
204087.0,0.0035,-0.0262,25.4529,45.18,1,1
204100.0,0.0035,0.0076,24.4479,62.11,1,1
204110.0,0.0035,-0.0207,23.6166,47.95,1,1
204120.0,0.0024,-0.0196,24.0594,44.21,1,1
204129.0,0.0024,0.0076,24.4256,57.9,1,1
204140.0,0.0024,-0.0055,24.7287,51.4,1,1
204150.0,0.0024,-0.0175,24.9793,45.44,1,1
204160.0,0.0024,0.0153,25.1867,61.83,1,1
204170.0,0.0024,0.0022,25.3583,55.31,1,1
204179.0,0.0024,-0.0055,25.5002,51.51,1,1
204190.0,0.0035,0.0196,25.6176,68.44,1,1
204200.0,0.0035,0.0065,25.7147,61.91,1,1
204210.0,0.0035,0.0044,25.7951,60.83,1,1
204220.0,0.0035,0.0185,24.7311,67.87,1,1
204228.0,0.0035,-0.0044,23.8508,56.38,1,1
204240.0,0.0035,-0.0022,24.2531,57.49,1,1
204250.0,0.0035,0.0142,24.5859,65.69,1,1
204260.0,0.0035,-0.0055,24.8613,55.89,1,1
204270.0,0.0035,-0.0098,25.089,53.72,1,1
204279.0,0.0035,-0.0098,25.2775,55.83,1,1
204290.0,0.0035,0.0207,25.4333,68.73,1,1
204300.0,0.0035,-0.0065,25.5623,55.16,1,1
204310.0,0.0035,-0.0011,25.669,57.94,1,1
204320.0,0.0035,-0.0011,25.7572,57.98,1,1
204329.0,0.0035,-0.0251,25.8303,46.01,1,1
204340.0,0.0035,-0.0022,25.8907,57.49,1,1
204350.0,0.0035,-0.0022,24.8101,57.46,1,1
204360.0,0.0035,-0.0109,23.9162,53.07,1,1
204370.0,0.0035,-0.0087,25.4377,55.29,1,1
204379.0,0.0035,-0.0109,26.6964,53.08,1,1
204390.0,0.0035,0.0044,25.4767,60.7,1,1
204400.0,0.0035,0.0044,25.5982,60.73,1,1
204410.0,0.0035,-0.0065,26.8292,55.36,1,1
204421.0,0.0035,-0.0175,26.717,49.92,1,1
204429.0,0.0035,-0.0109,26.6243,53.2,1,1
204440.0,0.0035,-0.0109,26.5475,53.21,1,1
204450.0,0.0035,-0.0109,26.484,53.21,1,1
204461.0,0.0035,-0.0076,26.4315,54.85,1,1
204471.0,0.0035,-0.0131,26.388,52.13,1,1
204479.0,0.0035,-0.0098,26.3521,53.77,1,1
204491.0,0.0035,-0.0022,26.3224,57.59,1,1
204501.0,0.0035,-0.0218,26.2978,47.77,1,1
204511.0,0.0035,-0.0153,26.2774,51.05,1,1
204521.0,0.0035,-0.0033,26.2606,57.05,1,1
204529.0,0.0035,-0.0065,26.2466,55.41,1,1
204541.0,0.0035,-0.0065,26.2351,55.41,1,1
204551.0,0.0035,-0.0175,26.2256,49.96,1,1
204561.0,0.0035,-0.012,26.2177,52.69,1,1
204571.0,0.0035,-0.0109,26.2112,53.23,1,1
204579.0,0.0035,-0.0011,26.2058,58.14,1,1
204591.0,0.0035,-0.0185,26.2013,49.42,1,1
204601.0,0.0035,0.0022,26.1976,59.78,1,1
204611.0,0.0035,0.0055,26.1946,61.42,1,1
204621.0,0.0035,-0.0153,26.192,51.05,1,1
204630.0,0.0035,-0.0076,26.19,54.87,1,1
204641.0,0.0035,0.0011,26.1882,59.23,1,1
204651.0,0.0035,-0.0022,26.1868,57.6,1,1
204661.0,0.0035,0.0098,26.1856,63.6,1,1
204671.0,0.0035,-0.0044,26.1846,56.51,1,1
204680.0,0.0035,-0.0076,26.1838,54.87,1,1
204691.0,0.0035,0.0087,26.1831,63.05,1,1
204701.0,0.0035,0.0022,26.1826,59.78,1,1
204711.0,0.0035,-0.0065,27.3126,55.47,1,1
204721.0,0.0035,0.0011,28.2475,59.33,1,1
204730.0,0.0035,-0.0076,27.8904,54.95,1,1
204741.0,0.0035,-0.012,27.5949,52.76,1,1
204751.0,0.0035,-0.0011,27.3505,58.2,1,1
204761.0,0.0035,-0.0142,27.1483,51.64,1,1
204772.0,0.0035,-0.0109,26.9811,53.27,1,1
204780.0,0.0035,-0.0044,26.8427,56.54,1,1
204791.0,0.0035,-0.0065,26.7282,55.44,1,1
204801.0,0.0035,-0.0153,26.6335,51.07,1,1
204811.0,0.0035,-0.0022,26.5552,57.62,1,1
204822.0,0.0035,-0.0098,26.4903,53.79,1,1
204830.0,0.0035,-0.0153,26.4367,51.06,1,1
204842.0,0.0035,0.0033,26.3924,60.33,1,1
204852.0,0.0035,-0.0065,27.4862,55.48,1,1
204862.0,0.0035,-0.0076,28.3911,54.98,1,1
204872.0,0.0035,0.0044,28.0091,60.96,1,1
204881.0,0.0035,-0.012,27.6932,52.76,1,1
204892.0,0.0035,-0.0011,27.4318,58.2,1,1
204902.0,0.0035,0.0175,27.2156,67.46,1,1
204912.0,0.0035,-0.0142,27.0367,51.64,1,1
204922.0,0.0035,-0.012,28.0192,52.78,1,1
204931.0,0.0035,-0.0011,28.832,58.27,1,1
204942.0,0.0046,-0.0055,28.3739,60.43,1,1
204952.0,0.0035,-0.0055,27.995,56.05,1,1
204962.0,0.0035,-0.0065,27.6815,55.49,1,1
204972.0,0.0035,-0.0284,27.4221,44.57,1,1
204980.0,0.0035,-0.0153,27.2075,51.1,1,1
204992.0,0.0035,-0.0044,27.0301,56.55,1,1
205002.0,0.0035,-0.0196,26.8832,48.9,1,1
205012.0,0.0035,-0.012,27.8922,52.77,1,1
205022.0,0.0035,-0.0109,28.727,54.41,1,1
205031.0,0.0035,-0.0131,28.287,52.11,1,1
205042.0,0.0035,-0.0065,27.9231,55.39,1,1
205052.0,0.0035,-0.0185,27.622,49.4,1,1
205062.0,0.0035,-0.0218,27.3729,47.77,1,1
205072.0,0.0035,-0.0022,27.1668,57.59,1,1
205081.0,0.0035,-0.0109,26.9964,53.23,1,1
205092.0,0.0035,-0.012,27.9859,52.74,1,1
205102.0,0.0035,0.0044,28.8044,60.97,1,1
205112.0,0.0035,-0.0109,28.3511,53.32,1,1
205122.0,0.0035,-0.0065,27.9761,55.48,1,1
205132.0,0.0035,0.0033,28.7963,60.44,1,1
205142.0,0.0035,-0.0109,29.4749,53.38,1,1
205152.0,0.0035,-0.0142,28.9058,51.72,1,1
205162.0,0.0024,-0.0076,28.435,50.61,1,1
205173.0,0.0024,-0.0164,28.0454,46.23,1,1
205181.0,0.0024,-0.0087,27.7232,50.03,1,1
205192.0,0.0024,-0.0131,27.4567,47.84,1,1
205202.0,0.0024,-0.0153,28.3666,46.79,1,1
205212.0,0.0024,-0.0229,29.1194,-46.04,1,1
205223.0,0.0024,-0.0033,28.6117,52.8,1,1
205232.0,0.0024,-0.0185,28.1917,45.15,1,1
205243.0,0.0024,-0.0153,27.8442,46.77,1,1
205253.0,0.0024,-0.0153,27.5567,46.75,1,1
205263.0,0.0013,-0.0218,28.4494,-54.01,1,1
205273.0,0.0013,-0.0109,29.1879,45.21,1,1
205281.0,0.0013,-0.0207,28.6683,-48.84,1,1
205293.0,0.0013,-0.0098,28.2385,45.51,1,1
205303.0,0.0013,0.0065,27.883,54.65,1,1
205313.0,0.0013,0.0011,27.5888,50.66,1,1
205323.0,0.0013,-0.0055,28.4759,47.41,1,1
205332.0,0.0013,-0.0033,29.2099,48.53,1,1
205343.0,0.0024,-0.0065,28.6865,51.22,1,1
205353.0,0.0024,-0.0065,29.3841,51.24,1,1
205363.0,0.0024,-0.0055,29.9611,51.81,1,1
205373.0,0.0024,-0.0044,29.308,52.32,1,1
205382.0,0.0024,-0.0055,28.7677,51.74,1,1
205393.0,0.0024,-0.0055,28.3207,51.71,1,1
205403.0,0.0024,-0.0076,27.9509,50.6,1,1
205413.0,0.0024,-0.0207,27.645,-44.85,1,1
205423.0,0.0013,-0.0131,27.392,-45.38,1,1
205432.0,0.0013,-0.012,28.3131,-44.89,1,1
205443.0,0.0024,-0.0055,29.0752,51.74,1,1
205453.0,0.0024,-0.0087,28.5751,50.08,1,1
205463.0,0.0024,-0.0055,28.1614,51.69,1,1
205473.0,0.0024,0.0,27.8191,54.4,1,1
205483.0,0.0024,-0.0022,27.536,53.3,1,1
205493.0,0.0024,-0.012,27.3018,48.38,1,1
205503.0,0.0024,0.0065,27.108,57.64,1,1
205513.0,0.0024,-0.0033,28.0782,52.78,1,1
205523.0,0.0024,-0.0011,28.8808,53.91,1,1
205533.0,0.0024,0.0,28.4143,54.43,1,1
205543.0,0.0024,0.0076,28.0284,58.23,1,1
205553.0,0.0024,-0.0033,28.8396,52.81,1,1
205563.0,0.0024,-0.0055,29.5107,51.76,1,1
205574.0,0.0024,-0.0087,28.9354,50.09,1,1
205583.0,0.0024,-0.0076,28.4594,50.61,1,1
205593.0,0.0024,-0.0076,28.0657,50.59,1,1
205604.0,0.0024,-0.0011,28.8705,53.91,1,1
205614.0,0.0024,-0.0131,29.5363,47.94,1,1
205624.0,0.0024,-0.0153,28.9565,46.82,1,1
205633.0,0.0024,-0.0076,28.4769,50.61,1,1
205644.0,0.0013,-0.0153,28.0802,-46.52,1,1
205654.0,0.0013,-0.0196,27.7519,-48.68,1,1
205664.0,0.0013,-0.0131,27.4804,-45.39,1,1
205674.0,0.0013,-0.0153,28.3863,-46.54,1,1
205683.0,0.0013,-0.0044,29.1357,47.92,1,1
205694.0,0.0013,-0.0164,28.6252,-47.1,1,1
205704.0,0.0013,-0.0164,28.2028,-47.08,1,1
205714.0,0.0013,-0.0098,27.8534,45.13,1,1
205724.0,0.0013,0.0055,27.5643,52.75,1,1
205733.0,0.0013,-0.0033,28.4557,48.43,1,1
205744.0,0.0013,0.0098,29.1931,55.01,1,1
205754.0,0.0013,-0.0065,28.6727,46.8,1,1
205764.0,0.0013,-0.0055,28.2421,47.33,1,1
205774.0,0.0013,0.012,27.8859,56.04,1,1
205783.0,0.0013,-0.0076,27.5912,46.21,1,1
205794.0,0.0024,-0.0033,27.3475,52.74,1,1
205804.0,0.0024,0.0131,28.2763,60.97,1,1
205814.0,0.0024,-0.0076,29.0447,50.64,1,1
205824.0,0.0013,-0.0098,28.5499,45.16,1,1
205834.0,0.0013,0.0033,28.1405,51.69,1,1
205844.0,0.0013,-0.0196,27.8019,-48.69,1,1
205854.0,0.0013,-0.0131,27.5217,-45.4,1,1
205864.0,0.0013,-0.0087,27.29,45.65,1,1
205874.0,0.0013,-0.0327,28.2287,-59.45,1,1
205884.0,0.0013,-0.0185,29.0053,-47.66,1,1
205894.0,0.0002,0.0,28.5173,46.15,1,1
205904.0,0.0002,-0.0382,28.1136,-65.13,1,1
205914.0,0.0013,-0.0087,27.7796,46.37,1,1
205925.0,0.0013,0.0284,27.5033,64.76,1,1
205934.0,0.0013,-0.0262,27.2747,-53.58,1,1
205944.0,0.0013,0.0033,27.0856,52.27,1,1
205955.0,0.0013,0.0327,26.9292,73.15,1,1
205965.0,0.0013,-0.0404,26.7998,-68.85,1,1
205975.0,0.0013,0.0022,26.6927,51.98,1,1
205983.0,0.0013,0.0305,26.6041,67.02,1,1
205993.0,0.0013,-0.0316,26.5309,-56.26,1,1
206005.0,0.0013,0.0109,27.6007,56.11,1,1
206015.0,0.0013,0.0338,28.4858,67.48,1,1
206025.0,0.0013,-0.0316,28.0875,-55.35,1,1
206033.0,0.0013,0.0,27.758,50.49,1,1
206043.0,0.0013,0.0305,27.4855,65.65,1,1
206055.0,0.0013,-0.0425,27.26,-62.96,1,1
206065.0,0.0013,-0.0076,27.0734,46.83,1,1
206075.0,0.0013,0.0196,26.9191,67.66,1,1
206085.0,0.0013,-0.0382,26.7914,-59.51,1,1
206095.0,0.0013,-0.0109,26.6858,44.21,1,1
206105.0,0.0002,0.0229,26.5984,56.81,1,1
206115.0,0.0002,-0.0502,26.5261,-69.49,1,1
206125.0,0.0002,-0.0338,26.4663,-60.08,1,1
206133.0,0.0002,0.0229,26.4169,57.03,1,1
206143.0,0.0002,-0.0425,26.3759,-64.43,1,1
206155.0,-0.0009,-0.0545,26.3421,-81.08,1,1
206165.0,-0.0009,0.0142,27.4446,49.2,1,1
206175.0,-0.0009,-0.0436,28.3566,-68.79,1,1
206183.0,-0.0009,-0.0567,26.8502,-85.85,1,1
206194.0,-0.0009,0.0415,26.7344,63.79,1,1
206205.0,-0.002,-0.036,27.7691,-68.51,1,1
206215.0,-0.002,-0.0556,27.4946,-84.89,1,1
206226.0,-0.002,0.0447,27.2675,63.13,1,1
206233.0,-0.002,0.0087,27.0797,-46.43,1,1
206243.0,-0.002,-0.0447,26.9243,-79.65,1,1
206255.0,-0.0009,0.0415,26.7957,63.54,1,1
206265.0,-0.002,0.0109,26.6893,-45.2,1,1
206276.0,-0.002,-0.0567,26.6014,-87.63,1,1
206284.0,-0.002,0.0425,26.5286,61.11,1,1
206294.0,-0.0009,0.0185,26.4683,51.9,1,1
206306.0,-0.0009,-0.0513,25.288,-71.97,1,1
206316.0,-0.0009,0.0447,24.3116,64.38,1,1
206326.0,-0.0009,0.0273,24.6343,55.49,1,1
206334.0,-0.0009,-0.0229,24.9013,-58.31,1,1
206344.0,-0.0009,0.0415,25.1221,63.39,1,1
206356.0,-0.0009,0.0229,25.3048,52.85,1,1
206366.0,-0.0009,-0.0567,24.3255,-78.71,1,1
206376.0,-0.0009,0.024,23.5153,53.65,1,1
206384.0,-0.0009,0.0535,23.9756,68.28,1,1
206395.0,-0.0009,-0.0458,24.3563,-69.94,1,1
206406.0,0.0002,0.0109,24.6713,51.25,1,1
206416.0,-0.0009,0.0753,24.9319,83.21,1,1
206426.0,-0.0009,-0.0305,24.017,-63.02,1,1
206434.0,-0.0009,-0.0076,23.2601,-67.15,1,1
206444.0,0.0002,0.0687,23.7644,84.82,1,1
206456.0,0.0002,-0.0055,24.1816,-44.68,1,1
206466.0,0.0002,-0.0218,24.5268,-53.1,1,1
206476.0,0.0002,0.0709,23.6818,81.59,1,1
206484.0,0.0002,-0.0087,22.9828,-46.76,1,1
206495.0,0.0002,-0.0164,23.5351,-53.87,1,1
206506.0,0.0013,0.0676,23.9919,84.42,1,1
206516.0,0.0013,0.0055,24.3698,54.24,1,1
206526.0,0.0013,-0.0327,24.6825,-66.22,1,1
206535.0,0.0013,0.0676,24.9411,85.51,1,1
206545.0,0.0013,0.0196,24.0246,61.11,1,1
206556.0,0.0024,-0.0196,23.2664,45.51,1,1
206566.0,0.0024,0.0545,23.7696,84.48,1,1
206577.0,0.0013,0.0109,23.0555,55.71,1,1
206585.0,0.0013,-0.0425,22.4647,-66.78,1,1
206596.0,0.0024,0.0458,23.1064,78.34,1,1
206607.0,0.0013,0.0033,23.6373,52.47,1,1
206617.0,0.0013,-0.0633,24.0765,-75.75,1,1
206627.0,0.0024,0.0229,23.3093,69.2,1,1
206635.0,0.0024,0.0185,22.6746,64.32,1,1
206645.0,0.0013,-0.0578,23.2801,-72.01,1,1
206657.0,0.0024,0.0142,23.781,65.7,1,1
206667.0,0.0013,0.0316,23.0648,66.21,1,1
206677.0,0.0013,-0.0764,22.4724,-77.29,1,1
206685.0,0.0013,-0.0011,23.1128,49.77,1,1
206696.0,0.0013,0.036,23.6426,68.24,1,1
206707.0,0.0013,-0.0731,22.9504,-75.83,1,1
206717.0,0.0013,0.0033,22.3777,51.8,1,1
206727.0,0.0013,0.0556,23.0344,77.93,1,1
206737.0,0.0013,-0.0567,23.5778,-73.0,1,1
206747.0,0.0013,0.0175,24.0272,59.61,1,1
206757.0,0.0013,0.0676,23.2686,84.45,1,1
206767.0,0.0013,-0.0469,22.6409,-67.63,1,1
206777.0,0.0013,-0.0076,23.2522,47.35,1,1
206786.0,0.0013,0.0633,23.7579,82.55,1,1
206796.0,0.0013,-0.0305,24.1763,-64.57,1,1
206807.0,0.0013,-0.0305,24.5224,-51.71,1,1
206817.0,0.0013,0.0633,23.6782,83.24,1,1
206827.0,0.0013,-0.0098,22.9798,46.31,1,1
206836.0,0.0013,-0.0611,23.5325,-68.01,1,1
206846.0,0.0013,0.0556,22.8593,78.51,1,1
206857.0,0.0013,0.0,22.3024,51.53,1,1
206867.0,0.0013,-0.0611,22.9721,-77.06,1,1
206878.0,0.0013,0.0262,22.3957,64.32,1,1
206886.0,0.0013,-0.0207,21.9189,-47.7,1,1
206897.0,0.0002,-0.072,22.6549,-88.45,1,1
206907.0,0.0002,-0.0022,22.1332,46.44,1,1
206917.0,0.0002,0.0011,21.7017,47.62,1,1
206928.0,0.0002,-0.0829,22.4752,-85.08,1,1
206937.0,0.0002,-0.0098,21.9846,-46.41,1,1
206948.0,-0.0009,-0.0044,21.5788,-49.35,1,1
206958.0,-0.0009,-0.0633,22.3735,-83.12,1,1
206968.0,-0.0009,-0.0218,21.9005,-56.64,1,1
206978.0,-0.002,0.0065,21.5092,-47.1,1,1
206986.0,-0.002,-0.0774,22.3159,-94.62,1,1
206997.0,-0.002,-0.036,22.9834,-68.2,1,1
207008.0,-0.0031,0.0087,22.405,-57.79,1,1
207018.0,-0.0031,-0.0709,21.9265,-89.5,1,1
207028.0,-0.0031,-0.0393,21.5307,-75.09,1,1
207037.0,-0.0031,0.0207,21.2033,-44.2,1,1
207047.0,-0.0031,-0.048,20.9324,-90.33,1,1
207058.0,-0.0041,-0.0349,20.7083,-81.58,1,1
207068.0,-0.0041,0.0262,20.5229,-44.39,1,1
207078.0,-0.0041,-0.0415,20.3695,-81.89,1,1
207088.0,-0.0041,0.0175,20.2426,-53.5,1,1
207098.0,-0.0041,-0.0229,20.1377,-69.37,1,1
207108.0,-0.0052,-0.0513,20.0508,-88.37,1,1
207118.0,-0.0052,0.012,19.979,-57.1,1,1
207128.0,-0.0052,-0.0262,19.9196,-76.48,1,1
207137.0,-0.0052,-0.0262,18.7399,-76.65,1,1
207147.0,-0.0052,-0.0589,18.8945,-94.25,1,1
207158.0,-0.0063,-0.0316,19.0224,-87.1,1,1
207168.0,-0.0063,-0.0404,17.9977,-93.22,1,1
207178.0,-0.0063,0.0055,18.2805,-67.74,1,1
207187.0,-0.0063,0.0055,18.5145,-65.54,1,1
207198.0,-0.0074,-0.0284,17.5775,-90.09,1,1
207208.0,-0.0074,-0.0022,16.8024,-75.63,1,1
207218.0,-0.0074,-0.0295,16.1611,-90.2,1,1
207229.0,-0.0085,-0.0447,16.7612,-98.89,1,1
207238.0,-0.0085,-0.0142,17.2575,-82.86,1,1
207248.0,-0.0085,-0.0109,16.5377,-81.53,1,1
207259.0,-0.0085,-0.0415,15.9422,-99.13,1,1
207269.0,-0.0085,-0.0098,15.4495,-85.32,1,1
207279.0,-0.0085,-0.036,15.042,-93.87,1,1
207287.0,-0.0085,-0.036,14.7048,-94.15,1,1
207298.0,-0.0096,-0.0513,14.4259,-110.56,1,1
207309.0,-0.0107,-0.0535,14.1951,-113.54,1,1
207319.0,-0.0107,-0.0535,14.0042,-114.57,1,1
207329.0,-0.0107,-0.0207,13.8463,-95.95,1,1
207338.0,-0.0118,-0.0207,13.7157,-100.47,1,1
207348.0,-0.0118,-0.0535,13.6076,-115.91,1,1
207359.0,-0.0118,-0.0284,13.5182,-106.74,1,1
207369.0,-0.0129,-0.0436,13.4442,-117.47,1,1
207379.0,-0.0129,-0.0611,12.2525,-126.08,1,1
207388.0,-0.0129,-0.0611,12.3972,-126.06,1,1
207398.0,-0.014,-0.0273,12.5168,-111.41,1,1
207409.0,-0.014,-0.0491,11.4853,-126.71,1,1
207419.0,-0.0151,-0.0393,11.7625,-124.78,1,1
207429.0,-0.0151,-0.0665,10.8613,-136.13,1,1
207438.0,-0.0161,-0.0665,10.1157,-144.81,1,1
207448.0,-0.0161,-0.0676,10.6295,-141.82,1,1
207459.0,-0.0172,-0.1047,9.924,-164.77,1,1
207469.0,-0.0183,-0.0654,9.3403,-149.53,1,1
207479.0,-0.0183,-0.048,8.8575,-140.83,1,1
207488.0,-0.0183,-0.048,8.4581,-140.85,1,1
207498.0,-0.0194,-0.0785,8.1276,-160.5,1,1
207509.0,-0.0205,-0.0491,6.7237,-153.23,1,1
207519.0,-0.0216,-0.0742,6.6929,-166.6,1,1
207530.0,-0.0216,-0.084,6.6673,-172.66,1,1
207539.0,-0.0227,-0.084,5.5157,-179.0,1,1
207549.0,-0.0238,-0.0709,4.563,-176.44,1,1
207560.0,-0.0238,-0.0567,3.7748,-165.91,1,1
207569.0,-0.0249,-0.0556,3.1228,-167.81,1,1
207580.0,-0.026,-0.0982,2.5834,-197.01,1,1
207589.0,-0.026,-0.0982,2.1372,-196.93,1,1
207599.0,-0.0271,-0.0785,1.768,-193.5,1,1
207610.0,-0.0281,-0.0949,0.3321,-203.56,1,1
207620.0,-0.0281,-0.0502,-0.8557,-178.11,1,1
207630.0,-0.0292,-0.0502,-0.7079,-182.91,1,1
207639.0,-0.0292,-0.0502,-1.7161,-187.51,1,1
207649.0,-0.0303,-0.0709,-3.6807,-199.96,1,1
207660.0,-0.0303,-0.036,-4.1755,-183.64,1,1
207670.0,-0.0303,-0.0644,-4.5847,-199.85,1,1
207680.0,-0.0303,0.0044,-6.0538,-159.98,1,1
207689.0,-0.0314,0.0044,-7.2692,-171.1,1,1
207700.0,-0.0314,-0.0535,-8.2746,-194.32,1,1
207710.0,-0.0314,-0.012,-10.2368,-173.99,1,1
207720.0,-0.0314,-0.0055,-11.8602,-169.99,1,1
207730.0,-0.0325,-0.0654,-12.0726,-215.17,1,1
207739.0,-0.0325,-0.0654,-12.2483,-204.63,1,1
207750.0,-0.0325,-0.0098,-12.3937,-182.42,1,1
207760.0,-0.0325,-0.0905,-13.6445,-226.62,1,1
207770.0,-0.0325,0.024,-15.8097,-158.1,1,1
207780.0,-0.0325,0.0349,-16.4704,-168.02,1,1
207790.0,-0.0325,0.0349,-17.017,-151.99,1,1
207800.0,-0.0325,0.0185,-18.5997,-163.18,1,1
207810.0,-0.0325,0.0393,-19.909,-155.36,1,1
207820.0,-0.0325,-0.06,-19.8617,-200.84,1,1
207831.0,-0.0325,-0.0087,-19.8225,-178.94,1,1
207840.0,-0.0325,-0.0044,-20.9206,-188.38,1,1
207850.0,-0.0336,-0.0469,-21.8291,-197.91,1,1
207860.0,-0.0336,-0.0535,-23.7111,-214.6,1,1
207870.0,-0.0347,-0.024,-25.268,-190.69,1,1
207881.0,-0.0347,-0.0709,-25.4255,-214.98,1,1
207890.0,-0.0347,-0.0185,-26.6863,-193.71,1,1
207901.0,-0.0358,-0.0185,-27.7294,-193.92,1,1
207911.0,-0.0358,-0.0491,-28.5922,-212.91,1,1
207921.0,-0.0358,-0.0556,-30.4366,-233.05,1,1
207931.0,-0.0369,-0.06,-31.9623,-252.11,1,1
207940.0,-0.0369,-0.06,-33.2246,-214.94,1,1
207951.0,-0.038,-0.0425,-34.2688,-211.07,1,1
207961.0,-0.038,0.0109,-35.1326,-190.95,1,1
207971.0,-0.038,-0.0055,-35.8472,-194.31,1,1
207981.0,-0.0369,0.0589,-37.5689,-167.23,1,1
207990.0,-0.0358,0.0589,-38.9932,-177.28,1,1
208001.0,-0.0358,0.0098,-40.1715,-176.64,1,1
208011.0,-0.0358,0.0676,-41.1463,-162.7,1,1
208021.0,-0.0347,0.048,-41.9527,-153.82,1,1
208031.0,-0.0347,-0.0098,-42.6198,-193.39,1,1
208041.0,-0.0347,0.0273,-43.1717,-169.34,1,1
208051.0,-0.0347,-0.0011,-44.7587,-179.89,1,1
208061.0,-0.0347,-0.0087,-46.0717,-184.71,1,1
208071.0,-0.0347,0.0076,-47.1578,-177.33,1,1
208081.0,-0.0358,-0.0513,-48.0564,-225.41,1,1
208091.0,-0.0358,-0.0349,-48.7997,-202.33,1,1
208101.0,-0.0358,-0.0502,-49.4146,-218.08,1,1
208111.0,-0.0369,-0.0589,-49.9234,-227.5,1,1
208121.0,-0.0369,-0.0076,-50.3442,-193.08,1,1
208132.0,-0.0369,-0.0633,-51.8229,-221.74,1,1
208141.0,-0.0369,0.0044,-53.0461,-192.8,1,1
208151.0,-0.0369,0.0065,-54.0581,-200.08,1,1
208162.0,-0.0369,-0.0098,-56.0258,-214.54,1,1
208172.0,-0.0369,0.0284,-57.6536,-192.59,1,1
208182.0,-0.0369,-0.012,-59.0002,-192.61,1,1
208192.0,-0.038,-0.0207,-60.1142,-227.94,1,1
208202.0,-0.0369,0.0273,-61.0359,-172.27,1,1
208212.0,-0.038,-0.0316,-61.7983,-209.8,1,1
208222.0,-0.038,0.0,-62.429,-220.14,1,1
208232.0,-0.0369,0.0458,-62.9508,-163.11,1,1
208241.0,-0.038,-0.0524,-64.513,-224.51,1,1
208252.0,-0.0369,0.0578,-65.8053,-182.32,1,1
208262.0,-0.0369,0.0131,-66.8744,-179.82,1,1
208272.0,-0.038,-0.1058,-68.8893,-255.0,1,1
208282.0,-0.038,0.0404,-69.4257,-171.7,1,1
208292.0,-0.0369,0.0185,-69.8695,-181.74,1,1
208302.0,-0.038,-0.0556,-71.3671,-222.0,1,1
208312.0,-0.0369,0.0535,-72.606,-164.1,1,1
208322.0,-0.0369,-0.0098,-73.631,-209.12,1,1
208332.0,-0.038,-0.0284,-74.4789,-209.16,1,1
208342.0,-0.038,0.0109,-75.1803,-190.39,1,1
208352.0,-0.038,-0.0502,-75.7606,-235.24,1,1
208362.0,-0.038,-0.0065,-77.3711,-198.62,1,1
208372.0,-0.038,-0.0207,-78.7035,-216.01,1,1
208382.0,-0.0391,-0.0665,-79.8057,-233.3,1,1
208392.0,-0.038,0.0415,-80.7176,-206.12,1,1
208402.0,-0.0391,-0.0207,-81.4719,-218.29,1,1
208412.0,-0.0391,-0.0044,-83.2265,-219.54,1,1
208422.0,-0.038,0.0535,-84.678,-165.14,1,1
208433.0,-0.038,-0.0338,-85.8787,-210.44,1,1
208442.0,-0.038,0.0251,-86.8721,-194.89,1,1
208452.0,-0.038,0.0415,-87.6939,-173.54,1,1
208462.0,-0.038,-0.0251,-89.5042,-232.17,1,1
208472.0,-0.0369,0.0916,-91.0019,-164.12,1,1
208483.0,-0.0369,0.0,-91.1104,-187.59,1,1
208493.0,-0.0369,-0.0218,-92.3306,-223.28,1,1
208503.0,-0.0369,0.0589,-94.4705,-158.29,1,1
208513.0,-0.0369,-0.0109,-95.1104,-194.93,1,1
208523.0,-0.0369,-0.0316,-95.6397,-206.68,1,1
208533.0,-0.0369,0.0567,-97.208,-163.69,1,1
208543.0,-0.0369,-0.024,-97.375,-239.49,1,1
208553.0,-0.0369,-0.036,-97.5132,-217.5,1,1
208563.0,-0.0369,-0.0087,-98.7579,-217.65,1,1
208573.0,-0.038,-0.0698,-100.9182,-232.11,1,1
208583.0,-0.038,0.0295,-102.7054,-178.48,1,1
208593.0,-0.038,-0.0055,-103.0533,-243.63,1,1
208603.0,-0.038,-0.048,-103.3411,-213.98,1,1
208613.0,-0.038,0.0349,-104.7098,-197.92,1,1
208623.0,-0.038,-0.0415,-106.9725,-235.0,1,1
208633.0,-0.038,0.0055,-107.7139,-187.55,1,1
208643.0,-0.038,0.0458,-108.3272,-211.57,1,1
208653.0,-0.038,-0.024,-108.8346,-200.85,1,1
208663.0,-0.038,0.0404,-110.3849,-171.35,1,1
208673.0,-0.038,-0.0327,-112.7979,-224.79,1,1
208683.0,-0.038,0.0022,-113.6635,-192.44,1,1
208693.0,-0.038,0.0185,-114.3797,-186.02,1,1
208703.0,-0.038,-0.0218,-114.9722,-240.09,1,1
208713.0,-0.038,-0.0098,-115.4623,-209.95,1,1
208723.0,-0.038,-0.0436,-116.9983,-215.67,1,1
208733.0,-0.0391,-0.072,-118.2689,-243.35,1,1
208743.0,-0.0391,0.0185,-119.3201,-191.22,1,1
208754.0,-0.0391,-0.0142,-120.1897,-227.79,1,1
208764.0,-0.0391,-0.0284,-120.9091,-231.37,1,1
208774.0,-0.0391,0.0218,-122.6348,-188.76,1,1
208784.0,-0.0391,-0.0469,-124.0624,-224.75,1,1
208794.0,-0.0391,-0.0087,-125.2434,-206.97,1,1
208804.0,-0.0391,0.0556,-126.2204,-211.44,1,1
208814.0,-0.0391,-0.0207,-127.0286,-210.12,1,1
208824.0,-0.0391,-0.0393,-127.6973,-221.02,1,1
208834.0,-0.0401,-0.0284,-129.3809,-225.52,1,1
208844.0,-0.0401,-0.0109,-130.7737,-213.17,1,1
208854.0,-0.0391,0.0425,-130.7955,-215.48,1,1
208864.0,-0.0391,0.036,-131.944,-186.98,1,1
208874.0,-0.0401,-0.0633,-134.0246,-237.87,1,1
208884.0,-0.0412,-0.1014,-134.6154,-255.0,1,1
208894.0,-0.0412,-0.0055,-135.1041,-214.33,1,1
208904.0,-0.0401,0.0458,-136.6389,-211.75,1,1
208914.0,-0.0401,0.0142,-139.0391,-198.99,1,1
208924.0,-0.0412,-0.0687,-141.0247,-246.38,1,1
208934.0,-0.0412,-0.0818,-141.5368,-255.0,1,1
208944.0,-0.0412,0.0207,-141.9605,-202.1,1,1
208954.0,-0.0412,0.0731,-143.4415,-220.05,1,1
208964.0,-0.0412,-0.0338,-144.6667,-225.8,1,1
208975.0,-0.0423,-0.0796,-145.6802,-255.0,1,1
208985.0,-0.0423,-0.0425,-146.5187,-255.0,1,1
208995.0,-0.0412,0.0742,-148.3429,-169.82,1,1
209005.0,-0.0412,0.0491,-149.852,-187.95,1,1
209015.0,-0.0412,-0.0709,-149.9699,-246.24,1,1
209025.0,-0.0412,0.0164,-151.198,-255.0,1,1
209035.0,-0.0412,-0.0076,-153.3444,-206.14,1,1
209045.0,-0.0412,0.0371,-155.1201,-191.45,1,1
209055.0,-0.0412,0.0251,-155.4585,-195.39,1,1
209065.0,-0.0412,-0.0153,-156.869,-255.0,1,1
209075.0,-0.0412,-0.0513,-159.1664,-230.84,1,1
209085.0,-0.0412,0.0262,-159.9365,-218.1,1,1
209095.0,-0.0412,-0.0196,-159.443,-217.14,1,1
209105.0,-0.0423,-0.0251,-160.1653,-255.0,1,1
209115.0,-0.0423,-0.0044,-161.8933,-213.21,1,1
209125.0,-0.0423,-0.0164,-163.3229,-245.03,1,1
209135.0,-0.0423,-0.0567,-164.5055,-241.33,1,1
209145.0,-0.0423,0.0,-166.6143,-255.0,1,1
209155.0,-0.0423,0.0142,-168.3589,-219.42,1,1
209165.0,-0.0423,0.0022,-168.6717,-223.04,1,1
209175.0,-0.0423,-0.0262,-170.0609,-225.79,1,1
209186.0,-0.0423,-0.0087,-172.3407,-219.78,1,1
209196.0,-0.0412,0.0382,-173.0962,-240.11,1,1
209206.0,-0.0412,0.0065,-173.7212,-205.36,1,1
209216.0,-0.0412,0.0022,-175.3687,-255.0,1,1
209226.0,-0.0412,-0.0055,-176.7317,-205.58,1,1
209236.0,-0.0412,0.0545,-177.8593,-179.43,1,1
209246.0,-0.0412,-0.0284,-178.7921,-243.87,1,1
209256.0,-0.0412,-0.024,-180.6942,-221.73,1,1
209266.0,-0.0412,0.0273,-182.2678,-226.99,1,1
209276.0,-0.0412,-0.0164,-182.4391,-218.74,1,1
209286.0,-0.0412,-0.0055,-182.5809,-255.0,1,1
209296.0,-0.0423,-0.0502,-183.8286,-237.44,1,1
209306.0,-0.0423,-0.0055,-185.9913,-217.22,1,1
209316.0,-0.0423,-0.0065,-186.65,-255.0,1,1
209326.0,-0.0423,-0.0567,-187.1948,-236.88,1,1
209336.0,-0.0423,-0.0055,-188.7761,-215.15,1,1
209346.0,-0.0423,0.0,-190.0843,-244.88,1,1
209357.0,-0.0423,-0.0262,-192.297,-227.38,1,1
209367.0,-0.0434,-0.0349,-194.1275,-239.02,1,1
209377.0,-0.0434,-0.0142,-194.5113,-231.91,1,1
209386.0,-0.0434,0.0,-195.9593,-255.0,1,1
209396.0,-0.0445,-0.0785,-197.1572,-255.0,1,1
209407.0,-0.0445,-0.0087,-198.1482,-231.6,1,1
209417.0,-0.0434,0.0327,-200.0985,-255.0,1,1
209427.0,-0.0445,-0.1058,-200.5815,-255.0,1,1
209437.0,-0.0445,0.0153,-200.981,-217.14,1,1
209447.0,-0.0434,0.0938,-203.5725,-255.0,1,1
209457.0,-0.0445,-0.1222,-205.7164,-255.0,1,1
209467.0,-0.0445,-0.0251,-206.3595,-233.44,1,1
209478.0,-0.0434,0.1429,-208.022,-255.0,1,1
209487.0,-0.0445,-0.0654,-209.3974,-245.08,1,1
209497.0,-0.0445,-0.0742,-210.5351,-254.87,1,1
209508.0,-0.0434,0.168,-212.6069,-247.02,1,1
209518.0,-0.0434,-0.0098,-213.1903,-211.21,1,1
209528.0,-0.0445,-0.096,-213.6729,-255.0,1,1
209537.0,-0.0423,0.1844,-215.2027,-253.33,1,1
209547.0,-0.0423,0.0098,-216.4682,-193.71,1,1
209558.0,-0.0434,-0.1156,-218.6457,-255.0,1,1
209568.0,-0.0423,0.1702,-220.447,-255.0,1,1
209578.0,-0.0412,0.0349,-220.8067,-184.0,1,1
209587.0,-0.0434,-0.1276,-222.2348,-255.0,1,1
209597.0,-0.0423,0.0949,-224.5467,-255.0,1,1
209609.0,-0.0412,0.0469,-225.3288,-162.1,1,1
209618.0,-0.0423,-0.0676,-225.9758,-232.31,1,1
209628.0,-0.0423,0.0131,-227.6415,-209.44,1,1
209638.0,-0.0412,0.0305,-229.0195,-190.12,1,1
209648.0,-0.0412,0.0524,-230.1595,-232.17,1,1
209659.0,-0.0423,-0.0873,-231.1026,-255.0,1,1
209669.0,-0.0423,-0.072,-231.8828,-252.32,1,1
209679.0,-0.0423,0.0644,-232.5282,-255.0,1,1
209688.0,-0.0434,-0.1134,-233.0622,-255.0,1,1
209698.0,-0.0434,-0.0622,-234.6344,-255.0,1,1
209709.0,-0.0434,0.0295,-235.935,-240.3,1,1
209719.0,-0.0456,-0.1505,-237.011,-255.0,1,1
209729.0,-0.0456,0.0011,-239.0317,-214.67,1,1
209738.0,-0.0456,0.0033,-239.5728,-220.13,1,1
209748.0,-0.0467,-0.1276,-241.151,-255.0,1,1
209759.0,-0.0456,0.0513,-242.4565,-255.0,1,1
209769.0,-0.0467,-0.0862,-243.5366,-254.69,1,1
209779.0,-0.0478,-0.0829,-245.5606,-255.0,1,1
209788.0,-0.0478,0.0109,-246.1045,-250.21,1,1
209798.0,-0.0489,-0.1309,-246.5544,-255.0,1,1
209809.0,-0.0478,0.0393,-246.9267,-255.0,1,1
209819.0,-0.0489,-0.1004,-248.3651,-255.0,1,1
209830.0,-0.05,-0.1309,-250.6856,-255.0,1,1
209838.0,-0.05,0.0098,-252.6053,-255.0,1,1
209848.0,-0.0521,-0.1244,-254.1933,-255.0,1,1
209860.0,-0.0521,-0.0218,-255.5071,-255.0,1,1
209870.0,-0.0521,-0.0709,-256.594,-255.0,1,1
209880.0,-0.0532,-0.1156,-257.4931,-255.0,1,1
209889.0,-0.0532,0.0153,-258.2369,-242.62,1,1
209899.0,-0.0554,-0.1418,-259.9828,-255.0,1,1
209910.0,-0.0554,-0.0087,-261.427,-255.0,1,1
209920.0,-0.0554,-0.0982,-262.6219,-255.0,1,1
209930.0,-0.0565,-0.0873,-264.7408,-255.0,1,1
209939.0,-0.0576,-0.0862,-266.4937,-255.0,1,1
209949.0,-0.0587,-0.1298,-267.9439,-255.0,1,1
209960.0,-0.0587,-0.0316,-269.1436,-255.0,1,1
209971.0,-0.0609,-0.1833,-270.136,-255.0,1,1
209980.0,-0.062,-0.0927,-270.9571,-255.0,1,1
209989.0,-0.0631,-0.1494,-272.7668,-255.0,1,1
209999.0,-0.0641,-0.132,-274.2639,-255.0,1,1
210010.0,-0.0663,-0.1418,-275.5024,-255.0,1,1
210020.0,-0.0685,-0.2345,-276.527,-255.0,1,1
210030.0,-0.0696,-0.1353,-277.3747,-255.0,1,1
210039.0,-0.0718,-0.2509,-279.2064,-255.0,1,1
210049.0,-0.074,-0.1811,-280.7217,-255.0,1,1
210061.0,-0.0772,-0.3207,-281.9753,-255.0,1,1
210071.0,-0.0794,-0.2422,-283.0124,-255.0,1,1
210081.0,-0.0827,-0.3131,-285.0008,-255.0,1,1
210089.0,-0.0849,-0.2945,-286.6458,-255.0,1,1
210099.0,-0.0892,-0.3807,-286.8761,-255.0,1,1
210111.0,-0.0925,-0.3905,-288.1972,-255.0,1,1
210121.0,-0.0969,-0.42,-290.4206,-255.0,1,1
210131.0,-0.1012,-0.4723,-291.1294,-255.0,1,1
210140.0,-0.1056,-0.4832,-291.7158,-255.0,1,1
210150.0,-0.1121,-0.6207,-293.3314,-255.0,1,1
210161.0,-0.1176,-0.577,-294.6679,-255.0,1,1
210171.0,-0.1241,-0.7407,-295.7736,-255.0,1,1
210182.0,-0.1318,-0.6818,-297.8188,-255.0,1,1
210190.0,-0.1394,-0.8934,-299.5108,-255.0,1,1
210200.0,-0.1481,-0.8432,-299.78,-255.0,1,1
210212.0,-0.158,-1.0636,-300.0027,-255.0,1,1
210222.0,-0.1689,-1.0276,-301.3174,-255.0,1,1
210232.0,-0.1809,-1.273,-302.4051,-255.0,0,1
210240.0,-0.1929,-1.2479,-303.3048,-255.0,0,1
210250.0,-0.207,-1.5152,-305.1797,-255.0,0,1
210262.0,-0.2212,-1.429,-306.7307,-255.0,0,1
210272.0,-0.2365,-1.5206,-306.8833,-255.0,0,1
210282.0,-0.2496,-1.3908,-307.0096,-255.0,0,1
210290.0,-0.2605,-1.189,-308.2446,-255.0,0,1
210300.0,-0.2725,-1.1617,-309.2662,-255.0,0,1
210312.0,-0.2823,-1.0766,-308.9809,-255.0,0,1
210322.0,-0.291,-0.8149,-308.7448,-255.0,0,1
210332.0,-0.2943,-0.4167,-309.6801,-255.0,0,1
210340.0,-0.2943,0.0545,-310.4537,-255.0,0,1
210350.0,-0.2899,0.4069,-309.9633,-255.0,0,1
210362.0,-0.2823,0.7756,-309.5576,-255.0,0,1
210372.0,-0.2736,0.8999,-310.3524,-255.0,0,1
210382.0,-0.2659,0.8149,-311.0099,-255.0,0,1
210390.0,-0.2605,0.5411,-311.5539,-255.0,0,1
210400.0,-0.2561,0.4222,-310.8734,-255.0,0,1
210413.0,-0.2507,0.6381,-310.3105,-255.0,0,1
210423.0,-0.2452,0.528,-310.9753,-255.0,0,1
210433.0,-0.2398,0.5312,-310.3947,-255.0,0,1
210441.0,-0.2343,0.5814,-309.9145,-255.0,0,1
210451.0,-0.2299,0.4832,-310.6477,-255.0,0,1
210463.0,-0.2267,0.3447,-310.1237,-255.0,0,1
210473.0,-0.2245,0.2618,-309.6903,-255.0,0,1
210483.0,-0.2223,0.2094,-310.4622,-255.0,0,1
210491.0,-0.2212,0.0851,-309.9703,-255.0,0,1
210501.0,-0.2212,-0.0022,-309.5633,-255.0,0,1
210513.0,-0.2223,-0.0709,-310.3572,-255.0,0,1
210523.0,-0.2234,-0.1494,-309.8834,-255.0,0,1
210533.0,-0.2256,-0.2094,-309.4915,-255.0,0,1
210541.0,-0.2278,-0.2902,-309.1672,-255.0,0,1
210551.0,-0.231,-0.3054,-308.899,-255.0,0,1
210563.0,-0.2343,-0.3033,-308.6771,-255.0,0,1
210573.0,-0.2376,-0.3185,-308.4935,-255.0,0,1
210583.0,-0.2398,-0.2454,-308.3416,-255.0,0,1
210591.0,-0.243,-0.3196,-308.216,-255.0,0,1
210601.0,-0.2441,-0.1811,-308.1121,-255.0,0,1
210614.0,-0.2474,-0.3109,-308.0261,-255.0,0,1
210623.0,-0.2474,-0.0415,-307.955,-255.0,0,1
210633.0,-0.2496,-0.1854,-307.8961,-255.0,0,1
210641.0,-0.2485,0.0796,-307.8474,-255.0,0,1
210651.0,-0.2496,-0.0295,-307.8072,-255.0,0,0
210664.0,-0.2474,0.2236,-307.7738,-255.0,0,0
210674.0,-0.2463,0.084,-307.7463,-255.0,0,0
210684.0,-0.243,0.3022,-307.7235,-255.0,0,0
210692.0,-0.2419,0.156,-306.5741,-255.0,0,0
210702.0,-0.2387,0.2934,-306.7538,-255.0,0,0
210714.0,-0.2376,0.1364,-306.9024,-255.0,0,0
210724.0,-0.2354,0.2051,-305.8949,-255.0,0,0
210734.0,-0.2343,0.1254,-306.1919,-255.0,0,0
210742.0,-0.2332,0.1233,-306.4376,-255.0,0,0
210752.0,-0.2332,0.0393,-306.6408,-255.0,0,0
210764.0,-0.2332,0.0044,-306.8089,-255.0,0,0
210774.0,-0.2332,-0.0415,-306.9481,-255.0,0,0
210784.0,-0.2332,-0.0513,-307.0631,-255.0,0,0
210792.0,-0.2343,-0.1145,-306.0278,-255.0,0,0
210802.0,-0.2365,-0.1473,-305.1714,-255.0,0,0
210814.0,-0.2376,-0.1385,-305.5933,-255.0,0,0
210824.0,-0.2387,-0.1636,-305.9424,-255.0,0,0
210835.0,-0.2409,-0.1429,-305.1006,-255.0,0,0
210842.0,-0.2419,-0.1494,-304.4043,-255.0,0,0
210852.0,-0.243,-0.1025,-304.9588,-255.0,0,0
210865.0,-0.2441,-0.1494,-305.4174,-255.0,0,0
210875.0,-0.2441,-0.0022,-304.6664,-255.0,0,0
210885.0,-0.2452,-0.0949,-305.1756,-255.0,0,0
210892.0,-0.2441,0.0905,-305.5968,-255.0,0,0
210902.0,-0.2452,-0.0349,-304.8148,-255.0,0,0
210915.0,-0.243,0.1625,-304.1678,-255.0,0,0
210925.0,-0.243,0.0142,-304.7632,-255.0,0,0
210935.0,-0.2409,0.1974,-305.2556,-255.0,0,0
210942.0,-0.2409,0.0185,-304.5325,-255.0,0,0
210952.0,-0.2387,0.1898,-303.9343,-255.0,0,0
210965.0,-0.2387,0.0131,-303.4395,-255.0,0,0
210975.0,-0.2376,0.1538,-303.03,-255.0,0,0
210985.0,-0.2376,0.0022,-303.8219,-255.0,0,0
210993.0,-0.2365,0.0971,-303.3464,-255.0,0,0
211003.0,-0.2365,-0.0349,-302.9531,-255.0,0,0
211015.0,-0.2365,0.0273,-303.7582,-255.0,0,0
211025.0,-0.2376,-0.0807,-303.2938,-255.0,0,0
211035.0,-0.2376,-0.0196,-302.9095,-255.0,0,0
211043.0,-0.2387,-0.0982,-303.7222,-255.0,0,0
211053.0,-0.2387,-0.0589,-303.264,-255.0,0,0
211066.0,-0.2398,-0.1145,-302.8849,-255.0,0,0
211076.0,-0.2409,-0.072,-303.7018,-255.0,0,0
211086.0,-0.2419,-0.0993,-303.2471,-255.0,0,0
211093.0,-0.243,-0.0654,-302.8709,-255.0,0,0
211103.0,-0.243,-0.0327,-302.5598,-255.0,0,0
211116.0,-0.243,-0.0578,-302.3023,-255.0,0,0
211126.0,-0.243,0.0469,-302.0893,-255.0,0,0
211136.0,-0.243,-0.0502,-301.9131,-255.0,0,0
211143.0,-0.2419,0.1025,-301.7674,-255.0,0,0
211153.0,-0.243,-0.0229,-301.6468,-255.0,0,0
211166.0,-0.2409,0.1494,-301.5471,-255.0,0,0
211176.0,-0.2409,-0.0153,-301.4645,-255.0,0,0
211186.0,-0.2398,0.1494,-301.3963,-255.0,0,0
211193.0,-0.2398,-0.0284,-301.3398,-255.0,0,0
211203.0,-0.2387,0.1331,-301.2931,-255.0,0,0
211216.0,-0.2387,-0.0316,-301.2544,-255.0,0,0
211226.0,-0.2387,0.1036,-301.2224,-255.0,0,0
211236.0,-0.2387,-0.0491,-301.196,-255.0,0,0
211243.0,-0.2387,0.0545,-300.0436,-255.0,0,0
211253.0,-0.2387,-0.0698,-300.2208,-255.0,0,0
211266.0,-0.2387,0.0207,-300.3673,-255.0,0,0
211276.0,-0.2398,-0.0829,-300.4886,-255.0,0,0
211286.0,-0.2398,-0.0142,-300.5889,-255.0,0,0
211293.0,-0.2409,-0.0884,-299.5414,-255.0,0,0
211304.0,-0.2409,-0.0654,-299.8053,-255.0,0,0
211317.0,-0.2419,-0.0654,-300.0236,-255.0,0,0
211327.0,-0.2419,-0.0567,-300.2043,-255.0,0,0
211337.0,-0.2419,-0.0185,-300.3537,-255.0,0,0
211344.0,-0.243,-0.0753,-299.3468,-255.0,0,0
211354.0,-0.2441,-0.0742,-298.5138,-255.0,0,0
211367.0,-0.2441,-0.0742,-298.9552,-255.0,0,0
211377.0,-0.2441,0.0938,-299.3204,-255.0,0,0
211387.0,-0.2441,-0.0633,-299.6224,-255.0,0,0
211394.0,-0.2452,-0.0567,-299.8723,-255.0,0,0
211404.0,-0.2441,0.1244,-298.9486,-255.0,0,0
211417.0,-0.2419,0.1244,-298.1844,-255.0,0,0
211427.0,-0.2409,0.1113,-298.6827,-255.0,0,0
211437.0,-0.2419,-0.0327,-297.9644,-255.0,0,0
211444.0,-0.2409,0.0753,-298.5007,-255.0,0,0
211454.0,-0.2409,-0.0316,-298.9444,-255.0,0,0
211467.0,-0.2409,0.0393,-298.1809,-255.0,0,0
211477.0,-0.2409,-0.0262,-298.6798,-255.0,0,0
211487.0,-0.2409,0.0033,-297.962,-255.0,0,0
211494.0,-0.2419,-0.0284,-297.3683,-255.0,0,0
211504.0,-0.2419,-0.0305,-298.0075,-255.0,0,0
211517.0,-0.2419,-0.0207,-297.4059,-255.0,0,0
211527.0,-0.243,-0.0742,-296.9081,-255.0,0,0
211537.0,-0.243,0.0044,-297.6269,-255.0,0,0
211544.0,-0.2441,-0.0971,-297.091,-255.0,0,0
211554.0,-0.243,0.0196,-296.6477,-255.0,0,0
211567.0,-0.2441,-0.108,-297.4114,-255.0,0,0
211577.0,-0.2441,0.0753,-296.9127,-255.0,0,0
211587.0,-0.2452,-0.1124,-296.5002,-255.0,0,0
211594.0,-0.2441,0.1025,-297.2894,-255.0,0,0
211604.0,-0.2441,-0.0851,-296.8118,-255.0,0,0
211618.0,-0.243,0.1145,-296.4167,-255.0,0,0
211628.0,-0.2441,-0.048,-296.0898,-255.0,0,0
211638.0,-0.243,0.0894,-295.8194,-255.0,0,0
211645.0,-0.243,-0.0175,-296.7262,-255.0,0,0
211655.0,-0.243,0.0622,-296.3459,-255.0,0,0
211668.0,-0.243,0.0022,-296.0312,-255.0,0,0
211678.0,-0.243,0.012,-296.9015,-255.0,0,0
211688.0,-0.2419,0.0295,-296.4909,-255.0,0,0
211695.0,-0.243,-0.0316,-296.1512,-255.0,0,0
211705.0,-0.2419,0.0371,-295.8702,-255.0,0,0
211718.0,-0.243,-0.0578,-295.6377,-255.0,0,0
211728.0,-0.2419,0.0545,-295.4454,-255.0,0,0
211738.0,-0.243,-0.1025,-295.2863,-255.0,0,0
211745.0,-0.243,0.0665,-295.1547,-255.0,0,0
211755.0,-0.2441,-0.1124,-293.9153,-255.0,0,0
211768.0,-0.243,0.0753,-294.0205,-255.0,0,0
211778.0,-0.2441,-0.1113,-295.238,-255.0,0,0
211788.0,-0.243,0.0742,-295.1147,-255.0,0,0
211795.0,-0.2441,-0.0927,-293.8822,-255.0,0,0
211805.0,-0.2441,0.0578,-293.9931,-255.0,0,0
211818.0,-0.2441,-0.0589,-294.0849,-255.0,0,0
211828.0,-0.2441,0.0316,-294.1608,-255.0,0,0
211838.0,-0.2441,-0.0044,-294.2236,-255.0,0,0
211845.0,-0.2441,-0.0196,-293.1451,-255.0,0,0
211855.0,-0.2441,0.0567,-293.3833,-255.0,0,0
211868.0,-0.2441,-0.0349,-293.5804,-255.0,0,0
211878.0,-0.243,0.0971,-293.7434,-255.0,0,0
211888.0,-0.2441,-0.0644,-293.8783,-255.0,0,0
211895.0,-0.243,0.096,-292.8594,-255.0,0,0
211905.0,-0.243,-0.0764,-293.147,-255.0,0,0
211918.0,-0.243,0.0818,-293.3849,-255.0,0,0
211929.0,-0.243,-0.0654,-292.4512,-255.0,0,0
211939.0,-0.243,0.0535,-292.8093,-255.0,0,0
211945.0,-0.243,-0.0578,-293.1055,-255.0,0,0
211956.0,-0.243,0.0153,-293.3506,-255.0,0,0
211969.0,-0.243,-0.0087,-293.5533,-255.0,0,0
211979.0,-0.243,-0.0284,-292.5905,-255.0,0,0
211989.0,-0.243,0.0098,-291.794,-255.0,0,0
211996.0,-0.2441,-0.0513,-292.2657,-255.0,0,0
212006.0,-0.243,0.0415,-292.6558,-255.0,0,0
212019.0,-0.2441,-0.0862,-291.848,-255.0,0,0
212029.0,-0.2441,0.0687,-291.1798,-255.0,0,0
212039.0,-0.2441,-0.0873,-291.7575,-255.0,0,0
212046.0,-0.2441,0.0916,-292.2354,-255.0,0,0
212056.0,-0.2441,-0.0873,-291.5003,-255.0,0,0
212069.0,-0.243,0.0993,-292.0226,-255.0,0,0
212079.0,-0.2441,-0.06,-291.3242,-255.0,0,0
212089.0,-0.243,0.0764,-290.7465,-255.0,0,0
212096.0,-0.2441,-0.0262,-291.399,-255.0,0,0
212106.0,-0.243,0.0316,-290.8083,-255.0,0,0
212119.0,-0.243,0.012,-290.3197,-255.0,0,0
212129.0,-0.243,-0.0284,-291.046,-255.0,0,0
212139.0,-0.243,0.0589,-291.6468,-255.0,0,0
212146.0,-0.243,-0.0676,-291.0133,-255.0,0,0
212156.0,-0.243,0.0676,-290.4892,-255.0,0,0
212169.0,-0.2441,-0.0894,-290.0557,-255.0,0,0
212179.0,-0.243,0.0764,-289.6971,-255.0,0,0
212189.0,-0.2441,-0.0862,-289.4004,-255.0,0,0
212196.0,-0.243,0.0633,-289.1549,-255.0,0,0
212206.0,-0.2441,-0.0774,-288.9519,-255.0,0,0
212219.0,-0.2441,0.0425,-289.9144,-255.0,0,0
212229.0,-0.2441,-0.0578,-290.7106,-255.0,0,0
212240.0,-0.2441,0.0065,-290.2389,-255.0,0,0
212246.0,-0.2441,0.0033,-289.8486,-255.0,0,0
212256.0,-0.2441,-0.0458,-289.5257,-255.0,0,0
212270.0,-0.2441,0.0436,-289.2586,-255.0,0,0
212279.0,-0.2452,-0.0731,-289.0377,-255.0,0,0
212290.0,-0.2441,0.0731,-288.8549,-255.0,0,0
212297.0,-0.2452,-0.0785,-288.7036,-255.0,0,0
212307.0,-0.2441,0.0764,-288.5786,-255.0,0,0
212320.0,-0.2452,-0.0884,-288.475,-255.0,0,0
212330.0,-0.2441,0.0993,-288.3894,-255.0,0,0
212340.0,-0.2452,-0.0829,-288.3186,-255.0,0,0
212347.0,-0.2441,0.0807,-288.26,-255.0,0,0
212357.0,-0.2441,-0.0371,-288.2115,-255.0,0,0
212370.0,-0.2441,0.0229,-289.3019,-255.0,0,0
212380.0,-0.2441,-0.0033,-289.0735,-255.0,0,0
212390.0,-0.2452,-0.0447,-287.754,-255.0,0,0
212397.0,-0.2441,0.0578,-287.7929,-255.0,0,0
212407.0,-0.2452,-0.0818,-287.8251,-255.0,0,0
212420.0,-0.2441,0.0873,-287.8517,-255.0,0,0
212430.0,-0.2452,-0.1014,-287.8738,-255.0,0,0
212440.0,-0.2441,0.0873,-287.892,-255.0,0,0
212447.0,-0.2452,-0.1036,-286.7766,-255.0,0,0
212457.0,-0.2441,0.0665,-286.9844,-255.0,0,0
212470.0,-0.2452,-0.0654,-287.1562,-255.0,0,0
212480.0,-0.2452,0.0273,-287.2984,-255.0,0,0
212490.0,-0.2452,-0.012,-287.416,-255.0,0,0
212497.0,-0.2452,-0.0218,-286.3828,-255.0,0,0
212507.0,-0.2452,0.0404,-286.6586,-255.0,0,0
212520.0,-0.2452,-0.0665,-286.8867,-255.0,0,0
212530.0,-0.2452,0.0884,-287.0755,-255.0,0,0
212540.0,-0.2452,-0.0851,-286.1011,-255.0,0,0
212547.0,-0.2441,0.1014,-285.295,-255.0,0,0
212557.0,-0.2452,-0.084,-285.7587,-255.0,0,0
212570.0,-0.2441,0.0753,-286.1422,-255.0,0,0
212580.0,-0.2452,-0.072,-286.4595,-255.0,0,0
212591.0,-0.2452,0.0393,-286.722,-255.0,0,0
212598.0,-0.2452,0.0065,-285.8087,-255.0,0,0
212608.0,-0.2452,-0.0295,-285.0531,-255.0,0,0
212620.0,-0.2452,0.0535,-285.5586,-255.0,0,0
212631.0,-0.2452,-0.0818,-285.9767,-255.0,0,0
212641.0,-0.2452,0.084,-285.1921,-255.0,0,0
212648.0,-0.2452,-0.0927,-284.5431,-255.0,0,0
212658.0,-0.2452,0.0862,-285.1366,-255.0,0,0
212671.0,-0.2452,-0.096,-284.4971,-255.0,0,0
212681.0,-0.2452,0.0633,-285.0986,-255.0,0,0
212691.0,-0.2452,-0.0611,-285.5962,-255.0,0,0
212698.0,-0.2452,0.0207,-284.8773,-255.0,0,0
212708.0,-0.2452,0.0153,-284.2826,-255.0,0,0
212721.0,-0.2463,-0.0502,-283.7906,-255.0,0,0
212731.0,-0.2452,0.0676,-284.5142,-255.0,0,0
212741.0,-0.2463,-0.0807,-285.1127,-255.0,0,0
212748.0,-0.2452,0.0851,-284.4774,-255.0,0,0
212758.0,-0.2463,-0.1004,-283.9517,-255.0,0,0
212771.0,-0.2452,0.1004,-284.6474,-255.0,0,0
212781.0,-0.2463,-0.0687,-284.0924,-255.0,0,0
212791.0,-0.2452,0.0774,-283.6333,-255.0,0,0
212798.0,-0.2452,-0.0295,-283.2535,-255.0,0,0
212808.0,-0.2452,-0.0044,-282.9393,-255.0,0,0
212821.0,-0.2452,0.0349,-282.6793,-255.0,0,0
212831.0,-0.2463,-0.0873,-282.4643,-255.0,0,0
212841.0,-0.2452,0.0785,-283.4169,-255.0,0,0
212848.0,-0.2463,-0.0993,-283.0744,-255.0,0,0
212858.0,-0.2452,0.0927,-282.7911,-255.0,0,0
212871.0,-0.2463,-0.108,-282.5568,-255.0,0,0
212881.0,-0.2452,0.0873,-282.3629,-255.0,0,0
212891.0,-0.2463,-0.0545,-282.2025,-255.0,0,0
212899.0,-0.2452,0.0175,-282.0699,-255.0,0,0
212909.0,-0.2452,0.0076,-281.9601,-255.0,0,0
212921.0,-0.2463,-0.0458,-281.8693,-255.0,0,0
212931.0,-0.2452,0.0698,-282.9247,-255.0,0,0
212942.0,-0.2463,-0.096,-282.6672,-255.0,0,0
212949.0,-0.2452,0.1025,-282.4543,-255.0,0,0
212959.0,-0.2463,-0.108,-282.2782,-255.0,0,0
212971.0,-0.2452,0.0949,-282.1324,-255.0,0,0
212982.0,-0.2463,-0.0676,-282.0118,-255.0,0,0
212992.0,-0.2463,0.0349,-281.9121,-255.0,0,0
212999.0,-0.2463,0.0011,-281.8296,-255.0,0,0
213009.0,-0.2463,-0.0349,-281.7613,-255.0,0,0
213022.0,-0.2452,0.0633,-281.7048,-255.0,0,0
213032.0,-0.2463,-0.0818,-280.5276,-255.0,0,0
213042.0,-0.2452,0.0884,-280.6842,-255.0,0,0
213049.0,-0.2463,-0.108,-280.8138,-255.0,0,0
213059.0,-0.2452,0.096,-280.921,-255.0,0,0
213072.0,-0.2463,-0.0851,-281.0096,-255.0,0,0
213082.0,-0.2463,0.0458,-281.083,-255.0,0,0
213092.0,-0.2463,-0.0098,-281.1437,-255.0,0,0
213099.0,-0.2463,-0.024,-280.0634,-255.0,0,0
213109.0,-0.2452,0.0578,-280.3002,-255.0,0,0
213122.0,-0.2463,-0.0851,-280.4961,-255.0,0,0
213132.0,-0.2452,0.0873,-279.5276,-255.0,0,0
213142.0,-0.2463,-0.1069,-279.857,-255.0,0,0
213149.0,-0.2452,0.1069,-280.1294,-255.0,0,0
213159.0,-0.2463,-0.0753,-279.2243,-255.0,0,0
213172.0,-0.2463,0.0545,-279.606,-255.0,0,0
213182.0,-0.2463,0.0055,-279.9218,-255.0,0,0
213192.0,-0.2463,-0.0284,-279.0526,-255.0,0,0
213200.0,-0.2452,0.0785,-278.3335,-255.0,0,0
213210.0,-0.2463,-0.0818,-278.8691,-255.0,0,0
213222.0,-0.2452,0.0993,-279.3122,-255.0,0,0
213232.0,-0.2463,-0.108,-278.5482,-255.0,0,0
213243.0,-0.2452,0.0971,-279.0467,-255.0,0,0
213250.0,-0.2463,-0.0698,-279.4591,-255.0,0,0
213260.0,-0.2452,0.0295,-278.6698,-255.0,0,0
213272.0,-0.2452,-0.0076,-278.0168,-255.0,0,0
213283.0,-0.2463,-0.0425,-278.6071,-255.0,0,0
213293.0,-0.2452,0.0589,-279.0955,-255.0,0,0
213300.0,-0.2463,-0.1014,-278.369,-255.0,0,0
213310.0,-0.2452,0.0993,-277.7679,-255.0,0,0
213322.0,-0.2463,-0.0894,-277.2707,-255.0,0,0
213333.0,-0.2452,0.0862,-277.9899,-255.0,0,0
213343.0,-0.2463,-0.0589,-278.5848,-255.0,0,0
213350.0,-0.2463,0.0153,-277.9465,-255.0,0,0
213360.0,-0.2452,0.024,-277.4185,-255.0,0,0
213373.0,-0.2463,-0.06,-276.9816,-255.0,0,0
213383.0,-0.2452,0.084,-276.6203,-255.0,0,0
213393.0,-0.2463,-0.0949,-276.3213,-255.0,0,0
213400.0,-0.2452,0.1156,-277.2045,-255.0,0,0
213410.0,-0.2463,-0.0894,-277.9351,-255.0,0,0
213423.0,-0.2452,0.0676,-277.409,-255.0,0,0
213433.0,-0.2463,-0.0295,-276.9738,-255.0,0,0
213443.0,-0.2463,-0.0087,-276.6137,-255.0,0,0
213450.0,-0.2452,0.0415,-276.3159,-255.0,0,0
213460.0,-0.2463,-0.0851,-276.0695,-255.0,0,0
213473.0,-0.2452,0.0884,-275.8657,-255.0,0,0
213483.0,-0.2463,-0.096,-275.697,-255.0,0,0
213493.0,-0.2452,0.0982,-276.688,-255.0,0,0
213501.0,-0.2463,-0.0873,-276.3773,-255.0,0,0
213511.0,-0.2463,0.0295,-276.1203,-255.0,0,0
213523.0,-0.2463,-0.0098,-277.0382,-255.0,0,0
213533.0,-0.2463,-0.0447,-276.6671,-255.0,0,0
213543.0,-0.2452,0.0665,-276.36,-255.0,0,0
213551.0,-0.2463,-0.0862,-276.106,-255.0,0,0
213561.0,-0.2452,0.0993,-275.8958,-255.0,0,0
213573.0,-0.2463,-0.0884,-275.722,-255.0,0,0
213583.0,-0.2452,0.0698,-275.5782,-255.0,0,0
213594.0,-0.2463,-0.0338,-275.4592,-255.0,0,0
213601.0,-0.2463,-0.0142,-275.3607,-255.0,0,0
213611.0,-0.2452,0.048,-275.2793,-255.0,0,0
213623.0,-0.2452,-0.0818,-275.2119,-255.0,0,0
213633.0,-0.2463,0.084,-275.1562,-255.0,0,0
213644.0,-0.2463,-0.096,-273.9796,-255.0,0,0
213651.0,-0.2463,0.0873,-274.1368,-255.0,0,0
213661.0,-0.2463,-0.0698,-274.2668,-255.0,0,0
213673.0,-0.2463,0.0229,-274.3743,-255.0,0,0
213684.0,-0.2463,0.0185,-274.4633,-255.0,0,0
213694.0,-0.2463,-0.0611,-273.4064,-255.0,0,0
213701.0,-0.2463,0.0731,-273.6625,-255.0,0,0
213711.0,-0.2474,-0.0949,-273.8745,-255.0,0,0
213724.0,-0.2463,0.1058,-274.0497,-255.0,0,0
213734.0,-0.2463,-0.0938,-273.0643,-255.0,0,0
213744.0,-0.2463,0.0447,-273.3795,-255.0,0,0
213751.0,-0.2463,-0.0185,-273.6403,-255.0,0,0
213761.0,-0.2474,-0.0371,-273.856,-255.0,0,0
213774.0,-0.2474,0.0589,-274.0345,-255.0,0,0
213784.0,-0.2463,-0.0873,-273.0517,-255.0,0,0
213794.0,-0.2474,0.0993,-273.3691,-255.0,0,0
213802.0,-0.2474,-0.0851,-273.6317,-255.0,0,0
213812.0,-0.2463,0.0785,-273.8489,-255.0,0,0
213824.0,-0.2463,-0.0338,-272.8981,-255.0,0,0
213834.0,-0.2463,-0.012,-272.1116,-255.0,0,0
213844.0,-0.2474,0.0545,-272.5914,-255.0,0,0
213852.0,-0.2474,-0.084,-272.9883,-255.0,0,0
213862.0,-0.2463,0.0927,-272.1862,-255.0,0,0
213874.0,-0.2463,-0.1047,-271.5226,-255.0,0,0
213884.0,-0.2463,0.0742,-272.1041,-255.0,0,0
213894.0,-0.2463,-0.0415,-271.4547,-255.0,0,0
213902.0,-0.2463,-0.0044,-272.048,-255.0,0,0
213912.0,-0.2463,0.0305,-272.5388,-255.0,0,0
213924.0,-0.2463,-0.0698,-271.8143,-255.0,0,0
213934.0,-0.2474,0.0873,-271.2149,-255.0,0,0
213944.0,-0.2463,-0.096,-270.7191,-255.0,0,0
213952.0,-0.2463,0.0807,-271.4394,-255.0,0,0
213962.0,-0.2474,-0.0578,-270.9048,-255.0,0,0
213974.0,-0.2463,0.0164,-270.4626,-255.0,0,0
213984.0,-0.2474,0.0251,-271.2272,-255.0,0,0
213995.0,-0.2463,-0.0698,-271.8597,-255.0,0,0
214002.0,-0.2463,0.0807,-271.2525,-255.0,0,0
214012.0,-0.2474,-0.0949,-270.7502,-255.0,0,0
214025.0,-0.2474,0.0982,-271.4651,-255.0,0,0
214035.0,-0.2463,-0.0589,-270.9261,-255.0,0,0
214045.0,-0.2463,0.024,-270.4802,-255.0,0,0
214052.0,-0.2463,0.024,-270.1113,-255.0,0,0
214062.0,-0.2474,-0.0644,-269.8061,-255.0,0,0
214075.0,-0.2474,0.0818,-270.6841,-255.0,0,0
214085.0,-0.2463,-0.096,-270.28,-255.0,0,0
214095.0,-0.2474,0.0905,-269.9456,-255.0,0,0
214103.0,-0.2474,-0.0665,-269.6691,-255.0,0,0
214113.0,-0.2463,0.0371,-269.4403,-255.0,0,0
214125.0,-0.2474,0.0142,-270.3815,-255.0,0,0
214135.0,-0.2463,-0.0622,-270.0296,-255.0,0,0
214145.0,-0.2474,0.084,-269.7386,-255.0,0,0
214153.0,-0.2474,-0.0894,-269.4977,-255.0,0,0
214163.0,-0.2463,0.0862,-269.2985,-255.0,0,0
214175.0,-0.2474,-0.0687,-269.1337,-255.0,0,0
214185.0,-0.2474,0.0076,-268.9974,-255.0,0,0
214195.0,-0.2474,0.0087,-268.8846,-255.0,0,0
214203.0,-0.2474,-0.0589,-268.7913,-255.0,0,0
214213.0,-0.2474,0.0774,-268.7141,-255.0,0,0
214225.0,-0.2474,-0.0938,-268.6502,-255.0,0,0
214235.0,-0.2474,0.0884,-268.5974,-255.0,0,0
214245.0,-0.2474,-0.0567,-268.5537,-255.0,0,0
214253.0,-0.2474,0.0087,-268.5175,-255.0,0,0
214263.0,-0.2474,0.0273,-268.4876,-255.0,0,0
214275.0,-0.2474,-0.0622,-268.4629,-255.0,0,0
214285.0,-0.2474,0.1069,-268.4424,-255.0,0,0
214296.0,-0.2463,-0.0742,-268.4255,-255.0,0,0
214303.0,-0.2463,0.0894,-268.4115,-255.0,0,0
214314.0,-0.2463,0.0022,-268.3999,-255.0,0,0
214326.0,-0.2463,0.0033,-267.2598,-255.0,0,0
214336.0,-0.2463,0.0873,-267.4471,-255.0,0,0
214346.0,-0.2452,-0.0535,-267.6021,-255.0,0,0
214353.0,-0.2452,0.12,-267.7303,-255.0,0,0
214364.0,-0.2452,-0.0382,-267.8364,-255.0,0,0
214376.0,-0.2441,0.0524,-266.7936,-255.0,0,0
214386.0,-0.2452,0.0447,-267.0615,-255.0,0,0
214396.0,-0.2441,-0.0229,-267.2831,-255.0,0,0
214404.0,-0.2441,0.0818,-266.3359,-255.0,0,0
214414.0,-0.2452,-0.0665,-266.6828,-255.0,0,0
214426.0,-0.2452,0.0611,-266.9698,-255.0,0,0
214436.0,-0.2452,-0.0665,-266.0767,-255.0,0,0
214446.0,-0.2452,-0.0251,-266.4684,-255.0,0,0
214454.0,-0.2452,-0.0185,-266.7924,-255.0,0,0
214464.0,-0.2463,-0.096,-267.0605,-255.0,0,0
214476.0,-0.2474,0.0044,-267.2823,-255.0,0,0
214486.0,-0.2474,-0.1353,-266.3352,-255.0,0,0
214496.0,-0.2485,0.0262,-265.5518,-255.0,0,0
214504.0,-0.2485,-0.1222,-264.9036,-255.0,0,0
214514.0,-0.2485,-0.036,-265.498,-255.0,0,0
214526.0,-0.2496,-0.0415,-265.9896,-255.0,0,0
214536.0,-0.2496,-0.0916,-265.2658,-255.0,0,0
214546.0,-0.2496,0.0829,-264.6671,-255.0,0,0
214554.0,-0.2496,-0.0905,-265.3022,-255.0,0,0
214564.0,-0.2496,0.0971,-265.8277,-255.0,0,0
214576.0,-0.2485,0.0131,-265.1319,-255.0,0,0
214586.0,-0.2474,0.0316,-264.5563,-255.0,0,0
214597.0,-0.2485,0.1025,-264.0801,-255.0,0,0
214604.0,-0.2485,-0.0382,-264.8166,-255.0,0,0
214614.0,-0.2463,0.1582,-265.426,-255.0,0,0
214626.0,-0.2463,-0.0316,-264.7996,-255.0,0,0
214636.0,-0.2463,0.084,-264.2813,-255.0,0,0
214647.0,-0.2463,0.0196,-263.8526,-255.0,0,0
214655.0,-0.2463,-0.024,-264.6285,-255.0,0,0
214665.0,-0.2452,0.0622,-265.2703,-255.0,0,0
214677.0,-0.2463,-0.0971,-264.6708,-255.0,0,0
214687.0,-0.2463,0.06,-264.1748,-255.0,0,0
214697.0,-0.2474,-0.084,-263.7645,-255.0,0,0
214705.0,-0.2474,-0.0338,-263.4251,-255.0,0,0
214715.0,-0.2474,-0.0262,-263.1443,-255.0,0,0
214727.0,-0.2474,-0.1091,-262.912,-255.0,0,0
214737.0,-0.2485,0.0458,-262.7198,-255.0,0,0
214747.0,-0.2485,-0.1156,-262.5608,-255.0,0,0
214755.0,-0.2485,0.024,-263.5598,-255.0,0,0
214765.0,-0.2496,-0.0393,-264.3862,-255.0,0,0
214777.0,-0.2485,-0.0393,-263.9394,-255.0,0,0
214787.0,-0.2496,0.0753,-263.5698,-255.0,0,0
214797.0,-0.2485,-0.0807,-263.2639,-255.0,0,0
214805.0,-0.2485,0.1276,-263.011,-255.0,0,0
214815.0,-0.2474,0.0545,-262.8017,-255.0,0,0
214827.0,-0.2463,0.0545,-262.6286,-255.0,0,0
214837.0,-0.2474,0.06,-262.4854,-255.0,0,0
214847.0,-0.2463,-0.0349,-262.3669,-255.0,0,0
214855.0,-0.2463,0.1222,-262.2689,-255.0,0,0
214865.0,-0.2452,0.0753,-262.1878,-255.0,0,0
214877.0,-0.2452,0.0753,-262.1207,-255.0,0,0
214887.0,-0.2441,-0.0327,-262.0652,-255.0,0,0
214897.0,-0.2452,0.0425,-262.0193,-255.0,0,0
214905.0,-0.2452,-0.1113,-261.9813,-255.0,0,0
214916.0,-0.2452,0.0654,-261.9499,-255.0,0,0
214927.0,-0.2463,-0.084,-261.9239,-255.0,0,0
214937.0,-0.2463,-0.0218,-260.7719,-255.0,0,0
214948.0,-0.2463,0.0011,-260.9494,-255.0,0,0
214956.0,-0.2463,-0.1036,-261.0962,-255.0,0,0
214966.0,-0.2463,0.0796,-261.2177,-255.0,0,0
214978.0,-0.2463,-0.0971,-261.3181,-255.0,0,0
214988.0,-0.2463,0.0393,-260.2708,-255.0,0,0
214998.0,-0.2474,-0.0087,-260.5348,-255.0,0,0
215006.0,-0.2474,-0.0458,-260.7532,-255.0,0,0
215017.0,-0.2463,0.1047,-260.9339,-255.0,0,0
215028.0,-0.2452,-0.0665,-261.0834,-255.0,0,0
215038.0,-0.2452,0.1178,-261.2071,-255.0,0,0
215048.0,-0.2452,-0.012,-261.3094,-255.0,0,0
215056.0,-0.2452,0.012,-260.2635,-255.0,0,0
215066.0,-0.2452,0.0698,-260.5288,-255.0,0,0
215078.0,-0.2441,-0.0818,-260.7483,-255.0,0,0
215088.0,-0.2452,0.1124,-259.7993,-255.0,0,0
215098.0,-0.2452,-0.0698,-260.1448,-255.0,0,0
215106.0,-0.2452,0.0338,-260.4306,-255.0,0,0
215117.0,-0.2452,0.0044,-260.667,-255.0,0,0
215128.0,-0.2452,-0.0764,-259.7321,-255.0,0,0
215138.0,-0.2452,0.0873,-258.9587,-255.0,0,0
215148.0,-0.2452,-0.0982,-259.4494,-255.0,0,0
215156.0,-0.2452,0.036,-259.8553,-255.0,0,0
215167.0,-0.2452,-0.0338,-259.0606,-255.0,0,0
215178.0,-0.2452,-0.0578,-258.4032,-255.0,0,0
215188.0,-0.2463,0.0611,-258.9898,-255.0,0,0
215198.0,-0.2463,-0.1014,-259.4751,-255.0,0,0
215207.0,-0.2463,0.0654,-258.746,-255.0,0,0
215218.0,-0.2463,-0.036,-258.1429,-255.0,0,0
215228.0,-0.2452,-0.0022,-258.7745,-255.0,0,0
215238.0,-0.2463,0.0676,-259.297,-255.0,0,0
215249.0,-0.2452,-0.0949,-258.5987,-255.0,0,0
215257.0,-0.2452,0.1134,-258.0211,-255.0,0,0
215267.0,-0.2463,-0.0436,-258.6737,-255.0,0,0
215278.0,-0.2452,0.0382,-258.0831,-255.0,0,0
215289.0,-0.2452,0.0425,-257.5945,-255.0,0,0
215299.0,-0.2452,-0.06,-257.1903,-255.0,0,0
215307.0,-0.2452,0.0971,-256.8559,-255.0,0,0
215318.0,-0.2452,-0.0894,-257.7098,-255.0,0,0
215329.0,-0.2452,0.036,-257.2856,-255.0,0,0
215339.0,-0.2463,-0.012,-256.9348,-255.0,0,0
215349.0,-0.2452,-0.0742,-257.7751,-255.0,0,0
215357.0,-0.2452,0.0742,-258.4702,-255.0,0,0
215367.0,-0.2463,-0.1047,-257.9147,-255.0,0,0
215379.0,-0.2463,0.0447,-257.4552,-255.0,0,0
215389.0,-0.2463,-0.0338,-257.0751,-255.0,0,0
215399.0,-0.2463,-0.048,-256.7606,-255.0,0,0
215408.0,-0.2463,0.0807,-257.6309,-255.0,0,0
215418.0,-0.2474,-0.1025,-257.2204,-255.0,0,0
215429.0,-0.2463,0.0774,-256.8808,-255.0,0,0
215439.0,-0.2463,-0.0327,-256.5999,-255.0,0,0
215449.0,-0.2463,-0.0044,-256.3675,-255.0,0,0
215458.0,-0.2463,0.0764,-256.1752,-255.0,0,0
215468.0,-0.2463,-0.096,-256.0162,-255.0,0,0
215479.0,-0.2463,0.1025,-255.8846,-255.0,0,0
215489.0,-0.2463,-0.036,-255.7757,-255.0,0,0
215499.0,-0.2452,0.012,-255.6857,-255.0,0,0
215508.0,-0.2452,0.0644,-255.6112,-255.0,0,0
215518.0,-0.2452,-0.0894,-255.5496,-255.0,0,0
215529.0,-0.2463,0.1047,-255.4986,-255.0,0,0
215539.0,-0.2452,-0.0753,-255.4564,-255.0,0,0
215549.0,-0.2452,0.0251,-255.4215,-255.0,0,0
215558.0,-0.2452,0.0229,-255.3926,-255.0,0,0
215568.0,-0.2463,-0.1025,-255.3688,-255.0,0,0
215579.0,-0.2463,0.0916,-255.349,-255.0,0,0
215589.0,-0.2463,-0.0862,-255.3327,-255.0,0,0
215600.0,-0.2463,0.0098,-255.3192,-255.0,0,0
215608.0,-0.2463,0.0131,-255.308,-255.0,0,0
215619.0,-0.2463,-0.096,-255.2987,-255.0,0,0
215629.0,-0.2474,-0.0873,-254.1606,-255.0,0,0
215640.0,-0.2463,0.0491,-254.3495,-255.0,0,0
215650.0,-0.2463,0.0175,-254.5058,-255.0,0,0
215659.0,-0.2463,0.0175,-254.6351,-255.0,0,0
215669.0,-0.2474,-0.0676,-254.7421,-255.0,0,0
215680.0,-0.2463,-0.0796,-254.8306,-255.0,0,0
215690.0,-0.2463,0.0633,-254.9038,-255.0,0,0
215700.0,-0.2463,0.012,-253.8338,-255.0,0,0
215709.0,-0.2463,0.012,-254.0792,-255.0,0,0
215719.0,-0.2452,-0.0567,-254.2822,-255.0,0,0
215730.0,-0.2463,-0.0927,-254.4501,-255.0,0,0
215740.0,-0.2463,0.0535,-254.589,-255.0,0,0
215750.0,-0.2463,0.0076,-253.5734,-255.0,0,0
215759.0,-0.2463,0.0076,-252.7333,-255.0,0,0
215769.0,-0.2463,-0.0578,-252.0383,-255.0,0,0
215780.0,-0.2463,-0.1014,-252.5938,-255.0,0,0
215790.0,-0.2463,0.0556,-253.0533,-255.0,0,0
215800.0,-0.2463,-0.0185,-252.303,-255.0,0,0
215809.0,-0.2463,-0.0185,-252.8128,-255.0,0,0
215819.0,-0.2463,-0.0622,-253.2345,-255.0,0,0
215830.0,-0.2474,-0.1004,-253.5834,-255.0,0,0
215840.0,-0.2463,0.0567,-252.7415,-255.0,0,0
215850.0,-0.2463,-0.0349,-252.0451,-255.0,0,0
215859.0,-0.2474,-0.0349,-252.5994,-255.0,0,0
215869.0,-0.2463,-0.0458,-251.9275,-255.0,0,0
215880.0,-0.2474,-0.096,-252.5022,-255.0,0,0
215890.0,-0.2463,0.0654,-252.9776,-255.0,0,0
215901.0,-0.2463,-0.0065,-252.2403,-255.0,0,0
215909.0,-0.2463,-0.0065,-251.6304,-255.0,0,0
215920.0,-0.2463,-0.0436,-251.1259,-255.0,0,0
215930.0,-0.2463,-0.0938,-251.839,-255.0,0,0
215940.0,-0.2463,0.0698,-252.429,-255.0,0,0
215951.0,-0.2463,-0.0196,-251.7865,-255.0,0,0
215960.0,-0.2463,-0.0196,-251.255,-255.0,0,0
215970.0,-0.2463,-0.0502,-250.8153,-255.0,0,0
215981.0,-0.2474,-0.1069,-251.582,-255.0,0,0
215991.0,-0.2463,0.0524,-252.2164,-255.0,0,0
216001.0,-0.2463,-0.0218,-251.6106,-255.0,0,0
216010.0,-0.2474,-0.0218,-251.1095,-255.0,0,0
216020.0,-0.2463,-0.0644,-250.6949,-255.0,0,0
216031.0,-0.2474,-0.1058,-251.4825,-255.0,0,0
216041.0,-0.2474,0.0436,-251.0035,-255.0,0,0
216051.0,-0.2474,0.0011,-250.6073,-255.0,0,0
216060.0,-0.2474,0.0011,-251.4099,-255.0,0,0
216070.0,-0.2463,-0.0676,-249.813,-255.0,0,0
216081.0,-0.2474,-0.0884,-249.6224,-255.0,0,0
216091.0,-0.2463,0.0589,-250.5952,-255.0,0,0
216101.0,-0.2463,0.0175,-250.2695,-255.0,0,0
216110.0,-0.2474,0.0175,-250.0,-255.0,0,0
216121.0,-0.2463,-0.0578,-249.7771,-255.0,0,0
216131.0,-0.2463,0.0,-249.5927,-255.0,0,0
216141.0,-0.2441,0.1462,-249.4401,-255.0,0,0
216151.0,-0.243,0.1407,-249.3139,-255.0,0,0
216160.0,-0.243,0.1407,-249.2095,-255.0,0,0
216171.0,-0.2409,0.0404,-249.1231,-255.0,0,0
216181.0,-0.2409,-0.0055,-250.1822,-255.0,0,0
216191.0,-0.2398,0.1091,-249.9278,-255.0,0,0
216202.0,-0.2387,0.0884,-248.5868,-255.0,0,0
216211.0,-0.2398,0.0884,-248.608,-255.0,0,0
216221.0,-0.2387,0.0742,-248.6255,-255.0,0,0
216231.0,-0.2398,-0.0927,-248.64,-255.0,0,0
216241.0,-0.2398,-0.0436,-248.652,-255.0,0,0
216252.0,-0.2409,-0.048,-248.6619,-255.0,0,0
216261.0,-0.2419,-0.048,-248.6701,-255.0,0,0
216271.0,-0.2419,-0.1353,-248.6769,-255.0,0,0
216282.0,-0.243,-0.1364,-248.6825,-255.0,0,0
216292.0,-0.2441,-0.1113,-248.6872,-255.0,0,0
216302.0,-0.2452,-0.0425,-248.691,-255.0,0,0
216311.0,-0.2463,-0.0425,-248.6942,-255.0,0,0
216322.0,-0.2463,0.0207,-247.5663,-255.0,0,0
216332.0,-0.2474,-0.0764,-246.6333,-255.0,0,0
216342.0,-0.2474,-0.0229,-246.9919,-255.0,0,0
216352.0,-0.2463,0.1025,-247.2886,-255.0,0,0
216361.0,-0.2463,0.1025,-247.534,-255.0,0,0
216371.0,-0.2452,0.144,-246.6065,-255.0,0,0
216382.0,-0.2441,0.1014,-246.9698,-255.0,0,0
216392.0,-0.243,0.0796,-247.2703,-255.0,0,0
216402.0,-0.2409,0.2105,-246.3884,-255.0,0,0
216411.0,-0.2409,0.0578,-246.7893,-255.0,0,0
216422.0,-0.2387,0.168,-247.1209,-255.0,0,0
216432.0,-0.2376,0.1265,-246.2648,-255.0,0,0
216442.0,-0.2376,0.0524,-245.5565,-255.0,0,0
216452.0,-0.2354,0.1756,-246.1011,-255.0,0,0
216462.0,-0.2365,-0.0578,-246.5517,-255.0,0,0
216472.0,-0.2354,0.0458,-245.7939,-255.0,0,0
216482.0,-0.2354,-0.0153,-245.167,-255.0,0,0
216492.0,-0.2365,-0.0665,-245.7789,-255.0,0,0
216502.0,-0.2365,0.0055,-245.1545,-255.0,0,0
216512.0,-0.2376,0.0055,-244.6381,-255.0,0,0
216522.0,-0.2376,-0.0109,-244.2108,-255.0,0,0
216532.0,-0.2376,-0.0109,-243.8573,-255.0,0,0
216542.0,-0.2376,-0.0316,-244.6954,-255.0,0,0
216553.0,-0.2376,0.0524,-244.2583,-255.0,0,0
216562.0,-0.2365,0.0524,-243.8966,-255.0,0,0
216572.0,-0.2365,0.0578,-243.5974,-255.0,0,0
216583.0,-0.2354,0.0927,-243.3499,-255.0,0,0
216593.0,-0.2343,0.0622,-244.2756,-255.0,0,0
216603.0,-0.2332,0.1451,-243.911,-255.0,0,0
216612.0,-0.2321,0.1451,-242.4788,-255.0,0,0
216623.0,-0.231,0.1276,-242.4245,-255.0,0,0
216633.0,-0.2299,0.1407,-242.3796,-255.0,0,0
216643.0,-0.2289,0.0796,-241.2119,-255.0,0,0
216653.0,-0.2278,0.144,-240.2459,-255.0,0,0
216663.0,-0.2278,0.0284,-239.4468,-255.0,0,0
216673.0,-0.2267,0.048,-238.7857,-255.0,0,0
216683.0,-0.2267,0.0425,-237.1083,-255.0,0,0
216693.0,-0.2278,-0.06,-235.7206,-255.0,0,0
216703.0,-0.2267,0.012,-234.5726,-255.0,0,0
216713.0,-0.2278,-0.0535,-232.4924,-255.0,0,0
216723.0,-0.2289,-0.0905,-230.7716,-255.0,0,0
216733.0,-0.2289,-0.0196,-229.3479,-255.0,0,0
216743.0,-0.2299,-0.0742,-228.1702,-255.0,0,0
216753.0,-0.2299,-0.0567,-227.1959,-255.0,0,0
216763.0,-0.2299,0.0098,-225.2594,-255.0,0,0
216773.0,-0.231,-0.0545,-222.5268,-255.0,0,0
216783.0,-0.231,-0.0011,-221.3968,-255.0,0,0
216793.0,-0.2299,0.0447,-220.4619,-255.0,0,0
216803.0,-0.231,-0.0393,-218.558,-255.0,0,0
216813.0,-0.2299,0.0273,-216.983,-255.0,0,0
216823.0,-0.2299,0.0415,-214.5495,-255.0,0,0
216833.0,-0.2299,-0.0404,-212.5364,-255.0,0,0
216843.0,-0.2299,0.0709,-212.0015,-255.0,0,0
216854.0,-0.2289,0.0764,-210.4285,-255.0,0,0
216863.0,-0.2289,-0.0055,-207.9966,-255.0,0,0
216873.0,-0.2278,0.0916,-205.9849,-255.0,0,0
216884.0,-0.2267,0.0796,-204.3206,-255.0,0,0
216894.0,-0.2267,0.0,-201.8133,-255.0,0,0
216904.0,-0.2256,0.1102,-199.739,-255.0,0,0
216914.0,-0.2256,0.0698,-199.1536,-255.0,0,0
216924.0,-0.2256,-0.0142,-197.5387,-255.0,0,0
216934.0,-0.2245,0.0698,-195.0723,-255.0,0,0
216944.0,-0.2245,0.0818,-193.0319,-255.0,0,0
216954.0,-0.2245,-0.0436,-191.344,-255.0,0,0
216964.0,-0.2245,0.0295,-188.8171,-255.0,0,0
216974.0,-0.2234,0.0753,-186.7266,-255.0,0,0
216984.0,-0.2234,-0.0404,-184.9973,-255.0,0,0
216994.0,-0.2245,-0.0262,-182.4361,-255.0,0,0
217004.0,-0.2234,0.0196,-180.3174,-255.0,0,0
217014.0,-0.2245,-0.0207,-178.5645,-255.0,0,0
217024.0,-0.2245,-0.0644,-177.1145,-255.0,0,0
217034.0,-0.2245,-0.012,-174.7844,-255.0,0,0
217044.0,-0.2245,0.0109,-171.7263,-255.0,0,0
217054.0,-0.2245,-0.0142,-170.3269,-255.0,0,0
217064.0,-0.2245,-0.0131,-169.1692,-255.0,0,0
217074.0,-0.2245,0.0447,-167.081,-255.0,0,0
217084.0,-0.2234,0.0731,-165.3535,-255.0,0,0
217094.0,-0.2234,0.0207,-162.7939,-255.0,0,0
217104.0,-0.2223,0.0425,-160.6764,-255.0,0,0
217114.0,-0.2223,0.0611,-158.9246,-255.0,0,0
217124.0,-0.2212,0.0589,-156.3449,-255.0,0,0
217134.0,-0.2201,0.0011,-155.3413,-255.0,0,0
217144.0,-0.2212,0.0022,-154.5111,-255.0,0,0
217155.0,-0.2201,0.0273,-151.5632,-255.0,0,0
217165.0,-0.2201,0.0338,-149.1246,-255.0,0,0
217175.0,-0.219,0.0065,-148.2376,-255.0,0,0
217185.0,-0.219,-0.0131,-146.3734,-255.0,0,0
217195.0,-0.219,0.0022,-143.7006,-255.0,0,0
217205.0,-0.219,0.0273,-142.6201,-255.0,0,0
217215.0,-0.2179,0.0,-140.5956,-255.0,0,0
217225.0,-0.2179,-0.0393,-138.9209,-255.0,0,0
217235.0,-0.219,-0.0185,-137.5354,-255.0,0,0
217245.0,-0.2179,0.0087,-135.2587,-255.0,0,0
217255.0,-0.2179,0.0153,-133.3753,-255.0,0,0
217265.0,-0.2179,-0.036,-131.8172,-255.0,0,0
217275.0,-0.2179,-0.0491,-130.5282,-255.0,0,0
217285.0,-0.219,-0.0316,-128.3314,-255.0,0,0
217295.0,-0.219,-0.0033,-126.514,-255.0,0,0
217305.0,-0.219,-0.0011,-125.0105,-255.0,0,0
217315.0,-0.219,-0.0447,-123.7667,-255.0,0,0
217325.0,-0.2201,-0.06,-122.7378,-255.0,0,0
217335.0,-0.2201,-0.0273,-120.7561,-255.0,0,0
217345.0,-0.2201,-0.0011,-119.1167,-255.0,0,0
217355.0,-0.2201,-0.0164,-118.8909,-255.0,0,0
217365.0,-0.2201,-0.0393,-117.5737,-255.0,0,0
217375.0,-0.2212,-0.0425,-115.3534,-255.0,0,0
217386.0,-0.2212,-0.0316,-114.6472,-255.0,0,0
217396.0,-0.2212,-0.0153,-115.1935,-255.0,0,0
217406.0,-0.2212,-0.0033,-115.6454,-255.0,0,0
217416.0,-0.2212,-0.0022,-114.8887,-255.0,0,0
217426.0,-0.2212,-0.0065,-113.1322,-255.0,0,0
217436.0,-0.2201,0.036,-112.8097,-255.0,0,0
217446.0,-0.2201,0.0611,-113.6733,-255.0,0,0
217456.0,-0.219,0.0829,-113.2573,-255.0,0,0
217466.0,-0.2179,0.0665,-112.9131,-255.0,0,0
217476.0,-0.2179,0.0338,-112.6284,-255.0,0,0
217486.0,-0.2179,0.0273,-112.3929,-255.0,0,0
217496.0,-0.2179,0.0207,-112.198,-255.0,0,0
217506.0,-0.2169,0.0436,-112.0368,-255.0,0,0
217516.0,-0.2169,0.0284,-111.9034,-255.0,0,0
217526.0,-0.2169,-0.0185,-111.7931,-255.0,0,0
217536.0,-0.2169,-0.0524,-111.7019,-255.0,0,0
217546.0,-0.2169,-0.0796,-111.6264,-255.0,0,0
217556.0,-0.2179,-0.0676,-111.5639,-255.0,0,0
217566.0,-0.2179,-0.0545,-111.5122,-255.0,0,0
217576.0,-0.219,-0.0633,-111.4695,-255.0,0,0
217586.0,-0.2201,-0.1014,-111.4341,-255.0,0,0
217597.0,-0.2212,-0.1091,-111.4049,-255.0,0,0
217607.0,-0.2223,-0.0982,-110.2501,-255.0,0,0
217617.0,-0.2223,-0.0709,-110.4254,-255.0,0,0
217627.0,-0.2234,-0.0611,-111.7009,-255.0,0,0
217637.0,-0.2245,-0.0993,-111.6255,-255.0,0,0
217647.0,-0.2245,-0.1167,-110.4327,-255.0,0,0
217657.0,-0.2256,-0.0971,-110.5764,-255.0,0,0
217667.0,-0.2267,-0.0829,-110.6953,-255.0,0,0
217677.0,-0.2267,-0.0545,-110.7937,-255.0,0,0
217687.0,-0.2278,-0.0644,-110.875,-255.0,0,0
217697.0,-0.2289,-0.0818,-109.8119,-255.0,0,0
217707.0,-0.2289,-0.0873,-110.0628,-255.0,0,0
217717.0,-0.2299,-0.084,-110.2704,-255.0,0,0
217727.0,-0.231,-0.1025,-110.4422,-255.0,0,0
217737.0,-0.2321,-0.0905,-110.5842,-255.0,0,0
217747.0,-0.2332,-0.1102,-109.5713,-255.0,0,0
217757.0,-0.2343,-0.1254,-109.8638,-255.0,0,0
217767.0,-0.2343,-0.12,-110.1058,-255.0,0,0
217777.0,-0.2354,-0.1069,-109.1755,-255.0,0,0
217788.0,-0.2365,-0.084,-109.5363,-255.0,0,0
217798.0,-0.2365,-0.0502,-109.8349,-255.0,0,0
217807.0,-0.2376,-0.0295,-108.9514,-255.0,0,0
217818.0,-0.2376,-0.0469,-109.3509,-255.0,0,0
217828.0,-0.2387,-0.0687,-109.6815,-255.0,0,0
217838.0,-0.2387,-0.0175,-108.8245,-255.0,0,0
217848.0,-0.2387,0.0262,-109.246,-255.0,0,0
217858.0,-0.2376,0.0393,-109.5947,-255.0,0,0
217868.0,-0.2376,0.0393,-108.7526,-255.0,0,0
217878.0,-0.2365,0.0218,-108.056,-255.0,0,0
217888.0,-0.2365,0.0,-108.6103,-255.0,0,0
217899.0,-0.2365,0.0087,-109.0688,-255.0,0,0
217908.0,-0.2365,0.0175,-108.3176,-255.0,0,0
217918.0,-0.2365,0.0382,-108.8266,-255.0,0,0
217929.0,-0.2365,-0.0055,-109.2478,-255.0,0,0
217939.0,-0.2365,-0.0185,-108.4656,-255.0,0,0
217949.0,-0.2365,-0.0491,-107.8186,-255.0,0,0
217958.0,-0.2376,-0.0273,-107.2834,-255.0,0,0
217968.0,-0.2365,0.0022,-107.9711,-255.0,0,0
217978.0,-0.2365,-0.0044,-108.54,-255.0,0,0
217988.0,-0.2376,-0.0524,-107.8801,-255.0,0,0
217998.0,-0.2376,-0.0764,-107.3342,-255.0,0,0
218008.0,-0.2387,-0.0774,-106.8826,-255.0,0,0
218018.0,-0.2387,-0.0425,-107.6395,-255.0,0,0
218029.0,-0.2387,-0.0044,-108.2657,-255.0,0,0
218040.0,-0.2387,0.0109,-107.6532,-255.0,0,0
218049.0,-0.2387,-0.0055,-107.1465,-255.0,0,0
218059.0,-0.2387,0.0218,-106.7274,-255.0,0,0
218069.0,-0.2376,0.0524,-106.3806,-255.0,0,0
218079.0,-0.2376,0.0807,-107.2242,-255.0,0,0
218089.0,-0.2365,0.1145,-107.9221,-255.0,0,0
218099.0,-0.2354,0.0873,-107.369,-255.0,0,0
218109.0,-0.2343,0.0578,-106.9114,-255.0,0,0
218119.0,-0.2343,0.0382,-106.5328,-255.0,0,0
218129.0,-0.2332,0.0567,-107.3502,-255.0,0,0
218139.0,-0.2332,0.0665,-108.0263,-255.0,0,0
218149.0,-0.2321,0.0622,-107.4552,-255.0,0,0
218159.0,-0.2321,0.0196,-106.9827,-255.0,0,0
218169.0,-0.2321,-0.0185,-106.5918,-255.0,0,0
218180.0,-0.2321,-0.0469,-106.2685,-255.0,0,0
218190.0,-0.2321,-0.0295,-106.001,-255.0,0,0
218200.0,-0.2321,-0.0131,-106.9102,-255.0,0,0
218209.0,-0.2321,0.0218,-107.6623,-255.0,0,0
218220.0,-0.2321,-0.0076,-107.154,-255.0,0,0
218230.0,-0.2321,-0.0076,-106.7336,-255.0,0,0
218240.0,-0.2321,0.0,-106.3857,-255.0,0,0
218250.0,-0.2321,0.0196,-106.098,-255.0,0,0
218260.0,-0.2321,0.0338,-105.8599,-255.0,0,0
218270.0,-0.231,0.0196,-105.663,-255.0,0,0
218280.0,-0.231,0.0196,-105.5,-255.0,0,0
218290.0,-0.231,0.012,-105.3653,-255.0,0,0
218300.0,-0.231,0.0011,-105.2538,-255.0,0,0
218310.0,-0.231,-0.0022,-105.1615,-255.0,0,0
218320.0,-0.231,0.0142,-106.2157,-255.0,0,0
218331.0,-0.231,-0.0196,-107.0878,-255.0,0,0
218341.0,-0.231,-0.0327,-106.6788,-255.0,0,0
218350.0,-0.231,-0.0196,-106.3404,-255.0,0,0
218360.0,-0.231,0.0109,-104.93,-255.0,0,0
218370.0,-0.231,0.0295,-103.7632,-255.0,0,0
218380.0,-0.2299,0.0404,-105.0589,-255.0,0,0
218391.0,-0.2299,0.0109,-106.1308,-255.0,0,0
218401.0,-0.2299,0.012,-104.7566,-255.0,0,0
218410.0,-0.2299,0.0262,-103.6197,-255.0,0,0
218421.0,-0.2299,0.0142,-103.8097,-255.0,0,0
218431.0,-0.2289,0.0295,-103.9669,-255.0,0,0
218441.0,-0.2289,0.012,-104.0969,-255.0,0,0
218451.0,-0.2289,-0.0131,-104.2045,-255.0,0,0
218460.0,-0.2289,-0.0251,-103.163,-255.0,0,0
218470.0,-0.2299,-0.0229,-102.3014,-255.0,0,0
218481.0,-0.2289,0.0087,-102.7191,-255.0,0,0
218492.0,-0.2289,0.0044,-101.9342,-255.0,0,0
218502.0,-0.2289,0.0087,-101.2848,-255.0,0,0
218511.0,-0.2289,-0.0065,-101.8781,-255.0,0,0
218522.0,-0.2289,0.012,-101.2384,-255.0,0,0
218531.0,-0.2289,0.0295,-100.7093,-255.0,0,0
218542.0,-0.2278,0.0742,-100.2715,-255.0,0,0
218551.0,-0.2278,0.0873,-99.9093,-255.0,0,0
218561.0,-0.2267,0.0807,-99.6097,-255.0,0,0
218571.0,-0.2256,0.0469,-99.3619,-255.0,0,0
218581.0,-0.2256,0.0327,-99.1568,-255.0,0,0
218592.0,-0.2256,0.0229,-98.9872,-255.0,0,0
218602.0,-0.2245,0.024,-98.8469,-255.0,0,0
218611.0,-0.2245,0.0087,-97.6003,-255.0,0,0
218623.0,-0.2245,0.0185,-96.569,-255.0,0,0
218632.0,-0.2245,0.0044,-96.8464,-255.0,0,0
218643.0,-0.2245,-0.0327,-97.0758,-255.0,0,0
218653.0,-0.2256,-0.0251,-96.1352,-255.0,0,0
218661.0,-0.2256,-0.0207,-95.3569,-255.0,0,0
218672.0,-0.2256,-0.0055,-94.7132,-255.0,0,0
218683.0,-0.2256,0.0109,-94.1806,-255.0,0,0
218693.0,-0.2245,0.0175,-93.74,-255.0,0,0
218703.0,-0.2245,0.0175,-94.506,-255.0,0,0
218711.0,-0.2245,0.0087,-95.1397,-255.0,0,0
218721.0,-0.2245,0.0153,-94.5334,-255.0,0,0
218732.0,-0.2245,0.0033,-92.9014,-255.0,0,0
218743.0,-0.2245,0.0196,-91.5512,-255.0,0,0
218753.0,-0.2245,0.0142,-91.5648,-255.0,0,0
218762.0,-0.2245,0.0022,-91.576,-255.0,0,0
218773.0,-0.2245,-0.0087,-91.5853,-255.0,0,0
218784.0,-0.2245,-0.0142,-91.593,-255.0,0,0
218793.0,-0.2245,-0.0022,-90.4689,-255.0,0,0
218803.0,-0.2245,0.0076,-89.5389,-255.0,0,0
218812.0,-0.2234,0.0404,-88.7695,-255.0,0,0
218822.0,-0.2234,0.0556,-88.1331,-255.0,0,0
218833.0,-0.2223,0.0545,-87.6066,-255.0,0,0
218844.0,-0.2223,0.0502,-87.171,-255.0,0,0
218854.0,-0.2223,0.0371,-87.9411,-255.0,0,0
218862.0,-0.2212,0.0371,-87.4478,-255.0,0,0
218872.0,-0.2212,0.0491,-85.9091,-255.0,0,0
218882.0,-0.2201,0.0676,-85.7667,-255.0,0,0
218894.0,-0.219,0.0698,-85.649,-255.0,0,0
218904.0,-0.219,0.0709,-84.421,-255.0,0,0
218912.0,-0.2179,0.0654,-84.5357,-255.0,0,0
218922.0,-0.2179,0.0371,-84.6305,-255.0,0,0
218934.0,-0.2169,0.0447,-84.709,-255.0,0,0
218944.0,-0.2169,0.0469,-84.7739,-255.0,0,0
218954.0,-0.2169,0.0436,-83.6971,-255.0,0,0
218962.0,-0.2158,0.0622,-82.8063,-255.0,0,0
218972.0,-0.2147,0.0535,-82.0694,-255.0,0,0
218983.0,-0.2147,0.0382,-81.4597,-255.0,0,0
218995.0,-0.2147,0.0327,-80.9554,-255.0,0,0
219005.0,-0.2147,0.0011,-81.6686,-255.0,0,0
219013.0,-0.2147,-0.0185,-82.2587,-255.0,0,0
219023.0,-0.2147,-0.0545,-81.6163,-255.0,0,0
219034.0,-0.2158,-0.0458,-81.0849,-255.0,0,0
219045.0,-0.2158,-0.0447,-80.6453,-255.0,0,0
219055.0,-0.2158,-0.0447,-80.2816,-255.0,0,0
219063.0,-0.2169,-0.0393,-79.9808,-255.0,0,0
219073.0,-0.2169,-0.0415,-79.7319,-255.0,0,0
219084.0,-0.2169,-0.0207,-80.6565,-255.0,0,0
219095.0,-0.2169,-0.012,-81.4214,-255.0,0,0
219105.0,-0.2169,0.0175,-80.9237,-255.0,0,0
219113.0,-0.2169,0.0469,-79.3814,-255.0,0,0
219123.0,-0.2158,0.0687,-78.1055,-255.0,0,0
219134.0,-0.2158,0.0393,-78.1805,-255.0,0,0
219145.0,-0.2147,0.1124,-78.2426,-255.0,0,0
219155.0,-0.2136,0.0818,-79.4244,-255.0,0,0
219163.0,-0.2125,0.0589,-80.4021,-255.0,0,0
219173.0,-0.2125,0.0371,-80.0805,-255.0,0,0
219186.0,-0.2125,0.0415,-79.8144,-255.0,0,0
219196.0,-0.2114,0.0229,-78.4637,-255.0,0,0
219206.0,-0.2114,0.0185,-77.3464,-255.0,0,0
219213.0,-0.2114,0.0153,-77.5525,-255.0,0,0
219223.0,-0.2114,0.0295,-77.723,-255.0,0,0
219236.0,-0.2114,-0.0055,-77.8641,-255.0,0,0
219246.0,-0.2114,0.0087,-77.9808,-255.0,0,0
219256.0,-0.2114,0.0,-78.0774,-255.0,0,0
219263.0,-0.2114,0.0196,-78.1572,-255.0,0,0
219274.0,-0.2103,0.0273,-78.2233,-255.0,0,0
219286.0,-0.2103,0.0535,-77.1475,-255.0,0,0
219296.0,-0.2103,0.0545,-76.2575,-255.0,0,0
219306.0,-0.2092,0.0425,-76.6517,-255.0,0,0
219314.0,-0.2092,0.0284,-76.9778,-255.0,0,0
219324.0,-0.2092,0.0229,-77.2476,-255.0,0,0
219336.0,-0.2092,0.0055,-77.4708,-255.0,0,0
219346.0,-0.2081,0.0109,-77.6555,-255.0,0,0
219356.0,-0.2081,0.0033,-77.8082,-255.0,0,0
219364.0,-0.2081,-0.0033,-77.9346,-255.0,0,0
219376.0,-0.2081,-0.0011,-76.9086,-255.0,0,0
219386.0,-0.2081,-0.0065,-76.0599,-255.0,0,0
219396.0,-0.2081,-0.0011,-76.4882,-255.0,0,0
219406.0,-0.2081,-0.0055,-76.8426,-255.0,0,0
219414.0,-0.2081,-0.0262,-77.1358,-255.0,0,0
219426.0,-0.2081,-0.0153,-77.3783,-255.0,0,0
219436.0,-0.2081,-0.0055,-77.5789,-255.0,0,0
219447.0,-0.2081,0.0044,-76.6144,-255.0,0,0
219456.0,-0.2081,0.024,-75.8165,-255.0,0,0
219464.0,-0.2081,0.0229,-76.2869,-255.0,0,0
219476.0,-0.2081,0.0207,-76.676,-255.0,0,0
219486.0,-0.2081,0.0,-76.9979,-255.0,0,0
219496.0,-0.2081,-0.0153,-77.2643,-255.0,0,0
219507.0,-0.2081,-0.0185,-76.3541,-255.0,0,0
219514.0,-0.2081,-0.0033,-75.6011,-255.0,0,0
219527.0,-0.2081,0.0142,-76.1087,-255.0,0,0
219537.0,-0.207,0.0251,-75.3981,-255.0,0,0
219547.0,-0.207,0.0327,-74.8103,-255.0,0,0
219557.0,-0.207,0.0316,-75.4545,-255.0,0,0
219564.0,-0.207,0.0153,-75.9874,-255.0,0,0
219577.0,-0.207,0.0109,-76.4283,-255.0,0,0
219587.0,-0.2059,0.0229,-76.793,-255.0,0,0
219597.0,-0.2059,0.0305,-75.9642,-255.0,0,0
219607.0,-0.2059,0.0447,-75.2786,-255.0,0,0
219615.0,-0.2049,0.0622,-74.7114,-255.0,0,0
219625.0,-0.2038,0.0764,-74.2422,-255.0,0,0
219636.0,-0.2038,0.0862,-74.9845,-255.0,0,0
219647.0,-0.2027,0.0949,-75.5986,-255.0,0,0
219658.0,-0.2016,0.0807,-76.1066,-255.0,0,0
219665.0,-0.2005,0.0829,-75.3964,-255.0,0,0
219675.0,-0.1994,0.0884,-74.8089,-255.0,0,0
219688.0,-0.1994,0.084,-75.4533,-255.0,0,0
219697.0,-0.1983,0.0894,-74.8559,-255.0,0,0
219707.0,-0.1972,0.0993,-74.3617,-255.0,0,0
219715.0,-0.1961,0.1014,-75.0834,-255.0,0,0
219725.0,-0.195,0.1036,-74.5499,-255.0,0,0
219736.0,-0.1939,0.1145,-74.1086,-255.0,0,0
219747.0,-0.1929,0.1276,-74.874,-255.0,0,0
219757.0,-0.1918,0.1004,-75.5072,-255.0,0,0
219765.0,-0.1907,0.108,-74.9005,-255.0,0,0
219775.0,-0.1896,0.108,-74.3986,-255.0,0,0
219787.0,-0.1885,0.1102,-75.1139,-255.0,0,0
219798.0,-0.1874,0.1331,-74.5752,-255.0,0,0
219808.0,-0.1852,0.1473,-74.1295,-255.0,0,0
219815.0,-0.1841,0.1582,-73.7608,-255.0,0,0
219825.0,-0.182,0.1702,-73.4557,-255.0,0,0
219837.0,-0.1809,0.1942,-74.3339,-255.0,0,0
219848.0,-0.1787,0.216,-75.0604,-255.0,0,0
219858.0,-0.1765,0.2498,-74.5309,-255.0,0,0
219866.0,-0.1732,0.2585,-74.0928,-255.0,1,0
219876.0,-0.171,0.2847,-73.7305,-255.0,1,0
219888.0,-0.1678,0.3033,-73.4307,-255.0,1,0
219899.0,-0.1645,0.3207,-74.3132,-255.0,1,0
219909.0,-0.1612,0.3752,-75.0432,-255.0,1,0
219916.0,-0.1569,0.4222,-75.6472,-255.0,1,0
219926.0,-0.1536,0.3731,-77.2773,-255.0,1,0
219939.0,-0.1492,0.4243,-78.6259,-255.0,1,0
219949.0,-0.1449,0.4276,-78.611,-255.0,1,0
219959.0,-0.1416,0.4167,-79.7292,-255.0,1,0
219966.0,-0.1372,0.4167,-81.7848,-255.0,1,0
219976.0,-0.1329,0.4145,-83.4853,-255.0,1,0
219989.0,-0.1296,0.3556,-84.8921,-255.0,1,0
219999.0,-0.1263,0.348,-86.0559,-255.0,1,0
220009.0,-0.123,0.3763,-87.0187,-255.0,1,0
220016.0,-0.1198,0.336,-88.9456,-255.0,1,0
220026.0,-0.1165,0.336,-90.5397,-255.0,1,0
220039.0,-0.1132,0.3185,-91.8585,-255.0,1,0
220049.0,-0.111,0.2247,-94.08,-255.0,1,0
220059.0,-0.1089,0.1865,-95.9178,-255.0,1,0
220066.0,-0.1078,0.1124,-97.4381,-255.0,1,0
220076.0,-0.1078,0.0578,-98.6959,-255.0,1,0
220089.0,-0.1078,0.0044,-99.7364,-255.0,1,0
220099.0,-0.1078,-0.0338,-100.5971,-255.0,1,0
220110.0,-0.1089,-0.1276,-102.4397,-255.0,1,0
220116.0,-0.11,-0.1527,-105.0946,-255.0,1,0
220126.0,-0.1121,-0.1374,-106.1603,-255.0,1,0
220139.0,-0.1132,-0.1047,-107.042,-255.0,1,0
220149.0,-0.1132,-0.0829,-108.9019,-255.0,1,0
220160.0,-0.1143,-0.0545,-111.571,-255.0,1,0
220166.0,-0.1154,-0.0916,-113.7791,-255.0,1,0
220177.0,-0.1154,-0.0709,-114.4753,-255.0,1,0
220190.0,-0.1165,-0.0458,-116.1818,-255.0,1,0
220200.0,-0.1165,0.0087,-118.724,-255.0,1,0
220210.0,-0.1154,0.0425,-119.6966,-255.0,1,0
220217.0,-0.1154,0.0153,-120.5012,-255.0,1,0
220227.0,-0.1154,-0.0164,-122.2973,-255.0,1,0
220240.0,-0.1154,-0.0262,-122.6527,-255.0,1,0
220250.0,-0.1154,0.0513,-122.9466,-255.0,1,0
220260.0,-0.1154,0.0458,-124.3204,-255.0,1,0
220267.0,-0.1143,0.024,-126.5873,-255.0,1,0
220277.0,-0.1154,-0.0491,-127.3322,-255.0,1,0
220290.0,-0.1154,-0.0502,-126.8179,-255.0,1,0
220300.0,-0.1154,-0.0185,-127.5229,-255.0,1,0
220310.0,-0.1154,-0.0087,-128.1062,-255.0,1,0
220317.0,-0.1165,-0.0862,-129.7192,-255.0,1,0
220327.0,-0.1187,-0.1604,-129.9231,-255.0,1,0
220340.0,-0.1209,-0.2127,-128.9613,-255.0,1,0
220350.0,-0.123,-0.2225,-129.2961,-255.0,1,0
220360.0,-0.1252,-0.2727,-130.7036,-255.0,1,0
220367.0,-0.1285,-0.3512,-131.868,-255.0,1,0
220377.0,-0.134,-0.5051,-131.7007,-255.0,1,0
220390.0,-0.1383,-0.5301,-130.4319,-255.0,1,0
220400.0,-0.1449,-0.6436,-130.5127,-255.0,1,0
220410.0,-0.1514,-0.6698,-131.71,-255.0,1,0
220417.0,-0.159,-0.8192,-132.7006,-255.0,1,0
220427.0,-0.1678,-0.8868,-133.52,-255.0,1,0
220440.0,-0.1765,-0.8967,-133.0674,-255.0,0,0
220450.0,-0.1852,-0.8716,-133.8235,-255.0,0,0
220461.0,-0.1939,-0.8781,-135.5795,-255.0,0,0
220467.0,-0.2027,-0.9043,-135.9016,-255.0,0,0
220477.0,-0.2103,-0.8312,-136.1682,-255.0,0,0
220490.0,-0.2169,-0.7298,-137.5191,-255.0,0,0
220501.0,-0.2234,-0.6469,-138.6368,-255.0,0,0
220511.0,-0.2278,-0.444,-138.4309,-255.0,0,0
220518.0,-0.231,-0.2727,-138.2605,-255.0,0,0
220528.0,-0.231,-0.1014,-138.1196,-255.0,0,0
220541.0,-0.231,-0.0065,-138.003,-255.0,0,0
220551.0,-0.231,0.0774,-139.0371,-255.0,0,0
220561.0,-0.2289,0.1833,-138.762,-255.0,0,0
220568.0,-0.2267,0.1909,-138.5345,-255.0,0,0
220578.0,-0.2256,0.168,-139.4768,-255.0,0,0
220591.0,-0.2245,0.1113,-140.2563,-255.0,0,0
220601.0,-0.2234,0.0829,-139.7706,-255.0,0,0
220611.0,-0.2234,0.0687,-139.3689,-255.0,0,0
220618.0,-0.2234,-0.0065,-139.0365,-255.0,0,0
220628.0,-0.2234,-0.0622,-138.7616,-255.0,0,0
220641.0,-0.2245,-0.06,-139.6646,-255.0,0,0
220651.0,-0.2245,-0.0218,-139.2812,-255.0,0,0
220661.0,-0.2245,-0.0316,-138.9639,-255.0,0,0
220668.0,-0.2245,-0.0589,-138.7015,-255.0,0,0
220678.0,-0.2245,-0.0535,-138.4844,-255.0,0,0
220690.0,-0.2245,-0.0229,-139.4353,-255.0,0,0
220701.0,-0.2245,0.0349,-139.0915,-255.0,0,0
220711.0,-0.2245,0.0065,-138.8071,-255.0,0,0
220718.0,-0.2245,0.0033,-138.5717,-255.0,0,0
220728.0,-0.2245,-0.0142,-138.377,-255.0,0,0
220740.0,-0.2245,0.0196,-138.216,-255.0,0,0
220751.0,-0.2234,0.0262,-138.0828,-255.0,0,0
220761.0,-0.2234,-0.0196,-137.9726,-255.0,0,0
220768.0,-0.2245,-0.0545,-137.8814,-255.0,0,0
220778.0,-0.2245,-0.0545,-138.9365,-255.0,0,0
220790.0,-0.2245,-0.0164,-138.6788,-255.0,0,0
220801.0,-0.2245,-0.0153,-137.3351,-255.0,0,0
220812.0,-0.2256,-0.0316,-137.354,-255.0,0,0
220819.0,-0.2256,-0.0458,-138.5002,-255.0,0,0
220831.0,-0.2256,-0.0044,-138.3179,-255.0,0,0
220841.0,-0.2256,0.0044,-137.0365,-255.0,0,0
220851.0,-0.2256,0.0076,-137.107,-255.0,0,0
220862.0,-0.2256,-0.0087,-138.2959,-255.0,0,0
220869.0,-0.2256,0.0011,-138.1488,-255.0,0,0
220879.0,-0.2256,0.0175,-136.8967,-255.0,0,0
220892.0,-0.2245,0.0567,-136.9913,-255.0,0,0
220902.0,-0.2245,0.0382,-138.2002,-255.0,0,0
220912.0,-0.2245,0.0207,-138.0697,-255.0,0,0
220919.0,-0.2234,0.0469,-136.8312,-255.0,0,0
220929.0,-0.2223,0.0709,-136.9372,-255.0,0,0
220942.0,-0.2223,0.0185,-137.0248,-255.0,0,0
220952.0,-0.2223,-0.0076,-137.0974,-255.0,0,0
220962.0,-0.2223,-0.0262,-137.1573,-255.0,0,0
220969.0,-0.2223,0.0273,-136.0765,-255.0,0,0
220979.0,-0.2223,0.0371,-136.3128,-255.0,0,0
220992.0,-0.2223,-0.0164,-136.5083,-255.0,0,0
221002.0,-0.2223,-0.0415,-136.67,-255.0,0,0
221012.0,-0.2223,-0.0185,-136.8039,-255.0,0,0
221019.0,-0.2223,0.0055,-135.784,-255.0,0,0
221029.0,-0.2223,0.0044,-136.0709,-255.0,0,0
221042.0,-0.2223,-0.0142,-136.3082,-255.0,0,0
221052.0,-0.2223,-0.0284,-136.5045,-255.0,0,0
221062.0,-0.2223,-0.0022,-136.6669,-255.0,0,0
221070.0,-0.2223,0.0076,-135.6707,-255.0,0,0
221082.0,-0.2223,0.0022,-135.9771,-255.0,0,0
221092.0,-0.2234,-0.0404,-136.2306,-255.0,0,0
221102.0,-0.2234,-0.0207,-136.4403,-255.0,0,0
221112.0,-0.2234,-0.0076,-136.6138,-255.0,0,0
221119.0,-0.2234,-0.0044,-135.6268,-255.0,0,0
221129.0,-0.2234,-0.0327,-134.8103,-255.0,0,0
221142.0,-0.2245,-0.0393,-135.2653,-255.0,0,0
221152.0,-0.2245,-0.0295,-135.6418,-255.0,0,0
221163.0,-0.2245,-0.0142,-134.8227,-255.0,0,0
221170.0,-0.2245,-0.0109,-135.2756,-255.0,0,0
221180.0,-0.2245,0.0011,-135.6502,-255.0,0,0
221192.0,-0.2245,-0.0273,-135.9602,-255.0,0,0
221202.0,-0.2245,0.0164,-136.2166,-255.0,0,0
221213.0,-0.2245,0.0087,-135.2982,-255.0,0,0
221220.0,-0.2245,0.0109,-134.5385,-255.0,0,0
221230.0,-0.2245,0.0044,-135.0405,-255.0,0,0
221242.0,-0.2245,0.0033,-135.4557,-255.0,0,0
221253.0,-0.2245,0.0338,-134.6688,-255.0,0,0
221263.0,-0.2234,-0.0022,-134.0177,-255.0,0,0
221270.0,-0.2234,-0.0033,-133.4792,-255.0,0,0
221280.0,-0.2234,-0.0229,-134.1641,-255.0,0,0
221293.0,-0.2245,-0.0425,-134.7308,-255.0,0,0
221303.0,-0.2245,-0.0033,-134.069,-255.0,0,0
221313.0,-0.2245,-0.0218,-134.6521,-255.0,0,0
221320.0,-0.2245,-0.0022,-135.1345,-255.0,0,0
221330.0,-0.2245,-0.0164,-134.403,-255.0,0,0
221343.0,-0.2245,0.0305,-133.7979,-255.0,0,0
221353.0,-0.2234,0.0218,-133.2973,-255.0,0,0
221363.0,-0.2234,0.0087,-132.8831,-255.0,0,0
221370.0,-0.2234,0.0196,-133.6711,-255.0,0,0
221380.0,-0.2234,0.0153,-134.3229,-255.0,0,0
221393.0,-0.2234,0.0436,-133.7316,-255.0,0,0
221403.0,-0.2223,0.0153,-133.2424,-255.0,0,0
221413.0,-0.2234,-0.0142,-133.9683,-255.0,0,0
221422.0,-0.2234,-0.0109,-134.5688,-255.0,0,0
221433.0,-0.2234,-0.0142,-133.935,-255.0,0,0
221443.0,-0.2234,0.0033,-133.4107,-255.0,0,0
221453.0,-0.2234,-0.0153,-132.977,-255.0,0,0
221463.0,-0.2234,-0.0044,-132.6182,-255.0,0,0
221470.0,-0.2234,-0.0142,-133.4519,-255.0,0,0
221481.0,-0.2234,0.0229,-134.1415,-255.0,0,0
221493.0,-0.2223,0.0578,-133.5816,-255.0,0,0
221503.0,-0.2223,0.0284,-133.1183,-255.0,0,0
221513.0,-0.2212,0.0491,-132.7351,-255.0,0,0
221521.0,-0.2212,0.0382,-132.4181,-255.0,0,0
221531.0,-0.2201,0.0873,-132.1558,-255.0,0,0
221543.0,-0.2201,0.0654,-131.9389,-255.0,0,0
221553.0,-0.2201,0.0251,-131.7594,-255.0,0,0
221564.0,-0.219,0.0218,-132.7414,-255.0,0,0
221571.0,-0.219,0.0142,-133.5538,-255.0,0,0
221581.0,-0.219,0.0469,-133.0953,-255.0,0,0
221594.0,-0.219,0.0087,-132.7161,-255.0,0,0
221604.0,-0.219,-0.0055,-132.4023,-255.0,0,0
221614.0,-0.219,-0.0316,-132.1428,-255.0,0,0
221621.0,-0.219,-0.0011,-131.9281,-255.0,0,0
221631.0,-0.219,-0.0196,-131.7504,-255.0,0,0
221644.0,-0.219,-0.0196,-131.6035,-255.0,0,0
221654.0,-0.2201,-0.0447,-131.4819,-255.0,0,0
221664.0,-0.2201,-0.0447,-131.3814,-255.0,0,0
221671.0,-0.2201,-0.0262,-131.2982,-255.0,0,0
221681.0,-0.2201,-0.0251,-131.2293,-255.0,0,0
221694.0,-0.2212,-0.0251,-131.1724,-255.0,0,0
221704.0,-0.2212,-0.0491,-131.1253,-255.0,0,0
221714.0,-0.2212,-0.0033,-131.0863,-255.0,0,0
221721.0,-0.2212,-0.0033,-131.0541,-255.0,0,0
221731.0,-0.2212,0.0098,-131.0274,-255.0,0,0
221744.0,-0.2212,-0.0065,-131.0054,-255.0,0,0
221754.0,-0.2212,-0.0055,-130.9871,-255.0,0,0
221764.0,-0.2212,0.024,-130.972,-255.0,0,0
221771.0,-0.2212,0.0273,-130.9595,-255.0,0,0
221782.0,-0.2201,0.0295,-130.9492,-255.0,0,0
221794.0,-0.2201,0.0218,-130.9406,-255.0,0,0
221804.0,-0.2201,0.0251,-130.9335,-255.0,0,0
221814.0,-0.219,0.06,-130.9277,-255.0,0,0
221822.0,-0.219,0.0338,-130.9229,-255.0,0,0
221832.0,-0.219,0.0415,-130.9189,-255.0,0,0
221844.0,-0.219,0.0251,-130.9156,-255.0,0,0
221854.0,-0.2179,0.036,-130.9128,-255.0,0,0
221864.0,-0.2179,0.0491,-130.9105,-255.0,0,0
221872.0,-0.2179,0.0098,-130.9087,-255.0,0,0
221882.0,-0.2179,-0.0044,-129.7766,-255.0,0,0
221894.0,-0.2179,-0.0349,-129.9706,-255.0,0,0
221904.0,-0.2179,0.0033,-131.2616,-255.0,0,0
221915.0,-0.2179,0.012,-130.0686,-255.0,0,0
221922.0,-0.2179,-0.0055,-129.0816,-255.0,0,0
221932.0,-0.2179,-0.0131,-129.3957,-255.0,0,0
221945.0,-0.2179,-0.0284,-129.6555,-255.0,0,0
221955.0,-0.2179,-0.0033,-129.8704,-255.0,0,0
221965.0,-0.2179,-0.012,-130.0482,-255.0,0,0
221972.0,-0.2179,-0.0218,-129.0648,-255.0,0,0
221982.0,-0.2179,-0.0295,-128.2512,-255.0,0,0
221995.0,-0.219,-0.0305,-128.7087,-255.0,0,0
222005.0,-0.219,-0.0098,-129.0871,-255.0,0,0
222015.0,-0.219,-0.0044,-129.4002,-255.0,0,0
222022.0,-0.219,-0.0044,-129.6592,-255.0,0,0
222032.0,-0.219,-0.0349,-129.8735,-255.0,0,0
222045.0,-0.219,-0.0415,-130.0507,-255.0,0,0
222055.0,-0.2201,-0.0284,-130.1974,-255.0,0,0
222065.0,-0.2201,-0.0349,-129.1882,-255.0,0,0
222072.0,-0.2201,-0.0316,-128.3533,-255.0,0,0
222083.0,-0.2212,-0.0425,-128.7931,-255.0,0,0
222095.0,-0.2212,-0.0251,-129.157,-255.0,0,0
222105.0,-0.2212,-0.0175,-128.3275,-255.0,0,0
222115.0,-0.2212,0.0251,-127.6413,-255.0,0,0
222123.0,-0.2212,0.0109,-128.2041,-255.0,0,0
222133.0,-0.2212,0.0044,-128.6697,-255.0,0,0
222145.0,-0.2201,0.0011,-129.0549,-255.0,0,0
222155.0,-0.2201,0.0218,-128.243,-255.0,0,0
222165.0,-0.2201,0.0327,-127.5714,-255.0,0,0
222173.0,-0.2201,0.0076,-128.1463,-255.0,0,0
222183.0,-0.2201,-0.0142,-127.4914,-255.0,0,0
222195.0,-0.2201,-0.0076,-126.9496,-255.0,0,0
222205.0,-0.2201,0.012,-127.6319,-255.0,0,0
222216.0,-0.2201,0.0109,-128.1963,-255.0,0,0
222223.0,-0.2201,-0.0164,-127.5328,-255.0,0,0
222233.0,-0.2201,-0.0284,-126.9838,-255.0,0,0
222245.0,-0.2212,-0.0327,-127.6602,-255.0,0,0
222255.0,-0.2212,-0.0033,-128.2198,-255.0,0,0
222266.0,-0.2212,-0.0011,-127.5522,-255.0,0,0
222273.0,-0.2212,-0.0131,-126.9999,-255.0,0,0
222283.0,-0.2212,-0.0273,-127.6735,-255.0,0,0
222296.0,-0.2212,-0.0175,-128.2307,-255.0,0,0
222305.0,-0.2212,0.0087,-127.5612,-255.0,0,0
222316.0,-0.2212,0.0218,-127.0074,-255.0,0,0
222323.0,-0.2212,-0.0065,-126.5492,-255.0,0,0
222333.0,-0.2212,-0.0207,-126.1701,-255.0,0,0
222346.0,-0.2212,-0.0207,-126.9871,-255.0,0,0
222356.0,-0.2212,-0.0044,-127.6629,-255.0,0,0
222366.0,-0.2212,0.0196,-127.0915,-255.0,0,0
222374.0,-0.2212,0.012,-125.4883,-255.0,0,0
222384.0,-0.2212,-0.0131,-125.2925,-255.0,0,0
222396.0,-0.2212,-0.0055,-126.261,-255.0,0,0
222406.0,-0.2212,0.0262,-127.0622,-255.0,0,0
222416.0,-0.2212,0.0098,-126.5946,-255.0,0,0
222424.0,-0.2212,0.0196,-126.2077,-255.0,0,0
222434.0,-0.2212,-0.0196,-125.8876,-255.0,0,0
222446.0,-0.2212,-0.0044,-125.6228,-255.0,0,0
222456.0,-0.2212,0.0098,-126.5343,-255.0,0,0
222466.0,-0.2212,-0.0022,-126.1578,-255.0,0,0
222474.0,-0.2212,-0.0327,-125.8464,-255.0,0,0
222484.0,-0.2212,-0.0469,-125.5887,-255.0,0,0
222496.0,-0.2223,-0.0349,-125.3756,-255.0,0,0
222506.0,-0.2223,-0.0295,-126.3298,-255.0,0,0
222516.0,-0.2223,-0.0098,-125.9886,-255.0,0,0
222524.0,-0.2223,-0.0327,-124.5759,-255.0,0,0
223133.85714285713,-0.21014761904761906,-0.032338095238095235,-256.4122238095238,-230.71428571428572,0,0
224295.48979591834,-0.18700022675736963,-0.031648752834467116,-507.5290310657596,-184.45578231292518,0,0
225871.9912536443,-0.15558590864917396,-0.03071321671525753,-848.3304123420796,-121.67638483965015,1,0
227673.7072053311,-0.11968383081123607,-0.029644032579018,-1237.8177052293026,-49.928502013050135,1,0
229496.87215644275,-0.0833543472847513,-0.028562120060204192,-1631.9417516032781,22.67352227577132,1,0
231163.76582603055,-0.050138819489108075,-0.027572942900145853,-1992.2837368594844,89.05251591126522,1,0
232552.84388402037,-0.022459212992738717,-0.026748628600097236,-2292.5687245729896,144.3683439408435,1,0
233611.18907106025,-0.0013699889955049206,-0.026120579609584003,-2521.357286640422,186.51373672528405,1,0
234348.25089774872,0.013317149145425757,-0.025683188348333715,-2680.6921780802413,215.864992414448,1,0
234816.22666072552,0.022642316219032538,-0.025405479611031945,-2781.857188518222,234.50071031232991,1,0
235085.86983844073,0.02801538867572978,-0.025245466481443785,-2840.147504056296,245.23843348206185,1,0
235225.9442164746,0.030806595146741333,-0.025162342777761623,-2870.4281874526982,250.81647149231222,1,0
235290.97874913318,0.03210251243685384,-0.025123749629623476,-2884.4870761724565,253.4062748542142,1,0
235317.65958304438,0.03263417081228461,-0.025107916543207827,-2890.254825390819,254.46875828473807,1,0
235327.1884522984,0.032824048803509885,-0.02510226186948795,-2892.3147358259484,254.8482166527823,1,0
235330.0924886425,0.032881916381788064,-0.025100538540354274,-2892.9425180537974,254.96386110780531,1,0
235330.82714069381,0.032896555501292966,-0.0251001025791151,-2893.101332010247,254.99311640148673,1,0
235330.9753058134,0.032899507928756136,-0.0251000146541593,-2893.1333617157497,254.9990166287838,1,0
235330.9976481727,0.03289995313607201,-0.02510000139563422,-2893.138191591976,254.99990634559845,1,0
235330.99988800823,0.03289999776838438,-0.025100000066458773,-2893.138675790094,254.99999554026658,1,0
235331.0,0.0329,-0.0251,-2893.1387,255.0,1,0
235341.0,0.0329,-0.0229,-5173.3184,255.0,1,0
235351.0,0.0329,-0.0207,-4279.7412,255.0,1,0
235361.0,0.0329,-0.0131,-3540.5098,255.0,1,0
235371.0,0.0319,-0.0513,-2927.8337,255.0,1,0
235381.0,0.0308,-0.1167,-2420.9841,255.0,1,0
235391.0,0.0308,-0.0818,-2001.6818,255.0,1,0
235401.0,0.0286,-0.144,-1653.6742,255.0,1,0
235411.0,0.0264,-0.1963,-1365.7773,255.0,1,0
235421.0,0.0253,-0.1996,-1127.6083,255.0,1,0
235431.0,0.022,-0.2629,-930.5777,-255.0,1,0
235441.0,0.0209,-0.2923,-767.5798,-255.0,1,0
235451.0,0.0177,-0.2902,-631.6057,-255.0,1,0
235461.0,0.0155,-0.2923,-519.1182,-241.0,1,0
235471.0,0.0122,-0.2378,-427.1909,-177.52,1,0
235481.0,0.0122,-0.0556,-351.142,122.22,1,0
235491.0,0.0111,-0.0807,-288.2289,84.43,1,0
235501.0,0.0111,-0.0491,-237.3132,101.63,1,0
235512.0,0.0122,0.0862,-195.1921,150.63,1,0
235522.0,0.0122,0.0611,-159.2159,149.71,1,0
235532.0,0.0133,0.0982,-129.4538,178.16,1,0
235542.0,0.0155,0.18,-105.963,204.98,1,0
235552.0,0.0166,0.1396,-86.5297,191.84,1,0
235562.0,0.0177,0.132,-69.3226,178.01,1,0
235572.0,0.0188,0.132,-55.0877,182.64,1,0
235582.0,0.0199,0.1014,-43.3115,171.95,1,0
235592.0,0.0199,0.0262,-33.5694,134.5,1,0
235602.0,0.0199,-0.0011,-24.3795,120.93,1,0
235612.0,0.0199,-0.0545,-16.777,94.26,1,0
235623.0,0.0188,-0.0545,-11.6181,90.0,1,0
235632.0,0.0188,-0.0229,-7.3503,117.42,1,0
235642.0,0.0177,-0.0894,-2.6892,66.72,1,0
235652.0,0.0177,-0.0327,1.1668,102.83,1,0
235663.0,0.0177,-0.0164,4.3568,111.66,1,0
235673.0,0.0166,-0.0753,6.9957,69.0,1,0
235683.0,0.0166,-0.036,8.0484,89.33,1,0
235693.0,0.0166,-0.0273,10.0497,94.31,1,0
235702.0,0.0155,-0.0698,11.7054,69.17,1,0
235712.0,0.0155,-0.0207,11.9445,97.21,1,0
235723.0,0.0155,-0.0251,13.2729,94.94,1,0
235733.0,0.0144,-0.0349,14.3718,83.51,1,0
235743.0,0.0144,-0.0185,15.2809,95.06,1,0
235753.0,0.0144,-0.0142,16.0329,92.82,1,0
235763.0,0.0144,-0.0273,16.6551,86.64,1,0
235774.0,0.0144,-0.012,17.1698,94.58,1,0
235783.0,0.0133,-0.0251,17.5956,83.91,1,0
235793.0,0.0133,-0.0393,17.9479,77.02,1,0
235803.0,0.0133,-0.0295,18.2393,85.22,1,0
235813.0,0.0133,-0.0251,19.6108,88.22,1,0
235823.0,0.0133,-0.0131,19.615,89.65,1,0
235833.0,0.0133,-0.0065,19.6185,95.27,1,0
235843.0,0.0133,-0.0262,19.6213,83.28,1,0
235853.0,0.0133,-0.0164,19.6237,88.41,1,0
235863.0,0.0133,-0.0098,20.7561,96.1,1,0
235873.0,0.0133,-0.0196,20.5625,87.63,1,0
235883.0,0.0122,-0.0305,20.4023,76.84,1,0
235893.0,0.0122,-0.0142,20.2697,85.23,1,0
235903.0,0.0122,-0.0207,20.1601,82.12,1,0
235913.0,0.0122,-0.0185,21.1999,84.44,1,0
235923.0,0.0122,-0.0153,20.9296,84.99,1,0
235934.0,0.0122,-0.0207,20.706,82.36,1,0
235944.0,0.0122,-0.012,21.6515,86.87,1,0
235954.0,0.0122,-0.0153,21.3032,85.29,1,0
235964.0,0.0111,-0.024,21.015,76.61,1,0
235974.0,0.0111,-0.0175,21.9071,79.97,1,0
235984.0,0.0111,-0.0273,21.5147,75.09,1,0
235994.0,0.0111,-0.0076,21.19,85.97,1,0
236004.0,0.0111,-0.0109,22.0519,84.26,1,0
236014.0,0.0111,-0.0153,21.6344,80.92,1,0
236024.0,0.0111,-0.0284,21.2891,74.43,1,0
236035.0,0.0111,-0.0175,22.1339,79.98,1,0
236045.0,0.0111,-0.0164,22.8327,80.6,1,0
236054.0,0.0111,-0.0109,23.4109,83.4,1,0
236064.0,0.0111,-0.012,22.7587,82.85,1,0
236075.0,0.0111,-0.0065,22.2191,85.57,1,0
236085.0,0.0111,-0.0229,22.9033,77.45,1,0
236095.0,0.0111,-0.0087,23.4692,86.68,1,0
236104.0,0.01,-0.0196,23.9374,74.52,1,0
236114.0,0.01,-0.012,23.1943,79.42,1,0
236125.0,0.01,-0.0087,23.71,79.95,1,0
236135.0,0.01,-0.0164,24.1366,76.22,1,0
236145.0,0.01,-0.0175,23.3591,76.75,1,0
236154.0,0.01,-0.024,23.8463,74.45,1,0
236165.0,0.01,-0.0218,24.2494,73.26,1,1
236175.0,0.01,-0.0218,24.5828,73.38,1,1
236185.0,0.01,-0.0164,24.8587,76.21,1,1
236195.0,0.0089,-0.0207,25.0869,69.75,1,1
236205.0,0.0089,-0.0175,25.2757,71.45,1,1
236215.0,0.0089,-0.0218,24.3014,69.26,1,1
236225.0,0.0089,-0.0229,23.4954,68.71,1,1
236236.0,0.0089,-0.0185,23.9591,70.94,1,1
236246.0,0.0089,-0.0251,24.3427,67.71,1,1
236255.0,0.0089,-0.0295,24.66,65.56,1,1
236266.0,0.0079,-0.0131,24.9226,69.41,1,1
236276.0,0.0079,-0.0393,25.1397,68.91,1,1
236286.0,0.0079,-0.0185,25.3194,70.29,1,1
236296.0,0.0079,-0.0273,24.3375,60.29,1,1
236305.0,0.0079,-0.0033,24.6558,80.05,1,1
236316.0,0.0079,-0.0098,26.0495,68.87,1,1
236326.0,0.0079,-0.0196,24.9416,64.36,1,1
236336.0,0.0079,-0.0251,25.1555,62.02,1,1
236346.0,0.0079,-0.0153,26.4629,69.38,1,1
236355.0,0.0079,-0.012,26.414,73.07,1,1
236366.0,0.0068,-0.0207,26.3736,66.12,1,1
236376.0,0.0068,-0.0218,26.3402,58.76,1,1
236386.0,0.0068,-0.0131,26.3125,63.53,1,1
236397.0,0.0068,-0.0175,26.2896,61.68,1,1
236405.0,0.0068,-0.0295,26.2706,55.95,1,1
236416.0,0.0068,-0.0218,26.255,59.97,1,1
236427.0,0.0057,-0.0338,26.242,49.78,1,1
236437.0,0.0057,-0.0131,26.2313,67.61,1,1
236447.0,0.0057,-0.0262,26.2224,52.87,1,1
236456.0,0.0057,-0.0273,26.2151,58.89,1,1
236466.0,0.0057,-0.0305,26.209,53.5,1,1
236477.0,0.0046,-0.0305,26.204,45.92,1,1
236487.0,0.0046,-0.0327,26.1998,45.19,1,1
236497.0,0.0046,-0.0295,26.1964,47.12,1,1
236506.0,0.0046,-0.0251,26.1936,49.53,1,1
236516.0,0.0046,-0.0273,26.1912,48.63,1,1
236527.0,0.0035,-0.0305,26.1893,-45.95,1,1
236537.0,0.0035,-0.0087,26.1876,53.8,1,1
236548.0,0.0035,-0.0185,26.1863,48.99,1,1
236556.0,0.0035,-0.0207,26.1852,47.98,1,1
236567.0,0.0035,-0.0087,26.1843,56.13,1,1
236577.0,0.0035,-0.0196,26.1835,48.35,1,1
236588.0,0.0035,-0.0316,26.1829,-46.28,1,1
236598.0,0.0035,-0.0098,26.1824,53.43,1,1
236606.0,0.0024,-0.0316,27.3125,-52.67,1,1
236616.0,0.0024,-0.0262,28.2474,-47.58,1,1
236626.0,0.0024,-0.0229,27.8903,-45.94,1,1
236638.0,0.0024,-0.0469,27.5948,-58.98,1,1
236648.0,0.0024,-0.0153,27.3504,46.88,1,1
236656.0,0.0024,-0.0153,27.1483,46.83,1,1
236667.0,0.0013,-0.0273,26.981,-54.47,1,1
236678.0,0.0013,-0.0295,25.7121,-53.13,1,1
236688.0,0.0013,-0.0131,24.6624,-44.96,1,1
236698.0,0.0013,-0.0262,24.9246,-51.58,1,1
236707.0,0.0013,-0.0131,25.1414,-45.1,1,1
236718.0,0.0013,-0.0185,25.3208,-47.88,1,1
236728.0,0.0002,-0.024,25.4692,-56.05,1,1
236738.0,0.0002,-0.0076,25.5919,-46.72,1,1
236749.0,0.0013,0.0284,25.6935,66.35,1,1
236757.0,0.0013,-0.0262,25.7775,-56.19,1,1
236769.0,0.0013,0.0011,25.847,51.94,1,1
236779.0,0.0013,-0.0011,24.774,49.52,1,1
236789.0,0.0013,-0.0109,25.0169,44.58,1,1
236799.0,0.0013,0.0076,26.3483,57.02,1,1
236807.0,0.0013,0.0033,25.1887,51.2,1,1
236819.0,0.0013,-0.0175,24.2294,-47.66,1,1
236830.0,0.0013,0.0164,24.5663,57.82,1,1
236839.0,0.0013,-0.0033,24.845,48.06,1,1
236850.0,0.0013,-0.0469,25.0756,-62.32,1,1
236857.0,0.0013,0.0098,25.2664,54.68,1,1
236870.0,0.0002,-0.0185,25.4242,-54.57,1,1
236880.0,0.0002,-0.036,25.5547,-61.97,1,1
236890.0,0.0002,-0.0055,25.6627,-45.56,1,1
236900.0,0.0002,-0.0295,25.752,-60.77,1,1
236907.0,0.0002,-0.0305,25.8259,-57.81,1,1
236920.0,0.0002,0.0033,24.7566,47.61,1,1
236930.0,-0.0009,-0.024,23.8719,-59.0,1,1
236940.0,-0.0009,-0.0305,24.2706,-67.61,1,1
236951.0,-0.0009,0.0153,24.6004,49.69,1,1
236957.0,-0.0009,-0.0251,24.8732,-63.44,1,1
236968.0,-0.0009,-0.0469,23.9684,-77.03,1,1
236980.0,-0.0009,0.0033,23.2199,-43.82,1,1
236991.0,-0.002,-0.0164,23.7312,-58.41,1,1
237001.0,-0.002,-0.0393,24.1542,-70.2,1,1
237008.0,-0.002,0.0087,24.5041,-46.47,1,1
237020.0,-0.002,-0.0142,23.663,-58.06,1,1
237031.0,-0.002,-0.0305,22.9673,-67.4,1,1
237041.0,-0.002,0.0131,22.3917,-44.49,1,1
237051.0,-0.002,-0.0076,21.9155,-54.95,1,1
237058.0,-0.002,-0.0218,22.6521,-66.38,1,1
237071.0,-0.002,0.0153,23.2615,45.19,1,1
237081.0,-0.002,-0.0011,23.7656,-51.6,1,1
237091.0,-0.0031,-0.0295,23.0521,-70.24,1,1
237101.0,-0.002,0.0142,22.4619,-44.14,1,1
237108.0,-0.0031,-0.0153,23.1041,-65.45,1,1
237118.0,-0.0031,-0.0316,22.5049,-78.63,1,1
237131.0,-0.0031,0.0185,22.0091,-45.32,1,1
237141.0,-0.0031,-0.0065,22.7296,-59.24,1,1
237151.0,-0.0031,-0.0316,22.195,-73.94,1,1
237158.0,-0.0031,0.0436,21.7528,55.3,1,1
237171.0,-0.0031,-0.0153,21.387,-65.75,1,1
237181.0,-0.0031,-0.0415,21.0844,-75.47,1,1
237191.0,-0.0031,0.0207,21.9645,-44.68,1,1
237201.0,-0.0031,-0.0055,21.5621,-57.94,1,1
237208.0,-0.0031,-0.0327,20.0988,-74.79,1,1
237220.0,-0.0031,0.0098,20.0187,-50.07,1,1
237231.0,-0.0031,-0.0109,21.0829,-63.83,1,1
237241.0,-0.0041,-0.036,20.8328,-79.41,1,1
237251.0,-0.0041,0.0011,19.4954,-58.61,1,1
237258.0,-0.0031,0.0295,19.5195,47.7,1,1
237268.0,-0.0041,-0.0349,20.6699,-78.12,1,1
237281.0,-0.0041,0.0164,20.4912,-51.42,1,1
237291.0,-0.0041,-0.0033,19.2128,-65.49,1,1
237302.0,-0.0041,-0.0196,19.2857,-70.09,1,1
237308.0,-0.0041,0.0109,19.346,-53.84,1,1
237320.0,-0.0041,-0.0033,18.2654,-61.05,1,1
237332.0,-0.0041,-0.0262,18.502,-74.76,1,1
237342.0,-0.0041,0.0109,18.6977,-55.03,1,1
237352.0,-0.0041,0.0142,17.7291,-54.39,1,1
237359.0,-0.0041,0.0098,18.0583,-55.42,1,1
237372.0,-0.0041,0.0011,18.3306,-58.79,1,1
237382.0,-0.0031,0.0142,17.4254,-47.99,1,1
237392.0,-0.0041,-0.0142,17.8071,-66.69,1,1
237402.0,-0.0041,0.0,18.1228,-66.02,1,1
237409.0,-0.0031,0.0164,17.2535,-46.38,1,1
237421.0,-0.0031,-0.012,17.6648,-60.83,1,1
237432.0,-0.0031,-0.0055,18.0051,-63.0,1,1
237442.0,-0.0031,0.012,17.1561,-51.58,1,1
237452.0,-0.0031,-0.0229,16.4538,-66.74,1,1
237459.0,-0.0031,-0.0055,17.0033,-61.35,1,1
237469.0,-0.0031,0.0087,17.4578,-49.8,1,1
237482.0,-0.0031,-0.0153,16.7034,-62.07,1,1
237491.0,-0.0041,-0.0142,16.0792,-68.2,1,1
237501.0,-0.0041,0.0033,15.5629,-61.47,1,1
237509.0,-0.0041,-0.0251,15.1358,-71.1,1,1
237519.0,-0.0041,-0.0262,15.9129,-74.07,1,1
237531.0,-0.0041,-0.0033,16.5558,-60.51,1,1
237542.0,-0.0041,-0.0251,15.9572,-71.63,1,1
237552.0,-0.0041,-0.024,15.4619,-71.24,1,1
237559.0,-0.0041,-0.0098,15.0522,-65.33,1,1
237569.0,-0.0041,0.0022,14.7133,-61.39,1,1
237581.0,-0.0041,-0.0284,14.4329,-74.26,1,1
237592.0,-0.0041,-0.0098,14.2009,-66.06,1,1
237602.0,-0.0041,-0.0207,14.009,-69.31,1,1
237609.0,-0.0052,-0.0349,13.8503,-82.0,1,1
237621.0,-0.0052,-0.0044,13.719,-68.83,1,1
237632.0,-0.0052,-0.0207,13.6103,-77.79,1,1
237642.0,-0.0052,-0.0251,13.5204,-75.42,1,1
237652.0,-0.0052,-0.0131,13.4461,-71.79,1,1
237660.0,-0.0052,-0.0251,12.2541,-79.76,1,1
237672.0,-0.0063,-0.0207,11.2679,-77.37,1,1
237683.0,-0.0063,-0.0022,11.5827,-71.55,1,1
237693.0,-0.0063,-0.0316,11.843,-82.97,1,1
237703.0,-0.0063,-0.0349,12.0584,-84.9,1,1
237710.0,-0.0063,-0.0196,12.2366,-77.49,1,1
237720.0,-0.0074,-0.0415,11.2535,-94.98,1,1
237732.0,-0.0074,-0.0327,10.4402,-90.43,1,1
237742.0,-0.0074,-0.0229,10.8979,-83.34,1,1
237753.0,-0.0074,-0.0316,11.2765,-88.96,1,1
237760.0,-0.0085,-0.0327,10.4593,-95.93,1,1
237770.0,-0.0085,0.0055,9.7831,-74.44,1,1
237782.0,-0.0085,-0.0524,10.3543,-103.45,1,1
237792.0,-0.0085,-0.0425,9.6963,-99.6,1,1
237803.0,-0.0096,-0.0316,9.152,-98.37,1,1
237810.0,-0.0096,-0.0371,9.8322,-101.06,1,1
237820.0,-0.0096,-0.036,9.2644,-98.33,1,1
237832.0,-0.0096,-0.0218,8.7947,-92.49,1,1
237843.0,-0.0107,-0.0491,8.4061,-109.46,1,1
237853.0,-0.0107,-0.0567,8.0846,-115.53,1,1
237860.0,-0.0118,-0.0415,7.8187,-115.25,1,1
237870.0,-0.0118,-0.0578,7.5987,-118.7,1,1
237882.0,-0.0118,-0.0349,7.4167,-106.33,1,1
237893.0,-0.0129,-0.048,7.2661,-119.57,1,1
237903.0,-0.0129,-0.0524,7.1416,-119.58,1,1
237910.0,-0.014,-0.0545,5.908,-125.17,1,1
237921.0,-0.014,-0.0535,6.018,-127.95,1,1
237932.0,-0.0151,-0.0567,6.1091,-131.59,1,1
237943.0,-0.0151,-0.0535,5.0538,-136.23,1,1
237953.0,-0.0161,-0.0447,4.1809,-129.11,1,1
237961.0,-0.0161,-0.06,3.4587,-135.86,1,1
237971.0,-0.0172,-0.0611,2.8613,-143.13,1,1
237983.0,-0.0172,-0.0349,3.4976,-130.05,1,1
237994.0,-0.0183,-0.0774,4.024,-154.64,1,1
238004.0,-0.0183,-0.0589,3.3289,-145.45,1,1
238011.0,-0.0183,-0.0436,2.7539,-136.83,1,1
238021.0,-0.0194,-0.0611,2.2782,-150.11,1,1
238032.0,-0.0194,-0.0687,0.7542,-158.21,1,1
238044.0,-0.0205,-0.0665,-0.5066,-158.95,1,1
238054.0,-0.0216,-0.0851,-0.4191,-170.43,1,1
238061.0,-0.0216,-0.0742,-0.3467,-166.26,1,1
238071.0,-0.0227,-0.0665,-0.2868,-170.0,1,1
238083.0,-0.0238,-0.0556,-1.3678,-166.49,1,1
238094.0,-0.0238,-0.1069,-2.262,-193.2,1,1
238104.0,-0.0249,-0.0796,-1.8713,-183.76,1,1
238111.0,-0.026,-0.0862,-2.6786,-188.17,1,1
238121.0,-0.0271,-0.0949,-4.4769,-200.44,1,1
238133.0,-0.0271,-0.0807,-5.9646,-190.12,1,1
238144.0,-0.0281,-0.0884,-6.0649,-201.75,1,1
238155.0,-0.0292,-0.0774,-6.1478,-198.38,1,1
238161.0,-0.0303,-0.072,-7.3469,-202.31,1,1
238171.0,-0.0303,-0.048,-8.3389,-193.33,1,1
238185.0,-0.0314,-0.084,-9.1595,-213.09,1,1
238195.0,-0.0314,-0.0371,-9.8384,-185.32,1,1
238205.0,-0.0314,-0.0196,-11.5306,-187.58,1,1
238212.0,-0.0314,-0.0415,-12.9304,-194.37,1,1
238225.0,-0.0314,-0.0055,-14.0885,-168.68,1,1
238235.0,-0.0314,0.0218,-15.0465,-165.16,1,1
238245.0,-0.0314,-0.0109,-15.8391,-176.64,1,1
238255.0,-0.0314,-0.012,-17.6252,-178.29,1,1
238262.0,-0.0314,0.0556,-17.9724,-140.14,1,1
238272.0,-0.0314,-0.0109,-18.2595,-171.76,1,1
238285.0,-0.0314,-0.0142,-19.6276,-180.37,1,1
238295.0,-0.0314,0.0567,-20.7594,-138.35,1,1
238305.0,-0.0314,-0.0229,-21.6957,-185.07,1,1
238312.0,-0.0314,-0.0535,-22.4702,-196.86,1,1
238322.0,-0.0314,0.0109,-23.111,-165.88,1,1
238335.0,-0.0325,-0.0327,-23.6411,-194.14,1,1
238345.0,-0.0336,-0.1025,-24.0796,-226.84,1,1
238355.0,-0.0336,-0.0153,-24.4424,-183.81,1,1
238362.0,-0.0336,-0.0142,-25.873,-183.81,1,1
238372.0,-0.0347,-0.1178,-27.0565,-247.76,1,1
238385.0,-0.0358,-0.0807,-28.0356,-231.92,1,1
238395.0,-0.0347,0.0185,-28.8456,-173.38,1,1
238405.0,-0.0358,-0.0589,-30.6462,-214.71,1,1
238412.0,-0.0369,-0.1004,-32.1357,-240.35,1,1
238422.0,-0.0369,0.024,-33.368,-178.62,1,1
238435.0,-0.0358,0.0469,-35.5179,-168.46,1,1
238445.0,-0.0369,-0.0774,-36.166,-231.44,1,1
238455.0,-0.0369,-0.0087,-36.7021,-195.07,1,1
238462.0,-0.0358,0.1004,-37.1457,-155.38,1,1
238472.0,-0.0358,0.0382,-38.6431,-165.45,1,1
238485.0,-0.0358,-0.0698,-39.8819,-225.47,1,1
238495.0,-0.0358,0.0676,-40.9067,-180.78,1,1
238506.0,-0.0347,0.0731,-41.7545,-141.1,1,1
238512.0,-0.0347,-0.0502,-42.4558,-216.61,1,1
238522.0,-0.0347,-0.0087,-44.1665,-182.75,1,1
238535.0,-0.0347,0.0764,-45.5817,-141.43,1,1
238545.0,-0.0347,0.0131,-46.7525,-215.95,1,1
238556.0,-0.0347,-0.0862,-47.7211,-226.23,1,1
238563.0,-0.0347,0.0044,-48.5223,-183.83,1,1
238573.0,-0.0347,0.0316,-49.1852,-161.12,1,1
238586.0,-0.0347,-0.0393,-50.864,-198.16,1,1
238596.0,-0.0358,-0.0142,-52.2529,-201.74,1,1
238606.0,-0.0347,0.0578,-52.2714,-168.28,1,1
238613.0,-0.0358,-0.0578,-53.4172,-211.4,1,1
238623.0,-0.0358,-0.0393,-54.3651,-208.74,1,1
238636.0,-0.0358,0.024,-55.1492,-172.27,1,1
238646.0,-0.0358,-0.0033,-56.9284,-189.09,1,1
238656.0,-0.0358,-0.0764,-58.4003,-226.22,1,1
238664.0,-0.0358,0.012,-59.618,-194.05,1,1
238676.0,-0.0358,0.0065,-59.4948,-185.09,1,1
238686.0,-0.0369,-0.0709,-59.3929,-225.47,1,1
238696.0,-0.0369,-0.0338,-60.4391,-221.37,1,1
238706.0,-0.0369,0.036,-61.3046,-183.22,1,1
238713.0,-0.0369,-0.0349,-63.1511,-206.58,1,1
238723.0,-0.038,-0.0654,-64.6787,-253.48,1,1
238736.0,-0.038,0.036,-65.9424,-191.76,1,1
238746.0,-0.0369,0.0349,-68.1183,-171.33,1,1
238756.0,-0.038,-0.0665,-68.7879,-225.63,1,1
238763.0,-0.038,-0.024,-69.3418,-209.88,1,1
238773.0,-0.038,0.0545,-70.9306,-175.37,1,1
238786.0,-0.038,0.0033,-72.2449,-192.54,1,1
238796.0,-0.038,-0.0687,-73.3322,-254.71,1,1
238806.0,-0.038,0.0524,-74.2317,-166.53,1,1
238813.0,-0.0369,0.0709,-74.9758,-154.24,1,1
238823.0,-0.038,-0.0622,-76.7219,-242.01,1,1
238836.0,-0.038,-0.0229,-78.1664,-205.49,1,1
238846.0,-0.0369,0.0753,-78.2309,-190.84,1,1
238857.0,-0.0369,0.0262,-79.4148,-173.6,1,1
238865.0,-0.038,-0.1069,-80.3942,-255.0,1,1
238876.0,-0.038,0.0098,-81.2044,-187.1,1,1
238886.0,-0.0369,0.0796,-83.0051,-166.24,1,1
238897.0,-0.038,-0.0535,-84.4949,-219.49,1,1
238907.0,-0.038,-0.012,-85.7273,-200.28,1,1
238914.0,-0.0369,0.0764,-86.7468,-214.74,1,1
238924.0,-0.038,-0.0807,-87.5902,-228.6,1,1
238937.0,-0.038,-0.0807,-88.288,-249.89,1,1
238947.0,-0.0391,-0.0295,-88.8652,-209.2,1,1
238957.0,-0.038,0.0818,-90.4732,-154.49,1,1
238964.0,-0.038,0.0,-92.934,-193.63,1,1
238974.0,-0.038,0.0458,-93.8392,-172.17,1,1
238987.0,-0.0369,0.0458,-94.5881,-198.3,1,1
238997.0,-0.0369,0.0371,-95.2076,-177.7,1,1
239007.0,-0.0369,0.0327,-95.7201,-190.91,1,1
239014.0,-0.0358,0.0327,-97.2746,-167.87,1,1
239024.0,-0.0369,-0.0327,-98.5606,-209.78,1,1
239037.0,-0.0358,0.0196,-99.6245,-177.03,1,1
239047.0,-0.0369,-0.0196,-100.5046,-202.19,1,1
239057.0,-0.0369,-0.0131,-101.2326,-199.86,1,1
239064.0,-0.0369,-0.0164,-101.835,-205.39,1,1
239074.0,-0.0369,-0.0273,-102.3332,-211.04,1,1
239087.0,-0.0369,-0.048,-103.876,-239.44,1,1
239097.0,-0.0369,-0.0033,-105.1522,-193.95,1,1
239107.0,-0.038,-0.0295,-105.0775,-213.42,1,1
239116.0,-0.038,-0.0371,-106.1462,-216.91,1,1
239127.0,-0.038,-0.0033,-108.1608,-206.04,1,1
239137.0,-0.038,-0.0164,-108.697,-217.69,1,1
239147.0,-0.0391,-0.0665,-109.1405,-239.02,1,1
239157.0,-0.0391,0.0207,-110.6379,-201.04,1,1
239164.0,-0.0391,-0.0055,-111.8767,-205.4,1,1
239174.0,-0.0391,-0.0295,-112.9015,-218.24,1,1
239187.0,-0.0391,0.0131,-114.8798,-204.01,1,1
239197.0,-0.0391,-0.0011,-116.5164,-218.21,1,1
239208.0,-0.0391,-0.0338,-116.7398,-227.06,1,1
239215.0,-0.0391,0.0196,-118.0551,-192.94,1,1
239225.0,-0.0391,0.036,-119.1432,-208.74,1,1
239237.0,-0.0391,-0.0076,-120.0434,-205.19,1,1
239248.0,-0.038,0.0513,-121.9186,-176.88,1,1
239258.0,-0.038,-0.0142,-123.4699,-205.91,1,1
239265.0,-0.038,-0.0055,-123.6227,-204.51,1,1
239275.0,-0.038,0.036,-123.7491,-182.11,1,1
239288.0,-0.038,0.0295,-124.9842,-189.23,1,1
239298.0,-0.038,-0.0458,-127.1365,-247.01,1,1
239308.0,-0.038,0.048,-128.917,-176.71,1,1
239315.0,-0.038,-0.0196,-128.129,-226.89,1,1
239325.0,-0.038,-0.0218,-128.6076,-217.08,1,1
239338.0,-0.038,-0.0196,-130.134,-207.78,1,1
239348.0,-0.0391,-0.0491,-131.3968,-230.22,1,1
239358.0,-0.0391,-0.0524,-132.4414,-230.5,1,1
239365.0,-0.0391,0.0207,-133.3056,-199.02,1,1
239375.0,-0.0391,0.0175,-135.151,-209.27,1,1
239388.0,-0.0391,-0.0295,-136.6777,-219.24,1,1
239398.0,-0.0401,-0.0665,-136.8102,-243.0,1,1
239408.0,-0.0391,0.0185,-136.9198,-196.77,1,1
239415.0,-0.0391,0.0284,-138.141,-220.79,1,1
239425.0,-0.0391,0.0273,-139.1512,-189.81,1,1
239438.0,-0.0391,-0.0349,-141.1174,-244.16,1,1
239448.0,-0.0401,-0.0785,-142.7441,-246.45,1,1
239458.0,-0.0401,0.0316,-142.9592,-192.68,1,1
239465.0,-0.0401,0.0033,-144.2677,-247.81,1,1
239475.0,-0.0391,0.0589,-146.4807,-171.56,1,1
239488.0,-0.0401,-0.0524,-147.1809,-245.92,1,1
239498.0,-0.0401,-0.0284,-147.7602,-221.12,1,1
239508.0,-0.0401,0.0415,-149.3699,-254.83,1,1
239516.0,-0.0391,0.0415,-150.7016,-175.79,1,1
239526.0,-0.0391,0.0164,-151.8033,-191.15,1,1
239538.0,-0.0391,-0.0371,-152.7147,-220.14,1,1
239548.0,-0.0391,0.0469,-153.4686,-230.22,1,1
239559.0,-0.0391,-0.0262,-155.2228,-211.36,1,1
239566.0,-0.0391,-0.0109,-156.6741,-206.32,1,1
239576.0,-0.0391,-0.0044,-156.7441,-205.03,1,1
239589.0,-0.0391,0.0196,-157.9326,-214.62,1,1
239599.0,-0.0391,-0.0142,-160.0462,-210.45,1,1
239609.0,-0.0391,-0.0305,-160.6643,-220.23,1,1
239616.0,-0.0401,-0.024,-160.0451,-222.5,1,1
239626.0,-0.0401,-0.0022,-160.6634,-255.0,1,1
239639.0,-0.0401,-0.0153,-162.3054,-214.15,1,1
239649.0,-0.0401,-0.0415,-163.6638,-229.21,1,1
239659.0,-0.0391,-0.012,-164.7875,-211.71,1,1
239666.0,-0.0391,-0.0305,-166.8476,-255.0,1,1
239676.0,-0.0391,0.0218,-168.5519,-188.37,1,1
239689.0,-0.0401,-0.0873,-168.8314,-255.0,1,1
239699.0,-0.0401,0.0229,-170.193,-193.6,1,1
239709.0,-0.0369,-0.0065,-171.3195,-231.17,1,1
239716.0,-0.0369,0.06,-172.2514,-161.86,1,1
239726.0,-0.0369,-0.0851,-173.0223,-236.85,1,1
239739.0,-0.0369,0.0611,-173.66,-221.24,1,1
239749.0,-0.0369,-0.0774,-175.3182,-229.3,1,1
239759.0,-0.038,-0.0316,-176.6899,-213.6,1,1
239766.0,-0.038,-0.0185,-177.8247,-209.34,1,1
239776.0,-0.038,0.0065,-178.7634,-247.85,1,1
239789.0,-0.0391,-0.0774,-179.54,-249.33,1,1
239799.0,-0.0391,-0.0458,-180.1825,-225.32,1,1
239809.0,-0.0391,-0.0065,-181.8445,-255.0,1,1
239816.0,-0.0401,-0.0873,-183.2194,-243.11,1,1
239827.0,-0.0401,-0.0044,-183.2264,-205.39,1,1
239839.0,-0.0401,-0.0349,-184.3626,-255.0,1,1
239849.0,-0.0401,-0.0382,-186.4331,-223.0,1,1
239860.0,-0.0412,-0.0218,-188.1459,-252.66,1,1
239867.0,-0.0412,0.0109,-189.5629,-224.28,1,1
239877.0,-0.0412,-0.012,-190.7352,-234.85,1,1
239889.0,-0.0412,-0.0513,-191.7049,-252.67,1,1
239899.0,-0.0412,-0.0011,-192.5072,-211.34,1,1
239910.0,-0.0412,0.036,-194.3014,-255.0,1,1
239917.0,-0.0412,-0.0633,-195.7856,-236.69,1,1
239927.0,-0.0412,0.0011,-195.8831,-208.32,1,1
239940.0,-0.0412,0.0654,-197.0941,-233.78,1,1
239950.0,-0.0412,-0.0753,-199.2265,-245.11,1,1
239960.0,-0.0423,-0.0676,-200.9906,-249.28,1,1
239967.0,-0.0412,0.096,-202.4499,-248.73,1,1
239977.0,-0.0423,-0.0731,-202.5267,-255.0,1,1
239990.0,-0.0434,-0.1047,-203.7208,-255.0,1,1
240000.0,-0.0423,0.1014,-205.8391,-255.0,1,1
240010.0,-0.0423,-0.0251,-206.461,-247.92,1,1
240017.0,-0.0434,-0.1309,-208.1059,-255.0,1,1
240027.0,-0.0423,0.0949,-210.5973,-255.0,1,1
240040.0,-0.0423,0.0415,-211.5278,-214.58,1,1
240050.0,-0.0434,-0.1145,-212.2976,-255.0,1,1
240060.0,-0.0423,0.1069,-214.0649,-255.0,1,1
240067.0,-0.0412,0.0764,-214.3965,-166.2,1,1
240077.0,-0.0423,-0.0938,-215.8013,-244.64,1,1
240090.0,-0.0412,0.0993,-218.0939,-165.38,1,1
240100.0,-0.0412,0.0905,-218.8601,-158.58,1,1
240110.0,-0.0412,-0.0851,-220.6244,-251.3,1,1
240118.0,-0.0412,0.0742,-222.084,-255.0,1,1
240128.0,-0.0401,0.0698,-222.1609,-246.67,1,1
240140.0,-0.0412,-0.0742,-223.3551,-231.4,1,1
240150.0,-0.0412,0.0109,-224.343,-255.0,1,1
240160.0,-0.0412,-0.0229,-225.1602,-194.5,1,1
240168.0,-0.0412,0.0011,-226.9668,-255.0,1,1
240178.0,-0.0412,0.0284,-227.3309,-185.06,1,1
240190.0,-0.0423,-0.1494,-228.7625,-255.0,1,1
240200.0,-0.0423,0.0251,-231.0774,-188.83,1,1
240210.0,-0.0412,0.0262,-230.7314,-190.28,1,1
240218.0,-0.0434,-0.1396,-231.5757,-255.0,1,1
240228.0,-0.0434,0.0098,-233.4047,-255.0,1,1
240240.0,-0.0445,-0.0611,-233.7872,-245.72,1,1
240250.0,-0.0445,-0.1102,-235.2342,-255.0,1,1
240261.0,-0.0456,-0.024,-236.4313,-255.0,1,1
240268.0,-0.0456,-0.12,-237.4216,-255.0,1,1
240278.0,-0.0467,-0.0425,-238.2408,-243.66,1,1
240290.0,-0.0489,-0.0338,-238.9185,-254.05,1,1
240300.0,-0.0489,-0.1974,-240.6097,-255.0,1,1
240311.0,-0.05,0.0131,-242.0087,-255.0,1,1
240318.0,-0.05,-0.0829,-243.1662,-255.0,1,1
240328.0,-0.0511,-0.1833,-244.1236,-255.0,1,1
240341.0,-0.0521,0.024,-246.0462,-255.0,1,1
240351.0,-0.0532,-0.1593,-248.7672,-255.0,1,1
240361.0,-0.0532,-0.0229,-249.8877,-255.0,1,1
240368.0,-0.0532,-0.072,-249.6842,-255.0,1,1
240378.0,-0.0554,-0.2007,-250.6463,-255.0,1,1
240391.0,-0.0565,-0.0022,-252.5728,-255.0,1,1
240401.0,-0.0576,-0.1287,-254.1665,-255.0,1,1
240411.0,-0.0587,-0.0753,-255.4849,-255.0,1,1
240419.0,-0.0587,-0.0916,-257.7061,-255.0,1,1
240429.0,-0.0609,-0.216,-259.5436,-255.0,1,1
240441.0,-0.062,-0.0502,-259.9332,-255.0,1,1
240451.0,-0.0641,-0.1647,-261.3861,-255.0,1,1
240461.0,-0.0652,-0.1167,-262.588,-255.0,1,1
240469.0,-0.0652,-0.1724,-263.5822,-255.0,1,1
240479.0,-0.0674,-0.2367,-265.5353,-255.0,1,1
240491.0,-0.0718,-0.1429,-267.151,-255.0,1,1
240501.0,-0.0729,-0.2367,-268.4876,-255.0,1,1
240511.0,-0.0761,-0.192,-269.5934,-255.0,1,1
240519.0,-0.0761,-0.2629,-270.5081,-255.0,1,1
240529.0,-0.0783,-0.2771,-272.3954,-255.0,1,1
240541.0,-0.0838,-0.2585,-273.9567,-255.0,1,1
240551.0,-0.087,-0.3512,-275.2483,-255.0,1,1
240561.0,-0.0914,-0.3305,-276.3168,-255.0,1,1
240569.0,-0.0914,-0.3938,-277.2007,-255.0,1,1
240579.0,-0.0958,-0.4134,-279.0625,-255.0,1,1
240591.0,-0.1045,-0.4276,-280.6027,-255.0,1,1
240601.0,-0.11,-0.5487,-281.8769,-255.0,1,1
240612.0,-0.1154,-0.5105,-282.9309,-255.0,1,1
240619.0,-0.1154,-0.6196,-283.8029,-255.0,1,1
240629.0,-0.122,-0.6338,-284.5243,-255.0,1,1
240641.0,-0.1361,-0.7178,-286.2516,-255.0,1,1
240651.0,-0.1449,-0.7919,-287.6805,-255.0,1,1
240662.0,-0.1536,-0.8236,-288.8626,-255.0,1,1
240669.0,-0.1536,-0.9861,-290.9711,-255.0,1,1
240679.0,-0.1634,-1.0079,-291.5848,-255.0,1,1
240692.0,-0.1874,-1.1868,-292.0925,-255.0,0,1
240702.0,-0.2005,-1.2152,-293.6431,-255.0,0,1
240712.0,-0.2147,-1.3995,-294.9258,-255.0,0,1
240720.0,-0.2147,-1.4323,-295.9869,-255.0,0,1
240730.0,-0.2278,-1.4268,-296.8648,-255.0,0,1
240742.0,-0.2539,-1.4017,-297.591,-255.0,0,1
240752.0,-0.2649,-1.2261,-298.1918,-255.0,0,1
240762.0,-0.2736,-1.1268,-298.6888,-255.0,0,1
240770.0,-0.2736,-0.9828,-299.1,-255.0,0,1
240780.0,-0.2801,-0.6261,-299.4402,-255.0,0,1
240792.0,-0.2801,-0.252,-299.7216,-255.0,0,1
240802.0,-0.2747,0.2683,-299.9543,-255.0,0,1
240812.0,-0.2725,0.5411,-300.1469,-255.0,0,1
240820.0,-0.2725,0.2662,-300.3063,-255.0,0,1
240830.0,-0.267,0.4909,-300.438,-255.0,0,1
240842.0,-0.2594,0.4396,-300.5471,-255.0,0,1
240852.0,-0.255,0.3796,-300.6373,-255.0,0,1
240862.0,-0.2507,0.4592,-300.7119,-255.0,0,1
240870.0,-0.2507,0.4538,-300.7736,-255.0,0,1
240880.0,-0.2463,0.4974,-300.8247,-255.0,0,1
240892.0,-0.2365,0.5181,-300.8669,-255.0,0,1
240902.0,-0.2321,0.4265,-300.9019,-255.0,0,1
240912.0,-0.2289,0.4821,-300.9308,-255.0,0,1
240920.0,-0.2289,0.3153,-300.9547,-255.0,0,1
240930.0,-0.2256,0.3502,-300.9745,-255.0,0,1
240942.0,-0.2223,0.1691,-300.9909,-255.0,0,1
240952.0,-0.2223,0.1702,-299.8739,-255.0,0,1
240963.0,-0.2223,0.0207,-298.9499,-255.0,0,1
240970.0,-0.2223,0.0022,-299.3159,-255.0,0,1
240981.0,-0.2234,-0.1124,-299.6188,-255.0,0,1
240993.0,-0.2267,-0.1527,-298.7388,-255.0,0,1
241003.0,-0.2289,-0.2225,-299.1414,-255.0,0,1
241013.0,-0.2321,-0.2258,-299.4744,-255.0,0,1
241021.0,-0.2321,-0.3087,-298.6194,-255.0,0,1
241031.0,-0.2343,-0.2323,-299.0425,-255.0,0,1
241043.0,-0.2398,-0.336,-299.3926,-255.0,0,1
241053.0,-0.2419,-0.1844,-298.5517,-255.0,0,1
241063.0,-0.243,-0.2629,-297.856,-255.0,0,1
241071.0,-0.243,-0.1222,-298.4111,-255.0,0,1
241081.0,-0.2441,-0.1287,-298.8702,-255.0,0,1
241093.0,-0.2441,-0.072,-298.1195,-255.0,0,1
241103.0,-0.2441,0.0556,-297.4985,-255.0,0,1
241113.0,-0.2419,0.0109,-298.1153,-255.0,0,1
241121.0,-0.2419,0.2105,-297.495,-255.0,0,1
241131.0,-0.2419,0.0436,-296.9819,-255.0,0,1
241143.0,-0.2387,0.2651,-297.6879,-255.0,0,1
241153.0,-0.2354,0.0851,-298.2719,-255.0,0,1
241163.0,-0.2354,0.2793,-297.6246,-255.0,0,1
241171.0,-0.2354,0.0644,-297.0891,-255.0,0,1
241181.0,-0.2332,0.2291,-296.6461,-255.0,0,1
241193.0,-0.231,0.0404,-297.4101,-255.0,0,1
241203.0,-0.231,0.1429,-298.0422,-255.0,0,1
241213.0,-0.2299,0.0142,-297.4345,-255.0,0,1
241221.0,-0.2299,0.0589,-296.9319,-255.0,0,1
241231.0,-0.231,-0.0524,-296.516,-255.0,0,1
241243.0,-0.2321,-0.0185,-296.172,-255.0,0,1
241253.0,-0.2332,-0.0949,-295.8874,-255.0,0,1
241264.0,-0.2343,-0.1113,-296.7825,-255.0,0,1
241272.0,-0.2343,-0.1189,-296.3924,-255.0,0,1
241282.0,-0.2354,-0.156,-296.0697,-255.0,0,1
241293.0,-0.2387,-0.0894,-295.8028,-255.0,0,1
241304.0,-0.2387,-0.1745,-295.582,-255.0,0,1
241314.0,-0.2398,-0.0404,-295.3993,-255.0,0,1
241322.0,-0.2398,-0.1625,-295.2481,-255.0,0,1
241332.0,-0.2398,0.0316,-295.1231,-255.0,0,1
241344.0,-0.2398,-0.1233,-295.0197,-255.0,0,1
241354.0,-0.2409,0.1025,-294.9341,-255.0,0,1
241364.0,-0.2398,-0.0764,-294.8633,-255.0,0,1
241372.0,-0.2398,0.1298,-295.9352,-255.0,0,1
241383.0,-0.2398,0.0022,-295.6915,-255.0,0,1
241394.0,-0.2376,0.132,-294.3594,-255.0,0,1
241404.0,-0.2365,0.0665,-294.3879,-255.0,0,1
241414.0,-0.2354,0.0785,-294.4115,-255.0,0,0
241422.0,-0.2354,0.1124,-294.431,-255.0,0,0
241433.0,-0.2354,0.0327,-294.4471,-255.0,0,0
241444.0,-0.2343,0.1189,-294.4604,-255.0,0,0
241454.0,-0.2332,-0.0251,-294.4714,-255.0,0,0
241464.0,-0.2343,0.1156,-294.4806,-255.0,0,0
241472.0,-0.2343,-0.0469,-294.4881,-255.0,0,0
241483.0,-0.2332,0.0589,-293.3639,-255.0,0,0
241494.0,-0.2343,-0.0884,-293.5643,-255.0,0,0
241504.0,-0.2354,0.0316,-293.7301,-255.0,0,0
241514.0,-0.2354,-0.1244,-293.8673,-255.0,0,0
241523.0,-0.2354,0.0044,-293.9808,-255.0,0,0
241533.0,-0.2365,-0.1298,-292.9442,-255.0,0,0
241544.0,-0.2376,-0.0207,-293.2171,-255.0,0,0
241554.0,-0.2376,-0.0894,-293.4428,-255.0,0,0
241565.0,-0.2376,-0.0491,-292.4992,-255.0,0,0
241573.0,-0.2376,-0.012,-292.849,-255.0,0,0
241583.0,-0.2387,-0.0785,-293.1384,-255.0,0,0
241594.0,-0.2387,0.0524,-292.2473,-255.0,0,0
241604.0,-0.2387,-0.0873,-292.6406,-255.0,0,0
241615.0,-0.2387,0.0927,-292.9659,-255.0,0,0
241623.0,-0.2387,-0.0774,-292.1046,-255.0,0,0
241633.0,-0.2376,0.1298,-291.3921,-255.0,0,0
241645.0,-0.2376,-0.0611,-291.9331,-255.0,0,0
241655.0,-0.2376,0.132,-292.3806,-255.0,0,0
241665.0,-0.2365,-0.0164,-291.6204,-255.0,0,0
241673.0,-0.2365,0.1145,-290.9915,-255.0,0,0
241684.0,-0.2365,0.0065,-291.6017,-255.0,0,0
241695.0,-0.2354,0.0469,-292.1065,-255.0,0,0
241705.0,-0.2354,0.0371,-291.3936,-255.0,0,0
241715.0,-0.2354,-0.0273,-290.8039,-255.0,0,0
241724.0,-0.2354,0.0698,-291.4465,-255.0,0,0
241734.0,-0.2354,-0.0611,-291.9781,-255.0,0,0
241745.0,-0.2354,0.0622,-291.2874,-255.0,0,0
241755.0,-0.2354,-0.0916,-290.716,-255.0,0,0
241765.0,-0.2365,0.048,-290.2433,-255.0,0,0
241774.0,-0.2365,-0.1124,-289.8523,-255.0,0,0
241784.0,-0.2365,0.0393,-289.5288,-255.0,0,0
241795.0,-0.2365,-0.1047,-290.3916,-255.0,0,0
241805.0,-0.2376,0.0087,-291.1054,-255.0,0,0
241815.0,-0.2376,-0.0785,-290.5655,-255.0,0,0
241824.0,-0.2376,-0.0273,-290.1188,-255.0,0,0
241834.0,-0.2376,-0.0065,-289.7493,-255.0,0,0
241845.0,-0.2376,-0.06,-289.4435,-255.0,0,0
241855.0,-0.2387,0.0676,-289.1906,-255.0,0,0
241865.0,-0.2376,-0.0698,-290.1119,-255.0,0,0
241874.0,-0.2376,0.1036,-289.7436,-255.0,0,0
241884.0,-0.2376,-0.0742,-289.4388,-255.0,0,0
241895.0,-0.2376,0.096,-289.1868,-255.0,0,0
241905.0,-0.2365,-0.0589,-288.9782,-255.0,0,0
241916.0,-0.2376,0.1069,-288.8057,-255.0,0,0
241924.0,-0.2376,-0.0404,-288.6629,-255.0,0,0
241935.0,-0.2365,0.0633,-289.6754,-255.0,0,0
241945.0,-0.2365,0.0044,-289.3824,-255.0,0,0
241956.0,-0.2365,-0.0011,-289.1401,-255.0,0,0
241966.0,-0.2365,0.0436,-288.9396,-255.0,0,0
241974.0,-0.2365,-0.0513,-288.7737,-255.0,0,0
241985.0,-0.2365,0.0665,-288.6365,-255.0,0,0
241996.0,-0.2365,0.0633,-288.523,-255.0,0,0
242006.0,-0.2376,-0.0807,-287.2986,-255.0,0,0
242016.0,-0.2365,0.0556,-287.4162,-255.0,0,0
242025.0,-0.2365,0.0556,-288.6439,-255.0,0,0
242035.0,-0.2376,-0.0851,-288.5291,-255.0,0,0
242046.0,-0.2376,-0.0545,-287.3037,-255.0,0,0
242056.0,-0.2376,-0.0196,-286.2899,-255.0,0,0
242066.0,-0.2376,0.0076,-286.5817,-255.0,0,0
242075.0,-0.2376,0.0076,-286.8231,-255.0,0,0
242085.0,-0.2376,-0.0731,-287.0228,-255.0,0,0
242096.0,-0.2387,-0.0862,-287.188,-255.0,0,0
242106.0,-0.2376,0.0873,-287.3247,-255.0,0,0
242116.0,-0.2387,-0.0774,-286.3073,-255.0,0,0
242125.0,-0.2376,-0.0774,-286.5961,-255.0,0,0
242135.0,-0.2387,0.0971,-286.835,-255.0,0,0
242146.0,-0.2376,0.0676,-285.9022,-255.0,0,0
242156.0,-0.2376,-0.024,-286.261,-255.0,0,0
242166.0,-0.2376,0.0131,-286.5578,-255.0,0,0
242175.0,-0.2376,0.0131,-286.8033,-255.0,0,0
242186.0,-0.2376,0.0502,-287.0065,-255.0,0,0
242196.0,-0.2376,0.0829,-286.044,-255.0,0,0
242206.0,-0.2376,-0.0753,-285.2478,-255.0,0,0
242216.0,-0.2365,0.084,-285.7196,-255.0,0,0
242225.0,-0.2376,0.084,-284.9794,-255.0,0,0
242235.0,-0.2365,-0.0709,-285.4976,-255.0,0,0
242246.0,-0.2376,-0.0687,-285.9263,-255.0,0,0
242256.0,-0.2376,0.0425,-285.1504,-255.0,0,0
242267.0,-0.2376,-0.036,-285.639,-255.0,0,0
242276.0,-0.2376,-0.036,-286.0433,-255.0,0,0
242286.0,-0.2376,-0.0458,-285.2472,-255.0,0,0
242297.0,-0.2387,-0.0764,-284.5886,-255.0,0,0
242307.0,-0.2376,0.0545,-285.1743,-255.0,0,0
242317.0,-0.2387,-0.0807,-284.5283,-255.0,0,0
242326.0,-0.2376,-0.0807,-283.9939,-255.0,0,0
242336.0,-0.2387,0.0742,-284.6823,-255.0,0,0
242347.0,-0.2387,0.0633,-285.2518,-255.0,0,0
242357.0,-0.2387,-0.0644,-284.5924,-255.0,0,0
242367.0,-0.2387,0.0382,-284.0469,-255.0,0,0
242376.0,-0.2387,0.0382,-283.5956,-255.0,0,0
242386.0,-0.2387,0.0011,-283.2223,-255.0,0,0
242397.0,-0.2376,0.0709,-284.044,-255.0,0,0
242407.0,-0.2387,-0.0654,-284.7238,-255.0,0,0
242417.0,-0.2376,0.0884,-284.1555,-255.0,0,0
242426.0,-0.2365,0.0884,-283.6855,-255.0,0,0
242436.0,-0.2365,0.0938,-283.2967,-255.0,0,0
242447.0,-0.2365,-0.0676,-282.975,-255.0,0,0
242457.0,-0.2365,-0.0251,-283.8394,-255.0,0,0
242467.0,-0.2376,-0.0251,-283.424,-255.0,0,0
242476.0,-0.2376,-0.0251,-283.0803,-255.0,0,0
242487.0,-0.2376,-0.0742,-282.796,-255.0,0,0
242497.0,-0.2365,0.0654,-282.5608,-255.0,0,0
242507.0,-0.2376,-0.0851,-282.3662,-255.0,0,0
242518.0,-0.2376,0.0764,-282.2053,-255.0,0,0
242527.0,-0.2376,0.0764,-282.0721,-255.0,0,0
242537.0,-0.2376,-0.0807,-281.962,-255.0,0,0
242547.0,-0.2376,-0.0502,-283.0013,-255.0,0,0
242558.0,-0.2376,0.0196,-282.7307,-255.0,0,0
242568.0,-0.2376,0.0142,-282.5068,-255.0,0,0
242577.0,-0.2376,0.0142,-282.3216,-255.0,0,0
242587.0,-0.2376,-0.0415,-282.1683,-255.0,0,0
242598.0,-0.2376,-0.084,-282.0415,-255.0,0,0
242608.0,-0.2376,0.0807,-280.8062,-255.0,0,0
242618.0,-0.2376,-0.0731,-280.9147,-255.0,0,0
242627.0,-0.2376,-0.0731,-281.0045,-255.0,0,0
242637.0,-0.2376,0.0764,-281.0787,-255.0,0,0
242648.0,-0.2376,0.0327,-281.1401,-255.0,0,0
242658.0,-0.2376,0.0153,-281.1909,-255.0,0,0
242668.0,-0.2376,-0.0458,-281.233,-255.0,0,0
242677.0,-0.2365,-0.0458,-281.2678,-255.0,0,0
242687.0,-0.2376,-0.0687,-281.2965,-255.0,0,0
242698.0,-0.2365,0.096,-280.1898,-255.0,0,0
242708.0,-0.2376,-0.0764,-280.4048,-255.0,0,0
242718.0,-0.2365,0.0807,-280.5826,-255.0,0,0
242727.0,-0.2365,0.0807,-280.7297,-255.0,0,0
242738.0,-0.2365,0.0207,-280.8514,-255.0,0,0
242748.0,-0.2365,0.0109,-279.8216,-255.0,0,0
242758.0,-0.2376,-0.0425,-280.1002,-255.0,0,0
242768.0,-0.2365,0.0556,-280.3306,-255.0,0,0
242778.0,-0.2376,-0.0818,-279.3907,-255.0,0,0
242788.0,-0.2365,0.072,-279.7438,-255.0,0,0
242798.0,-0.2376,-0.0796,-280.0358,-255.0,0,0
242808.0,-0.2365,0.0654,-279.1469,-255.0,0,0
242818.0,-0.2376,-0.0654,-279.542,-255.0,0,0
242828.0,-0.2376,-0.0654,-279.8688,-255.0,0,0
242838.0,-0.2376,0.0055,-279.0088,-255.0,0,0
242848.0,-0.2376,-0.0556,-278.2972,-255.0,0,0
242858.0,-0.2376,0.0633,-278.8391,-255.0,0,0
242869.0,-0.2387,-0.0807,-279.2874,-255.0,0,0
242878.0,-0.2376,-0.0807,-278.5277,-255.0,0,0
242888.0,-0.2376,-0.06,-279.0298,-255.0,0,0
242899.0,-0.2376,0.0622,-279.4451,-255.0,0,0
242909.0,-0.2376,-0.0295,-278.6582,-255.0,0,0
242919.0,-0.2376,0.0055,-278.0072,-255.0,0,0
242928.0,-0.2376,0.0055,-278.5992,-255.0,0,0
242939.0,-0.2376,-0.0567,-277.9584,-255.0,0,0
242949.0,-0.2365,0.0774,-277.4283,-255.0,0,0
242959.0,-0.2376,-0.0764,-278.1202,-255.0,0,0
242969.0,-0.2365,0.0862,-277.5622,-255.0,0,0
242978.0,-0.2376,-0.0524,-278.231,-255.0,0,0
242989.0,-0.2365,0.0622,-277.6538,-255.0,0,0
242999.0,-0.2365,-0.0185,-277.1763,-255.0,0,0
243009.0,-0.2376,-0.024,-277.9118,-255.0,0,0
243019.0,-0.2365,0.0415,-277.3897,-255.0,0,0
243029.0,-0.2376,-0.0753,-276.9579,-255.0,0,0
243039.0,-0.2365,0.072,-276.6006,-255.0,0,0
243049.0,-0.2376,-0.0785,-276.305,-255.0,0,0
243059.0,-0.2365,0.0785,-276.0605,-255.0,0,0
243069.0,-0.2376,-0.0469,-276.9887,-255.0,0,0
243079.0,-0.2376,0.012,-276.6261,-255.0,0,0
243089.0,-0.2365,0.036,-276.3261,-255.0,0,0
243099.0,-0.2376,-0.0611,-277.2084,-255.0,0,0
243109.0,-0.2365,0.0578,-276.8079,-255.0,0,0
243120.0,-0.2376,-0.0731,-276.4765,-255.0,0,0
243129.0,-0.2365,0.0796,-276.2024,-255.0,0,0
243139.0,-0.2376,-0.0742,-275.9756,-255.0,0,0
243150.0,-0.2365,0.0502,-275.788,-255.0,0,0
243159.0,-0.2376,-0.0262,-276.7632,-255.0,0,0
243170.0,-0.2376,-0.0098,-276.4396,-255.0,0,0
243179.0,-0.2365,0.0502,-276.1718,-255.0,0,0
243190.0,-0.2376,-0.06,-275.9503,-255.0,0,0
243200.0,-0.2365,0.0698,-274.6365,-255.0,0,0
243210.0,-0.2376,-0.0665,-274.6802,-255.0,0,0
243220.0,-0.2365,0.0785,-274.7163,-255.0,0,0
243230.0,-0.2365,-0.0436,-274.7462,-255.0,0,0
243240.0,-0.2365,0.0131,-274.771,-255.0,0,0
243250.0,-0.2365,0.0098,-274.7914,-255.0,0,0
243260.0,-0.2376,-0.0524,-274.8083,-255.0,0,0
243270.0,-0.2365,0.0578,-274.8223,-255.0,0,0
243280.0,-0.2376,-0.0785,-274.8339,-255.0,0,0
243290.0,-0.2365,0.0633,-274.8435,-255.0,0,0
243300.0,-0.2376,-0.0774,-274.8514,-255.0,0,0
243310.0,-0.2376,0.036,-274.8579,-255.0,0,0
243320.0,-0.2376,-0.0055,-274.8634,-255.0,0,0
243330.0,-0.2376,-0.0273,-274.8679,-255.0,0,0
243340.0,-0.2376,0.0469,-274.8716,-255.0,0,0
243350.0,-0.2376,-0.0709,-273.7441,-255.0,0,0
243360.0,-0.2376,0.0796,-272.8114,-255.0,0,0
243370.0,-0.2376,-0.0698,-273.1703,-255.0,0,0
243380.0,-0.2376,0.06,-273.4673,-255.0,0,0
243390.0,-0.2376,-0.0305,-273.7129,-255.0,0,0
243400.0,-0.2376,-0.036,-273.9161,-255.0,0,0
243410.0,-0.2376,0.0469,-274.0842,-255.0,0,0
243421.0,-0.2376,-0.0611,-273.0928,-255.0,0,0
243430.0,-0.2376,0.0742,-272.2726,-255.0,0,0
243440.0,-0.2376,-0.0753,-272.7245,-255.0,0,0
243450.0,-0.2376,0.0698,-273.0985,-255.0,0,0
243460.0,-0.2376,-0.036,-273.4078,-255.0,0,0
243471.0,-0.2376,-0.0011,-272.5332,-255.0,0,0
243480.0,-0.2376,0.024,-271.8097,-255.0,0,0
243491.0,-0.2376,-0.0665,-272.3416,-255.0,0,0
243501.0,-0.2376,0.0491,-272.7817,-255.0,0,0
243511.0,-0.2387,-0.0785,-273.1458,-255.0,0,0
243521.0,-0.2376,0.0742,-272.3164,-255.0,0,0
243531.0,-0.2376,-0.048,-271.6303,-255.0,0,0
243541.0,-0.2376,0.0131,-272.1933,-255.0,0,0
243551.0,-0.2376,0.0142,-272.659,-255.0,0,0
243561.0,-0.2387,-0.0513,-271.9137,-255.0,0,0
243571.0,-0.2376,0.0622,-271.2972,-255.0,0,0
243581.0,-0.2387,-0.0785,-271.9177,-255.0,0,0
243591.0,-0.2376,0.0785,-271.3004,-255.0,0,0
243601.0,-0.2387,-0.0644,-270.7899,-255.0,0,0
243611.0,-0.2387,0.0153,-271.498,-255.0,0,0
243621.0,-0.2376,0.0153,-272.0837,-255.0,0,0
243631.0,-0.2387,-0.0622,-271.4378,-255.0,0,0
243641.0,-0.2376,0.0611,-270.9035,-255.0,0,0
243651.0,-0.2387,-0.0796,-270.4615,-255.0,0,0
243661.0,-0.2376,0.0764,-270.0958,-255.0,0,0
243671.0,-0.2387,-0.0698,-270.9238,-255.0,0,0
243681.0,-0.2387,0.0229,-270.4783,-255.0,0,0
243691.0,-0.2387,0.0076,-270.1096,-255.0,0,0
243701.0,-0.2387,-0.0469,-270.9353,-255.0,0,0
243711.0,-0.2387,0.0545,-270.4877,-255.0,0,0
243722.0,-0.2398,-0.084,-270.1175,-255.0,0,0
243732.0,-0.2387,0.0753,-270.9417,-255.0,0,0
243742.0,-0.2387,-0.0556,-270.4931,-255.0,0,0
243752.0,-0.2387,0.0164,-270.1219,-255.0,0,0
243762.0,-0.2387,0.0055,-269.8149,-255.0,0,0
243772.0,-0.2398,-0.0436,-269.5609,-255.0,0,0
243782.0,-0.2387,0.072,-270.4813,-255.0,0,0
243792.0,-0.2398,-0.0709,-270.1122,-255.0,0,0
243802.0,-0.2387,0.0753,-269.8068,-255.0,0,0
243812.0,-0.2387,-0.0589,-269.5542,-255.0,0,0
243822.0,-0.2387,0.0175,-268.2148,-255.0,0,0
243832.0,-0.2387,0.0033,-268.2371,-255.0,0,0
243842.0,-0.2398,-0.0578,-268.2556,-255.0,0,0
243852.0,-0.2387,0.0644,-268.271,-255.0,0,0
243862.0,-0.2398,-0.0764,-268.2837,-255.0,0,0
243872.0,-0.2387,0.0785,-268.2941,-255.0,0,0
243882.0,-0.2398,-0.0415,-268.3028,-255.0,0,0
243892.0,-0.2398,0.0044,-268.31,-255.0,0,0
243902.0,-0.2387,0.0273,-268.3159,-255.0,0,0
243912.0,-0.2398,-0.0262,-267.1903,-255.0,0,0
243922.0,-0.2387,0.0578,-268.5202,-255.0,0,0
243933.0,-0.2398,-0.0785,-269.6203,-255.0,0,0
243943.0,-0.2387,0.0622,-268.2694,-255.0,0,0
243953.0,-0.2387,-0.0284,-268.2824,-255.0,0,0
243963.0,-0.2398,-0.012,-268.2931,-255.0,0,0
243973.0,-0.2387,0.0327,-268.3019,-255.0,0,0
243983.0,-0.2398,-0.0644,-268.3093,-255.0,0,0
243993.0,-0.2387,0.0774,-267.1848,-255.0,0,0
244003.0,-0.2398,-0.0709,-266.2546,-255.0,0,0
244013.0,-0.2387,0.0469,-266.6156,-255.0,0,0
244023.0,-0.2387,-0.0076,-266.9142,-255.0,0,0
244033.0,-0.2398,-0.0284,-266.0307,-255.0,0,0
244043.0,-0.2387,0.0502,-266.4304,-255.0,0,0
244053.0,-0.2398,-0.0774,-266.761,-255.0,0,0
244063.0,-0.2387,0.0796,-267.0345,-255.0,0,0
244073.0,-0.2398,-0.0545,-267.2607,-255.0,0,0
244083.0,-0.2387,0.0251,-266.3174,-255.0,0,0
244093.0,-0.2387,0.0076,-266.6675,-255.0,0,0
244103.0,-0.2398,-0.0436,-266.9572,-255.0,0,0
244113.0,-0.2387,0.0578,-266.0663,-255.0,0,0
244123.0,-0.2398,-0.0829,-265.3292,-255.0,0,0
244133.0,-0.2387,0.0785,-265.85,-255.0,0,0
244143.0,-0.2398,-0.0425,-266.2809,-255.0,0,0
244154.0,-0.2398,-0.0022,-265.5068,-255.0,0,0
244164.0,-0.2398,0.0207,-265.9969,-255.0,0,0
244174.0,-0.2398,-0.0589,-266.4024,-255.0,0,0
244184.0,-0.2398,0.0644,-265.6073,-255.0,0,0
244194.0,-0.2398,-0.0731,-264.9496,-255.0,0,0
244204.0,-0.2398,0.0556,-264.4055,-255.0,0,0
244214.0,-0.2398,-0.0327,-265.0858,-255.0,0,0
244224.0,-0.2398,-0.0229,-265.6487,-255.0,0,0
244234.0,-0.2398,0.0469,-264.9838,-255.0,0,0
244244.0,-0.2398,-0.0665,-264.4338,-255.0,0,0
244254.0,-0.2398,0.0676,-265.1093,-255.0,0,0
244264.0,-0.2398,-0.0611,-265.668,-255.0,0,0
244274.0,-0.2398,0.0164,-264.9998,-255.0,0,0
244284.0,-0.2398,0.0,-264.447,-255.0,0,0
244294.0,-0.2409,-0.06,-263.9897,-255.0,0,0
244305.0,-0.2398,0.0556,-263.6114,-255.0,0,0
244315.0,-0.2409,-0.0829,-263.2984,-255.0,0,0
244324.0,-0.2409,0.0425,-264.17,-255.0,0,0
244334.0,-0.2409,-0.0218,-264.891,-255.0,0,0
244345.0,-0.2409,0.0033,-264.357,-255.0,0,0
244355.0,-0.2398,0.0611,-263.9152,-255.0,0,0
244365.0,-0.2398,-0.0327,-263.5497,-255.0,0,0
244375.0,-0.2387,0.1102,-263.2474,-255.0,0,0
244385.0,-0.2398,-0.072,-262.9973,-255.0,0,0
244395.0,-0.2398,0.0065,-262.7904,-255.0,0,0
244405.0,-0.2409,-0.0774,-262.6192,-255.0,0,0
244415.0,-0.2419,-0.0851,-262.4776,-255.0,0,0
244425.0,-0.2409,0.0185,-263.491,-255.0,0,0
244435.0,-0.2419,-0.1058,-263.1988,-255.0,0,0
244446.0,-0.2419,0.0447,-262.9571,-255.0,0,0
244456.0,-0.243,-0.0622,-263.8876,-255.0,0,0
244466.0,-0.243,0.0022,-263.5269,-255.0,0,0
244475.0,-0.2419,0.0436,-263.2285,-255.0,0,0
244485.0,-0.2419,-0.0305,-262.9817,-255.0,0,0
244496.0,-0.2409,0.1233,-262.7775,-255.0,0,0
244506.0,-0.2419,-0.0218,-262.6085,-255.0,0,0
244516.0,-0.2409,0.072,-262.4688,-255.0,0,0
244525.0,-0.2398,0.0524,-262.3531,-255.0,0,0
244535.0,-0.2398,0.0393,-261.127,-255.0,0,0
244547.0,-0.2387,0.096,-261.2431,-255.0,0,0
244556.0,-0.2387,-0.0284,-261.3392,-255.0,0,0
244567.0,-0.2387,0.0829,-260.2882,-255.0,0,0
244575.0,-0.2387,-0.0207,-260.5492,-255.0,0,0
244585.0,-0.2387,-0.0022,-260.7651,-255.0,0,0
244596.0,-0.2387,0.0076,-260.9438,-255.0,0,0
244607.0,-0.2398,-0.0916,-261.0916,-255.0,0,0
244617.0,-0.2387,0.0295,-261.2138,-255.0,0,0
244626.0,-0.2398,-0.1014,-261.315,-255.0,0,0
244636.0,-0.2409,-0.0284,-261.3986,-255.0,0,0
244647.0,-0.2409,-0.0382,-261.4679,-255.0,0,0
244657.0,-0.2419,-0.0785,-260.3946,-255.0,0,0
244667.0,-0.2409,0.0273,-259.5067,-255.0,0,0
244676.0,-0.2419,-0.0818,-259.9027,-255.0,0,0
244686.0,-0.2419,0.036,-260.2303,-255.0,0,0
244697.0,-0.2419,-0.0305,-260.5013,-255.0,0,0
244707.0,-0.2419,-0.0055,-260.7256,-255.0,0,0
244717.0,-0.2419,0.0545,-260.911,-255.0,0,0
244726.0,-0.2419,-0.0556,-259.934,-255.0,0,0
244736.0,-0.2409,0.0938,-259.1257,-255.0,0,0
244747.0,-0.2409,-0.0185,-259.5875,-255.0,0,0
244757.0,-0.2409,0.0393,-259.9696,-255.0,0,0
244767.0,-0.2409,0.0556,-260.2856,-255.0,0,0
244776.0,-0.2409,-0.0284,-259.4166,-255.0,0,0
244786.0,-0.2398,0.1047,-258.6977,-255.0,0,0
244798.0,-0.2398,-0.0349,-259.2334,-255.0,0,0
244808.0,-0.2398,0.0371,-259.6766,-255.0,0,0
244818.0,-0.2398,0.0,-258.9128,-255.0,0,0
244826.0,-0.2398,-0.0415,-258.2809,-255.0,0,0
244836.0,-0.2398,0.0404,-258.8886,-255.0,0,0
244848.0,-0.2409,-0.0982,-258.2609,-255.0,0,0
244858.0,-0.2409,0.0207,-257.7416,-255.0,0,0
244868.0,-0.2409,-0.06,-258.4425,-255.0,0,0
244877.0,-0.2409,-0.0436,-259.0223,-255.0,0,0
244887.0,-0.2409,0.0153,-259.502,-255.0,0,0
244898.0,-0.2419,-0.1036,-258.7683,-255.0,0,0
244908.0,-0.2419,0.0502,-258.1613,-255.0,0,0
244918.0,-0.2419,-0.0665,-257.6592,-255.0,0,0
244927.0,-0.2419,-0.0065,-257.2438,-255.0,0,0
244937.0,-0.2419,0.0622,-258.0307,-255.0,0,0
244949.0,-0.2419,-0.0556,-257.5512,-255.0,0,0
244959.0,-0.2419,0.0894,-257.1544,-255.0,0,0
244969.0,-0.2419,-0.0524,-257.9568,-255.0,0,0
244977.0,-0.2419,0.0393,-257.49,-255.0,0,0
244987.0,-0.2409,0.0305,-257.1039,-255.0,0,0
244999.0,-0.2419,-0.0436,-256.7844,-255.0,0,0
245009.0,-0.2409,0.0993,-256.5201,-255.0,0,0
245019.0,-0.2409,-0.0535,-257.432,-255.0,0,0
245027.0,-0.2409,0.0545,-257.0558,-255.0,0,0
245037.0,-0.2409,0.0087,-256.7447,-255.0,0,0
245049.0,-0.2409,-0.0327,-256.4873,-255.0,0,0
245059.0,-0.2409,0.0731,-256.2743,-255.0,0,0
245069.0,-0.2409,-0.0829,-256.0981,-255.0,0,0
245077.0,-0.2409,0.0502,-255.9524,-255.0,0,0
245087.0,-0.2409,-0.0425,-256.9624,-255.0,0,0
245099.0,-0.2419,-0.0502,-256.6674,-255.0,0,0
245109.0,-0.2409,0.0404,-256.4233,-255.0,0,0
245120.0,-0.2419,-0.0993,-256.2214,-255.0,0,0
245128.0,-0.2419,0.0491,-256.0544,-255.0,0,0
245138.0,-0.2419,-0.0545,-255.9162,-255.0,0,0
245150.0,-0.2419,-0.0055,-255.8019,-255.0,0,0
245160.0,-0.2419,0.048,-255.7073,-255.0,0,0
245170.0,-0.243,-0.0894,-255.6291,-255.0,0,0
245178.0,-0.2419,0.0785,-255.5644,-255.0,0,0
245188.0,-0.2419,-0.0436,-255.5108,-255.0,0,0
245200.0,-0.2419,0.0207,-255.4665,-255.0,0,0
245210.0,-0.2419,0.0589,-255.4299,-255.0,0,0
245220.0,-0.2419,-0.0687,-255.3996,-255.0,0,0
245228.0,-0.2409,0.108,-254.244,-255.0,0,0
245238.0,-0.2419,-0.0458,-254.4185,-255.0,0,0
245250.0,-0.2419,0.012,-254.5629,-255.0,0,0
245260.0,-0.2409,0.0545,-254.6823,-255.0,0,0
245270.0,-0.2419,-0.0698,-254.7812,-255.0,0,0
245278.0,-0.2409,0.0949,-254.8629,-255.0,0,0
245288.0,-0.2409,-0.0654,-254.9305,-255.0,0,0
245300.0,-0.2409,0.0044,-253.856,-255.0,0,0
245310.0,-0.2409,0.0109,-254.0975,-255.0,0,0
245320.0,-0.2419,-0.0873,-254.2973,-255.0,0,0
245328.0,-0.2409,0.0818,-253.3322,-255.0,0,0
245338.0,-0.2419,-0.0862,-253.6642,-255.0,0,0
245351.0,-0.2419,0.0142,-253.9389,-255.0,0,0
245360.0,-0.2419,0.0087,-253.0356,-255.0,0,0
245370.0,-0.243,-0.0818,-252.2884,-255.0,0,0
245378.0,-0.2419,0.0916,-252.8007,-255.0,0,0
245388.0,-0.243,-0.0665,-253.2245,-255.0,0,0
245401.0,-0.2419,0.0415,-253.5751,-255.0,0,0
245411.0,-0.2419,0.0175,-253.8652,-255.0,0,0
245421.0,-0.243,-0.0611,-252.9746,-255.0,0,0
245429.0,-0.2419,0.1124,-253.3684,-255.0,0,0
245441.0,-0.2419,-0.0622,-253.6942,-255.0,0,0
245451.0,-0.2419,0.0556,-252.8332,-255.0,0,0
245461.0,-0.2409,0.0262,-252.1209,-255.0,0,0
245471.0,-0.2419,-0.0578,-251.5316,-255.0,0,0
245479.0,-0.2409,0.0993,-252.1747,-255.0,0,0
245492.0,-0.2419,-0.0742,-252.7066,-255.0,0,0
245501.0,-0.2409,0.048,-252.0162,-255.0,0,0
245511.0,-0.2409,0.0153,-252.5755,-255.0,0,0
245521.0,-0.2419,-0.0665,-251.9077,-255.0,0,0
245529.0,-0.2409,0.0949,-251.3553,-255.0,0,0
245541.0,-0.2419,-0.0873,-252.0288,-255.0,0,0
245551.0,-0.2409,0.0262,-251.4554,-255.0,0,0
245561.0,-0.2409,-0.0044,-250.9811,-255.0,0,0
245571.0,-0.2419,-0.0698,-250.5887,-255.0,0,0
245579.0,-0.2409,0.0873,-251.3946,-255.0,0,0
245592.0,-0.2419,-0.0938,-252.0613,-255.0,0,0
245601.0,-0.2419,0.0229,-251.4824,-255.0,0,0
245612.0,-0.2419,0.0142,-251.0034,-255.0,0,0
245622.0,-0.2419,-0.0731,-250.6072,-255.0,0,0
245629.0,-0.2419,0.0894,-251.4099,-255.0,0,0
245641.0,-0.2419,-0.0709,-250.9434,-255.0,0,0
245652.0,-0.2419,0.0349,-250.5576,-255.0,0,0
245662.0,-0.2419,0.0131,-251.3688,-255.0,0,0
245672.0,-0.2419,-0.0709,-250.9095,-255.0,0,0
245679.0,-0.2409,0.1036,-250.5295,-255.0,0,0
245689.0,-0.2419,-0.0742,-250.2151,-255.0,0,0
245702.0,-0.2419,0.0327,-249.955,-255.0,0,0
245712.0,-0.2419,0.0393,-249.7399,-255.0,0,0
245722.0,-0.2419,-0.0742,-249.5619,-255.0,0,0
245730.0,-0.2409,0.0971,-249.4147,-255.0,0,0
245740.0,-0.2419,-0.0665,-249.2928,-255.0,0,0
245753.0,-0.2419,0.0164,-249.1921,-255.0,0,0
245762.0,-0.2409,0.0316,-250.2392,-255.0,0,0
245772.0,-0.2419,-0.0873,-249.975,-255.0,0,0
245780.0,-0.2409,0.0927,-249.7564,-255.0,0,0
245790.0,-0.2419,-0.0731,-249.5756,-255.0,0,0
245803.0,-0.2419,0.0087,-249.426,-255.0,0,0
245813.0,-0.2419,0.0371,-250.4327,-255.0,0,0
